{"type": "FeatureCollection", "name": "contours_1m", "crs_note": "Coordinates are LOCAL metres: x = UTM43N(EPSG:32643) E - 706106.927, y = N - 953717.901. Levels are RL on assumed datum TBM=100.000 (not MSL).", "features": [{"type": "Feature", "properties": {"rl": 69, "major": false}, "geometry": {"type": "LineString", "coordinates": [[134.73, 102.88], [130.0, 110.48], [128.7, 110.79], [126.33, 110.46], [123.92, 111.4], [121.73, 113.1], [124.46, 113.15], [126.77, 118.35], [123.9, 120.71], [122.65, 121.74], [122.25, 125.77], [124.15, 126.93], [124.83, 127.78], [130.1, 127.46], [131.05, 126.34], [134.31, 126.1], [134.3, 122.45], [133.28, 120.2], [138.27, 118.76], [139.07, 121.53], [140.3, 123.83], [142.0, 124.18], [145.73, 123.58], [146.77, 123.7], [149.56, 123.35], [151.74, 122.76], [154.28, 122.79], [155.34, 122.13], [157.32, 119.99], [159.91, 121.77], [161.88, 121.0], [163.86, 118.73], [165.61, 117.12], [164.63, 115.22], [162.02, 115.39], [160.81, 116.29], [159.1, 116.17], [156.09, 117.06], [149.64, 115.78], [149.45, 115.78], [149.25, 116.03], [149.05, 115.89], [148.77, 115.75], [140.56, 116.27], [142.8, 111.22], [141.87, 110.73], [140.95, 108.55], [140.84, 108.27], [140.31, 106.14], [139.65, 104.64], [139.2, 104.06], [136.47, 102.61]]}}, {"type": "Feature", "properties": {"rl": 69, "major": false}, "geometry": {"type": "LineString", "coordinates": [[179.71, 92.8], [180.27, 93.34], [180.64, 92.7]]}}, {"type": "Feature", "properties": {"rl": 69, "major": false}, "geometry": {"type": "LineString", "coordinates": [[191.1, 87.29], [194.11, 90.35], [195.98, 91.46], [198.7, 93.0], [199.21, 93.58], [200.11, 94.86], [200.59, 92.68], [200.28, 92.17], [201.59, 84.81], [204.54, 86.13], [207.26, 85.1], [207.97, 84.88], [214.1, 88.04], [214.08, 88.07], [214.11, 88.05], [214.12, 88.05], [214.13, 88.02], [214.1, 87.96], [209.99, 83.12], [207.42, 81.13], [206.32, 79.85]]}}, {"type": "Feature", "properties": {"rl": 69, "major": false}, "geometry": {"type": "LineString", "coordinates": [[219.03, 75.75], [219.17, 78.05], [220.9, 78.02], [222.14, 76.67]]}}, {"type": "Feature", "properties": {"rl": 69, "major": false}, "geometry": {"type": "LineString", "coordinates": [[167.2, 116.72], [169.84, 117.36], [174.14, 118.65], [170.12, 114.14], [167.85, 114.38], [167.2, 116.72]]}}, {"type": "Feature", "properties": {"rl": 69, "major": false}, "geometry": {"type": "LineString", "coordinates": [[130.0, 134.46], [130.45, 134.69], [130.59, 134.62], [130.63, 134.51], [130.45, 134.35], [129.82, 134.13], [130.0, 134.46]]}}, {"type": "Feature", "properties": {"rl": 70, "major": true}, "geometry": {"type": "LineString", "coordinates": [[132.57, 152.46], [136.47, 152.81], [145.18, 155.43], [147.15, 155.44], [153.8, 152.17], [158.62, 149.41], [158.71, 149.33], [164.41, 145.77], [170.1, 146.0], [172.55, 142.83], [173.69, 142.47], [176.36, 141.77], [180.28, 141.68], [183.24, 142.66], [184.19, 142.38], [184.72, 142.03], [191.0, 137.81], [191.4, 137.88], [191.68, 137.57], [191.77, 137.22], [196.46, 132.42], [196.52, 129.04], [197.87, 126.17], [201.51, 122.65], [201.37, 121.91], [202.43, 121.37], [203.0, 121.32], [206.88, 121.41], [206.76, 123.26], [210.54, 125.23], [212.49, 129.99], [212.57, 130.3], [212.66, 130.48], [212.91, 130.62], [214.2, 132.11], [213.59, 130.03], [214.48, 126.38], [214.73, 124.46], [214.81, 121.06], [215.12, 119.17], [214.03, 115.71], [216.94, 111.85], [217.0, 111.39], [217.05, 111.26], [217.13, 110.4], [216.24, 107.38], [218.09, 106.58], [220.52, 102.76], [221.02, 102.07], [223.26, 98.58], [223.7, 91.49], [224.05, 90.66], [224.3, 90.06], [224.42, 89.5], [227.07, 85.48], [227.41, 82.85], [227.6, 81.3], [227.67, 79.5], [227.89, 77.85], [229.44, 74.97], [230.35, 74.53], [231.23, 71.5]]}}, {"type": "Feature", "properties": {"rl": 70, "major": true}, "geometry": {"type": "LineString", "coordinates": [[146.0, 106.67], [145.74, 106.52], [145.67, 106.33], [145.62, 106.12], [146.0, 105.8], [146.21, 105.92], [146.53, 106.59], [146.0, 106.67]]}}, {"type": "Feature", "properties": {"rl": 70, "major": true}, "geometry": {"type": "LineString", "coordinates": [[198.92, 164.5], [199.71, 164.55], [199.32, 163.45], [199.46, 162.91], [198.31, 163.02], [198.11, 163.94], [198.33, 164.48], [198.92, 164.5]]}}, {"type": "Feature", "properties": {"rl": 70, "major": true}, "geometry": {"type": "LineString", "coordinates": [[215.27, 159.89], [214.8, 160.92], [214.78, 161.53], [215.65, 162.76], [216.36, 161.1], [215.27, 159.89]]}}, {"type": "Feature", "properties": {"rl": 70, "major": true}, "geometry": {"type": "LineString", "coordinates": [[208.85, 113.24], [209.17, 112.85], [209.04, 112.71], [209.67, 112.03], [211.39, 114.08], [210.01, 114.07], [208.85, 113.24]]}}, {"type": "Feature", "properties": {"rl": 71, "major": false}, "geometry": {"type": "LineString", "coordinates": [[140.2, 187.72], [140.27, 187.8], [140.29, 187.82], [140.35, 187.99], [146.06, 197.57], [148.98, 201.42], [150.33, 202.51], [150.98, 206.98], [151.55, 209.56], [151.85, 209.99], [160.66, 215.6], [162.28, 217.19], [168.52, 223.42], [166.76, 216.22], [170.4, 213.59], [176.58, 211.15], [181.24, 209.21], [183.39, 208.19], [183.33, 207.3], [187.64, 204.06], [188.79, 202.71], [188.82, 200.86], [191.68, 199.2], [192.47, 198.46], [193.2, 198.02], [199.67, 197.52], [196.91, 195.09], [196.72, 191.08], [196.94, 189.05], [197.35, 188.17], [197.87, 188.08], [198.59, 188.61], [204.78, 192.65], [207.19, 193.5], [209.8, 190.12], [212.17, 187.75], [214.1, 186.99], [216.88, 186.56], [217.74, 185.92], [218.16, 185.01], [218.26, 183.51], [218.46, 182.24], [218.91, 179.72], [219.66, 181.7], [221.05, 183.38], [223.69, 180.14], [223.65, 175.54], [224.19, 173.32], [225.34, 169.08], [225.25, 167.8], [225.7, 167.44], [227.11, 161.35], [226.57, 158.16], [225.0, 155.98], [223.46, 153.79], [218.23, 151.2], [220.37, 144.6], [220.46, 144.14], [220.57, 143.77], [222.06, 137.48], [226.15, 134.15], [226.45, 132.16], [229.89, 128.15], [233.32, 125.35]]}}, {"type": "Feature", "properties": {"rl": 71, "major": false}, "geometry": {"type": "LineString", "coordinates": [[131.31, 165.97], [132.85, 169.73], [136.27, 178.11]]}}, {"type": "Feature", "properties": {"rl": 71, "major": false}, "geometry": {"type": "LineString", "coordinates": [[235.83, 99.32], [234.2, 90.23], [234.08, 85.9], [233.95, 81.69], [234.67, 79.91], [234.61, 75.89], [242.99, 68.58], [243.52, 66.44], [244.98, 65.02], [249.57, 57.01]]}}, {"type": "Feature", "properties": {"rl": 71, "major": false}, "geometry": {"type": "LineString", "coordinates": [[218.28, 190.78], [218.29, 190.8], [218.32, 190.54], [218.14, 190.54], [218.28, 190.78]]}}, {"type": "Feature", "properties": {"rl": 71, "major": false}, "geometry": {"type": "LineString", "coordinates": [[208.45, 195.92], [207.27, 198.6], [210.01, 197.33], [210.16, 195.61], [208.45, 195.92]]}}, {"type": "Feature", "properties": {"rl": 72, "major": false}, "geometry": {"type": "LineString", "coordinates": [[164.98, 244.74], [165.44, 245.21], [165.55, 245.31], [171.74, 251.47], [178.95, 254.48], [176.4, 255.8], [182.57, 261.23], [180.9, 263.62], [181.66, 264.59], [183.98, 265.79], [187.54, 266.99], [189.07, 268.56], [188.81, 271.66], [189.76, 272.25], [189.84, 271.83], [196.91, 273.2], [197.8, 274.09], [198.24, 273.57], [199.7, 274.62], [200.89, 274.31], [202.63, 274.42], [213.71, 270.0], [214.21, 269.55], [216.5, 272.06], [216.54, 272.0], [216.57, 272.04], [216.89, 272.02], [219.95, 271.57], [220.16, 271.63], [219.94, 268.41], [225.07, 269.64], [226.73, 268.54], [229.14, 267.79], [229.25, 267.83], [229.31, 267.67], [229.28, 267.51], [228.54, 265.8], [224.7, 262.87], [229.57, 260.9], [235.14, 259.52], [234.66, 261.55], [236.24, 262.4], [238.25, 264.32], [239.54, 264.7], [240.59, 268.17], [240.72, 269.08], [241.5, 269.9], [242.4, 270.8], [242.98, 272.08], [244.13, 275.08], [244.13, 275.29], [244.19, 275.35], [244.25, 275.38], [244.45, 275.91], [244.95, 277.19], [245.03, 277.45], [245.58, 278.76], [246.45, 279.0], [248.43, 278.85], [249.35, 277.29], [251.84, 277.02], [255.64, 278.86], [258.88, 272.42], [257.29, 270.47], [252.89, 270.45], [249.33, 271.55], [250.66, 267.5], [250.67, 267.48], [250.67, 267.48], [254.33, 256.63], [254.2, 256.15], [253.86, 255.39], [252.66, 252.42], [252.62, 252.42], [251.78, 250.97], [251.59, 250.67], [250.95, 247.81], [250.41, 247.56], [251.27, 243.31], [253.76, 242.05], [254.25, 241.56], [253.78, 241.02], [251.86, 236.9], [250.47, 231.56], [250.2, 230.98], [247.11, 230.26], [242.87, 229.91], [244.97, 226.46], [244.85, 224.3], [243.13, 219.53], [243.19, 218.82], [242.95, 218.18], [241.27, 213.0], [240.62, 212.43], [241.17, 209.77], [242.65, 209.74], [243.38, 212.37], [244.99, 215.61], [246.8, 216.63], [251.5, 217.77], [255.33, 218.68], [257.58, 218.79], [257.1, 217.56], [256.89, 217.26], [256.74, 216.82], [252.56, 211.67], [252.36, 211.73], [251.81, 209.65], [245.19, 204.45], [245.71, 203.81], [245.04, 203.65], [244.93, 198.85], [245.68, 197.48], [243.74, 196.81], [241.88, 191.47], [236.91, 193.27], [234.87, 192.09], [234.35, 192.0], [234.43, 191.0], [235.07, 190.97], [240.52, 189.41], [239.11, 185.94], [239.06, 185.78], [239.22, 185.03], [239.33, 181.95], [239.3, 181.64], [239.2, 181.54], [236.96, 177.35], [236.94, 177.17], [236.76, 177.04], [233.99, 173.11], [233.53, 172.55], [230.23, 173.95], [229.61, 171.2], [229.38, 168.03], [233.18, 164.93], [234.44, 162.69], [234.41, 158.35], [234.16, 156.68], [233.25, 155.99], [236.32, 152.77], [236.06, 152.02], [236.85, 151.14], [237.09, 148.59], [236.4, 147.09], [235.9, 146.24], [235.9, 145.95], [234.66, 143.77], [234.54, 141.45], [235.76, 138.59], [239.56, 135.49]]}}, {"type": "Feature", "properties": {"rl": 72, "major": false}, "geometry": {"type": "LineString", "coordinates": [[123.25, 170.13], [124.35, 172.83], [126.8, 178.82]]}}, {"type": "Feature", "properties": {"rl": 72, "major": false}, "geometry": {"type": "LineString", "coordinates": [[263.04, 41.12], [269.48, 40.5], [275.49, 40.2], [277.13, 40.11], [285.19, 39.71], [287.89, 37.9], [288.78, 37.31]]}}, {"type": "Feature", "properties": {"rl": 72, "major": false}, "geometry": {"type": "LineString", "coordinates": [[239.11, 96.06], [237.87, 89.12], [237.77, 85.81], [237.68, 82.6], [239.32, 78.54], [239.27, 75.78], [245.03, 70.76], [246.2, 66.02], [249.42, 62.9], [259.57, 45.17]]}}, {"type": "Feature", "properties": {"rl": 72, "major": false}, "geometry": {"type": "LineString", "coordinates": [[213.26, 265.88], [212.82, 265.56], [212.97, 265.49], [212.53, 264.43], [213.53, 265.33], [213.26, 265.88]]}}, {"type": "Feature", "properties": {"rl": 72, "major": false}, "geometry": {"type": "LineString", "coordinates": [[217.79, 253.52], [217.19, 252.14], [217.26, 251.73], [217.47, 251.73], [219.99, 250.41], [219.91, 252.09], [217.79, 253.52]]}}, {"type": "Feature", "properties": {"rl": 72, "major": false}, "geometry": {"type": "LineString", "coordinates": [[277.49, 285.05], [277.89, 284.76], [280.44, 282.65], [276.5, 282.37], [277.32, 280.96], [280.8, 277.95], [276.82, 275.79], [273.44, 274.63], [273.44, 274.63], [274.08, 278.88], [275.15, 282.45], [275.22, 282.61], [276.8, 284.78], [276.71, 285.43], [277.49, 285.05]]}}, {"type": "Feature", "properties": {"rl": 72, "major": false}, "geometry": {"type": "LineString", "coordinates": [[246.87, 224.48], [247.3, 225.91], [250.31, 230.58], [253.01, 227.9], [252.47, 221.43], [246.87, 224.48]]}}, {"type": "Feature", "properties": {"rl": 72, "major": false}, "geometry": {"type": "LineString", "coordinates": [[251.26, 259.53], [250.64, 267.47], [247.4, 265.28], [246.56, 263.68], [247.86, 262.0], [251.26, 259.53]]}}, {"type": "Feature", "properties": {"rl": 72, "major": false}, "geometry": {"type": "LineString", "coordinates": [[228.85, 256.13], [226.36, 254.65], [226.83, 254.17], [223.5, 252.1], [225.99, 248.13], [229.59, 250.64], [229.72, 250.32], [232.53, 251.94], [231.51, 253.54], [228.85, 256.13]]}}, {"type": "Feature", "properties": {"rl": 72, "major": false}, "geometry": {"type": "LineString", "coordinates": [[188.81, 255.26], [190.92, 254.79], [190.27, 255.66], [191.22, 256.94], [188.51, 257.18], [188.81, 255.26]]}}, {"type": "Feature", "properties": {"rl": 73, "major": false}, "geometry": {"type": "LineString", "coordinates": [[193.39, 279.7], [193.73, 279.18], [194.91, 277.77], [198.87, 280.59], [201.58, 281.89], [202.19, 282.36], [202.71, 282.99], [210.21, 286.64], [210.33, 286.72], [210.63, 287.52], [212.02, 287.68], [213.92, 288.49], [213.9, 288.84], [214.48, 288.89], [216.84, 290.7], [217.61, 289.39], [219.24, 289.09], [220.54, 288.1], [220.83, 287.75], [223.02, 287.63], [224.31, 287.58], [224.68, 287.66], [225.32, 288.18], [225.12, 289.5], [224.36, 291.07], [224.19, 292.81], [226.24, 291.68], [226.53, 291.56], [226.68, 291.36], [229.42, 287.56], [229.88, 287.53], [232.18, 285.81], [238.83, 281.02], [239.89, 280.65], [242.29, 281.52], [242.92, 280.72], [245.01, 281.74], [245.33, 282.31], [247.77, 284.96], [248.44, 286.11], [253.05, 293.9], [252.65, 295.73], [256.35, 298.86], [256.57, 299.3], [257.24, 299.1], [259.11, 304.07], [259.57, 304.58], [261.21, 305.52], [261.69, 305.21], [262.21, 305.13], [264.22, 305.88], [269.76, 307.03], [271.0, 309.13], [272.75, 309.29], [274.09, 308.26], [274.16, 305.57], [276.74, 303.3], [277.64, 302.93], [281.16, 300.47], [282.18, 298.65], [287.74, 297.62], [288.21, 297.91], [288.77, 297.6], [289.01, 296.46], [290.33, 291.48], [292.23, 290.95], [292.47, 287.93], [293.46, 285.38], [295.03, 282.94], [295.8, 282.33], [296.13, 283.2], [296.74, 287.06], [296.61, 288.74], [296.89, 288.94], [297.8, 288.98], [297.9, 287.43], [299.82, 287.25], [299.77, 289.62], [301.19, 292.21], [302.29, 296.18], [302.53, 290.73], [306.79, 286.66], [308.84, 284.71], [308.91, 284.58], [310.0, 283.85], [308.98, 280.9], [308.41, 276.25], [308.5, 274.71], [308.82, 272.0], [308.85, 269.73], [308.67, 269.11], [308.68, 268.79], [306.74, 266.93], [306.66, 261.08], [306.28, 259.97], [305.86, 260.49], [303.91, 264.74], [296.98, 261.15], [303.65, 254.91], [303.94, 254.48], [303.64, 253.93], [301.77, 247.6], [302.17, 247.09], [301.37, 244.94], [299.48, 240.93], [298.59, 239.1], [295.78, 238.69], [295.77, 234.58], [295.77, 234.39], [295.35, 234.0], [293.49, 231.19], [293.74, 234.49], [295.55, 238.89], [295.57, 239.01], [297.47, 241.82], [299.81, 246.77], [299.65, 248.79], [302.74, 254.33], [295.85, 260.42], [291.47, 261.07], [286.79, 253.37], [286.63, 253.46], [285.39, 254.14], [285.99, 252.44], [281.96, 248.57], [281.83, 248.3], [277.69, 246.17], [278.91, 240.65], [278.08, 239.19], [277.63, 238.6], [274.91, 235.28], [273.73, 232.68], [273.05, 231.7], [272.58, 230.44], [272.18, 229.88], [269.56, 226.22], [268.92, 225.1], [266.19, 221.06], [265.37, 219.8], [264.33, 219.52], [262.94, 219.63], [261.61, 217.42], [260.63, 216.0], [258.56, 209.92], [258.13, 207.86], [257.67, 206.84], [257.53, 206.73], [255.68, 202.58], [254.33, 200.74], [253.36, 200.15], [251.17, 198.74], [251.0, 198.7], [250.99, 198.62], [251.03, 198.55], [250.99, 196.33], [250.86, 195.55], [248.89, 194.49], [246.05, 190.76], [245.76, 189.59], [246.43, 187.36], [243.54, 185.36], [243.2, 183.92], [242.86, 180.5], [241.0, 178.5], [240.34, 177.27], [240.14, 175.04], [237.84, 173.45], [237.2, 172.54], [234.63, 169.46], [233.75, 169.83], [233.58, 169.1], [233.52, 168.25], [234.54, 167.42], [235.49, 165.72], [237.85, 162.76], [238.1, 160.79], [237.96, 159.75], [236.58, 155.75], [236.3, 155.53], [237.05, 154.75], [238.01, 152.93], [241.33, 148.12], [244.15, 149.39], [245.7, 145.93], [245.67, 145.81], [245.72, 145.69], [245.8, 145.62]]}}, {"type": "Feature", "properties": {"rl": 73, "major": false}, "geometry": {"type": "LineString", "coordinates": [[189.02, 275.97], [192.48, 279.55]]}}, {"type": "Feature", "properties": {"rl": 73, "major": false}, "geometry": {"type": "LineString", "coordinates": [[179.82, 270.35], [184.59, 273.35], [187.82, 275.19]]}}, {"type": "Feature", "properties": {"rl": 73, "major": false}, "geometry": {"type": "LineString", "coordinates": [[115.2, 174.3], [115.86, 175.92], [117.32, 179.52]]}}, {"type": "Feature", "properties": {"rl": 73, "major": false}, "geometry": {"type": "LineString", "coordinates": [[439.28, 35.36], [441.16, 32.08], [442.21, 31.92], [442.83, 28.52], [440.76, 30.98]]}}, {"type": "Feature", "properties": {"rl": 73, "major": false}, "geometry": {"type": "LineString", "coordinates": [[242.39, 92.8], [241.53, 88.01], [241.47, 85.73], [241.4, 83.51], [243.96, 77.17], [243.94, 75.67], [247.06, 72.94], [248.87, 65.6], [253.87, 60.77], [255.67, 57.61], [263.75, 48.1], [269.04, 47.49], [271.71, 47.09], [275.78, 46.89], [281.49, 46.6], [284.73, 46.44], [307.8, 46.83], [308.18, 46.56]]}}, {"type": "Feature", "properties": {"rl": 73, "major": false}, "geometry": {"type": "LineString", "coordinates": [[256.07, 207.23], [253.51, 207.96], [253.44, 207.69], [252.56, 207.0], [253.53, 205.81], [256.07, 207.23]]}}, {"type": "Feature", "properties": {"rl": 73, "major": false}, "geometry": {"type": "LineString", "coordinates": [[289.93, 279.1], [290.2, 277.99], [289.75, 276.87], [290.92, 274.26], [291.66, 277.52], [293.79, 278.1], [294.14, 278.05], [293.81, 278.21], [293.53, 278.36], [291.54, 278.4], [289.93, 279.1]]}}, {"type": "Feature", "properties": {"rl": 73, "major": false}, "geometry": {"type": "LineString", "coordinates": [[257.37, 245.14], [256.27, 246.2], [253.36, 244.83], [253.59, 243.68], [254.26, 243.34], [255.21, 242.39], [257.37, 245.14]]}}, {"type": "Feature", "properties": {"rl": 73, "major": false}, "geometry": {"type": "LineString", "coordinates": [[291.97, 298.83], [294.77, 297.65], [296.49, 294.7], [296.26, 291.65], [295.58, 291.79], [293.37, 293.24], [291.97, 298.83]]}}, {"type": "Feature", "properties": {"rl": 73, "major": false}, "geometry": {"type": "LineString", "coordinates": [[214.1, 276.59], [216.54, 273.51], [218.34, 276.83], [216.65, 278.81], [214.1, 276.59]]}}, {"type": "Feature", "properties": {"rl": 73, "major": false}, "geometry": {"type": "LineString", "coordinates": [[271.68, 234.9], [272.87, 235.69], [272.11, 237.1], [269.8, 235.67], [271.68, 234.9]]}}, {"type": "Feature", "properties": {"rl": 74, "major": false}, "geometry": {"type": "LineString", "coordinates": [[192.24, 281.77], [192.74, 280.99], [195.23, 281.95], [196.9, 282.75], [199.83, 285.01], [202.34, 288.07], [203.05, 288.41], [206.71, 290.5], [206.85, 290.87], [207.31, 291.61], [209.14, 294.81], [209.8, 295.56], [212.89, 298.91], [216.26, 300.14], [216.92, 300.26], [220.68, 301.65], [221.05, 301.59], [223.26, 300.09], [226.42, 296.39], [227.53, 295.77], [230.93, 294.32], [232.72, 291.93], [232.97, 291.88], [235.29, 291.74], [235.87, 291.3], [242.14, 287.19], [242.17, 287.18], [242.25, 287.14], [242.25, 287.31], [236.84, 291.63], [239.18, 295.55], [244.86, 289.89], [244.35, 286.77], [245.69, 289.03], [246.74, 290.81], [245.57, 296.26], [240.33, 298.13], [239.67, 298.96], [243.47, 302.64], [243.66, 306.05], [245.53, 306.55], [247.95, 306.46], [250.72, 308.75], [249.2, 309.91], [248.65, 310.76], [246.06, 314.0], [247.52, 314.72], [247.61, 317.59], [248.2, 317.87], [251.32, 318.27], [252.67, 315.46], [255.82, 311.75], [258.66, 308.92], [258.76, 307.61], [258.46, 306.89], [258.05, 306.38], [255.12, 306.63], [249.1, 305.73], [257.29, 303.31], [257.73, 304.5], [259.12, 306.04], [259.63, 306.33], [261.81, 308.68], [264.36, 311.65], [264.61, 315.32], [265.51, 316.49], [267.39, 318.28], [270.54, 317.76], [271.09, 318.84], [274.72, 316.62], [275.36, 316.22], [283.3, 315.8], [283.33, 315.81], [283.34, 315.81], [285.9, 317.66], [286.0, 317.59], [287.31, 316.41], [287.77, 315.98], [287.82, 313.64], [288.47, 313.71], [290.18, 312.64], [291.23, 312.22], [291.16, 310.53], [295.28, 307.44], [298.5, 307.59], [299.54, 306.81], [299.72, 306.79], [299.92, 306.66], [300.05, 306.66], [300.25, 306.55], [300.46, 306.65], [300.64, 306.86], [300.83, 306.91], [300.98, 307.08], [302.46, 308.15], [304.11, 306.58], [303.87, 308.6], [304.1, 309.26], [305.76, 312.08], [308.03, 314.1], [305.7, 314.01], [305.13, 316.42], [306.09, 317.87], [308.12, 317.7], [309.41, 317.03], [309.68, 318.84], [311.34, 321.67], [311.63, 322.19], [311.31, 322.4], [311.06, 323.43], [311.16, 324.06], [311.42, 324.48], [313.17, 328.49], [313.24, 328.61], [315.7, 332.16], [312.69, 334.38], [312.51, 335.41], [310.44, 336.85], [308.92, 337.96], [311.65, 341.63], [312.21, 341.22], [315.55, 342.23], [314.83, 337.72], [315.49, 337.35], [317.3, 335.77], [318.04, 334.58], [319.23, 335.84], [324.13, 337.6], [324.53, 337.98], [326.04, 340.17], [328.62, 341.36], [327.28, 336.69], [327.26, 333.9], [326.71, 332.82], [324.73, 333.34], [319.33, 328.5], [318.77, 322.21], [317.86, 320.09], [310.32, 315.23], [309.98, 314.83], [309.82, 308.68], [308.12, 306.28], [307.53, 303.62], [306.18, 300.72], [304.93, 297.12], [305.16, 292.04], [308.03, 289.3], [309.41, 287.98], [310.33, 286.5], [312.75, 284.85], [313.28, 284.14], [313.66, 282.26], [313.47, 277.67], [312.24, 274.16], [312.28, 272.07], [310.8, 267.09], [310.85, 265.11], [310.76, 264.86], [307.98, 256.47], [308.01, 256.27], [304.65, 250.13], [304.62, 250.01], [306.06, 247.54], [305.77, 246.61], [303.31, 240.26], [302.79, 238.76], [300.27, 233.64], [297.28, 230.16], [292.99, 227.73], [288.89, 221.24], [288.59, 221.22], [288.15, 221.29], [288.27, 221.78], [292.15, 228.04], [292.03, 228.44], [291.07, 231.1], [291.38, 235.2], [292.59, 238.13], [293.18, 242.48], [294.09, 243.82], [295.2, 246.18], [294.65, 253.28], [288.9, 249.15], [286.7, 247.04], [285.5, 244.53], [283.28, 242.41], [280.97, 238.33], [278.32, 234.86], [278.25, 234.76], [278.03, 234.29], [274.94, 227.97], [274.66, 227.46], [273.7, 226.02], [271.87, 223.57], [270.48, 221.43], [268.83, 218.76], [268.36, 218.04], [266.42, 215.91], [265.41, 216.02], [265.84, 214.43], [265.73, 212.34], [265.45, 211.27], [262.71, 204.27], [262.59, 203.68], [261.31, 201.38], [260.8, 200.85], [260.14, 200.04], [258.72, 198.57], [256.09, 197.36], [255.15, 196.83], [254.33, 196.14], [254.16, 195.1], [249.07, 192.37], [247.49, 190.31], [247.33, 189.66], [248.77, 184.86], [248.38, 184.58], [248.13, 183.55], [245.48, 179.96], [245.17, 175.74], [244.9, 175.45], [244.92, 175.21], [240.9, 173.35], [239.25, 171.9], [236.98, 169.09], [240.28, 165.24], [242.98, 166.47], [243.01, 166.43], [243.0, 166.41], [242.98, 166.4], [240.27, 165.01], [239.6, 161.44], [239.82, 161.12], [240.06, 160.38], [239.48, 159.32], [238.13, 155.46], [239.03, 153.77], [241.31, 150.48], [245.71, 152.45], [246.88, 152.02], [247.29, 151.89], [247.31, 151.49], [246.66, 146.37], [247.76, 145.95], [247.98, 144.38]]}}, {"type": "Feature", "properties": {"rl": 74, "major": false}, "geometry": {"type": "LineString", "coordinates": [[186.93, 280.1], [187.84, 281.04]]}}, {"type": "Feature", "properties": {"rl": 74, "major": false}, "geometry": {"type": "LineString", "coordinates": [[181.06, 276.28], [181.32, 276.44], [181.49, 276.53]]}}, {"type": "Feature", "properties": {"rl": 74, "major": false}, "geometry": {"type": "LineString", "coordinates": [[107.14, 178.47], [107.36, 179.01], [107.85, 180.22]]}}, {"type": "Feature", "properties": {"rl": 74, "major": false}, "geometry": {"type": "LineString", "coordinates": [[398.91, 63.34], [398.98, 63.33], [398.98, 63.33]]}}, {"type": "Feature", "properties": {"rl": 74, "major": false}, "geometry": {"type": "LineString", "coordinates": [[435.38, 56.88], [441.19, 55.42], [442.12, 55.45], [444.83, 55.09], [448.99, 55.52], [451.6, 54.86], [452.62, 53.88], [456.68, 56.77], [458.27, 57.28], [459.16, 57.19], [469.38, 55.53], [470.17, 54.06], [470.62, 53.19], [472.86, 47.6], [473.85, 42.96], [475.2, 41.9], [474.09, 40.32], [475.7, 36.33], [476.34, 34.17], [476.5, 33.2], [477.17, 29.61], [477.8, 27.95], [477.64, 23.97], [477.76, 22.24], [477.18, 19.23], [477.18, 18.64], [477.03, 17.37], [477.59, 12.67], [477.75, 12.31], [477.09, 11.65], [476.02, 11.58], [472.01, 11.75], [467.24, 11.24], [467.2, 11.21], [467.05, 11.1], [463.51, 8.55], [463.24, 8.18], [460.93, 4.9]]}}, {"type": "Feature", "properties": {"rl": 74, "major": false}, "geometry": {"type": "LineString", "coordinates": [[245.67, 89.54], [245.19, 86.9], [245.16, 85.64], [245.12, 84.42], [248.61, 75.8], [248.6, 75.56], [249.1, 75.13], [249.44, 73.72], [253.89, 68.21], [256.07, 66.11], [259.7, 62.64], [261.34, 60.88], [266.37, 54.95], [272.09, 53.97], [273.94, 53.69], [274.43, 53.66], [275.11, 53.63], [281.89, 53.29], [297.33, 53.55], [313.05, 55.48]]}}, {"type": "Feature", "properties": {"rl": 74, "major": false}, "geometry": {"type": "LineString", "coordinates": [[414.42, 64.84], [414.36, 64.74]]}}, {"type": "Feature", "properties": {"rl": 74, "major": false}, "geometry": {"type": "LineString", "coordinates": [[331.15, 391.06], [330.96, 390.71], [327.04, 388.04], [327.07, 387.24], [325.03, 384.71], [325.91, 383.62], [325.72, 381.96], [323.13, 382.09], [321.92, 380.24], [321.89, 379.46], [319.94, 376.68], [322.45, 374.85], [323.55, 374.1], [324.3, 373.18], [326.79, 371.43], [327.87, 370.02], [329.04, 368.35], [329.76, 367.44], [332.5, 364.38], [335.45, 360.75], [333.77, 361.26], [330.4, 355.49], [332.94, 352.93], [331.36, 350.28], [330.75, 348.64], [328.45, 346.95], [327.65, 345.42], [323.94, 346.29], [322.83, 344.14], [323.48, 340.27], [317.53, 339.61], [315.89, 342.8], [315.82, 342.84], [315.71, 342.94], [311.99, 342.81], [310.55, 343.29], [307.28, 344.92], [307.26, 345.31], [302.2, 349.24], [301.87, 349.66], [301.31, 350.03], [297.16, 353.55], [294.06, 352.94], [293.17, 353.62], [291.85, 354.07], [291.86, 354.35], [289.81, 356.68], [288.35, 356.46], [286.21, 356.62], [286.1, 358.97], [284.84, 360.1], [282.17, 361.11], [280.83, 362.27], [280.5, 363.99], [278.13, 366.25], [277.54, 366.39], [274.48, 368.84], [271.81, 367.79], [270.77, 366.6], [268.47, 369.36], [267.53, 369.69], [267.68, 372.85], [267.41, 373.27], [268.15, 386.6], [267.98, 386.66], [268.2, 386.7], [268.21, 386.78], [268.61, 386.88], [269.09, 386.89], [281.34, 383.19], [283.26, 384.07], [286.64, 383.12], [288.17, 381.33], [288.98, 382.18], [289.66, 381.97], [292.03, 382.5], [296.32, 381.79], [303.74, 385.09], [305.82, 385.12], [309.21, 387.48], [310.02, 387.31], [310.71, 388.11], [313.7, 390.78], [314.3, 390.43], [316.47, 388.92], [316.04, 390.21], [318.39, 391.34], [325.4, 391.13], [329.89, 392.52], [332.25, 392.59], [331.15, 391.06]]}}, {"type": "Feature", "properties": {"rl": 74, "major": false}, "geometry": {"type": "LineString", "coordinates": [[317.36, 380.29], [321.37, 379.68], [321.44, 380.64], [320.82, 382.67], [317.36, 380.29]]}}, {"type": "Feature", "properties": {"rl": 74, "major": false}, "geometry": {"type": "LineString", "coordinates": [[248.95, 368.38], [250.07, 367.47], [250.95, 366.91], [249.9, 366.69], [249.67, 366.91], [248.95, 368.38]]}}, {"type": "Feature", "properties": {"rl": 74, "major": false}, "geometry": {"type": "LineString", "coordinates": [[271.55, 326.31], [269.89, 326.9], [269.95, 327.37], [270.12, 327.42], [270.72, 327.73], [271.55, 326.31]]}}, {"type": "Feature", "properties": {"rl": 74, "major": false}, "geometry": {"type": "LineString", "coordinates": [[332.6, 344.28], [334.65, 345.84], [336.67, 347.45], [339.53, 348.45], [335.89, 343.95], [332.6, 344.28]]}}, {"type": "Feature", "properties": {"rl": 74, "major": false}, "geometry": {"type": "LineString", "coordinates": [[215.59, 276.21], [216.53, 275.02], [217.22, 276.3], [216.57, 277.06], [215.59, 276.21]]}}, {"type": "Feature", "properties": {"rl": 75, "major": true}, "geometry": {"type": "LineString", "coordinates": [[191.1, 283.84], [191.18, 283.72], [191.88, 283.98], [195.03, 286.03], [195.79, 286.62], [199.03, 290.26], [199.48, 290.84], [202.37, 293.76], [202.97, 294.1], [205.32, 297.41], [205.41, 298.01], [206.95, 301.26], [207.95, 302.42], [208.6, 302.3], [209.03, 302.36], [212.35, 303.89], [213.67, 304.66], [213.7, 304.69], [213.79, 304.88], [213.49, 305.3], [213.22, 305.37], [209.56, 304.19], [209.47, 306.43], [211.02, 308.59], [214.27, 309.14], [214.56, 309.38], [215.22, 310.01], [218.15, 313.73], [218.89, 313.63], [219.55, 314.55], [220.85, 315.27], [223.89, 317.58], [224.04, 317.55], [224.46, 317.6], [224.76, 318.01], [225.78, 320.12], [228.9, 320.79], [229.8, 321.63], [230.64, 321.64], [232.44, 321.02], [232.84, 321.18], [233.06, 321.22], [233.3, 321.26], [233.58, 321.29], [233.8, 321.4], [233.95, 321.59], [236.64, 324.0], [237.77, 323.22], [239.26, 324.1], [240.55, 325.89], [244.03, 328.43], [245.6, 328.19], [246.85, 327.86], [246.55, 331.15], [244.82, 331.47], [244.87, 332.92], [244.21, 333.8], [243.71, 334.32], [239.14, 335.93], [241.96, 337.11], [240.89, 337.97], [242.1, 339.05], [238.93, 342.94], [235.14, 342.25], [234.12, 340.63], [232.31, 342.04], [232.96, 343.8], [233.5, 345.74], [235.68, 349.05], [238.48, 350.49], [238.48, 351.75], [239.7, 353.45], [240.93, 350.49], [246.7, 353.35], [251.06, 351.96], [251.14, 358.74], [244.41, 359.46], [244.41, 359.59], [244.66, 361.01], [246.08, 365.86], [246.12, 366.16], [244.06, 373.01], [241.7, 377.99], [240.47, 377.92], [240.98, 380.65], [240.63, 381.66], [241.64, 380.77], [245.0, 375.68], [247.65, 384.8], [247.86, 386.18], [248.26, 386.1], [248.31, 385.07], [246.22, 375.68], [252.4, 374.18], [255.68, 378.21], [256.04, 380.11], [256.52, 384.43], [256.8, 384.68], [259.11, 386.17], [259.51, 386.32], [259.42, 386.48], [259.63, 386.47], [267.22, 387.97], [267.65, 391.05], [278.96, 393.78], [280.95, 393.99], [281.36, 394.05], [283.01, 393.57], [281.44, 393.23], [282.68, 391.68], [285.75, 392.36], [287.55, 390.25], [290.95, 393.83], [290.8, 393.87], [291.58, 394.26], [291.85, 394.28], [295.67, 393.99], [295.61, 393.98], [295.97, 393.87], [296.15, 393.91], [301.97, 392.66], [304.05, 392.72], [304.25, 394.24], [307.12, 395.01], [311.01, 394.54], [317.22, 395.3], [322.56, 395.15], [326.57, 396.38], [335.0, 399.37], [343.24, 397.65], [346.79, 399.24], [348.91, 404.59], [352.99, 404.94], [353.26, 405.7], [359.45, 408.64], [359.45, 408.64], [359.81, 410.59], [360.48, 410.18], [362.72, 408.61], [364.13, 408.57], [367.92, 403.59], [371.16, 401.98], [377.23, 406.41], [379.2, 405.77], [381.01, 404.56], [380.79, 404.27], [378.95, 403.82], [371.72, 400.7], [371.57, 400.4], [373.77, 394.71], [374.2, 391.98], [375.75, 387.28], [375.1, 386.95], [376.12, 385.83], [376.01, 384.73], [375.56, 381.0], [373.43, 378.49], [372.55, 378.52], [372.05, 378.31], [371.15, 377.96], [371.68, 375.15], [371.41, 374.9], [369.57, 370.37], [369.48, 370.24], [369.49, 370.24], [369.47, 370.23], [369.46, 370.23], [366.54, 368.0], [366.01, 367.08], [363.39, 363.72], [361.83, 362.1], [360.8, 361.4], [360.95, 359.87], [356.57, 357.49], [356.87, 361.81], [358.48, 363.77], [351.4, 364.66], [350.85, 364.34], [346.59, 361.9], [346.18, 361.93], [346.26, 361.65], [346.34, 361.68], [346.36, 361.65], [348.33, 356.23], [355.37, 356.68], [356.72, 356.43], [358.41, 356.44], [357.46, 355.55], [357.17, 355.31], [356.84, 355.2], [347.4, 352.01], [345.74, 349.25], [341.71, 344.39], [338.79, 340.78], [335.49, 341.11], [332.64, 340.51], [331.1, 335.13], [331.05, 329.12], [330.69, 328.22], [329.46, 327.95], [326.04, 328.85], [323.66, 326.72], [323.41, 323.95], [321.06, 318.52], [317.69, 316.35], [312.73, 310.44], [312.65, 307.23], [311.76, 305.97], [311.45, 304.58], [308.31, 297.85], [307.66, 295.99], [307.78, 293.36], [309.27, 291.94], [309.98, 291.26], [311.75, 288.41], [313.49, 287.23], [314.65, 285.67], [315.48, 281.55], [315.18, 274.12], [315.03, 273.34], [312.91, 265.65], [312.83, 265.31], [312.76, 265.07], [312.13, 263.3], [309.98, 256.82], [310.35, 254.25], [309.25, 252.25], [308.32, 247.96], [308.61, 247.48], [307.13, 242.82], [306.36, 240.84], [304.36, 235.08], [303.41, 233.15], [302.28, 231.84], [293.02, 226.6], [289.41, 220.88], [288.73, 220.83], [287.74, 220.99], [288.01, 222.1], [291.22, 227.26], [290.94, 228.12], [288.87, 233.88], [289.03, 235.92], [289.63, 237.38], [290.65, 244.9], [285.0, 239.5], [283.85, 237.48], [282.54, 235.75], [280.11, 232.56], [277.34, 226.55], [278.97, 224.2], [278.73, 223.55], [278.63, 223.28], [277.56, 220.44], [277.42, 220.22], [276.55, 216.96], [275.99, 214.75], [275.96, 214.62], [274.56, 212.12], [274.31, 211.86], [273.22, 211.64], [270.06, 213.54], [268.89, 211.91], [268.83, 210.54], [268.29, 208.41], [267.75, 207.29], [267.42, 207.17], [265.49, 203.72], [262.46, 200.41], [261.79, 199.57], [260.81, 197.91], [260.35, 197.55], [256.97, 196.24], [255.96, 194.81], [255.8, 194.47], [254.83, 193.66], [250.68, 191.02], [249.24, 190.25], [248.94, 189.85], [248.91, 189.72], [249.25, 188.57], [250.41, 185.6], [250.2, 183.47], [247.49, 179.8], [247.21, 176.07], [246.87, 174.91], [245.58, 173.85], [242.88, 172.41], [241.36, 171.71], [240.81, 171.23], [240.05, 170.29], [241.15, 169.0], [242.06, 169.41], [243.94, 167.35], [243.38, 165.65], [242.46, 165.37], [240.95, 164.59], [240.58, 162.61], [241.11, 161.87], [241.67, 160.11], [240.3, 157.59], [239.57, 155.52], [240.06, 154.6], [241.28, 152.83], [243.65, 153.89], [246.78, 152.73], [247.88, 152.4], [247.95, 151.33], [247.39, 146.9], [249.61, 146.04], [250.05, 142.87]]}}, {"type": "Feature", "properties": {"rl": 75, "major": true}, "geometry": {"type": "LineString", "coordinates": [[363.9, 64.18], [368.47, 65.86], [370.72, 64.04], [374.05, 64.59], [379.44, 67.51], [381.07, 68.04], [382.95, 67.97], [387.11, 68.06], [389.07, 67.98], [396.97, 67.38], [397.01, 67.37], [402.97, 67.78], [409.7, 68.13], [410.71, 67.55], [413.74, 67.48], [414.27, 65.68]]}}, {"type": "Feature", "properties": {"rl": 75, "major": true}, "geometry": {"type": "LineString", "coordinates": [[434.3, 61.93], [435.47, 61.58], [436.2, 61.21], [439.04, 61.17], [441.52, 60.84], [441.72, 63.28], [441.7, 63.27], [441.3, 64.59], [441.34, 64.54], [441.93, 64.35], [442.61, 64.35], [443.28, 63.15], [444.12, 61.19], [445.9, 61.26], [446.88, 61.9], [449.92, 62.3], [455.54, 63.96], [458.17, 64.19], [462.72, 64.95], [468.08, 64.42], [469.37, 62.96], [470.87, 62.26], [470.65, 60.25], [472.96, 55.92], [475.73, 50.56], [476.51, 48.61], [476.86, 46.98], [481.92, 42.99], [477.76, 37.08], [478.1, 36.25], [478.23, 35.8], [478.58, 33.62], [478.74, 32.79], [480.52, 28.11], [480.49, 27.41], [480.59, 25.92], [480.77, 25.53], [481.46, 20.91], [481.34, 20.85], [481.34, 20.17], [480.59, 13.77], [480.72, 12.67], [481.66, 10.46], [477.62, 6.37], [477.04, 6.33], [476.67, 5.89]]}}, {"type": "Feature", "properties": {"rl": 75, "major": true}, "geometry": {"type": "LineString", "coordinates": [[101.05, 179.76], [100.85, 180.36], [97.57, 182.88]]}}, {"type": "Feature", "properties": {"rl": 75, "major": true}, "geometry": {"type": "LineString", "coordinates": [[248.95, 86.28], [248.86, 85.79], [248.85, 85.56], [248.84, 85.33], [249.65, 83.34], [256.01, 75.82], [259.43, 71.45], [260.4, 70.47], [262.55, 68.3], [265.77, 65.22], [268.77, 62.02], [269.71, 61.64], [276.17, 60.28], [279.06, 60.13], [284.68, 60.23], [291.41, 61.06], [303.04, 62.37], [317.18, 64.22]]}}, {"type": "Feature", "properties": {"rl": 75, "major": true}, "geometry": {"type": "LineString", "coordinates": [[415.06, 65.8], [415.05, 65.77]]}}, {"type": "Feature", "properties": {"rl": 75, "major": true}, "geometry": {"type": "LineString", "coordinates": [[334.01, 390.84], [331.75, 386.61], [330.47, 385.74], [330.55, 383.79], [331.64, 381.99], [334.04, 383.48], [333.57, 383.78], [335.95, 385.81], [338.54, 387.6], [338.84, 389.48], [344.0, 392.26], [335.27, 392.61], [334.01, 390.84]]}}, {"type": "Feature", "properties": {"rl": 75, "major": true}, "geometry": {"type": "LineString", "coordinates": [[535.15, 27.06], [531.61, 26.2], [529.27, 26.38], [530.24, 28.13], [529.36, 31.96], [526.1, 35.76], [525.56, 35.9], [524.61, 40.2], [524.81, 42.75], [524.8, 44.94], [524.16, 47.87], [523.7, 48.42], [523.72, 50.63], [526.86, 51.98], [529.66, 50.34], [533.35, 52.2], [540.67, 51.64], [544.1, 51.35], [545.09, 52.35], [550.48, 56.8], [558.81, 56.62], [559.11, 56.69], [559.85, 56.3], [565.84, 54.17], [567.69, 57.11], [571.05, 51.46], [569.46, 49.08], [570.17, 43.74], [570.16, 43.73], [570.15, 43.71], [570.13, 43.7], [563.74, 37.33], [560.97, 33.83], [558.77, 33.02], [557.13, 32.68], [551.75, 32.22], [546.2, 30.61], [541.84, 29.52], [541.79, 29.53], [541.75, 29.49], [535.15, 27.06]]}}, {"type": "Feature", "properties": {"rl": 75, "major": true}, "geometry": {"type": "LineString", "coordinates": [[265.83, 320.76], [267.27, 319.59], [268.56, 319.38], [268.75, 319.75], [268.02, 321.43], [265.83, 320.76]]}}, {"type": "Feature", "properties": {"rl": 75, "major": true}, "geometry": {"type": "LineString", "coordinates": [[265.46, 383.81], [259.49, 385.95], [256.71, 384.02], [256.57, 377.15], [256.57, 377.11], [253.41, 373.42], [258.64, 368.35], [259.47, 366.75], [259.94, 361.71], [266.07, 364.22], [266.43, 371.61], [264.92, 373.97], [265.46, 383.81]]}}, {"type": "Feature", "properties": {"rl": 75, "major": true}, "geometry": {"type": "LineString", "coordinates": [[555.43, 59.09], [557.58, 64.15], [561.26, 65.56], [561.76, 65.66], [562.21, 65.74], [564.33, 65.75], [564.93, 64.24], [562.74, 63.26], [561.21, 58.45], [559.15, 56.97], [555.43, 59.09]]}}, {"type": "Feature", "properties": {"rl": 75, "major": true}, "geometry": {"type": "LineString", "coordinates": [[296.24, 344.15], [297.9, 343.5], [300.07, 341.83], [300.73, 341.26], [301.75, 341.39], [301.7, 342.83], [300.96, 343.4], [298.81, 346.06], [295.22, 348.44], [294.59, 348.98], [294.11, 348.88], [291.01, 351.27], [289.75, 351.71], [289.39, 350.67], [288.88, 349.3], [291.05, 347.95], [293.6, 347.3], [295.98, 345.07], [296.24, 344.15]]}}, {"type": "Feature", "properties": {"rl": 75, "major": true}, "geometry": {"type": "LineString", "coordinates": [[319.02, 380.28], [321.23, 379.95], [321.27, 380.48], [320.93, 381.6], [319.02, 380.28]]}}, {"type": "Feature", "properties": {"rl": 75, "major": true}, "geometry": {"type": "LineString", "coordinates": [[253.73, 386.75], [253.65, 386.81], [253.6, 386.89], [253.69, 387.19], [253.75, 386.86], [253.91, 386.74], [253.73, 386.75]]}}, {"type": "Feature", "properties": {"rl": 75, "major": true}, "geometry": {"type": "LineString", "coordinates": [[266.87, 328.7], [269.19, 327.37], [269.82, 327.53], [271.23, 328.26], [270.07, 330.2], [266.87, 328.7]]}}, {"type": "Feature", "properties": {"rl": 75, "major": true}, "geometry": {"type": "LineString", "coordinates": [[209.89, 362.32], [211.86, 362.55], [210.08, 361.47], [209.93, 361.46], [209.77, 361.46], [209.59, 361.55], [209.71, 362.13], [209.89, 362.32]]}}, {"type": "Feature", "properties": {"rl": 75, "major": true}, "geometry": {"type": "LineString", "coordinates": [[233.36, 350.12], [229.56, 345.94], [227.97, 347.72], [229.2, 350.98], [233.36, 350.12]]}}, {"type": "Feature", "properties": {"rl": 75, "major": true}, "geometry": {"type": "LineString", "coordinates": [[338.24, 355.63], [340.32, 353.52], [341.68, 353.95], [343.24, 354.91], [344.56, 354.41], [343.28, 356.18], [341.47, 357.01], [341.41, 356.59], [339.19, 357.26], [338.24, 355.63]]}}, {"type": "Feature", "properties": {"rl": 76, "major": false}, "geometry": {"type": "LineString", "coordinates": [[181.31, 290.16], [181.33, 291.81], [185.26, 292.98], [183.51, 296.66], [183.59, 296.73], [183.58, 296.74], [183.57, 296.83], [187.37, 300.89], [187.46, 300.99], [187.54, 300.96], [192.72, 301.05], [192.91, 301.18], [192.44, 305.33], [192.46, 305.5], [192.64, 305.43], [195.93, 305.6], [197.96, 308.45], [198.38, 309.42], [202.17, 314.43], [202.6, 315.17], [202.93, 316.02], [205.24, 318.92], [205.78, 319.83], [209.51, 322.54], [210.95, 322.41], [214.95, 320.33], [215.02, 320.41], [216.79, 322.3], [217.38, 322.59], [218.2, 322.81], [218.64, 322.97], [219.62, 324.13], [220.32, 326.33], [221.16, 328.1], [222.86, 331.86], [224.07, 335.12], [224.97, 337.45], [226.17, 339.76], [227.63, 343.81], [228.96, 345.67], [227.44, 347.42], [226.45, 348.06], [227.51, 351.43], [228.86, 354.75], [228.23, 355.12], [227.59, 357.29], [219.03, 358.35], [218.99, 358.45], [217.12, 357.11], [216.92, 356.7], [215.76, 357.74], [215.95, 359.67], [218.42, 358.89], [219.31, 360.06], [219.31, 359.62], [225.97, 361.62], [225.75, 367.73], [226.83, 369.55], [227.26, 367.96], [228.0, 367.34], [230.61, 359.97], [231.04, 357.5], [231.24, 357.18], [231.49, 356.99], [231.59, 357.28], [235.36, 355.37], [237.61, 357.43], [236.2, 362.24], [239.95, 364.34], [241.74, 364.53], [242.33, 371.21], [242.39, 371.69], [242.36, 371.79], [242.32, 371.86], [238.18, 371.64], [239.9, 380.85], [238.73, 384.24], [242.13, 381.23], [244.44, 377.73], [246.26, 384.01], [247.05, 389.28], [248.57, 388.98], [248.79, 385.06], [247.16, 377.75], [251.97, 376.58], [254.52, 379.72], [255.46, 384.68], [252.94, 386.41], [251.29, 389.38], [251.93, 391.55], [251.21, 398.03], [251.12, 398.02], [251.01, 398.47], [251.35, 398.27], [261.49, 395.52], [262.04, 396.44], [263.37, 396.1], [267.23, 395.35], [267.73, 395.27], [280.07, 396.58], [282.98, 396.96], [286.86, 395.84], [289.36, 397.09], [292.08, 397.29], [294.79, 397.09], [297.59, 397.76], [302.04, 397.25], [305.13, 397.18], [306.99, 397.68], [308.08, 397.55], [315.95, 398.52], [319.36, 398.92], [320.06, 399.11], [320.72, 399.08], [327.45, 401.49], [334.26, 404.35], [336.52, 405.15], [336.76, 405.1], [336.87, 405.15], [336.93, 405.31], [352.28, 406.63], [353.31, 409.48], [356.89, 411.18], [356.9, 411.2], [357.47, 414.23], [357.34, 414.94], [359.9, 415.4], [360.04, 415.3], [361.32, 414.95], [369.57, 417.3], [378.24, 419.54], [380.12, 418.41], [390.39, 409.83], [391.68, 409.08], [392.12, 408.73], [396.54, 402.64], [395.96, 398.38], [395.05, 397.53], [394.65, 395.94], [396.22, 393.96], [394.9, 392.82], [392.83, 392.29], [390.21, 390.54], [386.9, 385.3], [382.24, 380.17], [381.99, 379.83], [381.84, 377.14], [378.29, 375.51], [375.26, 370.97], [374.44, 369.74], [370.96, 364.04], [369.66, 361.7], [364.41, 356.6], [361.75, 354.11], [357.83, 350.89], [353.26, 349.38], [350.5, 348.45], [350.02, 347.64], [344.79, 341.34], [341.84, 337.66], [340.45, 337.07], [335.62, 336.05], [334.91, 333.58], [334.89, 330.81], [332.95, 326.02], [328.17, 324.99], [325.02, 317.8], [324.39, 316.99], [323.74, 316.3], [318.39, 309.52], [315.48, 306.05], [315.47, 305.77], [315.39, 305.66], [315.37, 305.54], [310.44, 294.98], [310.39, 294.85], [310.4, 294.67], [310.5, 294.58], [310.55, 294.53], [313.18, 290.33], [314.23, 289.61], [316.01, 287.2], [317.31, 280.84], [317.09, 275.62], [316.5, 272.55], [314.98, 267.01], [314.39, 264.7], [313.94, 262.98], [313.49, 261.74], [311.98, 257.17], [312.41, 254.12], [312.11, 252.9], [310.62, 248.31], [309.93, 245.97], [308.55, 241.07], [308.22, 240.26], [305.96, 233.23], [305.95, 232.74], [305.57, 232.54], [304.6, 232.01], [293.05, 225.47], [289.92, 220.52], [288.88, 220.44], [287.33, 220.69], [287.75, 222.42], [290.28, 226.49], [289.86, 227.81], [286.7, 236.59], [286.67, 236.53], [281.96, 230.36], [280.54, 227.26], [281.38, 226.05], [280.44, 223.56], [280.05, 222.52], [279.19, 220.25], [278.57, 219.26], [277.88, 216.64], [277.42, 214.86], [277.22, 214.0], [276.11, 212.02], [274.17, 209.92], [272.23, 209.53], [270.68, 208.63], [269.6, 206.37], [267.67, 205.69], [266.21, 203.09], [263.93, 200.59], [262.52, 198.83], [261.75, 197.52], [260.7, 196.72], [258.04, 195.69], [257.25, 194.56], [256.88, 193.77], [254.6, 191.87], [250.91, 189.52], [251.91, 186.96], [251.46, 182.3], [249.5, 179.65], [249.3, 176.95], [248.58, 174.56], [245.91, 172.35], [242.7, 170.64], [244.88, 168.26], [243.77, 164.89], [241.93, 164.33], [241.64, 164.18], [241.56, 163.79], [242.4, 162.61], [243.27, 159.84], [241.12, 155.87], [241.01, 155.57], [241.08, 155.44], [241.26, 155.18], [241.6, 155.34], [246.69, 153.44], [248.47, 152.9], [248.59, 151.17], [248.12, 147.43], [251.46, 146.13], [252.13, 141.36]]}}, {"type": "Feature", "properties": {"rl": 76, "major": false}, "geometry": {"type": "LineString", "coordinates": [[366.11, 72.21], [371.12, 74.06], [372.97, 72.47], [377.91, 72.38], [380.96, 72.26], [383.33, 72.17], [385.29, 72.21], [391.77, 71.95], [395.19, 71.69], [395.21, 71.68], [397.79, 71.86], [412.07, 72.59], [412.58, 72.3], [415.44, 72.24], [417.87, 71.2], [421.78, 70.5], [424.03, 70.27], [428.06, 68.98], [429.64, 68.42], [430.74, 68.56], [431.84, 68.62], [434.57, 67.91], [436.31, 68.26], [437.67, 68.83], [437.92, 68.57], [438.44, 68.56], [438.3, 69.0], [438.3, 69.0], [441.24, 68.07], [444.57, 68.09], [445.53, 66.36], [448.51, 66.8], [452.87, 68.13], [456.9, 69.36], [463.07, 70.49], [466.85, 70.77], [468.32, 70.63], [469.16, 69.58], [471.51, 66.94], [477.19, 64.27], [476.68, 59.64], [481.62, 58.65], [483.84, 59.19], [485.02, 59.22], [489.52, 59.65], [489.97, 60.49], [492.26, 61.04], [493.68, 60.95], [502.96, 58.62], [506.1, 60.24], [507.57, 60.94], [513.8, 64.9], [514.44, 65.05], [514.85, 65.03], [518.22, 66.7], [518.99, 65.3], [519.75, 62.11], [521.26, 62.06], [528.06, 64.01], [530.27, 65.14], [537.74, 66.35], [540.21, 67.43], [547.42, 68.74], [551.22, 70.19], [558.61, 71.67], [565.15, 72.97], [568.15, 72.99], [573.66, 74.04], [578.29, 74.1], [582.58, 74.86], [588.59, 74.72], [602.28, 79.99], [605.01, 80.54], [610.52, 77.53], [610.6, 77.5], [612.61, 77.42], [617.47, 77.1], [619.16, 74.76], [620.04, 71.01], [620.46, 66.38], [619.7, 63.68], [624.54, 61.99], [626.4, 61.46], [629.96, 61.08], [629.91, 57.05], [625.83, 56.5], [621.19, 56.99], [621.99, 47.89], [621.23, 46.73], [620.82, 46.6], [616.92, 44.79], [615.7, 44.44], [611.46, 43.67], [609.47, 45.28], [607.16, 44.41], [595.86, 39.81], [591.86, 38.39], [588.74, 35.84], [582.55, 34.3], [580.84, 34.02], [575.43, 32.53], [572.48, 31.2], [571.52, 30.36], [565.98, 27.27], [562.59, 25.75], [554.63, 21.04]]}}, {"type": "Feature", "properties": {"rl": 76, "major": false}, "geometry": {"type": "LineString", "coordinates": [[96.97, 178.13], [96.36, 179.94], [91.97, 183.3], [91.05, 185.61]]}}, {"type": "Feature", "properties": {"rl": 76, "major": false}, "geometry": {"type": "LineString", "coordinates": [[261.1, 79.66], [264.06, 76.16], [265.11, 74.82], [267.96, 71.94], [269.13, 71.54], [273.48, 70.03], [277.63, 68.34], [279.36, 67.69], [291.51, 69.07], [299.07, 70.05], [315.66, 68.68], [321.3, 72.96]]}}, {"type": "Feature", "properties": {"rl": 76, "major": false}, "geometry": {"type": "LineString", "coordinates": [[336.86, 390.63], [335.84, 388.71], [337.73, 390.01], [337.78, 390.37], [338.77, 390.9], [337.1, 390.97], [336.86, 390.63]]}}, {"type": "Feature", "properties": {"rl": 76, "major": false}, "geometry": {"type": "LineString", "coordinates": [[267.04, 394.97], [261.93, 394.55], [260.12, 392.43], [256.04, 390.02], [256.32, 388.31], [257.47, 387.41], [258.39, 386.15], [259.15, 386.45], [258.25, 388.18], [260.48, 388.1], [266.23, 389.24], [267.04, 394.97]]}}, {"type": "Feature", "properties": {"rl": 76, "major": false}, "geometry": {"type": "LineString", "coordinates": [[262.78, 381.03], [258.91, 382.41], [257.12, 381.16], [257.03, 376.73], [257.03, 376.7], [254.99, 374.32], [258.37, 371.04], [260.43, 367.06], [260.75, 363.62], [264.93, 365.33], [265.18, 370.38], [262.42, 374.67], [262.78, 381.03]]}}, {"type": "Feature", "properties": {"rl": 76, "major": false}, "geometry": {"type": "LineString", "coordinates": [[603.11, 74.78], [604.71, 74.88], [605.18, 74.76], [608.71, 76.63], [604.78, 76.27], [603.11, 74.78]]}}, {"type": "Feature", "properties": {"rl": 76, "major": false}, "geometry": {"type": "LineString", "coordinates": [[355.15, 362.14], [353.81, 362.31], [353.7, 362.25], [352.85, 361.76], [353.23, 360.71], [354.78, 360.81], [354.85, 361.77], [355.15, 362.14]]}}, {"type": "Feature", "properties": {"rl": 76, "major": false}, "geometry": {"type": "LineString", "coordinates": [[320.67, 380.28], [321.09, 380.22], [321.1, 380.32], [321.04, 380.53], [320.67, 380.28]]}}, {"type": "Feature", "properties": {"rl": 76, "major": false}, "geometry": {"type": "LineString", "coordinates": [[269.23, 327.76], [269.46, 327.63], [269.53, 327.65], [269.66, 327.72], [269.55, 327.91], [269.23, 327.76]]}}, {"type": "Feature", "properties": {"rl": 76, "major": false}, "geometry": {"type": "LineString", "coordinates": [[209.97, 363.18], [214.47, 363.7], [214.65, 364.47], [217.6, 365.47], [215.07, 362.09], [214.37, 363.28], [210.48, 360.92], [210.08, 360.9], [209.64, 360.89], [209.18, 361.14], [209.49, 362.67], [209.97, 363.18]]}}, {"type": "Feature", "properties": {"rl": 76, "major": false}, "geometry": {"type": "LineString", "coordinates": [[240.67, 357.16], [242.7, 352.27], [246.59, 354.19], [249.53, 353.26], [249.58, 357.83], [244.86, 358.33], [240.67, 357.16]]}}, {"type": "Feature", "properties": {"rl": 76, "major": false}, "geometry": {"type": "LineString", "coordinates": [[341.46, 356.08], [341.41, 355.74], [342.24, 355.42], [341.92, 355.87], [341.46, 356.08]]}}, {"type": "Feature", "properties": {"rl": 77, "major": false}, "geometry": {"type": "LineString", "coordinates": [[179.0, 291.87], [179.45, 292.13], [184.06, 293.5], [182.68, 296.42], [183.26, 296.97], [183.18, 297.03], [183.18, 297.75], [186.22, 301.01], [186.89, 301.78], [187.55, 301.56], [191.68, 301.63], [192.42, 302.16], [192.05, 305.45], [192.2, 307.01], [193.8, 306.38], [195.74, 306.48], [196.94, 308.17], [197.98, 310.58], [200.31, 313.66], [201.39, 315.54], [202.24, 317.7], [203.69, 319.53], [205.03, 321.79], [207.35, 323.48], [211.3, 323.12], [212.44, 322.52], [212.62, 322.75], [213.59, 323.79], [212.82, 325.67], [213.16, 325.74], [213.53, 326.1], [214.7, 327.28], [213.38, 329.79], [213.44, 331.34], [207.11, 334.15], [206.81, 334.73], [208.99, 339.2], [210.47, 341.35], [210.59, 341.44], [210.65, 341.5], [211.25, 342.32], [214.86, 340.69], [217.88, 340.87], [219.66, 341.8], [221.31, 343.09], [223.48, 344.16], [226.67, 346.8], [226.76, 346.93], [226.75, 346.93], [223.77, 348.87], [223.95, 349.45], [224.18, 350.02], [220.43, 352.25], [220.37, 352.45], [219.56, 352.56], [218.3, 355.49], [217.79, 355.13], [217.03, 353.61], [212.78, 357.45], [212.82, 357.9], [213.47, 360.21], [212.73, 361.49], [210.88, 360.36], [210.23, 360.34], [209.52, 360.32], [208.77, 360.72], [209.27, 363.21], [210.04, 364.05], [213.42, 364.43], [214.46, 368.89], [214.44, 369.0], [214.22, 373.55], [214.19, 373.8], [219.15, 379.75], [219.15, 381.02], [218.48, 383.89], [218.27, 387.42], [219.29, 392.02], [220.01, 393.42], [221.12, 399.27], [221.64, 401.51], [224.02, 404.95], [225.47, 401.82], [226.92, 399.75], [227.57, 400.43], [227.56, 400.38], [229.29, 396.77], [229.06, 394.38], [229.38, 392.97], [229.82, 388.9], [230.17, 387.6], [230.57, 387.34], [230.86, 387.12], [233.98, 387.37], [236.29, 388.03], [244.18, 392.44], [245.55, 393.79], [246.1, 393.56], [245.73, 402.5], [244.55, 405.29], [247.81, 405.1], [249.29, 404.4], [248.64, 402.67], [253.48, 399.83], [260.63, 397.89], [262.74, 401.46], [267.93, 400.16], [268.61, 400.03], [275.77, 398.8], [279.2, 399.17], [284.59, 399.87], [286.14, 399.42], [287.14, 399.92], [292.31, 400.31], [293.52, 400.21], [299.16, 401.58], [301.12, 401.35], [304.08, 401.28], [307.84, 400.84], [314.52, 401.64], [319.02, 402.86], [323.26, 402.67], [335.45, 407.02], [337.12, 407.78], [339.58, 407.41], [340.03, 407.09], [340.68, 407.38], [351.56, 408.32], [353.36, 413.26], [354.32, 413.72], [354.36, 413.75], [354.5, 414.55], [354.16, 416.42], [360.97, 417.67], [361.33, 417.39], [362.3, 417.13], [368.51, 418.89], [377.02, 421.09], [380.92, 422.61], [381.13, 421.99], [388.36, 423.23], [388.36, 423.23], [388.95, 423.51], [391.21, 423.77], [399.42, 417.73], [400.65, 416.83], [413.98, 414.3], [414.65, 414.0], [416.5, 412.05], [416.66, 411.87], [416.56, 411.45], [416.4, 411.43], [414.81, 407.53], [413.32, 403.97], [412.17, 403.13], [411.3, 402.61], [405.45, 402.78], [405.26, 402.63], [399.5, 391.92], [398.99, 391.79], [397.16, 391.32], [389.78, 386.39], [388.11, 383.75], [385.77, 381.17], [382.99, 377.46], [382.91, 375.91], [380.87, 374.98], [379.12, 372.36], [375.14, 366.35], [372.73, 362.4], [368.83, 355.35], [366.98, 353.55], [366.04, 352.67], [358.49, 346.46], [354.09, 345.01], [350.6, 341.08], [345.47, 334.68], [339.65, 332.21], [338.45, 331.27], [337.87, 330.38], [335.22, 323.82], [333.37, 323.42], [332.15, 320.65], [328.22, 315.59], [324.21, 311.26], [318.82, 304.44], [315.51, 297.94], [313.6, 293.84], [314.6, 292.24], [314.97, 291.99], [317.38, 288.73], [319.13, 280.13], [319.01, 277.12], [317.98, 271.76], [317.05, 268.36], [315.95, 264.08], [315.12, 260.9], [314.86, 260.17], [313.97, 257.51], [314.23, 255.74], [313.35, 252.15], [312.46, 249.43], [310.86, 244.01], [310.02, 241.01], [309.1, 238.73], [307.63, 234.15], [307.59, 232.43], [306.24, 231.75], [302.83, 229.86], [293.08, 224.34], [290.44, 220.16], [289.03, 220.05], [286.93, 220.39], [287.49, 222.74], [289.34, 225.71], [288.77, 227.49], [286.66, 233.38], [284.11, 228.53], [283.82, 228.15], [283.74, 227.96], [283.79, 227.89], [282.15, 223.57], [281.47, 221.76], [280.83, 220.06], [279.73, 218.31], [279.21, 216.32], [278.86, 214.97], [278.48, 213.38], [277.66, 211.91], [275.25, 209.31], [274.84, 208.41], [272.7, 206.53], [271.67, 205.93], [271.44, 205.45], [267.92, 204.21], [266.94, 202.46], [265.4, 200.77], [263.25, 198.08], [262.69, 197.14], [261.05, 195.89], [259.12, 195.14], [258.54, 194.31], [257.95, 193.08], [254.37, 190.08], [253.05, 189.24], [253.4, 188.32], [252.71, 181.13], [251.51, 179.5], [251.39, 177.84], [250.3, 174.21], [246.24, 170.86], [244.92, 170.15], [245.82, 169.17], [244.15, 164.13], [243.31, 163.88], [243.68, 163.35], [244.88, 159.57], [243.56, 157.13], [243.78, 155.2], [246.6, 154.16], [249.06, 153.41], [249.23, 151.01], [248.84, 147.96], [253.31, 146.22], [254.21, 139.85]]}}, {"type": "Feature", "properties": {"rl": 77, "major": false}, "geometry": {"type": "LineString", "coordinates": [[368.33, 80.25], [370.48, 81.04], [375.6, 76.65], [377.19, 76.62], [382.48, 76.42], [383.63, 76.39], [384.05, 76.38], [393.58, 76.04], [395.96, 75.94], [414.44, 77.06], [414.45, 77.05], [414.5, 77.03], [420.71, 74.37], [421.58, 74.21], [426.7, 73.68], [426.96, 73.66], [427.02, 73.64], [427.07, 73.62], [431.11, 72.1], [433.07, 72.18], [434.39, 72.31], [436.71, 72.44], [439.47, 72.0], [439.85, 72.0], [440.54, 71.79], [446.53, 71.84], [446.62, 71.66], [446.92, 71.71], [449.37, 72.46], [455.28, 73.59], [456.42, 73.75], [464.73, 74.79], [465.95, 74.88], [470.82, 74.44], [473.64, 70.93], [473.65, 70.92], [473.7, 70.89], [478.89, 71.21], [479.21, 71.28], [485.3, 73.61], [485.38, 73.65], [492.67, 74.03], [492.77, 74.01], [495.86, 72.67], [494.06, 74.43], [498.62, 75.24], [499.42, 75.49], [506.92, 75.58], [507.08, 75.59], [513.05, 76.4], [515.92, 77.14], [518.3, 78.05], [520.68, 76.87], [523.38, 77.23], [526.64, 77.66]]}}, {"type": "Feature", "properties": {"rl": 77, "major": false}, "geometry": {"type": "LineString", "coordinates": [[92.88, 176.5], [91.86, 179.51], [88.59, 182.03], [86.38, 187.58]]}}, {"type": "Feature", "properties": {"rl": 77, "major": false}, "geometry": {"type": "LineString", "coordinates": [[588.67, 83.41], [606.61, 87.68], [607.65, 87.72], [610.67, 86.79], [611.84, 86.74], [618.4, 86.9], [620.83, 86.99], [626.03, 86.57], [627.64, 86.19], [631.88, 87.23], [635.78, 82.87], [637.71, 81.63], [640.81, 80.42], [643.0, 77.5], [642.87, 76.51], [643.2, 73.03], [644.72, 68.65], [646.56, 66.91], [646.53, 66.88], [648.28, 64.7], [648.95, 63.8], [650.19, 62.22], [649.74, 62.09], [649.66, 61.63], [645.04, 54.11], [648.64, 50.21], [649.48, 47.64], [652.68, 48.74], [649.82, 45.32], [645.44, 42.28], [641.46, 41.52], [639.61, 40.5], [638.67, 39.88], [634.27, 40.16], [632.81, 41.37], [628.62, 43.13], [627.39, 41.24], [621.33, 39.36], [620.28, 38.87], [611.83, 36.38], [611.55, 36.33], [611.41, 36.44], [609.13, 35.58], [602.82, 33.62], [601.07, 32.8], [594.03, 30.38], [588.7, 26.33], [585.92, 25.07], [579.7, 22.24], [579.44, 22.12], [579.21, 21.92]]}}, {"type": "Feature", "properties": {"rl": 77, "major": false}, "geometry": {"type": "LineString", "coordinates": [[270.45, 77.92], [283.43, 74.97], [313.27, 72.51], [319.15, 76.96], [322.69, 79.58]]}}, {"type": "Feature", "properties": {"rl": 77, "major": false}, "geometry": {"type": "LineString", "coordinates": [[414.19, 413.46], [400.59, 415.13], [405.46, 403.05], [409.9, 405.27], [412.81, 408.16], [414.19, 413.46]]}}, {"type": "Feature", "properties": {"rl": 77, "major": false}, "geometry": {"type": "LineString", "coordinates": [[265.8, 394.41], [262.32, 394.12], [258.66, 389.82], [261.33, 389.73], [265.25, 390.5], [265.8, 394.41]]}}, {"type": "Feature", "properties": {"rl": 77, "major": false}, "geometry": {"type": "LineString", "coordinates": [[260.09, 378.24], [258.34, 378.87], [257.53, 378.3], [257.49, 376.3], [257.49, 376.29], [256.57, 375.21], [258.1, 373.73], [261.39, 367.36], [261.56, 365.53], [263.8, 366.44], [263.93, 369.14], [259.93, 375.37], [260.09, 378.24]]}}, {"type": "Feature", "properties": {"rl": 77, "major": false}, "geometry": {"type": "LineString", "coordinates": [[243.88, 379.79], [244.87, 383.21], [246.12, 391.62], [237.43, 386.3], [242.62, 381.7], [243.88, 379.79]]}}, {"type": "Feature", "properties": {"rl": 77, "major": false}, "geometry": {"type": "LineString", "coordinates": [[238.82, 381.05], [236.99, 386.38], [231.59, 381.96], [232.0, 377.25], [237.4, 373.44], [238.82, 381.05]]}}, {"type": "Feature", "properties": {"rl": 77, "major": false}, "geometry": {"type": "LineString", "coordinates": [[248.89, 391.86], [249.26, 385.05], [248.1, 379.82], [251.53, 378.98], [253.36, 381.23], [254.03, 384.77], [252.23, 386.01], [248.97, 391.87], [248.99, 391.94], [248.97, 392.13], [248.12, 392.02], [248.89, 391.86]]}}, {"type": "Feature", "properties": {"rl": 77, "major": false}, "geometry": {"type": "LineString", "coordinates": [[239.01, 366.03], [239.25, 368.75], [237.52, 368.39], [233.71, 367.9], [236.23, 365.73], [239.01, 366.03]]}}, {"type": "Feature", "properties": {"rl": 77, "major": false}, "geometry": {"type": "LineString", "coordinates": [[236.46, 357.17], [235.9, 359.08], [235.32, 357.16], [236.05, 356.79], [236.46, 357.17]]}}, {"type": "Feature", "properties": {"rl": 77, "major": false}, "geometry": {"type": "LineString", "coordinates": [[243.42, 356.57], [244.47, 354.05], [246.47, 355.04], [247.99, 354.56], [248.02, 356.91], [245.59, 357.17], [243.42, 356.57]]}}, {"type": "Feature", "properties": {"rl": 78, "major": false}, "geometry": {"type": "LineString", "coordinates": [[178.47, 292.44], [179.47, 293.01], [182.86, 294.02], [181.84, 296.17], [182.94, 297.2], [182.79, 297.32], [182.78, 298.67], [185.08, 301.13], [186.32, 302.57], [187.56, 302.16], [190.64, 302.22], [191.94, 303.13], [191.66, 305.58], [191.94, 308.52], [194.96, 307.34], [195.56, 307.37], [195.92, 307.88], [197.57, 311.74], [198.45, 312.89], [200.19, 315.91], [201.54, 319.39], [202.14, 320.14], [204.28, 323.76], [205.18, 324.41], [207.73, 324.18], [207.56, 327.11], [207.28, 328.2], [207.38, 328.22], [207.43, 329.51], [205.86, 330.21], [205.46, 329.71], [203.24, 331.17], [201.97, 333.0], [201.92, 333.07], [201.99, 333.11], [202.47, 336.32], [202.48, 336.37], [205.15, 341.32], [205.32, 341.63], [207.37, 343.2], [208.67, 344.51], [209.4, 345.53], [210.5, 346.48], [212.86, 348.33], [210.56, 352.99], [211.29, 357.84], [210.73, 359.3], [210.93, 359.8], [210.38, 359.79], [209.39, 359.76], [208.36, 360.31], [209.05, 363.75], [210.12, 364.91], [212.37, 365.17], [213.06, 368.13], [212.95, 368.89], [212.79, 372.07], [212.48, 375.65], [212.39, 376.0], [212.46, 376.1], [211.7, 379.11], [211.68, 386.21], [210.93, 389.43], [209.86, 393.29], [209.58, 394.29], [210.66, 398.74], [211.83, 402.65], [211.78, 408.03], [211.63, 410.43], [212.48, 412.86], [213.49, 419.63], [213.76, 420.68], [214.38, 422.1], [214.47, 422.89], [214.55, 431.35], [214.7, 431.67], [215.99, 433.74], [216.81, 432.94], [219.23, 431.04], [224.9, 430.35], [225.04, 428.75], [224.7, 428.45], [225.66, 426.7], [227.29, 421.0], [228.25, 420.51], [227.77, 416.08], [227.39, 413.25], [229.58, 411.51], [229.58, 411.27], [230.88, 403.67], [233.02, 397.44], [238.51, 402.22], [237.34, 406.52], [236.55, 408.82], [238.58, 409.21], [239.69, 410.64], [240.57, 410.35], [240.28, 411.05], [250.25, 410.48], [254.8, 408.33], [252.8, 403.04], [255.62, 401.38], [259.77, 400.26], [262.06, 404.15], [262.42, 404.45], [261.0, 405.97], [258.66, 408.05], [261.44, 407.21], [262.06, 406.74], [263.68, 405.25], [263.98, 404.74], [268.99, 402.44], [270.71, 401.93], [278.7, 401.04], [284.91, 402.16], [285.57, 402.25], [292.14, 402.97], [292.51, 403.03], [300.07, 404.82], [300.31, 404.94], [307.43, 404.53], [309.31, 404.31], [309.68, 404.36], [317.99, 406.61], [325.8, 406.26], [334.0, 409.19], [337.86, 410.92], [343.53, 410.08], [344.57, 409.35], [344.93, 409.51], [350.85, 410.02], [352.21, 413.75], [352.04, 414.39], [351.38, 416.88], [351.52, 418.06], [351.55, 418.04], [352.27, 418.37], [353.23, 418.32], [362.03, 419.93], [362.63, 419.48], [363.28, 419.3], [367.45, 420.49], [373.16, 421.97], [381.46, 425.2], [381.92, 423.88], [387.32, 424.81], [387.31, 424.83], [390.96, 426.53], [396.78, 427.19], [397.93, 427.04], [404.98, 428.12], [407.49, 426.27], [409.75, 424.62], [410.72, 422.95], [419.6, 419.02], [420.59, 417.97], [424.09, 414.02], [421.92, 404.82], [418.49, 404.49], [418.24, 403.89], [418.02, 403.35], [415.08, 401.21], [412.87, 399.88], [409.11, 399.99], [404.59, 396.43], [401.29, 390.3], [400.55, 390.12], [398.37, 388.73], [389.64, 382.43], [389.35, 382.24], [389.33, 382.2], [389.29, 382.17], [384.0, 375.1], [383.98, 374.69], [383.44, 374.44], [382.98, 373.75], [375.84, 362.96], [374.5, 360.77], [370.6, 353.7], [369.86, 350.57], [363.29, 345.43], [359.15, 342.03], [358.02, 341.66], [350.97, 333.74], [349.15, 331.71], [348.85, 331.82], [348.85, 331.71], [347.73, 330.41], [340.37, 324.64], [338.57, 321.86], [337.34, 320.99], [332.05, 314.19], [324.68, 306.23], [322.23, 303.13], [318.79, 296.37], [316.84, 292.84], [318.75, 290.26], [320.95, 279.42], [320.92, 278.62], [319.46, 270.97], [319.11, 269.72], [317.51, 263.47], [316.29, 258.81], [316.22, 258.61], [315.97, 257.86], [316.04, 257.36], [314.58, 251.41], [314.3, 250.55], [311.8, 242.05], [311.49, 240.95], [309.97, 237.19], [309.29, 235.07], [309.22, 232.13], [306.91, 230.96], [301.06, 227.71], [293.11, 223.21], [290.96, 219.81], [289.17, 219.66], [286.52, 220.09], [287.24, 223.05], [288.4, 224.93], [287.68, 227.17], [286.61, 230.16], [285.19, 227.46], [284.95, 226.45], [283.86, 223.58], [282.89, 221.0], [282.47, 219.87], [280.89, 217.36], [280.53, 216.0], [280.3, 215.08], [279.74, 212.76], [279.2, 211.8], [277.64, 210.11], [276.4, 207.36], [273.58, 204.88], [272.68, 204.22], [270.52, 203.56], [268.17, 202.73], [267.66, 201.82], [266.86, 200.95], [263.97, 197.34], [263.62, 196.75], [261.41, 195.06], [260.19, 194.58], [259.83, 194.07], [259.03, 192.38], [255.52, 189.44], [255.33, 188.73], [255.13, 188.23], [254.44, 184.89], [253.97, 179.95], [253.52, 179.35], [253.47, 178.73], [252.01, 173.86], [249.87, 172.09], [249.22, 167.53], [249.16, 166.44], [247.9, 162.82], [246.18, 160.27], [246.49, 159.3], [246.33, 159.0], [246.6, 156.64], [246.87, 154.76], [249.65, 153.91], [249.87, 150.85], [249.57, 148.48], [255.16, 146.31], [256.28, 138.34]]}}, {"type": "Feature", "properties": {"rl": 78, "major": false}, "geometry": {"type": "LineString", "coordinates": [[369.91, 87.48], [370.22, 87.32], [372.11, 86.32], [378.63, 80.93], [383.35, 80.84], [387.91, 80.7], [392.49, 80.54], [404.96, 80.0], [414.12, 80.56], [418.78, 78.71], [420.88, 77.9], [422.92, 78.01], [425.8, 77.76], [429.42, 75.96], [430.77, 75.65], [432.03, 75.52], [435.57, 75.88], [437.55, 75.98], [438.8, 75.49], [442.32, 74.92], [445.48, 74.89], [448.96, 75.05], [452.33, 75.69], [457.45, 76.44], [462.97, 77.13], [464.88, 77.29], [466.6, 77.42], [468.84, 77.21], [471.76, 77.73], [473.35, 77.59], [477.03, 78.53], [477.35, 78.24], [478.04, 78.5], [479.35, 79.12], [485.2, 80.06], [487.01, 86.29], [486.99, 86.54], [487.31, 86.61], [487.58, 86.41], [488.22, 85.24], [489.13, 80.13], [492.27, 79.3], [496.11, 80.72], [497.55, 81.35], [498.2, 81.18], [502.98, 82.34], [503.79, 82.31], [510.16, 82.75], [510.92, 83.56], [517.28, 83.99], [517.46, 83.35]]}}, {"type": "Feature", "properties": {"rl": 78, "major": false}, "geometry": {"type": "LineString", "coordinates": [[658.52, 50.55], [658.47, 50.51], [658.39, 49.07], [658.02, 48.07], [657.36, 45.94], [652.67, 43.32], [647.21, 39.52], [646.88, 39.46], [642.55, 37.07], [640.36, 35.64], [633.85, 36.05], [631.77, 35.25], [625.75, 33.42], [621.36, 32.05], [617.52, 30.87], [610.65, 28.66], [608.27, 27.92], [598.76, 23.45], [598.66, 23.42], [598.51, 23.31]]}}, {"type": "Feature", "properties": {"rl": 78, "major": false}, "geometry": {"type": "LineString", "coordinates": [[682.89, 77.54], [680.14, 81.51], [683.66, 83.59], [686.28, 83.54], [688.25, 80.16]]}}, {"type": "Feature", "properties": {"rl": 78, "major": false}, "geometry": {"type": "LineString", "coordinates": [[88.8, 174.87], [87.37, 179.09], [85.2, 180.75], [83.4, 185.27], [82.97, 186.62], [82.47, 187.7]]}}, {"type": "Feature", "properties": {"rl": 78, "major": false}, "geometry": {"type": "LineString", "coordinates": [[598.59, 88.49], [610.24, 91.27], [612.62, 91.36], [618.09, 92.03], [618.66, 92.09], [623.78, 92.32], [624.99, 92.65], [625.9, 92.64], [631.4, 93.74], [632.67, 94.01], [634.19, 92.16], [638.01, 88.81], [638.44, 89.16], [641.39, 88.9], [642.34, 86.84], [643.97, 82.68], [646.66, 79.09], [646.53, 78.08], [649.05, 75.3], [650.12, 72.01], [650.47, 71.79], [650.4, 71.5], [653.47, 68.9], [653.59, 68.66], [656.49, 65.78], [657.6, 63.27], [658.45, 51.47]]}}, {"type": "Feature", "properties": {"rl": 78, "major": false}, "geometry": {"type": "LineString", "coordinates": [[275.53, 80.8], [286.25, 78.36], [310.89, 76.33], [315.74, 80.0], [323.54, 85.77]]}}, {"type": "Feature", "properties": {"rl": 78, "major": false}, "geometry": {"type": "LineString", "coordinates": [[409.34, 406.76], [409.18, 406.78], [409.24, 406.63], [409.29, 406.66], [409.33, 406.7], [409.34, 406.76]]}}, {"type": "Feature", "properties": {"rl": 78, "major": false}, "geometry": {"type": "LineString", "coordinates": [[264.56, 393.85], [262.71, 393.7], [260.77, 391.41], [262.19, 391.36], [264.27, 391.77], [264.56, 393.85]]}}, {"type": "Feature", "properties": {"rl": 78, "major": false}, "geometry": {"type": "LineString", "coordinates": [[243.31, 381.85], [243.48, 382.42], [243.69, 383.82], [242.24, 382.93], [243.11, 382.17], [243.31, 381.85]]}}, {"type": "Feature", "properties": {"rl": 78, "major": false}, "geometry": {"type": "LineString", "coordinates": [[237.74, 381.24], [236.8, 383.97], [234.05, 381.71], [234.26, 379.3], [237.01, 377.36], [237.74, 381.24]]}}, {"type": "Feature", "properties": {"rl": 78, "major": false}, "geometry": {"type": "LineString", "coordinates": [[260.38, 371.47], [262.35, 367.67], [262.37, 367.44], [262.66, 367.55], [262.68, 367.9], [260.38, 371.47]]}}, {"type": "Feature", "properties": {"rl": 78, "major": false}, "geometry": {"type": "LineString", "coordinates": [[252.61, 384.87], [251.53, 385.61], [249.51, 389.24], [249.73, 385.03], [249.03, 381.88], [251.1, 381.38], [252.2, 382.73], [252.61, 384.87]]}}, {"type": "Feature", "properties": {"rl": 78, "major": false}, "geometry": {"type": "LineString", "coordinates": [[246.17, 355.98], [246.24, 355.82], [246.36, 355.88], [246.45, 355.85], [246.46, 356.0], [246.31, 356.02], [246.17, 355.98]]}}, {"type": "Feature", "properties": {"rl": 79, "major": false}, "geometry": {"type": "LineString", "coordinates": [[170.17, 293.34], [171.59, 293.73], [172.41, 292.7]]}}, {"type": "Feature", "properties": {"rl": 79, "major": false}, "geometry": {"type": "LineString", "coordinates": [[177.93, 293.0], [179.48, 293.89], [181.67, 294.54], [181.01, 295.92], [182.62, 297.43], [182.4, 297.61], [182.38, 299.59], [183.93, 301.25], [185.75, 303.36], [187.57, 302.77], [189.6, 302.8], [191.45, 304.11], [191.27, 305.71], [191.53, 308.46], [190.82, 308.92], [188.55, 310.27], [187.43, 311.73], [188.82, 313.72], [186.2, 315.59], [186.26, 316.65], [187.45, 319.73], [187.83, 320.33], [189.79, 324.46], [189.99, 325.13], [192.34, 329.39], [192.84, 329.39], [193.3, 329.82], [196.82, 329.31], [198.88, 329.56], [200.6, 328.78], [201.77, 330.01], [201.13, 330.43], [200.93, 330.71], [199.46, 332.87], [201.49, 333.9], [201.86, 336.39], [202.13, 337.54], [204.21, 341.39], [205.41, 343.48], [205.66, 344.27], [206.98, 346.33], [208.53, 348.41], [208.46, 348.65], [208.58, 348.8], [208.68, 348.97], [208.84, 350.12], [210.07, 358.37], [209.76, 359.2], [209.27, 359.19], [207.95, 359.9], [208.83, 364.3], [210.2, 365.78], [211.31, 365.9], [211.66, 367.38], [211.46, 368.79], [211.37, 370.59], [211.19, 372.62], [210.38, 375.76], [210.95, 376.69], [208.69, 385.73], [208.06, 387.16], [208.22, 388.12], [207.98, 388.87], [207.52, 393.05], [207.23, 394.41], [206.56, 400.37], [206.87, 401.61], [207.09, 402.35], [207.08, 403.36], [206.53, 411.88], [206.67, 412.27], [206.83, 413.36], [208.83, 421.04], [209.1, 421.66], [209.63, 426.57], [209.68, 430.84], [211.39, 434.67], [213.74, 438.45], [215.4, 440.98], [212.58, 447.67], [212.9, 448.28], [213.77, 449.75], [212.32, 451.22], [211.64, 455.88], [213.92, 457.77], [215.8, 457.52], [221.65, 461.57], [222.4, 462.2], [225.0, 463.46], [227.79, 460.44], [228.78, 460.32], [235.62, 460.56], [234.04, 457.73], [234.08, 457.08], [233.85, 452.23], [233.87, 452.04], [233.42, 449.8], [232.82, 446.72], [231.57, 443.83], [232.87, 442.15], [232.84, 441.44], [233.1, 439.15], [233.22, 436.78], [232.42, 436.43], [229.75, 433.76], [229.67, 433.08], [230.73, 431.35], [232.74, 430.76], [230.7, 428.58], [229.84, 427.84], [230.71, 426.27], [234.04, 425.75], [235.25, 428.64], [239.66, 430.44], [241.6, 432.67], [242.57, 430.67], [241.7, 427.18], [242.36, 423.17], [243.03, 423.28], [246.54, 422.34], [247.36, 420.69], [250.02, 419.57], [252.29, 416.39], [253.04, 415.23], [257.25, 417.6], [257.5, 417.62], [257.51, 417.42], [258.18, 410.89], [261.96, 409.75], [264.26, 408.01], [264.95, 407.37], [265.93, 405.67], [269.08, 404.23], [272.99, 403.07], [278.43, 402.46], [282.65, 403.23], [285.28, 403.57], [290.2, 404.11], [292.54, 404.53], [298.51, 405.93], [299.86, 406.65], [307.2, 406.23], [309.65, 406.41], [316.8, 408.75], [317.72, 408.98], [323.07, 410.08], [328.34, 409.85], [332.55, 411.35], [338.61, 414.07], [347.48, 412.76], [349.12, 411.6], [349.18, 411.63], [350.14, 411.71], [350.36, 412.32], [349.92, 413.99], [349.73, 414.7], [350.41, 420.02], [350.42, 420.01], [353.73, 421.54], [358.17, 421.29], [363.1, 422.19], [363.93, 421.57], [364.26, 421.48], [366.39, 422.09], [369.3, 422.84], [382.01, 427.79], [382.7, 425.77], [386.27, 426.38], [386.25, 426.42], [392.98, 429.55], [394.14, 429.69], [397.59, 429.23], [405.85, 430.49], [407.09, 431.01], [407.38, 440.24], [407.42, 441.49], [404.51, 444.0], [403.7, 444.7], [404.24, 444.9], [406.19, 445.29], [408.85, 444.82], [411.86, 444.23], [412.84, 443.57], [414.41, 441.39], [414.73, 441.56], [418.3, 433.85], [418.76, 432.47], [418.85, 432.4], [423.41, 424.53], [424.56, 424.03], [424.69, 423.89], [431.53, 416.17], [430.91, 413.58], [425.13, 404.7], [425.14, 403.55], [423.8, 401.94], [420.03, 399.3], [417.51, 398.85], [417.27, 398.85], [414.44, 397.15], [412.77, 397.2], [403.91, 390.23], [403.08, 388.69], [402.9, 388.64], [396.06, 384.31], [391.24, 380.84], [387.64, 376.07], [385.46, 373.57], [378.86, 363.07], [376.54, 359.57], [376.27, 359.13], [375.49, 357.72], [373.13, 347.7], [366.57, 342.57], [362.2, 338.37], [359.66, 335.91], [353.34, 328.87], [349.65, 330.24], [349.65, 328.86], [343.94, 322.21], [343.77, 320.3], [341.64, 318.79], [339.22, 317.08], [335.88, 312.79], [326.61, 302.77], [325.64, 301.81], [325.36, 301.27], [320.7, 292.97], [320.07, 291.84], [320.11, 291.79], [320.19, 291.42], [322.68, 279.62], [322.67, 278.66], [322.39, 278.42], [320.98, 270.87], [320.84, 270.27], [320.86, 270.17], [319.15, 263.5], [318.94, 262.87], [317.71, 258.35], [317.7, 258.13], [317.46, 257.33], [315.98, 251.32], [315.9, 251.04], [315.76, 250.45], [315.75, 250.44], [315.76, 250.43], [313.13, 241.48], [312.96, 240.77], [312.89, 240.5], [310.98, 235.91], [310.94, 235.68], [310.94, 235.66], [310.86, 231.82], [307.57, 230.17], [299.29, 225.56], [293.15, 222.08], [291.48, 219.45], [289.32, 219.28], [286.11, 219.78], [286.98, 223.37], [287.46, 224.15], [286.6, 226.86], [286.56, 226.95], [286.52, 226.87], [286.02, 224.79], [285.57, 223.59], [284.31, 220.24], [284.1, 219.68], [282.05, 216.41], [281.86, 215.68], [281.73, 215.19], [281.0, 212.14], [280.75, 211.69], [280.03, 210.91], [277.95, 206.32], [275.82, 204.44], [273.71, 202.86], [268.59, 201.31], [268.42, 201.25], [268.39, 201.19], [268.33, 201.13], [264.7, 196.6], [264.56, 196.36], [261.76, 194.22], [261.26, 194.03], [261.11, 193.82], [260.1, 191.68], [258.41, 190.27], [257.8, 187.93], [257.13, 186.32], [255.88, 180.21], [255.67, 179.03], [255.58, 177.61], [254.71, 173.58], [252.99, 172.05], [251.58, 167.67], [251.76, 166.14], [251.48, 162.83], [251.21, 161.96], [250.71, 160.54], [250.29, 154.4], [250.25, 154.25], [250.51, 150.69], [250.3, 149.01], [257.01, 146.4], [258.36, 136.82]]}}, {"type": "Feature", "properties": {"rl": 79, "major": false}, "geometry": {"type": "LineString", "coordinates": [[369.57, 92.28], [371.14, 91.49], [380.61, 86.49], [382.04, 85.31], [383.07, 85.29], [389.69, 85.09], [391.4, 85.04], [392.9, 85.15], [393.14, 85.1], [413.77, 84.11], [413.77, 84.11], [413.9, 84.08], [420.75, 82.8], [424.52, 82.04], [424.91, 81.86], [433.6, 79.44], [434.1, 79.53], [435.74, 79.25], [441.24, 79.53], [444.08, 78.43], [446.03, 78.0], [450.81, 78.25], [454.85, 78.6], [458.48, 79.13], [459.91, 79.31], [463.81, 79.63], [464.97, 79.72], [467.04, 79.99], [468.18, 80.33], [472.34, 81.19], [474.96, 81.73], [479.11, 81.61], [483.39, 82.3], [484.32, 85.52], [484.02, 88.9], [488.2, 89.84], [491.81, 87.11], [492.79, 85.35], [494.13, 85.93], [498.84, 84.74], [501.39, 85.36], [505.21, 85.19], [508.91, 85.45], [512.42, 89.16], [515.78, 89.39], [516.2, 87.89]]}}, {"type": "Feature", "properties": {"rl": 79, "major": false}, "geometry": {"type": "LineString", "coordinates": [[647.75, 34.19], [645.84, 33.84], [645.49, 33.65], [642.04, 31.39], [640.9, 31.47], [632.64, 28.29], [632.44, 28.23], [631.81, 28.03]]}}, {"type": "Feature", "properties": {"rl": 79, "major": false}, "geometry": {"type": "LineString", "coordinates": [[728.74, 97.74], [731.69, 100.26], [735.03, 96.28], [732.06, 93.69], [732.04, 93.65]]}}, {"type": "Feature", "properties": {"rl": 79, "major": false}, "geometry": {"type": "LineString", "coordinates": [[84.71, 173.24], [82.88, 178.66], [81.82, 179.48], [80.94, 181.69], [79.94, 184.8], [78.8, 187.27]]}}, {"type": "Feature", "properties": {"rl": 79, "major": false}, "geometry": {"type": "LineString", "coordinates": [[608.5, 93.58], [613.87, 94.86], [614.97, 94.9], [617.49, 95.21], [618.88, 95.34], [621.27, 95.45], [624.67, 96.38], [627.23, 96.36], [630.17, 96.95], [633.61, 97.68], [634.66, 96.39], [636.42, 97.84], [637.21, 97.85], [637.28, 97.53], [637.16, 94.36], [637.86, 94.63], [644.01, 95.1], [644.78, 95.4], [648.13, 96.72], [648.64, 96.9], [654.77, 99.74], [654.83, 99.76], [654.86, 99.76], [665.83, 102.6], [666.05, 102.69], [666.21, 102.76], [672.14, 104.83], [676.78, 105.21], [681.46, 106.33], [684.39, 107.87], [687.46, 108.01], [687.86, 108.15], [688.42, 108.28], [691.77, 109.24], [692.3, 109.06], [692.99, 108.87], [695.8, 108.04], [696.97, 108.48], [701.37, 106.02], [702.07, 105.6], [704.01, 108.55], [704.5, 108.66], [706.4, 108.73], [709.7, 105.67], [710.32, 105.27], [710.51, 104.86], [711.51, 104.66], [714.67, 104.0], [716.47, 103.27], [719.1, 101.66], [720.87, 101.12], [722.07, 101.31], [724.58, 101.44], [724.91, 99.54], [726.17, 98.24]]}}, {"type": "Feature", "properties": {"rl": 79, "major": false}, "geometry": {"type": "LineString", "coordinates": [[280.6, 83.67], [289.06, 81.75], [308.51, 80.15], [312.34, 83.05], [324.39, 91.96]]}}, {"type": "Feature", "properties": {"rl": 79, "major": false}, "geometry": {"type": "LineString", "coordinates": [[263.32, 393.29], [263.1, 393.27], [262.87, 392.99], [263.04, 392.99], [263.29, 393.04], [263.32, 393.29]]}}, {"type": "Feature", "properties": {"rl": 79, "major": false}, "geometry": {"type": "LineString", "coordinates": [[236.66, 381.44], [236.62, 381.56], [236.5, 381.46], [236.51, 381.36], [236.63, 381.28], [236.66, 381.44]]}}, {"type": "Feature", "properties": {"rl": 79, "major": false}, "geometry": {"type": "LineString", "coordinates": [[251.18, 384.96], [250.82, 385.21], [250.13, 386.44], [250.21, 385.02], [249.97, 383.95], [250.67, 383.78], [251.05, 384.24], [251.18, 384.96]]}}, {"type": "Feature", "properties": {"rl": 79, "major": false}, "geometry": {"type": "LineString", "coordinates": [[232.96, 404.38], [231.83, 407.69], [231.9, 405.03], [232.07, 403.99], [232.37, 403.13], [233.12, 403.79], [232.96, 404.38]]}}, {"type": "Feature", "properties": {"rl": 79, "major": false}, "geometry": {"type": "LineString", "coordinates": [[258.81, 406.47], [257.83, 405.68], [256.97, 403.4], [257.75, 402.94], [258.91, 402.63], [259.54, 403.71], [260.72, 404.7], [260.33, 405.12], [258.81, 406.47]]}}, {"type": "Feature", "properties": {"rl": 80, "major": true}, "geometry": {"type": "LineString", "coordinates": [[164.55, 295.66], [164.78, 295.82], [165.22, 295.3]]}}, {"type": "Feature", "properties": {"rl": 80, "major": true}, "geometry": {"type": "LineString", "coordinates": [[169.25, 295.02], [172.81, 296.02], [174.85, 293.43]]}}, {"type": "Feature", "properties": {"rl": 80, "major": true}, "geometry": {"type": "LineString", "coordinates": [[177.4, 293.57], [179.49, 294.77], [180.47, 295.06], [180.18, 295.68], [182.29, 297.67], [182.0, 297.89], [181.99, 300.52], [182.79, 301.37], [185.18, 304.16], [187.58, 303.37], [188.56, 303.38], [190.97, 305.08], [190.88, 305.84], [191.0, 307.14], [189.03, 308.44], [187.83, 309.15], [185.24, 312.52], [184.71, 312.84], [184.42, 313.2], [184.8, 313.88], [184.99, 317.68], [185.65, 319.36], [187.02, 321.57], [188.11, 323.85], [189.0, 326.83], [190.52, 329.59], [191.9, 331.26], [195.7, 332.12], [196.51, 332.0], [197.38, 332.11], [197.0, 332.67], [201.0, 334.7], [201.26, 336.46], [201.78, 338.7], [203.27, 341.46], [204.13, 342.96], [204.76, 344.98], [205.71, 346.46], [206.83, 347.96], [206.21, 349.85], [207.21, 351.03], [208.01, 352.44], [208.88, 358.77], [207.54, 359.49], [208.62, 364.84], [210.2, 366.55], [208.49, 366.15], [208.21, 366.91], [208.26, 367.19], [208.79, 367.42], [210.25, 366.7], [209.96, 368.68], [209.94, 369.11], [209.9, 369.58], [208.37, 375.53], [209.45, 377.27], [208.26, 382.0], [206.65, 385.69], [207.06, 388.15], [206.45, 390.09], [206.2, 392.34], [205.55, 395.37], [204.97, 400.56], [205.05, 401.05], [204.8, 402.06], [204.65, 403.22], [204.25, 411.18], [204.21, 411.62], [204.33, 412.63], [204.65, 420.94], [204.64, 421.12], [204.65, 421.35], [204.63, 421.62], [204.73, 429.6], [204.8, 430.25], [204.8, 430.33], [208.09, 437.67], [209.19, 439.43], [209.96, 440.62], [208.03, 445.18], [207.43, 449.62], [207.38, 451.6], [205.41, 459.84], [205.91, 460.33], [211.5, 461.88], [215.25, 463.96], [215.36, 463.94], [215.51, 464.04], [220.04, 467.85], [221.96, 468.78], [221.95, 468.85], [222.57, 469.45], [226.72, 469.81], [229.57, 472.15], [230.27, 475.8], [230.98, 476.68], [234.57, 477.58], [240.06, 484.03], [240.85, 485.12], [240.98, 485.53], [244.27, 487.18], [245.97, 487.88], [249.06, 490.93], [249.13, 491.06], [249.57, 491.32], [251.73, 493.69], [252.19, 493.2], [253.01, 489.47], [253.48, 489.52], [263.0, 489.01], [252.64, 487.57], [253.68, 478.34], [253.6, 478.32], [253.7, 477.78], [253.32, 477.09], [253.29, 470.41], [251.29, 468.26], [250.12, 466.55], [248.92, 466.72], [244.8, 464.85], [240.51, 466.99], [238.88, 466.02], [239.83, 465.0], [241.81, 463.08], [245.12, 461.63], [245.11, 461.6], [246.36, 460.15], [244.11, 456.13], [242.79, 453.4], [241.51, 451.21], [245.43, 450.15], [247.5, 447.51], [246.51, 451.52], [249.96, 453.7], [252.74, 449.34], [248.64, 446.71], [252.04, 442.89], [257.3, 439.84], [258.48, 440.45], [259.34, 439.94], [257.56, 432.39], [257.77, 432.03], [256.81, 431.13], [251.38, 430.84], [252.81, 424.35], [253.75, 423.02], [256.31, 424.96], [258.13, 424.27], [258.23, 423.34], [256.56, 418.67], [256.58, 418.67], [260.18, 418.93], [260.28, 416.08], [260.62, 412.86], [262.48, 412.3], [265.28, 410.17], [265.7, 409.62], [266.47, 409.23], [266.8, 408.48], [267.88, 406.61], [269.18, 406.01], [275.28, 404.21], [278.16, 403.89], [280.39, 404.29], [285.0, 404.9], [288.26, 405.25], [292.58, 406.02], [296.95, 407.05], [299.41, 408.36], [304.87, 408.05], [309.93, 408.41], [315.55, 410.26], [317.75, 410.81], [330.59, 413.45], [330.88, 413.43], [331.11, 413.52], [339.35, 417.21], [343.72, 416.57], [348.77, 417.89], [349.29, 421.98], [349.29, 421.97], [355.19, 424.71], [363.11, 424.26], [364.17, 424.45], [365.23, 423.66], [365.24, 423.66], [365.33, 423.68], [365.44, 423.71], [382.56, 430.38], [383.49, 427.66], [385.22, 427.96], [385.2, 428.01], [389.3, 429.92], [390.64, 432.55], [393.95, 431.85], [397.25, 431.41], [403.65, 432.39], [406.41, 433.55], [406.62, 440.41], [406.65, 441.34], [404.49, 443.21], [400.12, 446.97], [399.96, 446.96], [399.94, 447.01], [399.56, 447.05], [399.86, 447.4], [402.88, 448.43], [402.93, 448.41], [407.41, 451.75], [407.39, 451.78], [406.39, 455.26], [406.37, 455.86], [408.64, 456.73], [410.89, 454.1], [412.61, 455.26], [413.46, 455.18], [415.86, 455.65], [417.21, 452.9], [417.78, 448.74]]}}, {"type": "Feature", "properties": {"rl": 80, "major": true}, "geometry": {"type": "LineString", "coordinates": [[369.24, 97.09], [372.07, 95.66], [373.39, 94.96], [385.44, 89.68], [390.32, 89.54], [411.84, 91.14], [412.03, 91.1], [412.03, 91.1], [415.37, 89.82], [419.74, 88.8], [421.15, 88.53], [421.93, 88.38], [427.26, 85.88], [430.88, 84.88], [435.11, 85.65], [437.62, 85.24], [443.1, 83.96], [447.31, 82.99], [451.45, 81.69], [451.86, 81.68], [452.12, 81.71], [458.08, 82.38], [459.77, 82.39], [463.06, 82.81], [464.71, 82.73], [466.4, 82.95], [472.15, 84.63], [472.42, 84.68], [472.65, 85.32], [477.08, 84.62], [481.3, 84.5], [481.58, 84.55], [481.64, 84.75], [481.06, 91.26], [489.09, 93.07], [490.65, 91.89], [495.54, 92.21], [498.51, 88.55], [499.49, 88.3], [499.8, 88.37], [506.64, 88.07], [507.66, 88.14], [513.93, 94.76], [514.28, 94.78], [514.94, 92.44]]}}, {"type": "Feature", "properties": {"rl": 80, "major": true}, "geometry": {"type": "LineString", "coordinates": [[480.84, 474.03], [490.03, 483.02], [500.27, 480.71], [506.61, 480.31], [506.75, 480.25], [506.79, 480.23], [506.77, 480.16], [507.49, 470.38], [501.83, 463.08], [501.21, 462.23]]}}, {"type": "Feature", "properties": {"rl": 80, "major": true}, "geometry": {"type": "LineString", "coordinates": [[419.06, 447.24], [426.15, 432.24], [430.45, 425.98], [434.64, 423.12], [438.09, 419.24], [435.0, 415.76], [434.16, 415.1], [427.98, 405.62], [428.02, 403.15], [425.11, 399.67], [417.32, 394.21], [417.24, 394.12], [417.09, 394.04], [415.59, 394.12], [415.36, 394.07], [413.93, 393.14], [407.67, 388.83], [405.25, 387.16], [402.28, 385.48], [395.18, 380.8], [393.75, 379.89], [393.17, 379.48], [392.73, 378.9], [387.17, 372.5], [382.32, 364.8], [378.35, 357.57], [376.33, 345.65], [376.39, 344.82], [375.89, 344.13], [366.52, 335.12], [360.08, 328.88], [357.53, 326.03], [350.45, 328.65], [350.46, 326.02], [349.51, 324.91], [349.42, 323.84], [347.91, 320.74], [349.42, 318.85], [347.28, 317.84], [344.6, 315.64], [342.1, 313.87], [341.1, 313.16], [339.72, 311.38], [335.87, 307.23], [329.05, 300.5], [327.1, 296.69], [323.9, 290.99], [322.59, 288.73], [324.36, 280.34], [324.32, 277.89], [323.62, 277.26], [322.58, 271.72], [322.1, 269.71], [322.18, 269.37], [320.91, 264.44], [320.2, 262.3], [319.28, 258.93], [319.26, 258.34], [318.62, 256.23], [317.53, 251.8], [317.29, 250.99], [316.89, 249.28], [316.87, 249.26], [316.89, 249.24], [314.99, 242.8], [314.44, 240.41], [314.21, 239.51], [312.85, 236.24], [312.54, 234.34], [312.55, 234.16], [312.5, 231.52], [308.24, 229.38], [297.52, 223.41], [293.18, 220.95], [292.0, 219.09], [289.46, 218.89], [285.77, 219.47], [285.73, 219.36], [285.47, 219.05], [283.21, 215.45], [283.19, 215.36], [283.17, 215.3], [282.72, 213.42], [282.86, 212.08], [282.74, 211.3], [282.13, 211.09], [279.5, 205.27], [278.06, 203.99], [274.73, 201.51], [270.88, 200.34], [269.9, 199.41], [268.59, 199.08], [266.2, 196.42], [265.51, 195.57], [263.48, 194.04], [262.68, 192.98], [261.36, 191.04], [261.23, 190.78], [261.17, 190.58], [260.27, 187.14], [259.13, 184.4], [258.76, 182.57], [258.03, 178.47], [257.73, 173.56], [257.67, 173.32], [253.76, 169.84], [253.33, 168.5], [253.69, 165.31], [253.55, 163.6], [252.9, 161.52], [251.69, 158.11], [251.46, 154.7], [251.0, 152.63], [251.15, 150.53], [251.02, 149.54], [258.86, 146.49], [260.43, 135.31]]}}, {"type": "Feature", "properties": {"rl": 80, "major": true}, "geometry": {"type": "LineString", "coordinates": [[80.63, 171.61], [78.44, 178.07], [78.46, 178.13], [78.39, 178.21], [78.34, 178.37], [76.78, 183.04], [76.52, 183.85], [74.98, 187.31], [75.11, 188.26]]}}, {"type": "Feature", "properties": {"rl": 80, "major": true}, "geometry": {"type": "LineString", "coordinates": [[617.19, 98.4], [617.26, 98.31], [619.22, 98.52], [623.91, 99.99], [624.35, 100.11], [628.57, 100.08], [628.94, 100.15], [629.67, 100.31], [632.93, 101.6], [635.37, 101.08], [636.89, 101.1], [637.66, 97.67], [637.62, 96.74], [639.64, 97.52], [641.58, 97.67], [645.02, 99.0], [646.33, 99.51], [648.68, 100.32], [651.36, 101.57], [654.44, 102.49], [656.07, 102.57], [663.12, 104.39], [665.27, 105.25], [666.94, 106.0], [673.49, 108.28], [674.7, 108.73], [676.18, 109.33], [680.25, 115.64], [680.99, 116.09], [681.1, 116.02], [683.66, 117.29], [684.56, 117.7], [686.82, 118.64], [689.81, 119.68], [690.81, 120.4], [693.01, 121.66], [696.75, 123.46], [697.16, 123.51], [702.79, 125.9], [702.8, 125.9], [706.88, 127.17], [707.0, 127.23], [707.14, 127.32], [709.25, 126.1], [710.67, 124.24], [711.11, 123.71], [711.84, 123.25], [713.8, 122.5], [717.85, 121.38], [720.73, 121.37], [724.5, 122.98], [725.03, 123.08], [728.77, 121.67], [728.82, 121.75], [733.95, 121.85], [734.56, 121.85], [734.84, 121.86], [739.5, 121.72], [741.17, 123.45], [744.52, 124.43], [751.33, 126.5], [751.66, 126.7], [752.32, 126.88], [753.42, 125.78], [756.77, 122.75], [756.57, 122.08], [756.52, 121.11], [755.91, 118.58], [755.9, 114.69], [756.1, 110.05], [756.49, 108.44], [756.78, 107.56], [760.07, 104.09], [760.67, 104.87], [761.95, 106.05], [761.87, 105.27], [761.19, 102.94]]}}, {"type": "Feature", "properties": {"rl": 80, "major": true}, "geometry": {"type": "LineString", "coordinates": [[285.68, 86.55], [291.88, 85.14], [306.13, 83.97], [308.93, 86.09], [320.81, 94.88], [323.64, 96.33], [329.19, 101.54], [329.24, 101.8], [333.19, 103.19], [333.89, 103.42]]}}, {"type": "Feature", "properties": {"rl": 80, "major": true}, "geometry": {"type": "LineString", "coordinates": [[238.57, 458.84], [238.52, 458.83], [237.22, 458.64], [236.98, 458.21], [237.17, 454.96], [237.15, 454.6], [237.2, 454.13], [237.82, 454.79], [237.86, 457.62], [238.57, 458.84]]}}, {"type": "Feature", "properties": {"rl": 81, "major": false}, "geometry": {"type": "LineString", "coordinates": [[161.6, 300.39], [163.92, 301.99], [168.31, 296.71]]}}, {"type": "Feature", "properties": {"rl": 81, "major": false}, "geometry": {"type": "LineString", "coordinates": [[168.33, 296.71], [174.02, 298.3], [175.81, 296.04], [176.94, 294.16], [179.38, 295.55], [180.89, 297.3], [179.79, 295.85], [181.97, 297.9], [181.61, 298.18], [181.59, 301.44], [181.64, 301.49], [184.61, 304.95], [185.68, 304.6], [187.39, 305.29], [188.99, 306.8], [187.24, 307.95], [187.1, 308.04], [186.8, 308.43], [183.01, 310.73], [180.95, 313.27], [183.7, 318.09], [183.73, 318.72], [183.84, 318.99], [186.22, 322.81], [186.42, 323.24], [188.0, 328.52], [188.34, 329.14], [191.17, 332.56], [191.96, 332.74], [192.76, 334.84], [197.62, 334.03], [200.5, 335.49], [200.66, 336.52], [201.43, 339.87], [202.33, 341.53], [202.85, 342.43], [203.87, 345.68], [204.45, 346.58], [205.13, 347.5], [203.97, 351.06], [205.85, 353.27], [207.34, 355.91], [207.73, 358.75], [207.13, 359.07], [207.71, 361.96], [206.82, 364.25], [207.09, 365.8], [206.51, 367.35], [206.69, 368.4], [206.66, 368.78], [206.43, 373.03], [206.8, 373.57], [206.36, 375.29], [207.95, 377.85], [207.84, 378.26], [205.24, 384.22], [205.91, 388.19], [204.91, 391.31], [204.88, 391.64], [203.87, 396.32], [203.65, 398.32], [203.83, 399.46], [203.57, 400.49], [203.12, 401.9], [203.11, 402.94], [202.92, 404.45], [202.64, 409.97], [202.54, 410.96], [202.81, 413.21], [203.05, 419.31], [202.98, 420.24], [203.01, 421.48], [202.9, 422.94], [202.99, 429.65], [202.96, 431.19], [204.9, 440.09], [204.89, 440.13], [204.88, 440.21], [204.86, 440.41], [204.84, 440.62], [204.25, 449.16], [204.24, 449.16], [203.73, 450.03], [202.33, 452.35], [201.08, 457.71], [199.94, 459.89], [200.31, 462.79], [205.45, 463.49], [210.07, 464.77], [212.63, 466.18], [213.06, 466.55], [216.53, 470.26], [217.96, 471.12], [218.74, 471.83], [218.98, 472.1], [220.34, 472.77], [222.73, 473.73], [225.4, 473.96], [226.35, 474.74], [226.65, 476.31], [227.45, 477.39], [229.37, 478.54], [230.46, 479.34], [232.88, 479.95], [235.78, 483.35], [238.46, 487.07], [238.73, 487.96], [239.03, 488.24], [239.61, 488.7], [244.73, 490.8], [246.46, 492.51], [246.94, 493.41], [250.06, 495.26], [255.99, 501.78], [256.72, 502.67], [257.32, 503.26], [260.99, 505.08], [261.05, 505.53], [260.94, 507.77], [263.27, 510.7], [266.54, 512.3], [267.66, 512.63], [271.93, 508.55], [272.3, 508.14], [272.74, 507.92], [275.91, 506.38], [275.85, 506.01], [276.09, 506.15], [275.88, 505.84], [275.42, 505.21], [272.14, 501.49], [270.46, 501.27], [270.04, 500.38], [265.56, 498.82], [266.61, 492.77], [266.64, 492.72], [267.45, 489.28], [267.49, 489.28], [262.16, 480.67], [262.13, 480.5], [261.28, 480.38], [261.37, 479.64], [261.36, 479.63], [262.52, 473.36], [258.04, 465.29], [258.04, 465.25], [258.03, 465.24], [257.95, 465.13], [254.83, 457.38], [259.5, 448.23], [261.56, 446.93], [268.86, 443.27], [260.92, 437.16], [259.29, 430.28], [260.23, 428.73], [257.48, 426.16], [260.4, 425.05], [260.65, 422.87], [259.87, 420.69], [262.61, 420.23], [262.86, 420.24], [263.01, 416.11], [263.02, 414.79], [263.01, 414.79], [263.02, 414.78], [264.98, 412.25], [268.72, 410.34], [269.44, 408.7], [275.32, 406.01], [277.56, 405.35], [277.89, 405.31], [278.14, 405.35], [284.71, 406.22], [286.32, 406.4], [292.61, 407.51], [295.39, 408.17], [298.96, 410.07], [302.54, 409.86], [310.21, 410.42], [314.3, 411.76], [317.78, 412.63], [327.84, 414.7], [330.45, 415.35], [330.83, 415.67], [337.06, 418.62], [339.21, 419.49], [339.68, 419.67], [348.07, 423.79], [348.27, 423.87], [348.45, 424.08], [348.44, 424.02], [351.77, 425.61], [356.65, 427.88], [358.84, 427.75], [365.11, 429.64], [365.52, 429.7], [379.11, 432.75], [381.69, 433.43], [383.79, 433.86], [384.48, 430.89], [386.84, 435.53], [394.57, 433.91], [396.91, 433.59], [401.44, 434.29], [405.73, 436.1], [405.87, 440.58], [405.89, 441.19], [404.48, 442.41], [401.62, 444.88], [398.83, 444.61], [398.38, 445.55], [394.79, 445.97], [394.25, 446.88], [394.11, 448.28], [396.27, 451.49], [396.98, 452.31], [397.28, 452.41], [402.9, 449.49], [406.52, 452.19], [405.05, 455.46], [404.45, 456.57], [404.75, 457.38], [404.69, 459.12], [406.2, 459.7], [409.34, 462.55], [411.31, 462.81], [416.84, 461.5], [417.91, 460.31], [418.8, 453.91]]}}, {"type": "Feature", "properties": {"rl": 81, "major": false}, "geometry": {"type": "LineString", "coordinates": [[368.9, 101.9], [369.17, 101.76], [375.41, 99.85], [387.69, 94.56], [388.85, 94.05], [389.24, 94.04], [390.95, 94.16], [410.05, 94.53], [411.28, 96.0], [413.91, 94.19], [415.34, 93.48], [420.46, 92.41], [423.47, 92.24], [428.66, 90.09], [429.88, 89.99], [435.02, 90.18], [437.53, 89.72], [439.69, 88.5], [442.37, 87.94], [447.64, 86.89], [451.65, 85.63], [453.68, 85.56], [455.0, 85.71], [456.91, 85.93], [461.19, 85.96], [462.36, 86.1], [465.37, 85.95], [465.87, 85.88], [469.55, 86.55], [470.47, 89.21], [471.28, 90.27], [471.65, 94.9], [472.98, 96.38], [473.21, 96.75], [473.61, 96.98], [477.59, 98.07], [478.31, 98.15], [485.7, 99.55], [486.48, 99.93], [492.98, 102.88], [493.16, 103.21], [494.3, 103.36], [497.76, 102.82], [498.02, 102.63], [505.33, 105.2], [510.62, 103.26], [510.98, 103.38], [511.22, 103.47], [514.48, 96.59], [514.96, 96.63], [515.3, 96.64]]}}, {"type": "Feature", "properties": {"rl": 81, "major": false}, "geometry": {"type": "LineString", "coordinates": [[470.31, 484.63], [471.81, 486.71], [476.42, 485.46], [478.44, 491.06], [478.5, 491.06], [483.44, 488.65], [488.94, 491.38], [490.89, 492.55], [495.97, 493.63], [498.23, 495.36], [502.62, 494.83], [505.37, 498.48], [506.13, 498.79], [518.25, 505.5], [518.26, 505.5], [518.27, 505.5], [518.64, 505.36], [526.1, 502.08], [526.85, 499.53], [528.2, 492.41], [528.24, 491.51], [527.96, 491.33], [527.67, 491.13], [518.66, 476.56], [515.98, 474.81], [512.53, 471.18], [509.62, 469.29], [504.74, 462.99], [502.15, 459.42]]}}, {"type": "Feature", "properties": {"rl": 81, "major": false}, "geometry": {"type": "LineString", "coordinates": [[428.3, 442.71], [433.41, 431.91], [436.5, 427.4], [443.5, 422.63], [444.2, 421.54], [443.37, 420.89], [442.38, 420.51], [436.89, 414.33], [434.89, 412.75], [430.84, 406.55], [430.9, 402.75], [426.43, 397.4], [419.96, 392.87], [418.55, 391.22], [415.96, 389.84], [415.08, 389.88], [413.69, 389.56], [407.83, 385.76], [407.29, 385.53], [406.66, 385.18], [402.01, 382.51], [400.17, 381.46], [395.09, 378.11], [389.61, 372.15], [388.88, 371.44], [388.33, 370.23], [380.53, 356.04], [379.18, 348.09], [379.65, 341.95], [375.94, 336.77], [370.83, 331.86], [363.69, 324.93], [364.13, 322.73], [358.5, 320.25], [356.28, 323.9], [359.02, 324.19], [351.25, 327.07], [351.26, 325.16], [351.7, 324.2], [351.09, 322.96], [355.45, 317.51], [349.29, 314.58], [343.73, 310.03], [343.32, 309.69], [339.72, 306.35], [332.46, 299.19], [328.85, 292.11], [327.75, 290.15], [325.08, 285.58], [326.03, 281.07], [325.97, 277.12], [324.84, 276.1], [324.18, 272.57], [323.36, 269.14], [323.49, 268.57], [322.67, 265.38], [321.47, 261.74], [320.86, 259.5], [320.83, 258.55], [319.78, 255.13], [319.08, 252.28], [318.68, 250.93], [318.02, 248.12], [317.99, 248.09], [318.01, 248.05], [316.86, 244.13], [315.91, 240.05], [315.53, 238.52], [314.71, 236.56], [314.14, 232.99], [314.16, 232.66], [314.13, 231.21], [308.91, 228.59], [295.75, 221.26], [293.21, 219.82], [292.52, 218.73], [289.61, 218.5], [289.28, 218.55], [288.95, 217.59], [287.27, 214.15], [287.42, 212.4], [286.95, 209.92], [284.5, 208.01], [282.44, 207.27], [281.06, 204.22], [280.3, 203.55], [275.76, 200.15], [273.52, 199.47], [271.48, 197.53], [269.28, 196.97], [269.49, 196.36], [269.0, 194.46], [266.97, 193.41], [265.02, 190.99], [264.93, 190.8], [264.67, 190.57], [263.1, 187.95], [262.73, 186.58], [261.94, 184.75], [261.24, 181.05], [260.99, 179.39], [260.5, 176.64], [260.34, 171.59], [259.81, 168.7], [257.32, 167.67], [256.15, 165.94], [255.58, 164.94], [255.63, 164.48], [255.62, 164.36], [255.52, 164.03], [256.25, 160.39], [255.22, 158.73], [253.18, 157.11], [252.67, 155.68], [252.63, 154.99], [251.74, 151.02], [251.79, 150.37], [251.75, 150.07], [260.71, 146.58], [262.51, 133.8]]}}, {"type": "Feature", "properties": {"rl": 81, "major": false}, "geometry": {"type": "LineString", "coordinates": [[76.54, 169.98], [75.34, 173.54], [75.75, 175.14], [74.09, 176.96], [72.88, 181.03], [72.62, 181.79], [72.08, 183.48], [71.63, 185.93], [71.87, 187.26], [71.48, 189.01]]}}, {"type": "Feature", "properties": {"rl": 81, "major": false}, "geometry": {"type": "LineString", "coordinates": [[618.61, 101.65], [619.16, 100.98], [620.5, 101.12], [624.01, 102.22], [625.46, 103.85], [626.03, 104.21], [628.88, 105.3], [630.55, 105.26], [631.5, 105.63], [633.42, 105.23], [635.9, 105.16], [642.68, 105.91], [643.19, 105.66], [643.63, 105.68], [644.36, 105.68], [648.08, 105.34], [652.58, 104.78], [654.06, 105.23], [657.29, 105.38], [660.41, 106.18], [664.5, 107.82], [667.67, 109.24], [671.02, 110.41], [673.52, 111.35], [676.59, 112.58], [678.9, 116.14], [680.76, 117.27], [681.04, 117.11], [682.55, 117.86], [684.88, 118.92], [686.3, 119.5], [688.16, 120.15], [691.12, 122.28], [692.6, 123.13], [695.11, 124.34], [697.38, 124.58], [701.29, 126.24], [702.71, 126.99], [705.56, 127.87], [706.8, 128.54], [708.18, 129.47], [711.16, 127.74], [713.52, 128.24], [716.47, 131.01], [716.73, 131.83], [717.62, 132.47], [721.69, 136.56], [721.85, 136.72], [724.23, 138.26], [724.3, 138.37], [725.04, 138.4], [726.64, 140.26], [732.54, 142.52], [735.2, 142.76], [738.43, 144.37], [738.63, 144.36], [738.87, 144.59], [739.27, 144.84], [743.93, 146.55], [746.6, 145.24], [747.4, 145.42], [749.27, 145.94], [750.75, 146.43], [754.31, 147.59], [757.25, 148.15], [758.28, 148.29], [758.42, 148.39], [760.34, 149.33], [765.19, 151.07], [768.33, 151.12], [769.16, 146.38], [773.33, 143.56], [776.21, 141.85], [778.14, 140.11], [779.06, 139.1], [776.99, 135.86], [780.46, 130.24], [781.68, 129.35]]}}, {"type": "Feature", "properties": {"rl": 81, "major": false}, "geometry": {"type": "LineString", "coordinates": [[290.75, 89.43], [294.69, 88.53], [303.74, 87.79], [305.52, 89.14], [313.07, 94.72], [321.4, 98.98], [322.1, 99.63], [322.34, 100.86], [322.31, 106.39], [325.09, 108.89], [329.68, 111.34], [330.91, 109.06], [334.14, 109.74], [335.23, 110.14], [336.39, 110.57], [339.73, 114.79], [346.05, 115.53], [366.55, 102.8]]}}, {"type": "Feature", "properties": {"rl": 81, "major": false}, "geometry": {"type": "LineString", "coordinates": [[272.37, 469.2], [271.05, 467.03], [258.43, 465.35], [269.87, 470.51], [273.21, 471.97], [273.83, 470.25], [273.16, 469.55], [272.85, 469.03], [272.37, 469.2]]}}, {"type": "Feature", "properties": {"rl": 82, "major": false}, "geometry": {"type": "LineString", "coordinates": [[156.37, 305.09], [156.48, 305.36], [157.24, 309.85], [157.9, 310.36], [162.55, 315.29], [162.64, 315.33], [162.66, 315.35], [163.47, 315.77], [166.29, 317.1], [166.3, 317.1], [166.3, 317.1], [166.32, 317.09], [171.89, 313.53], [179.31, 314.01], [179.89, 313.91], [182.63, 318.58], [182.97, 319.41], [185.11, 322.88], [185.37, 323.45], [185.72, 324.01], [187.15, 328.92], [187.42, 329.81], [190.09, 332.98], [188.59, 337.16], [188.48, 337.24], [188.09, 337.79], [189.08, 338.44], [190.44, 338.48], [191.6, 337.11], [199.16, 335.85], [200.01, 336.28], [200.06, 336.59], [201.08, 341.03], [201.39, 341.6], [201.57, 341.91], [202.97, 346.38], [203.18, 346.71], [203.43, 347.04], [201.73, 352.26], [204.48, 355.51], [206.09, 358.36], [205.9, 358.67], [206.37, 358.92], [206.2, 359.01], [204.53, 363.31], [205.15, 366.89], [204.81, 367.78], [204.92, 368.39], [204.82, 369.54], [204.6, 373.64], [204.8, 374.76], [204.43, 375.67], [204.53, 377.06], [205.75, 379.24], [203.8, 383.45], [203.7, 384.38], [204.14, 388.01], [203.4, 390.53], [202.87, 391.85], [202.09, 396.57], [202.08, 396.91], [202.55, 397.95], [202.37, 398.6], [201.34, 401.86], [201.29, 404.84], [201.19, 405.68], [201.03, 408.76], [200.87, 410.3], [201.29, 413.78], [201.44, 417.67], [201.32, 419.36], [201.37, 421.61], [201.17, 424.25], [201.23, 428.96], [201.18, 432.08], [202.56, 438.39], [202.48, 438.75], [202.38, 439.46], [202.21, 441.33], [201.98, 443.31], [201.63, 448.38], [201.62, 448.39], [200.23, 450.72], [198.33, 453.88], [197.74, 455.17], [197.56, 455.58], [197.31, 458.82], [196.82, 459.69], [196.41, 460.38], [195.5, 465.19], [195.34, 465.4]]}}, {"type": "Feature", "properties": {"rl": 82, "major": false}, "geometry": {"type": "LineString", "coordinates": [[791.51, 161.34], [790.66, 161.03], [787.39, 161.47], [782.65, 160.27], [784.47, 156.91], [786.3, 155.9], [788.5, 154.25], [791.17, 159.97], [790.54, 151.65], [794.21, 149.13]]}}, {"type": "Feature", "properties": {"rl": 82, "major": false}, "geometry": {"type": "LineString", "coordinates": [[468.06, 486.69], [471.97, 492.11], [473.47, 492.57], [476.43, 495.18], [478.63, 494.15], [480.92, 496.24], [482.76, 497.55], [483.98, 498.89], [486.76, 501.25], [488.29, 502.1], [490.75, 504.35], [495.24, 503.18], [497.11, 504.63], [498.52, 503.83], [501.72, 503.99], [502.98, 501.93], [505.47, 502.93], [507.3, 503.94], [509.12, 504.53], [511.99, 508.03], [516.13, 508.95], [521.38, 509.77], [522.21, 509.84], [528.78, 508.11], [531.04, 507.89], [536.69, 509.64], [537.54, 509.61], [539.8, 509.34], [540.56, 509.1], [540.87, 509.15], [541.17, 508.24], [541.24, 507.09], [540.08, 506.56], [542.15, 503.88], [541.93, 502.17], [537.48, 494.38], [536.32, 490.49], [536.44, 487.49], [531.85, 484.37], [527.01, 481.08], [523.12, 474.79], [517.18, 470.91], [515.75, 469.4], [509.59, 465.41], [507.64, 462.89], [503.08, 456.61]]}}, {"type": "Feature", "properties": {"rl": 82, "major": false}, "geometry": {"type": "LineString", "coordinates": [[437.55, 438.17], [440.67, 431.58], [442.56, 428.83], [446.83, 425.91], [450.06, 420.9], [446.19, 417.91], [441.66, 416.14], [438.79, 412.91], [435.61, 410.41], [433.7, 407.48], [433.78, 402.34], [427.75, 395.13], [422.6, 391.53], [419.86, 388.33], [414.83, 385.63], [414.58, 385.65], [412.01, 385.05], [411.28, 384.57], [408.27, 383.31], [408.01, 383.17], [398.44, 377.66], [398.06, 377.44], [397.01, 376.75], [395.88, 375.52], [390.59, 370.37], [386.61, 361.6], [382.71, 354.51], [382.04, 350.54], [382.92, 339.07], [375.98, 329.41], [375.15, 328.61], [373.99, 327.48], [374.1, 326.91], [369.44, 319.43], [367.6, 320.58], [363.61, 315.45], [363.6, 315.58], [361.46, 314.55], [361.52, 314.45], [358.53, 313.94], [355.83, 313.48], [351.29, 311.32], [348.19, 308.78], [346.38, 307.31], [337.56, 299.13], [336.03, 297.92], [334.88, 297.48], [330.81, 289.63], [330.18, 285.74], [328.44, 283.9], [327.58, 282.42], [327.71, 281.79], [327.62, 276.34], [326.06, 274.94], [325.78, 273.43], [324.62, 268.57], [324.81, 267.77], [324.44, 266.32], [322.73, 261.17], [322.43, 260.08], [322.39, 258.77], [320.94, 254.03], [320.63, 252.75], [320.07, 250.88], [319.15, 246.95], [319.1, 246.91], [319.14, 246.86], [318.73, 245.45], [317.39, 239.69], [316.85, 237.52], [316.58, 236.88], [315.75, 231.64], [315.77, 231.16], [315.77, 230.91], [309.58, 227.79], [293.98, 219.11], [293.24, 218.69], [293.04, 218.37], [292.11, 218.29], [290.86, 216.32], [289.56, 213.65], [289.82, 210.51], [289.65, 209.42], [288.81, 208.06], [283.85, 204.25], [282.94, 203.53], [282.74, 203.46], [282.61, 203.17], [282.54, 203.11], [276.78, 198.8], [276.16, 198.61], [273.12, 195.71], [273.08, 195.66], [273.05, 195.62], [272.55, 193.45], [269.17, 190.76], [268.94, 190.52], [267.89, 188.43], [265.4, 186.4], [265.33, 186.38], [264.69, 182.17], [263.1, 173.24], [262.99, 169.76], [262.3, 166.06], [262.45, 164.85], [261.43, 161.29], [260.65, 158.94], [258.78, 155.43], [258.17, 154.14], [254.52, 149.8], [262.56, 146.67], [264.58, 132.29]]}}, {"type": "Feature", "properties": {"rl": 82, "major": false}, "geometry": {"type": "LineString", "coordinates": [[195.75, 465.74], [196.55, 465.71], [206.51, 467.06], [208.65, 467.66], [209.83, 468.31], [210.71, 469.05], [212.39, 470.85], [216.06, 473.06], [216.56, 473.52], [217.18, 474.2], [220.62, 475.9], [223.73, 477.14], [224.12, 477.31], [225.03, 478.55], [228.4, 480.41], [228.62, 480.54], [230.95, 482.26], [231.2, 482.32], [231.5, 482.68], [232.06, 483.45], [232.03, 483.47], [232.83, 485.28], [235.97, 488.55], [237.25, 489.13], [237.97, 489.8], [242.41, 493.28], [243.49, 493.73], [243.86, 494.09], [244.36, 495.03], [245.05, 495.7], [246.13, 496.59], [250.55, 499.21], [253.21, 502.13], [255.22, 504.59], [256.87, 506.21], [258.63, 507.08], [258.8, 508.55], [258.77, 509.08], [260.2, 510.87], [262.84, 513.45], [263.64, 514.53], [264.19, 515.13], [267.84, 515.95], [269.85, 516.57], [271.25, 515.43], [272.47, 515.83], [275.4, 516.78], [274.68, 514.24], [276.89, 512.73], [276.9, 512.78], [277.47, 512.38], [277.47, 512.34], [277.21, 510.71], [279.72, 512.15], [281.96, 514.02], [283.48, 516.16], [284.87, 516.27], [286.85, 516.2], [286.52, 513.46], [285.62, 512.34], [281.37, 507.89], [278.67, 503.82], [277.1, 501.7], [276.54, 497.48], [277.26, 496.82], [277.44, 494.43], [275.51, 494.98], [274.29, 495.72], [270.41, 495.58], [268.32, 494.85], [268.61, 493.17], [269.77, 491.6], [272.54, 490.85], [274.69, 493.38], [274.4, 490.42], [279.08, 484.94], [278.45, 481.82], [279.16, 481.65], [282.23, 473.32], [282.22, 472.34], [281.76, 471.65], [278.44, 468.14], [276.48, 464.84], [273.42, 465.91], [266.29, 454.22], [267.13, 453.66], [273.51, 446.59], [273.18, 443.78], [273.53, 433.93], [272.15, 439.37], [268.36, 437.01], [261.95, 432.07], [261.02, 428.17], [262.5, 425.73], [262.8, 422.72], [263.41, 422.24], [266.37, 419.88], [264.04, 415.92], [264.04, 415.43], [263.95, 415.2], [264.18, 414.98], [264.26, 414.88], [264.62, 414.69], [270.5, 412.27], [276.13, 411.15], [278.28, 410.84], [278.52, 410.86], [279.39, 409.97], [284.37, 407.59], [284.39, 407.59], [284.5, 407.59], [284.73, 407.6], [292.65, 409.01], [293.83, 409.29], [298.51, 411.78], [300.21, 411.68], [310.49, 412.43], [313.05, 413.27], [317.81, 414.46], [324.45, 415.82], [329.83, 417.17], [330.63, 417.82], [332.28, 418.6], [338.35, 421.06], [339.66, 421.56], [346.31, 424.82], [347.81, 425.4], [349.16, 426.96], [349.07, 426.54], [355.83, 429.76], [357.02, 429.71], [365.29, 433.94], [365.56, 434.24], [365.54, 434.8], [365.58, 434.79], [373.76, 438.29], [374.52, 438.49], [374.78, 438.54], [383.5, 438.75], [388.27, 441.88], [388.21, 438.29], [388.64, 437.34], [395.19, 435.96], [396.56, 435.78], [399.24, 436.19], [405.05, 438.64], [405.12, 440.76], [405.13, 441.04], [404.46, 441.62], [403.11, 442.78], [397.7, 442.27], [396.82, 444.09], [394.71, 444.34], [392.77, 447.58], [392.61, 449.25], [392.36, 451.32], [394.03, 453.34], [396.22, 454.79], [397.99, 453.1], [402.86, 450.56], [405.63, 452.63], [404.51, 455.13], [402.51, 458.83], [400.96, 459.02], [402.2, 459.61], [402.33, 462.03], [402.71, 462.73], [403.96, 463.88], [407.69, 467.13], [410.66, 470.55], [412.23, 472.11], [412.89, 470.64], [411.03, 467.47], [412.44, 465.69], [417.02, 464.61], [419.42, 461.95], [419.82, 459.08]]}}, {"type": "Feature", "properties": {"rl": 82, "major": false}, "geometry": {"type": "LineString", "coordinates": [[72.46, 168.35], [72.23, 169.02], [73.01, 172.05], [72.96, 172.17], [69.13, 173.93], [70.02, 178.08], [69.67, 179.24], [69.21, 181.56], [68.91, 182.49], [69.21, 182.9], [69.91, 186.82], [69.02, 190.82], [68.36, 191.42], [67.62, 190.86]]}}, {"type": "Feature", "properties": {"rl": 82, "major": false}, "geometry": {"type": "LineString", "coordinates": [[620.03, 104.89], [621.06, 103.64], [621.78, 103.72], [623.67, 104.31], [624.45, 105.19], [626.57, 106.53], [629.85, 107.78], [630.61, 108.85], [633.64, 109.77], [634.2, 112.42], [634.38, 112.52], [636.1, 113.5], [640.39, 113.45], [642.25, 113.4], [645.28, 114.23], [645.91, 114.28], [650.23, 115.17], [652.85, 115.49], [656.07, 112.75], [656.21, 112.59], [657.81, 112.23], [663.52, 110.95], [665.37, 111.12], [668.4, 112.48], [668.55, 112.54], [672.34, 113.96], [677.01, 115.82], [677.54, 116.65], [680.52, 118.45], [680.98, 118.19], [681.44, 118.42], [685.21, 120.13], [685.77, 120.36], [686.52, 120.62], [691.44, 124.17], [692.2, 124.6], [693.48, 125.22], [697.61, 125.65], [699.78, 126.58], [702.62, 128.08], [704.23, 128.58], [706.6, 129.85], [709.23, 131.62], [710.94, 130.62], [712.29, 130.91], [713.98, 132.5], [714.13, 132.97], [717.3, 135.27], [719.69, 137.66], [721.2, 139.2], [722.63, 140.13], [723.88, 141.85], [724.33, 141.87], [728.35, 146.55], [729.37, 147.64], [730.66, 148.99], [731.98, 150.03], [736.74, 149.76], [739.31, 152.29], [737.77, 156.95], [738.56, 157.79], [745.76, 160.67], [746.49, 161.4], [744.85, 165.35], [745.32, 165.83], [750.62, 165.8], [750.87, 166.11], [750.93, 167.6], [752.66, 168.14], [755.52, 169.5], [758.02, 170.33], [761.02, 170.79], [760.15, 174.42], [758.55, 176.5], [758.27, 176.81], [758.48, 177.33], [758.73, 177.58], [761.11, 177.02], [761.61, 176.93], [765.06, 179.02], [768.48, 180.24], [768.2, 178.4], [769.54, 179.11], [770.75, 179.82], [771.95, 182.66], [773.96, 184.1], [772.14, 185.37]]}}, {"type": "Feature", "properties": {"rl": 82, "major": false}, "geometry": {"type": "LineString", "coordinates": [[295.83, 92.3], [297.51, 91.92], [301.36, 91.61], [302.12, 92.18], [305.33, 94.56], [309.57, 96.72], [313.49, 104.65], [313.47, 108.77], [322.71, 117.06], [326.08, 118.86], [328.93, 120.18], [331.75, 121.48], [334.0, 122.02], [345.53, 123.96], [349.12, 124.37], [353.38, 121.73], [371.25, 105.93], [375.34, 105.16], [379.01, 104.03], [386.15, 100.95], [389.8, 98.68], [391.93, 97.58], [408.05, 97.88], [410.53, 100.85], [415.82, 97.22], [418.69, 95.79], [419.38, 95.64], [426.46, 95.23], [427.66, 94.73], [433.14, 94.31], [434.69, 94.36], [440.25, 93.35], [441.65, 92.56], [444.04, 93.76], [444.08, 93.83], [446.84, 92.94], [451.18, 89.98], [452.34, 89.38], [454.66, 89.31], [454.96, 89.44], [455.88, 89.56], [457.68, 88.95], [461.57, 89.03], [463.26, 89.16], [466.77, 88.47], [468.8, 91.13], [468.99, 93.48], [472.01, 96.83], [472.52, 97.67], [473.44, 98.2], [476.59, 99.06], [478.31, 99.26], [484.22, 100.38], [486.19, 101.34], [491.66, 103.82], [492.14, 104.75], [495.34, 105.17], [498.36, 104.69], [499.13, 104.13], [505.41, 106.33], [509.95, 104.67], [511.69, 105.28], [512.83, 105.71], [515.54, 100.0], [517.45, 100.13], [518.78, 100.19]]}}, {"type": "Feature", "properties": {"rl": 82, "major": false}, "geometry": {"type": "LineString", "coordinates": [[289.92, 449.07], [289.46, 447.99], [288.44, 446.12], [285.55, 449.01], [287.82, 449.33], [286.6, 451.97], [290.31, 450.11], [289.92, 449.07]]}}, {"type": "Feature", "properties": {"rl": 82, "major": false}, "geometry": {"type": "LineString", "coordinates": [[352.06, 324.8], [352.34, 324.19], [354.83, 324.45], [352.06, 325.48], [352.06, 324.8]]}}, {"type": "Feature", "properties": {"rl": 82, "major": false}, "geometry": {"type": "LineString", "coordinates": [[174.81, 298.38], [176.91, 294.89], [178.73, 295.93], [180.46, 297.94], [180.43, 300.44], [176.96, 302.02], [176.09, 301.72], [174.81, 298.38]]}}, {"type": "Feature", "properties": {"rl": 82, "major": false}, "geometry": {"type": "LineString", "coordinates": [[181.58, 298.18], [181.29, 297.8], [181.65, 298.13], [181.58, 298.18]]}}, {"type": "Feature", "properties": {"rl": 83, "major": false}, "geometry": {"type": "LineString", "coordinates": [[149.64, 307.22], [154.22, 309.29], [157.22, 311.63], [160.7, 315.32], [161.06, 316.17], [162.03, 317.02], [164.74, 318.3], [165.75, 318.67], [166.59, 318.07], [168.56, 317.22], [172.69, 314.58], [178.21, 314.93], [179.53, 314.71], [181.56, 318.17], [182.32, 320.02], [183.91, 322.59], [184.52, 323.91], [185.31, 325.19], [186.36, 328.79], [187.01, 330.94], [188.96, 333.24], [187.87, 336.29], [186.97, 336.9], [184.83, 339.9], [184.57, 339.79]]}}, {"type": "Feature", "properties": {"rl": 83, "major": false}, "geometry": {"type": "LineString", "coordinates": [[795.53, 158.6], [795.07, 156.21], [794.73, 151.67], [796.54, 150.42]]}}, {"type": "Feature", "properties": {"rl": 83, "major": false}, "geometry": {"type": "LineString", "coordinates": [[465.82, 488.75], [469.17, 493.39], [472.77, 494.49], [476.81, 498.06], [477.32, 498.78], [479.12, 499.53], [480.61, 501.48], [482.73, 503.3], [484.21, 506.28], [484.4, 506.71], [484.77, 507.42], [489.62, 510.98], [491.31, 511.55], [495.75, 514.12], [496.33, 514.46], [496.61, 514.6], [498.61, 514.63], [501.62, 513.81], [504.32, 513.53], [509.61, 517.27], [509.62, 517.27], [509.62, 517.27], [509.63, 517.27], [509.64, 517.27], [517.43, 515.01], [521.04, 515.26], [523.51, 515.36], [532.57, 514.94], [533.06, 514.89], [533.18, 514.93], [536.74, 514.82], [537.37, 514.75], [541.97, 513.28], [543.8, 513.58], [545.52, 508.35], [545.81, 508.59], [545.7, 508.15], [552.71, 507.02], [555.26, 505.18], [556.24, 505.1], [558.02, 503.9], [559.01, 503.34], [561.7, 498.53], [561.64, 497.25], [559.93, 494.17], [558.09, 493.92], [554.33, 489.71], [553.84, 489.69], [544.39, 484.06], [543.59, 483.55], [535.52, 478.32], [535.16, 478.06], [527.19, 472.89], [526.73, 472.56], [518.87, 467.45], [518.3, 467.04], [510.58, 462.01], [509.63, 461.54], [504.01, 453.81]]}}, {"type": "Feature", "properties": {"rl": 83, "major": false}, "geometry": {"type": "LineString", "coordinates": [[446.79, 433.64], [447.93, 431.25], [448.61, 430.25], [450.16, 429.19], [451.68, 426.83], [453.59, 424.5], [455.11, 418.35], [450.7, 416.22], [449.02, 414.92], [440.93, 411.77], [440.68, 411.48], [438.68, 409.9], [436.74, 407.96], [436.58, 407.39], [436.66, 401.94], [429.07, 392.86], [425.25, 390.19], [421.17, 385.44], [416.89, 383.15], [414.48, 382.57], [409.45, 381.19], [408.46, 380.74], [398.94, 375.39], [394.26, 371.22], [392.3, 369.31], [384.92, 353.03], [384.9, 352.98], [384.9, 352.98], [385.19, 340.26], [386.18, 336.19], [381.33, 329.43], [379.82, 325.49], [379.72, 322.76], [377.23, 321.85], [373.76, 316.28], [369.78, 318.77], [365.48, 313.24], [363.85, 311.54], [364.05, 311.21], [364.05, 311.2], [362.8, 310.6], [361.83, 309.8], [360.58, 309.58], [354.24, 308.51], [353.3, 308.07], [352.65, 307.54], [349.44, 304.92], [344.92, 300.73], [339.84, 296.7], [336.0, 295.24], [333.01, 289.48], [332.23, 284.7], [330.92, 281.96], [329.31, 280.68], [329.25, 276.49], [328.93, 275.04], [327.41, 273.79], [327.12, 273.89], [325.84, 268.07], [326.03, 267.15], [326.22, 267.01], [326.1, 266.63], [324.02, 260.62], [323.98, 259.9], [323.95, 258.98], [323.55, 257.67], [322.3, 253.46], [322.25, 252.98], [321.93, 253.08], [321.24, 250.83], [320.03, 246.44], [320.54, 245.73], [320.49, 245.69], [320.55, 245.63], [319.2, 239.94], [319.15, 239.01], [318.75, 236.97], [318.89, 235.29], [318.47, 230.99], [318.49, 230.66], [316.16, 229.97], [310.25, 227.0], [294.61, 218.29], [294.62, 217.97], [293.0, 215.15], [292.24, 213.94], [291.86, 213.15], [291.93, 212.22], [291.4, 208.85], [288.84, 204.69], [285.54, 202.16], [283.84, 201.83], [281.77, 199.66], [281.65, 199.58], [278.64, 195.88], [278.45, 195.64], [278.19, 195.32], [270.95, 188.39], [270.18, 187.26], [269.39, 186.46], [269.29, 186.25], [269.04, 186.05], [268.54, 185.9], [268.4, 184.94], [265.69, 169.84], [265.63, 167.93], [265.26, 165.9], [265.44, 164.39], [265.46, 163.39], [264.33, 159.96], [263.45, 156.17], [261.41, 151.86], [258.92, 148.89], [264.42, 146.76], [266.66, 130.78]]}}, {"type": "Feature", "properties": {"rl": 83, "major": false}, "geometry": {"type": "LineString", "coordinates": [[197.66, 471.42], [206.11, 471.2], [207.71, 471.79], [208.49, 471.75], [208.79, 471.77], [214.16, 475.01], [214.37, 475.2], [215.38, 476.31], [220.9, 479.03], [221.71, 479.35], [222.9, 479.84], [223.15, 480.18], [224.19, 480.75], [227.6, 485.11], [228.52, 486.01], [230.72, 486.92], [233.4, 489.72], [236.8, 491.26], [236.91, 491.36], [237.98, 492.2], [241.58, 495.18], [243.46, 496.53], [244.63, 497.67], [250.15, 502.19], [250.92, 502.85], [252.9, 505.5], [253.73, 506.51], [254.89, 507.65], [256.31, 508.93], [256.39, 509.04], [256.4, 509.04], [257.36, 510.23], [260.58, 513.37], [262.75, 516.29], [264.24, 517.94], [264.96, 518.11], [267.09, 518.76], [266.16, 520.11], [266.18, 520.13], [266.18, 520.14], [266.53, 520.91], [267.53, 522.33], [267.75, 521.27], [270.03, 519.8], [275.27, 522.0], [272.46, 523.84], [272.47, 523.86], [273.08, 526.53], [276.66, 527.18], [277.32, 526.2], [279.05, 524.37], [280.63, 523.84], [281.41, 524.49], [282.44, 518.46], [285.39, 518.69], [289.36, 518.57], [285.98, 522.26], [283.41, 524.41], [287.51, 524.0], [286.43, 522.48], [290.76, 519.31], [292.52, 518.92], [294.5, 520.72], [296.73, 521.98], [297.67, 522.55], [299.77, 522.87], [300.09, 521.43], [299.6, 520.64], [298.18, 518.04], [297.57, 517.34], [296.16, 514.89], [294.06, 513.04], [293.31, 514.29], [292.3, 512.01], [290.33, 506.16], [288.12, 500.16], [287.51, 499.16], [286.92, 498.48], [286.61, 498.02], [285.91, 495.65], [283.21, 487.78], [282.23, 482.92], [287.29, 481.69], [287.55, 480.99], [287.53, 476.39], [289.27, 478.16], [290.25, 475.62], [290.34, 475.51], [292.15, 474.14], [292.4, 472.53], [290.13, 470.38], [289.64, 468.7], [286.67, 465.12], [283.09, 460.83], [285.8, 458.09], [293.21, 454.36], [291.8, 450.58], [290.24, 446.91], [296.3, 444.42], [301.52, 438.2], [300.3, 435.7], [300.29, 435.64], [300.0, 434.43], [296.91, 430.53], [295.79, 430.61], [295.71, 430.58], [288.62, 427.95], [288.56, 427.94], [288.46, 427.79], [284.58, 426.67], [284.39, 426.73], [276.33, 423.98], [275.8, 423.81], [275.76, 424.06], [273.34, 433.65], [264.49, 428.15], [262.97, 426.98], [262.76, 426.06], [263.11, 425.48], [263.18, 424.77], [268.59, 420.47], [269.95, 419.39], [268.72, 417.29], [271.86, 415.34], [272.64, 414.88], [276.97, 414.26], [277.78, 414.33], [280.69, 411.32], [282.23, 410.59], [282.7, 410.54], [286.91, 410.65], [292.21, 410.86], [292.51, 410.81], [297.65, 413.39], [298.05, 413.52], [298.27, 413.57], [299.73, 413.63], [310.77, 414.43], [311.8, 414.77], [317.84, 416.28], [321.07, 416.95], [329.22, 418.99], [329.79, 419.45], [330.18, 420.01], [332.09, 420.44], [337.49, 422.62], [339.65, 423.45], [344.56, 425.85], [347.34, 426.94], [349.86, 429.85], [349.7, 429.05], [354.28, 431.24], [357.05, 431.13], [364.24, 434.81], [365.26, 435.94], [365.19, 438.03], [365.33, 437.98], [370.79, 440.32], [375.44, 442.1], [375.41, 441.98], [380.42, 442.1], [389.02, 447.75], [391.31, 448.71], [390.98, 450.78], [390.66, 453.42], [391.07, 453.91], [395.71, 456.97], [399.47, 453.39], [402.83, 451.64], [404.74, 453.06], [403.96, 454.79], [402.59, 457.35], [396.9, 458.03], [401.46, 460.2], [401.63, 463.42], [400.61, 464.37], [400.29, 464.73], [404.58, 469.22], [406.16, 472.32], [407.29, 474.46], [408.59, 476.09], [410.97, 476.4]]}}, {"type": "Feature", "properties": {"rl": 83, "major": false}, "geometry": {"type": "LineString", "coordinates": [[198.43, 353.91], [200.23, 354.45], [202.25, 358.92], [204.08, 359.87], [202.98, 360.44], [202.23, 362.36], [203.2, 367.98], [203.11, 368.21], [203.14, 368.37], [202.99, 370.3], [202.92, 371.54], [203.39, 374.14], [202.52, 376.23], [202.77, 379.44], [203.47, 380.7], [202.35, 383.14], [202.07, 385.63], [202.34, 387.82], [201.89, 389.34], [200.72, 392.24], [200.16, 395.65], [200.11, 396.87], [200.44, 397.61], [199.58, 400.81], [199.33, 401.23], [198.81, 404.14], [199.5, 405.61], [199.48, 406.73], [199.46, 406.91], [199.42, 407.55], [199.2, 409.64], [199.77, 414.36], [199.84, 416.03], [199.66, 418.49], [199.73, 421.74], [199.45, 425.57], [199.48, 428.28], [199.4, 432.97], [200.21, 436.68], [200.07, 437.37], [199.88, 438.71], [199.55, 442.26], [199.12, 445.99], [199.01, 447.59], [198.99, 447.61], [198.09, 449.14], [197.46, 449.39], [197.32, 450.81], [197.27, 451.16], [195.96, 454.02], [195.22, 455.7], [195.07, 457.69], [194.02, 459.56], [193.13, 461.04], [192.81, 462.74], [192.51, 463.15]]}}, {"type": "Feature", "properties": {"rl": 83, "major": false}, "geometry": {"type": "LineString", "coordinates": [[185.88, 341.96], [193.66, 348.74], [197.97, 353.42]]}}, {"type": "Feature", "properties": {"rl": 83, "major": false}, "geometry": {"type": "LineString", "coordinates": [[63.87, 166.95], [64.13, 168.2], [64.84, 169.09], [64.21, 170.8], [64.11, 172.42], [63.8, 173.24], [63.82, 176.21], [63.2, 175.99], [62.34, 178.81], [62.39, 182.45], [62.55, 184.1], [61.68, 188.66], [61.93, 192.46]]}}, {"type": "Feature", "properties": {"rl": 83, "major": false}, "geometry": {"type": "LineString", "coordinates": [[621.45, 108.14], [622.97, 106.31], [623.07, 106.32], [623.33, 106.4], [623.44, 106.52], [627.11, 108.85], [628.12, 109.23], [629.92, 111.76], [630.84, 112.04], [631.02, 112.85], [635.24, 115.2], [638.47, 117.05], [639.89, 117.68], [643.06, 119.39], [644.98, 120.39], [648.3, 119.54], [651.53, 120.64], [653.59, 124.98], [655.5, 124.99], [658.63, 129.93], [658.99, 129.95], [659.19, 130.22], [663.36, 131.31], [667.18, 130.57], [669.67, 130.56], [671.87, 131.63], [673.87, 131.33], [674.23, 131.18], [677.99, 131.26], [680.03, 130.11], [682.57, 129.92], [685.32, 130.07], [686.86, 130.77], [690.79, 130.34], [690.91, 130.28], [691.16, 130.3], [691.09, 130.05], [691.04, 129.6], [690.45, 126.52], [691.09, 125.57], [691.76, 126.05], [691.79, 126.07], [691.84, 126.09], [697.83, 126.73], [698.27, 126.91], [702.53, 129.17], [702.91, 129.29], [706.4, 131.15], [710.27, 133.76], [710.71, 133.51], [711.06, 133.58], [711.49, 133.99], [711.53, 134.11], [716.98, 138.07], [717.68, 138.76], [720.56, 141.68], [721.03, 141.99], [723.45, 145.33], [723.62, 145.34], [725.1, 147.06], [727.5, 149.63], [730.54, 152.79], [733.63, 155.24], [734.84, 155.17], [735.5, 155.81], [735.11, 157.0], [738.39, 160.54], [740.32, 161.31], [742.98, 163.99], [742.5, 165.15], [745.12, 167.9], [746.7, 167.89], [748.51, 170.17], [748.57, 171.74], [750.0, 173.28], [751.12, 173.09], [750.4, 175.82], [747.43, 179.07], [749.52, 179.78], [751.19, 178.47], [752.0, 180.37], [754.0, 184.23], [755.75, 187.42], [757.51, 190.44], [759.71, 192.2]]}}, {"type": "Feature", "properties": {"rl": 83, "major": false}, "geometry": {"type": "LineString", "coordinates": [[302.8, 107.13], [304.63, 110.83], [304.63, 111.15], [305.97, 112.36], [313.06, 118.29], [318.62, 122.59], [322.32, 124.31], [323.55, 125.85], [327.39, 127.62], [337.6, 133.64], [348.58, 135.94], [351.73, 128.83], [355.6, 126.03], [373.86, 109.88], [382.46, 108.26], [382.6, 108.22], [382.89, 108.09], [390.52, 103.34], [394.97, 101.03], [406.05, 101.24], [409.79, 105.7], [417.73, 100.24], [418.85, 99.68], [422.18, 99.43], [427.55, 99.03], [431.69, 98.74], [434.57, 99.09], [437.44, 98.05], [441.93, 97.23], [443.11, 96.98], [443.91, 97.2], [443.91, 97.2], [448.84, 95.53], [449.45, 95.12], [453.38, 93.06], [453.91, 92.79], [453.96, 92.78], [455.43, 93.22], [457.78, 92.32], [460.18, 91.5], [460.67, 91.51], [466.15, 91.93], [466.26, 91.91], [466.32, 91.99], [466.33, 92.07], [471.04, 97.28], [471.82, 98.59], [473.26, 99.43], [475.59, 100.06], [478.3, 100.38], [482.75, 101.22], [485.9, 102.74], [490.33, 104.76], [491.12, 106.28], [496.38, 106.97], [498.97, 106.56], [500.24, 105.63], [505.48, 107.47], [509.27, 106.08], [512.41, 107.18], [514.45, 107.95], [516.6, 103.41], [519.94, 103.64], [522.26, 103.73]]}}, {"type": "Feature", "properties": {"rl": 83, "major": false}, "geometry": {"type": "LineString", "coordinates": [[175.49, 297.93], [176.88, 295.63], [178.09, 296.31], [179.23, 297.64], [179.21, 299.29], [176.92, 300.34], [176.34, 300.14], [175.49, 297.93]]}}, {"type": "Feature", "properties": {"rl": 83, "major": false}, "geometry": {"type": "LineString", "coordinates": [[284.13, 451.51], [279.91, 460.72], [274.48, 462.63], [269.7, 454.79], [276.36, 450.43], [284.13, 451.51]]}}, {"type": "Feature", "properties": {"rl": 83, "major": false}, "geometry": {"type": "LineString", "coordinates": [[392.71, 440.9], [393.82, 438.43], [395.8, 438.02], [396.22, 437.96], [397.03, 438.09], [402.79, 440.52], [396.56, 439.93], [395.26, 442.63], [394.64, 442.7], [392.78, 445.79], [392.71, 440.9]]}}, {"type": "Feature", "properties": {"rl": 83, "major": false}, "geometry": {"type": "LineString", "coordinates": [[554.78, 510.24], [554.84, 510.03], [554.68, 510.12], [552.47, 510.85], [554.62, 510.25], [554.72, 510.26], [554.78, 510.24]]}}, {"type": "Feature", "properties": {"rl": 84, "major": false}, "geometry": {"type": "LineString", "coordinates": [[144.89, 307.31], [144.87, 306.99], [154.62, 311.4], [156.54, 312.89], [158.77, 315.25], [159.49, 316.96], [161.43, 318.66], [163.19, 319.49], [165.21, 320.24], [166.88, 319.05], [170.8, 317.36], [173.5, 315.63], [177.1, 315.86], [179.18, 315.5], [180.49, 317.75], [181.68, 320.64], [182.71, 322.31], [183.66, 324.37], [184.9, 326.37], [185.57, 328.66], [186.61, 332.06], [187.83, 333.51], [187.14, 335.41], [185.46, 336.56], [184.11, 338.46], [182.8, 337.89]]}}, {"type": "Feature", "properties": {"rl": 84, "major": false}, "geometry": {"type": "LineString", "coordinates": [[799.83, 156.42], [798.97, 151.89], [799.05, 151.73], [798.89, 151.62]]}}, {"type": "Feature", "properties": {"rl": 84, "major": false}, "geometry": {"type": "LineString", "coordinates": [[463.58, 490.81], [466.36, 494.66], [472.06, 496.41], [475.1, 499.09], [476.24, 500.72], [476.44, 500.93], [476.64, 501.22], [481.08, 505.03], [482.12, 507.12], [483.35, 509.82], [485.67, 514.31], [486.62, 515.01], [487.94, 515.45], [489.18, 516.09], [491.77, 516.96], [492.42, 517.34], [494.44, 518.34], [498.39, 518.41], [500.77, 519.56], [503.08, 520.72], [505.79, 522.33], [510.15, 522.31], [513.93, 521.75], [518.7, 520.93], [521.11, 520.32], [524.17, 520.18], [527.22, 520.51], [531.55, 520.21], [533.74, 520.14], [536.37, 519.79], [538.72, 519.31], [538.75, 519.31], [542.46, 518.13], [545.96, 517.88], [546.63, 517.67], [547.79, 517.94], [548.81, 517.37], [548.88, 517.67], [550.39, 517.26], [550.37, 516.98], [550.39, 517.0], [554.4, 516.87], [557.1, 517.34], [557.94, 517.68], [558.77, 517.43], [562.05, 515.68], [562.24, 515.67], [562.44, 515.5], [564.29, 513.93], [567.31, 510.4], [569.25, 505.44], [569.73, 502.25], [570.26, 501.82], [570.55, 500.91], [571.65, 495.6], [570.89, 492.89], [570.37, 491.99], [568.21, 489.61], [567.88, 486.65], [566.26, 484.92], [563.68, 484.63], [560.73, 485.71], [560.23, 486.32], [559.62, 486.24], [559.34, 485.93], [553.37, 485.72], [550.88, 484.23], [544.43, 480.13], [538.25, 476.12], [536.03, 474.53], [530.01, 470.62], [527.63, 468.91], [521.79, 465.11], [519.24, 463.26], [513.59, 459.58], [509.83, 457.72], [504.94, 451.0]]}}, {"type": "Feature", "properties": {"rl": 84, "major": false}, "geometry": {"type": "LineString", "coordinates": [[463.81, 422.04], [463.18, 421.67], [463.01, 421.27], [461.66, 419.67], [458.53, 416.06], [455.73, 414.45], [451.49, 412.22], [449.86, 409.92], [445.33, 407.71], [442.38, 405.74], [441.24, 404.6], [440.64, 402.41], [439.0, 400.57], [437.65, 399.28], [430.38, 390.59], [427.89, 388.84], [422.48, 382.55], [421.09, 381.81], [414.66, 380.27], [411.14, 379.3], [406.55, 377.23], [400.86, 374.03], [396.26, 369.92], [394.25, 368.31], [388.47, 355.4], [387.08, 351.45], [387.3, 342.12], [389.44, 333.31], [387.95, 331.24], [384.58, 322.39], [384.34, 316.27], [378.76, 314.24], [378.07, 313.14], [371.96, 316.96], [368.76, 312.84], [367.54, 311.57], [369.32, 308.69], [369.3, 308.58], [366.55, 307.25], [361.09, 305.54], [360.61, 305.47], [356.97, 304.41], [352.72, 302.71], [352.49, 302.53], [352.28, 302.33], [343.64, 295.49], [337.12, 293.01], [335.21, 289.32], [334.71, 286.27], [331.63, 279.81], [330.89, 279.22], [330.86, 277.3], [329.99, 273.37], [329.14, 272.67], [327.69, 273.15], [326.6, 268.22], [326.76, 267.44], [328.11, 266.47], [327.28, 263.79], [326.09, 260.35], [326.03, 259.41], [325.51, 258.53], [324.52, 255.16], [324.17, 252.12], [322.19, 252.77], [321.58, 250.79], [320.51, 246.93], [322.32, 244.41], [322.3, 244.39], [322.33, 244.35], [321.59, 241.21], [321.4, 237.78], [321.21, 236.84], [321.62, 231.85], [321.49, 230.52], [321.5, 230.42], [316.21, 228.87], [310.92, 226.21], [296.91, 218.41], [296.94, 217.55], [294.35, 213.02], [293.44, 210.14], [293.15, 208.29], [288.86, 201.32], [288.63, 201.15], [285.7, 200.58], [288.25, 200.7], [286.61, 197.48], [285.73, 195.4], [282.23, 190.99], [279.55, 189.03], [271.77, 182.27], [268.99, 170.37], [268.29, 166.44], [268.28, 166.1], [268.21, 165.74], [268.24, 165.48], [268.3, 162.79], [268.18, 162.43], [265.75, 151.89], [264.66, 149.58], [263.32, 147.99], [266.27, 146.85], [268.73, 129.26]]}}, {"type": "Feature", "properties": {"rl": 84, "major": false}, "geometry": {"type": "LineString", "coordinates": [[204.93, 477.64], [208.41, 477.47], [211.56, 477.7], [213.38, 478.2], [213.57, 478.41], [213.91, 478.58], [216.88, 480.95], [218.19, 483.47], [218.62, 483.61], [222.41, 487.03], [222.76, 487.42], [227.18, 489.4], [230.87, 491.08], [231.95, 491.51], [237.05, 494.13], [239.43, 496.1], [243.86, 499.3], [244.22, 499.65], [245.91, 501.03], [250.78, 505.2], [252.49, 507.49], [252.94, 507.74], [254.51, 509.15], [255.49, 510.57], [255.69, 510.57], [256.29, 511.31], [258.31, 513.29], [261.85, 518.06], [262.86, 519.17], [263.09, 520.17], [264.69, 519.66], [265.99, 520.81], [266.11, 521.44], [268.43, 524.88], [268.83, 526.46], [272.4, 530.6], [273.08, 531.51], [277.71, 538.87], [278.1, 539.41], [280.29, 542.53], [283.06, 543.39], [286.44, 542.22], [289.37, 543.7], [289.23, 543.09], [290.37, 542.77], [292.09, 543.04], [296.54, 542.94], [298.88, 540.3], [300.65, 538.84], [300.06, 537.1], [302.41, 533.87], [302.48, 537.09], [303.36, 539.63], [304.78, 536.89], [305.61, 534.41], [303.78, 532.91], [305.3, 531.16], [304.42, 526.44], [305.33, 522.24], [302.29, 517.29], [301.88, 516.54], [299.37, 513.64], [299.03, 513.03], [298.11, 512.23], [297.28, 508.97], [295.43, 503.92], [292.96, 499.92], [290.59, 497.18], [289.33, 495.34], [286.52, 485.81], [286.15, 484.71], [286.01, 484.03], [286.84, 483.83], [289.33, 481.79], [290.95, 477.57], [292.34, 476.0], [299.63, 470.48], [300.53, 470.05], [301.18, 469.34], [301.29, 469.34], [301.93, 468.96], [307.05, 462.21], [310.66, 464.12], [311.67, 463.56], [312.22, 463.08], [312.01, 461.76], [311.33, 460.9], [307.98, 458.57], [308.05, 453.51], [307.68, 452.9], [307.76, 452.82], [306.32, 449.36], [305.92, 448.37], [304.96, 443.29], [304.95, 441.67], [304.22, 440.34], [301.94, 435.65], [301.54, 434.05], [300.56, 429.91], [299.13, 429.34], [296.54, 429.53], [295.2, 429.1], [289.89, 427.13], [289.3, 427.03], [288.35, 425.59], [285.75, 424.84], [283.81, 425.43], [278.44, 423.59], [275.71, 422.75], [275.52, 424.01], [274.52, 427.94], [269.3, 424.69], [273.4, 419.88], [274.28, 420.7], [274.69, 418.34], [276.5, 417.21], [277.14, 417.29], [279.54, 415.94], [282.2, 413.62], [282.33, 413.6], [282.34, 413.59], [287.17, 413.65], [289.33, 413.71], [290.37, 413.76], [291.88, 413.53], [293.03, 414.11], [297.48, 415.52], [299.94, 416.12], [307.27, 416.43], [310.43, 416.46], [311.42, 416.64], [317.68, 418.09], [317.92, 418.14], [318.14, 418.21], [328.54, 420.81], [328.69, 420.93], [329.59, 422.22], [334.48, 423.32], [336.63, 424.19], [339.64, 425.33], [342.8, 426.89], [346.87, 428.47], [350.56, 432.74], [350.32, 431.57], [352.74, 432.72], [357.07, 432.55], [363.19, 435.68], [364.96, 437.64], [364.83, 441.25], [365.08, 441.17], [367.14, 442.06], [376.58, 445.67], [376.52, 445.43], [377.35, 445.45], [378.76, 446.38], [389.93, 451.08], [389.39, 454.4], [386.27, 458.26], [386.14, 458.29], [386.17, 458.47], [391.55, 462.29], [392.56, 462.91], [393.15, 463.26], [397.69, 466.6], [402.26, 474.88], [403.53, 476.48], [403.54, 476.97], [403.89, 477.44], [405.75, 478.96], [409.16, 480.36], [411.13, 480.63]]}}, {"type": "Feature", "properties": {"rl": 84, "major": false}, "geometry": {"type": "LineString", "coordinates": [[200.25, 361.8], [201.49, 366.77], [201.44, 368.88], [201.3, 370.47], [201.95, 373.47], [201.93, 373.62], [200.62, 376.79], [201.01, 381.82], [201.2, 382.16], [200.89, 382.83], [200.45, 386.89], [200.54, 387.64], [200.39, 388.16], [198.56, 392.63], [198.22, 394.72], [198.15, 396.84], [198.34, 397.27], [197.84, 399.12], [197.18, 400.23], [195.8, 407.93], [195.86, 408.03], [196.01, 408.23], [197.31, 409.1], [197.89, 413.93], [197.87, 415.07], [198.11, 416.09], [198.0, 417.61], [198.1, 421.87], [197.72, 426.88], [197.73, 427.59], [197.63, 433.87], [197.87, 434.98], [197.67, 435.99], [197.38, 437.97], [196.91, 443.01], [196.9, 443.12], [196.89, 443.16], [196.88, 443.19], [195.12, 447.18], [195.15, 447.63], [195.25, 448.36], [195.07, 450.23], [194.89, 451.32], [194.19, 452.86], [192.88, 455.82], [192.82, 456.56], [191.22, 459.43], [190.84, 460.06]]}}, {"type": "Feature", "properties": {"rl": 84, "major": false}, "geometry": {"type": "LineString", "coordinates": [[199.67, 358.58], [200.34, 358.78], [201.11, 360.47], [201.8, 360.83], [200.39, 361.55]]}}, {"type": "Feature", "properties": {"rl": 84, "major": false}, "geometry": {"type": "LineString", "coordinates": [[189.19, 348.45], [194.69, 353.24], [197.73, 356.54]]}}, {"type": "Feature", "properties": {"rl": 84, "major": false}, "geometry": {"type": "LineString", "coordinates": [[56.38, 166.9], [56.58, 168.6], [57.55, 169.65], [57.26, 173.63], [57.25, 173.68], [57.2, 173.96], [55.55, 180.0], [55.67, 182.29], [55.71, 183.09], [56.32, 189.07], [57.03, 193.52]]}}, {"type": "Feature", "properties": {"rl": 84, "major": false}, "geometry": {"type": "LineString", "coordinates": [[622.88, 111.39], [623.59, 110.52], [625.78, 111.55], [627.01, 113.29], [629.2, 114.97], [632.9, 116.1], [636.09, 117.88], [637.36, 118.61], [640.33, 119.92], [641.6, 120.6], [645.89, 122.83], [646.98, 122.55], [648.05, 122.91], [649.23, 125.41], [648.81, 127.23], [648.73, 129.98], [648.64, 132.84], [650.07, 134.81], [654.1, 138.24], [654.45, 138.33], [658.42, 140.94], [658.51, 141.08], [661.86, 142.98], [663.12, 143.28], [666.56, 145.05], [667.63, 145.36], [671.2, 147.23], [672.15, 147.73], [676.23, 150.14], [677.33, 150.39], [680.55, 152.18], [681.3, 152.79], [684.73, 155.39], [685.37, 155.5], [685.43, 155.5], [686.66, 155.83], [692.03, 160.55], [693.32, 161.36], [693.33, 161.37], [693.44, 161.45], [696.81, 158.99], [699.44, 161.05], [700.04, 160.94], [705.03, 164.67], [705.23, 164.76], [708.41, 165.88], [709.86, 164.6], [711.95, 166.03], [713.38, 166.17], [718.12, 166.41], [721.59, 166.7], [722.33, 163.06], [725.69, 161.35], [729.71, 160.55], [729.32, 163.76], [735.22, 173.46], [735.47, 173.64], [735.74, 173.9], [735.99, 176.01], [734.29, 180.72], [733.99, 181.29], [736.83, 184.66], [737.34, 185.72], [739.33, 187.49], [739.7, 188.11], [742.41, 192.85], [743.39, 193.84], [745.01, 193.83], [749.08, 196.78], [749.12, 196.82], [750.37, 197.95], [751.66, 197.2]]}}, {"type": "Feature", "properties": {"rl": 84, "major": false}, "geometry": {"type": "LineString", "coordinates": [[289.71, 118.34], [300.21, 116.66], [302.45, 118.39], [304.23, 119.45], [313.63, 126.7], [316.0, 127.81], [319.13, 131.73], [321.86, 132.98], [345.92, 147.17], [346.51, 147.49], [347.13, 147.42], [347.51, 147.39], [347.53, 147.21], [354.22, 132.09], [362.99, 125.74], [376.47, 113.83], [383.02, 112.59], [384.6, 112.62], [389.9, 108.82], [391.23, 107.99], [398.02, 104.49], [404.06, 104.6], [406.54, 107.56], [409.38, 107.2], [409.38, 107.21], [409.83, 107.78], [416.7, 103.58], [418.09, 103.88], [419.49, 103.48], [427.49, 103.06], [428.06, 103.23], [433.8, 103.77], [435.29, 103.32], [441.46, 101.75], [442.51, 101.37], [442.89, 101.3], [443.05, 101.26], [444.71, 100.66], [446.7, 99.8], [450.17, 98.74], [451.93, 97.97], [453.83, 96.97], [457.63, 96.52], [457.69, 96.54], [457.95, 96.44], [460.81, 95.76], [463.76, 96.1], [468.48, 95.98], [470.06, 97.73], [471.13, 99.51], [473.08, 100.65], [474.59, 101.06], [478.3, 101.49], [481.27, 102.05], [485.6, 104.15], [489.0, 105.7], [490.11, 107.81], [497.42, 108.77], [499.57, 108.43], [501.34, 107.13], [505.56, 108.61], [508.6, 107.49], [513.12, 109.08], [516.07, 110.19], [517.67, 106.81], [522.43, 107.15], [525.73, 107.28]]}}, {"type": "Feature", "properties": {"rl": 84, "major": false}, "geometry": {"type": "LineString", "coordinates": [[293.68, 452.08], [293.29, 451.18], [296.6, 449.83], [297.31, 451.47], [298.91, 454.46], [299.67, 455.83], [299.9, 458.03], [296.13, 457.74], [295.46, 456.34], [294.05, 453.08], [293.68, 452.08]]}}, {"type": "Feature", "properties": {"rl": 84, "major": false}, "geometry": {"type": "LineString", "coordinates": [[176.17, 297.49], [176.85, 296.36], [177.44, 296.7], [178.0, 297.34], [177.99, 298.15], [176.87, 298.66], [176.59, 298.57], [176.17, 297.49]]}}, {"type": "Feature", "properties": {"rl": 84, "major": false}, "geometry": {"type": "LineString", "coordinates": [[327.89, 560.67], [329.52, 560.3], [329.99, 559.14], [329.73, 558.34], [328.66, 559.57], [328.96, 559.74], [327.89, 560.67]]}}, {"type": "Feature", "properties": {"rl": 84, "major": false}, "geometry": {"type": "LineString", "coordinates": [[299.86, 466.22], [299.12, 464.9], [298.43, 463.4], [302.16, 463.21], [299.86, 466.22]]}}, {"type": "Feature", "properties": {"rl": 84, "major": false}, "geometry": {"type": "LineString", "coordinates": [[280.44, 453.69], [278.3, 458.38], [275.53, 459.35], [273.1, 455.36], [276.49, 453.14], [280.44, 453.69]]}}, {"type": "Feature", "properties": {"rl": 84, "major": false}, "geometry": {"type": "LineString", "coordinates": [[273.22, 527.89], [270.22, 525.24], [272.19, 523.69], [272.31, 523.88], [273.22, 527.89]]}}, {"type": "Feature", "properties": {"rl": 84, "major": false}, "geometry": {"type": "LineString", "coordinates": [[402.8, 452.72], [403.84, 453.5], [403.42, 454.45], [402.66, 455.86], [398.08, 456.41], [400.94, 453.68], [402.8, 452.72]]}}, {"type": "Feature", "properties": {"rl": 84, "major": false}, "geometry": {"type": "LineString", "coordinates": [[293.16, 527.29], [297.76, 530.21], [300.07, 530.29], [301.55, 532.62], [298.73, 534.81], [298.12, 532.04], [297.66, 532.13], [293.84, 529.76], [292.3, 528.0], [292.31, 525.07], [293.16, 527.29]]}}, {"type": "Feature", "properties": {"rl": 84, "major": false}, "geometry": {"type": "LineString", "coordinates": [[396.03, 458.56], [400.71, 460.79], [400.84, 463.24], [400.07, 463.96], [398.06, 466.2], [393.17, 462.31], [396.03, 458.56]]}}, {"type": "Feature", "properties": {"rl": 85, "major": true}, "geometry": {"type": "LineString", "coordinates": [[150.86, 313.09], [150.77, 311.58], [155.02, 313.51], [155.86, 314.16], [156.83, 315.19], [157.92, 317.76], [160.82, 320.31], [161.64, 320.69], [164.66, 321.81], [167.17, 320.03], [173.04, 317.49], [174.31, 316.68], [176.0, 316.79], [178.82, 316.3], [179.43, 317.33], [181.03, 321.25], [181.51, 322.03], [182.8, 324.82], [184.49, 327.55], [184.78, 328.54], [186.2, 333.19], [186.69, 333.77], [186.41, 334.54], [183.95, 336.22], [183.38, 337.01], [181.04, 336.0]]}}, {"type": "Feature", "properties": {"rl": 85, "major": true}, "geometry": {"type": "LineString", "coordinates": [[813.32, 165.4], [812.5, 165.24], [814.23, 162.01], [813.76, 157.13], [813.41, 156.18], [813.36, 156.2], [811.4, 151.14], [811.29, 150.97], [811.11, 150.76], [806.7, 152.12], [802.1, 148.94]]}}, {"type": "Feature", "properties": {"rl": 85, "major": true}, "geometry": {"type": "LineString", "coordinates": [[461.33, 492.86], [463.55, 495.94], [471.36, 498.33], [473.38, 500.12], [474.14, 501.21], [475.48, 502.58], [476.88, 504.57], [479.44, 506.77], [480.03, 507.97], [482.3, 512.93], [483.98, 516.19], [485.84, 518.84], [486.56, 519.43], [491.0, 521.25], [491.56, 523.68], [493.12, 523.3], [495.77, 524.44], [497.3, 525.18], [498.35, 525.71], [501.82, 526.72], [502.91, 526.25], [504.32, 526.22], [509.81, 526.13], [510.35, 525.97], [510.95, 525.5], [516.83, 525.09], [517.18, 525.61], [523.95, 524.65], [523.98, 524.64], [523.98, 524.64], [524.02, 524.65], [530.1, 524.81], [530.41, 524.77], [536.16, 524.39], [536.29, 524.42], [539.51, 524.17], [541.63, 523.89], [541.81, 523.83], [542.13, 523.81], [542.13, 523.84], [545.13, 523.91], [547.25, 523.99], [547.62, 524.02], [548.28, 523.62], [549.22, 523.26], [549.53, 523.25], [553.06, 522.34], [553.19, 521.8], [557.16, 521.29], [558.81, 520.49], [559.75, 520.21], [561.74, 519.15], [563.41, 519.1], [565.18, 517.55], [569.94, 513.52], [571.79, 511.86], [572.41, 509.7], [573.04, 505.48], [575.9, 503.18], [576.94, 499.93], [577.69, 498.6], [576.82, 496.39], [575.34, 492.57], [573.92, 487.53], [573.51, 486.82], [570.8, 484.88], [568.01, 481.89], [560.64, 481.08], [560.25, 480.81], [559.48, 481.11], [554.41, 482.56], [551.88, 480.91], [545.28, 476.71], [540.99, 473.93], [536.9, 470.99], [532.83, 468.35], [528.54, 465.25], [524.7, 462.76], [520.18, 459.48], [516.6, 457.14], [510.02, 453.9], [505.88, 448.19]]}}, {"type": "Feature", "properties": {"rl": 85, "major": true}, "geometry": {"type": "LineString", "coordinates": [[469.04, 421.65], [465.43, 419.55], [464.41, 417.23], [461.5, 413.77], [459.91, 413.11], [453.6, 409.79], [449.83, 404.48], [449.54, 404.23], [449.08, 403.93], [444.44, 401.95], [442.96, 400.33], [440.35, 397.39], [435.11, 392.4], [431.7, 388.32], [430.53, 387.5], [426.73, 383.08], [425.28, 378.64], [420.84, 379.41], [414.84, 377.97], [412.83, 377.42], [404.64, 373.72], [402.78, 372.67], [401.28, 371.33], [396.31, 367.33], [392.05, 357.82], [389.27, 349.92], [389.41, 343.99], [391.42, 335.72], [391.84, 332.91], [392.7, 330.43], [391.49, 324.95], [389.33, 319.29], [389.2, 315.86], [386.56, 314.02], [386.2, 313.11], [384.95, 311.23], [380.76, 309.95], [378.92, 312.16], [374.14, 315.15], [372.04, 312.44], [371.23, 311.6], [374.58, 306.17], [374.58, 306.15], [374.51, 305.97], [374.45, 305.95], [365.64, 303.46], [363.43, 302.34], [360.96, 301.04], [359.4, 299.51], [356.88, 298.31], [354.82, 297.14], [350.51, 296.7], [347.45, 294.27], [338.25, 290.77], [337.41, 289.16], [337.19, 287.83], [333.38, 279.85], [332.65, 277.79], [331.89, 275.49], [331.05, 271.69], [330.87, 271.55], [328.25, 272.41], [327.36, 268.37], [327.49, 267.73], [330.0, 265.93], [328.46, 260.95], [328.16, 260.09], [328.14, 259.85], [327.08, 258.04], [326.73, 256.86], [326.09, 251.27], [322.45, 252.47], [321.92, 250.75], [321.0, 247.41], [324.11, 243.09], [324.1, 243.09], [324.11, 243.08], [323.97, 242.48], [323.78, 239.03], [323.71, 236.62], [324.21, 231.31], [324.35, 229.92], [322.42, 229.57], [316.26, 227.77], [311.59, 225.42], [299.22, 218.53], [299.26, 217.12], [296.99, 213.15], [295.52, 208.49], [295.68, 208.14], [295.56, 204.91], [292.67, 198.45], [291.31, 195.77], [288.63, 189.45], [285.91, 186.03], [280.37, 181.99], [275.0, 177.32], [272.33, 165.87], [272.16, 165.11], [272.3, 162.92], [275.77, 154.35], [268.44, 149.3], [268.05, 147.61], [267.9, 147.3], [267.72, 147.09], [268.12, 146.94], [270.81, 127.75]]}}, {"type": "Feature", "properties": {"rl": 85, "major": true}, "geometry": {"type": "LineString", "coordinates": [[207.76, 482.16], [210.62, 484.27], [211.96, 484.66], [212.41, 485.01], [212.7, 485.57], [217.08, 488.31], [219.2, 489.8], [222.64, 491.28], [226.06, 492.55], [227.52, 493.2], [228.62, 493.7], [236.11, 496.67], [237.27, 497.12], [237.44, 497.49], [239.85, 500.14], [243.25, 501.87], [244.86, 502.58], [247.22, 504.63], [250.64, 507.56], [251.27, 508.4], [252.21, 508.91], [252.71, 509.37], [254.59, 512.09], [254.98, 512.09], [255.22, 512.4], [256.05, 513.21], [260.96, 519.82], [261.0, 519.87], [261.05, 520.09], [261.31, 521.14], [261.33, 521.4], [261.98, 521.88], [263.37, 521.62], [265.28, 521.02], [265.8, 521.48], [265.85, 521.74], [266.79, 523.13], [267.91, 527.56], [270.5, 530.56], [272.0, 532.58], [275.36, 537.92], [276.8, 539.91], [279.65, 543.96], [280.58, 545.43], [281.33, 545.2], [281.31, 545.38], [281.74, 545.97], [281.75, 545.78], [283.47, 546.3], [286.08, 545.4], [288.02, 546.37], [286.28, 548.27], [289.21, 546.1], [292.65, 550.8], [290.88, 553.44], [296.55, 555.24], [299.59, 554.96], [304.41, 553.18], [307.5, 551.3], [310.5, 548.87], [310.59, 545.43], [312.9, 540.73], [314.29, 542.54], [315.48, 541.76], [318.82, 538.18], [317.77, 534.92], [317.45, 534.96], [317.19, 533.66], [316.22, 529.71], [316.85, 527.05], [314.91, 523.72], [314.0, 522.3], [313.85, 521.62], [313.89, 519.81], [314.03, 517.73], [311.13, 513.74], [308.78, 514.44], [306.81, 507.83], [307.66, 506.83], [305.88, 507.28], [304.65, 508.21], [302.26, 506.49], [300.83, 504.6], [300.81, 504.57], [300.81, 504.57], [298.41, 500.68], [294.26, 495.88], [292.06, 492.66], [290.09, 485.98], [288.97, 483.34], [290.74, 481.89], [291.65, 479.53], [294.35, 476.48], [298.46, 473.36], [300.64, 472.32], [302.21, 470.61], [302.47, 470.6], [304.04, 469.68], [307.29, 465.39], [309.58, 466.61], [312.34, 465.07], [313.86, 463.76], [313.28, 460.14], [311.42, 457.79], [309.57, 456.5], [309.61, 453.71], [308.74, 452.31], [308.94, 452.11], [308.11, 450.12], [307.21, 447.92], [306.63, 444.84], [306.61, 441.51], [305.11, 438.77], [303.57, 435.61], [302.8, 432.47], [302.1, 429.54], [299.03, 428.32], [297.28, 428.45], [294.69, 427.62], [291.16, 426.31], [290.03, 426.12], [288.23, 423.39], [286.91, 423.01], [283.23, 424.13], [280.55, 423.21], [278.86, 422.69], [279.54, 419.83], [282.63, 418.02], [284.93, 417.21], [286.16, 416.06], [289.29, 416.1], [290.1, 415.99], [293.91, 416.57], [296.92, 417.52], [299.34, 418.11], [300.05, 418.63], [302.31, 418.83], [307.82, 418.52], [308.83, 418.53], [312.85, 419.27], [313.99, 419.54], [318.74, 420.7], [323.18, 421.91], [325.94, 422.6], [326.7, 423.23], [329.25, 424.31], [334.77, 425.61], [335.01, 425.56], [334.82, 426.62], [337.11, 426.27], [339.62, 427.22], [341.04, 427.92], [346.41, 430.0], [350.05, 434.21], [350.04, 434.21], [350.37, 434.81], [350.66, 435.11], [351.01, 434.37], [350.95, 434.08], [351.2, 434.2], [357.1, 433.97], [362.15, 436.55], [364.66, 439.34], [364.53, 442.91], [364.78, 443.07], [364.63, 443.18], [364.5, 443.97], [366.31, 444.18], [376.2, 447.34], [376.26, 447.27], [376.64, 447.72], [382.39, 450.86], [388.54, 453.45], [388.31, 454.85], [386.99, 456.48], [383.21, 457.11], [384.21, 462.28], [384.25, 462.31], [384.73, 462.6], [390.88, 466.12], [391.13, 466.33], [394.03, 468.22], [394.67, 468.61], [394.76, 468.67], [394.84, 468.82], [399.29, 474.43], [399.32, 476.16], [400.57, 477.8], [407.06, 483.1], [407.39, 483.24], [415.33, 484.32]]}}, {"type": "Feature", "properties": {"rl": 85, "major": true}, "geometry": {"type": "LineString", "coordinates": [[192.54, 450.71], [192.65, 450.66], [192.52, 451.48], [192.42, 451.7], [191.95, 452.76]]}}, {"type": "Feature", "properties": {"rl": 85, "major": true}, "geometry": {"type": "LineString", "coordinates": [[192.63, 449.32], [192.52, 449.32]]}}, {"type": "Feature", "properties": {"rl": 85, "major": true}, "geometry": {"type": "LineString", "coordinates": [[199.54, 362.86], [199.9, 364.28], [199.78, 369.67], [199.73, 370.19], [199.95, 371.16], [199.11, 376.39], [198.71, 377.35], [198.9, 379.7], [199.19, 382.29], [198.52, 384.29], [198.32, 387.02], [197.6, 390.11], [196.41, 393.03], [196.29, 393.8], [196.18, 396.8], [196.23, 396.92], [196.09, 397.44], [195.03, 399.24], [194.67, 401.25], [194.24, 408.6], [194.72, 408.92], [194.9, 410.41], [194.8, 416.14], [195.06, 417.28], [195.14, 419.83], [194.48, 422.26], [194.77, 425.55], [194.03, 426.18], [194.51, 427.26], [194.55, 431.51], [194.52, 434.76], [194.49, 435.39], [194.52, 437.12], [194.77, 437.6], [194.28, 441.25], [193.6, 443.32], [193.09, 444.83], [192.37, 446.45], [192.46, 447.81], [192.63, 449.02]]}}, {"type": "Feature", "properties": {"rl": 85, "major": true}, "geometry": {"type": "LineString", "coordinates": [[192.5, 354.95], [195.71, 357.74], [197.49, 359.67]]}}, {"type": "Feature", "properties": {"rl": 85, "major": true}, "geometry": {"type": "LineString", "coordinates": [[46.02, 168.62], [46.6, 171.72], [47.0, 172.18], [47.64, 173.08], [48.32, 174.37], [49.58, 175.03], [50.04, 176.32], [50.49, 177.92], [50.83, 177.88], [49.66, 183.24], [49.66, 183.27], [49.68, 183.72], [48.67, 189.46], [43.04, 193.31], [50.27, 193.6]]}}, {"type": "Feature", "properties": {"rl": 85, "major": true}, "geometry": {"type": "LineString", "coordinates": [[624.09, 115.27], [625.26, 115.96], [628.45, 118.39], [633.47, 119.94], [635.01, 123.18], [636.98, 124.82], [638.2, 125.03], [644.17, 128.99], [645.05, 129.79], [649.9, 136.46], [652.66, 138.81], [654.82, 139.36], [657.67, 141.23], [658.51, 142.55], [661.66, 144.33], [663.54, 145.58], [666.26, 147.3], [669.46, 148.88], [670.91, 149.64], [674.58, 151.78], [676.1, 152.74], [679.13, 154.14], [680.54, 155.04], [683.28, 156.91], [683.3, 156.94], [684.99, 157.95], [690.86, 161.65], [692.62, 162.94], [694.8, 164.49], [696.6, 166.1], [700.67, 169.38], [701.41, 170.07], [706.59, 174.23], [706.95, 174.55], [712.8, 179.8], [716.17, 183.89], [716.41, 184.7], [717.31, 184.92], [720.54, 187.44], [721.15, 187.99], [723.64, 187.99], [727.47, 186.78], [729.9, 186.93], [730.69, 187.96], [734.09, 189.83], [736.92, 188.63], [740.2, 191.99], [742.06, 195.1], [742.25, 195.43], [745.4, 200.69], [745.54, 200.92], [743.83, 202.2]]}}, {"type": "Feature", "properties": {"rl": 85, "major": true}, "geometry": {"type": "LineString", "coordinates": [[815.04, 321.76], [815.13, 321.78], [815.2, 321.77], [815.29, 321.74]]}}, {"type": "Feature", "properties": {"rl": 85, "major": true}, "geometry": {"type": "LineString", "coordinates": [[818.47, 322.68], [818.55, 322.69], [818.63, 322.67], [818.77, 322.66]]}}, {"type": "Feature", "properties": {"rl": 85, "major": true}, "geometry": {"type": "LineString", "coordinates": [[818.9, 322.19], [819.01, 322.18]]}}, {"type": "Feature", "properties": {"rl": 85, "major": true}, "geometry": {"type": "LineString", "coordinates": [[274.22, 125.98], [296.2, 122.46], [297.51, 123.47], [304.53, 127.65], [308.64, 130.82], [309.67, 131.3], [314.72, 137.6], [316.33, 138.35], [330.56, 146.74], [338.17, 150.81], [346.3, 149.89], [351.12, 149.51], [351.48, 147.17], [356.71, 135.36], [370.39, 125.46], [379.08, 117.77], [383.31, 116.98], [386.52, 117.03], [390.81, 113.96], [392.02, 111.66], [396.67, 115.29], [398.28, 115.26], [400.43, 114.19], [399.82, 114.02], [400.86, 109.54], [399.63, 108.68], [401.06, 107.94], [402.06, 107.96], [402.47, 108.45], [409.07, 107.62], [409.07, 107.62], [410.12, 108.96], [412.98, 107.21], [417.05, 108.07], [421.1, 106.91], [426.23, 106.64], [429.45, 107.58], [431.86, 107.8], [436.95, 106.28], [440.53, 105.36], [442.28, 104.61], [443.43, 104.05], [445.84, 104.4], [445.95, 104.36], [450.47, 102.41], [451.13, 102.21], [452.32, 101.69], [454.67, 100.71], [460.57, 100.38], [461.02, 100.33], [461.11, 100.31], [461.2, 100.32], [461.57, 100.31], [467.85, 100.06], [469.72, 99.23], [470.44, 100.43], [472.91, 101.87], [473.58, 102.05], [478.3, 102.6], [479.79, 102.88], [485.31, 105.56], [487.68, 106.63], [489.09, 109.35], [498.46, 110.57], [500.17, 110.3], [502.45, 108.63], [505.63, 109.75], [507.93, 108.91], [513.83, 110.97], [517.68, 112.43], [518.73, 110.22], [524.92, 110.65], [529.21, 110.83]]}}, {"type": "Feature", "properties": {"rl": 85, "major": true}, "geometry": {"type": "LineString", "coordinates": [[308.34, 572.32], [307.94, 573.3], [307.87, 573.54], [307.21, 573.69], [307.93, 573.81], [308.18, 573.84], [313.86, 575.55], [317.43, 578.47], [317.71, 578.66], [318.82, 578.95], [320.25, 578.58], [324.95, 577.01], [325.5, 576.9], [329.92, 577.23], [330.85, 576.11], [332.77, 576.19], [339.27, 572.82], [339.44, 572.72], [339.71, 572.67], [340.17, 571.87], [337.4, 567.75], [341.47, 561.34], [342.08, 560.53], [340.0, 557.55], [338.5, 553.18], [336.94, 552.24], [336.67, 552.05], [334.77, 550.41], [331.29, 547.69], [330.35, 547.23], [329.93, 547.3], [328.83, 547.91], [325.06, 550.69], [324.93, 551.48], [324.09, 552.89], [323.46, 553.32], [323.24, 553.87], [322.88, 557.11], [322.51, 557.16], [319.44, 559.38], [318.13, 558.46], [316.01, 559.21], [312.36, 564.57], [312.33, 565.83], [311.46, 568.71], [311.19, 569.31], [308.34, 572.32]]}}, {"type": "Feature", "properties": {"rl": 85, "major": true}, "geometry": {"type": "LineString", "coordinates": [[322.87, 560.9], [325.25, 558.63], [327.21, 559.7], [324.09, 562.43], [322.87, 560.9]]}}, {"type": "Feature", "properties": {"rl": 85, "major": true}, "geometry": {"type": "LineString", "coordinates": [[285.37, 548.81], [286.13, 548.37], [285.34, 548.47], [283.86, 547.82], [284.98, 548.94], [285.37, 548.81]]}}, {"type": "Feature", "properties": {"rl": 85, "major": true}, "geometry": {"type": "LineString", "coordinates": [[276.75, 455.87], [276.68, 456.03], [276.59, 456.06], [276.51, 455.93], [276.62, 455.86], [276.75, 455.87]]}}, {"type": "Feature", "properties": {"rl": 85, "major": true}, "geometry": {"type": "LineString", "coordinates": [[272.31, 524.57], [271.8, 524.13], [272.13, 523.87], [272.16, 523.9], [272.31, 524.57]]}}, {"type": "Feature", "properties": {"rl": 85, "major": true}, "geometry": {"type": "LineString", "coordinates": [[811.27, 151.45], [812.53, 156.57], [812.35, 160.24], [810.16, 157.76], [807.55, 153.79], [811.27, 151.45]]}}, {"type": "Feature", "properties": {"rl": 85, "major": true}, "geometry": {"type": "LineString", "coordinates": [[402.76, 453.8], [402.95, 453.94], [402.88, 454.12], [402.74, 454.37], [401.89, 454.48], [402.42, 453.97], [402.76, 453.8]]}}, {"type": "Feature", "properties": {"rl": 85, "major": true}, "geometry": {"type": "LineString", "coordinates": [[396.77, 459.86], [399.97, 461.38], [400.05, 463.05], [399.53, 463.54], [398.16, 465.07], [394.82, 462.42], [396.77, 459.86]]}}, {"type": "Feature", "properties": {"rl": 85, "major": true}, "geometry": {"type": "LineString", "coordinates": [[296.43, 486.56], [297.37, 485.53], [297.22, 485.18], [295.3, 484.31], [296.43, 486.56]]}}, {"type": "Feature", "properties": {"rl": 86, "major": false}, "geometry": {"type": "LineString", "coordinates": [[817.81, 162.92], [815.94, 162.57], [816.83, 160.92], [816.59, 158.43], [815.4, 155.29], [815.25, 155.34], [814.04, 152.22], [812.74, 150.03], [810.35, 147.28], [807.88, 148.04], [805.31, 146.26]]}}, {"type": "Feature", "properties": {"rl": 86, "major": false}, "geometry": {"type": "LineString", "coordinates": [[494.76, 529.79], [498.44, 529.65], [501.64, 528.28], [506.82, 528.15], [508.17, 528.13], [510.08, 527.55], [512.19, 525.92], [516.28, 525.63], [517.85, 527.94], [522.36, 527.3], [524.55, 526.73], [525.17, 526.72], [529.16, 526.83], [530.99, 526.61], [534.8, 526.36], [536.65, 526.73], [540.6, 526.43], [543.31, 528.83], [544.05, 528.87], [548.79, 528.89], [549.6, 528.97], [549.43, 528.45], [549.22, 527.69], [549.45, 527.49], [553.69, 525.62], [555.22, 525.22], [555.27, 525.01], [556.81, 524.81], [560.39, 523.09], [560.72, 522.99], [561.42, 522.62], [564.57, 522.53], [567.92, 519.61], [570.4, 517.51], [574.92, 513.45], [576.15, 509.19], [577.77, 509.38], [577.91, 509.05], [578.19, 508.59], [577.53, 508.16], [578.84, 507.31], [582.34, 503.58], [582.82, 502.7], [584.74, 498.72], [583.51, 496.66], [580.58, 486.93], [581.17, 486.09], [579.65, 485.61], [574.56, 482.09], [570.82, 479.78], [570.16, 479.31], [569.75, 478.87], [568.66, 478.75], [565.47, 476.64], [559.32, 478.99], [556.29, 479.85], [549.8, 475.63], [546.12, 473.28], [543.72, 471.73], [537.78, 467.45], [535.66, 466.08], [529.44, 461.6], [527.62, 460.41], [521.12, 455.7], [519.61, 454.71], [510.22, 450.08], [506.81, 445.38]]}}, {"type": "Feature", "properties": {"rl": 86, "major": false}, "geometry": {"type": "LineString", "coordinates": [[491.19, 530.0], [494.65, 529.88]]}}, {"type": "Feature", "properties": {"rl": 86, "major": false}, "geometry": {"type": "LineString", "coordinates": [[459.09, 494.92], [460.74, 497.22], [470.65, 500.25], [471.66, 501.14], [472.04, 501.69], [474.53, 504.23], [477.12, 507.92], [477.79, 508.5], [477.94, 508.81], [481.25, 516.04], [481.46, 516.46], [482.81, 518.38], [485.21, 521.87], [487.81, 525.47], [489.1, 527.72], [490.78, 529.77]]}}, {"type": "Feature", "properties": {"rl": 86, "major": false}, "geometry": {"type": "LineString", "coordinates": [[474.26, 421.26], [467.67, 417.43], [465.81, 413.2], [464.32, 411.42], [460.15, 409.71], [455.71, 407.37], [453.05, 403.62], [451.61, 402.36], [449.35, 400.88], [446.75, 399.78], [442.81, 395.45], [441.7, 394.21], [434.21, 387.08], [433.39, 386.34], [433.26, 385.66], [430.47, 377.79], [427.59, 376.02], [425.71, 376.02], [418.44, 375.69], [416.49, 376.02], [415.01, 375.67], [414.52, 375.53], [410.66, 373.79], [404.22, 370.53], [403.36, 370.37], [403.35, 370.37], [398.37, 366.36], [395.62, 360.23], [391.46, 348.39], [391.52, 345.86], [392.38, 342.32], [393.56, 334.48], [395.97, 327.56], [394.36, 320.31], [395.05, 314.97], [392.03, 317.09], [387.54, 313.96], [386.64, 311.66], [383.49, 306.93], [382.91, 306.76], [378.62, 311.9], [376.32, 313.34], [375.31, 312.03], [374.93, 311.63], [376.54, 309.02], [382.05, 306.23], [377.26, 303.86], [377.21, 303.74], [373.6, 302.36], [370.46, 301.47], [365.91, 299.18], [364.51, 298.44], [361.88, 295.86], [360.19, 294.79], [357.4, 292.48], [356.84, 292.11], [356.22, 291.81], [350.52, 291.51], [348.48, 290.66], [341.2, 288.43], [339.93, 287.99], [338.89, 286.39], [335.4, 276.52], [334.25, 273.04], [332.92, 269.6], [331.25, 270.87], [328.82, 271.67], [328.12, 268.53], [328.23, 268.02], [330.48, 266.41], [332.38, 265.99], [331.72, 264.0], [330.49, 260.08], [330.11, 258.57], [329.04, 257.13], [328.62, 252.09], [328.35, 250.13], [326.97, 244.52], [326.62, 241.85], [326.52, 239.53], [326.41, 235.84], [326.66, 233.11], [327.07, 229.21], [321.66, 228.23], [316.31, 226.67], [312.26, 224.63], [301.52, 218.65], [301.58, 216.7], [299.63, 213.28], [298.36, 209.28], [298.8, 208.29], [298.47, 199.37], [296.79, 195.62], [296.0, 194.06], [291.52, 183.5], [289.59, 181.07], [281.18, 174.95], [278.23, 172.38], [276.76, 166.08], [276.38, 164.34], [276.45, 163.15], [281.44, 150.86], [282.09, 149.44], [282.67, 147.71], [279.12, 144.45], [274.49, 142.65], [275.79, 136.16], [281.89, 130.78], [284.14, 129.55], [292.19, 128.26], [292.57, 128.55], [299.7, 132.8], [303.49, 134.98], [305.95, 138.04], [310.31, 143.48], [310.81, 143.71], [315.2, 146.3], [329.83, 154.13], [345.47, 152.36], [354.74, 151.64], [355.43, 147.14], [359.19, 138.63], [377.78, 125.18], [381.69, 121.72], [383.59, 121.37], [388.45, 121.44], [390.11, 120.25], [392.82, 115.1], [395.81, 117.43], [399.31, 117.36], [403.99, 115.03], [402.65, 114.66], [403.32, 111.8], [407.24, 111.09], [409.02, 111.15], [410.5, 111.55], [412.22, 111.47], [416.0, 112.27], [422.71, 110.34], [424.96, 110.22], [428.76, 111.33], [429.94, 111.8], [430.69, 111.74], [432.61, 112.39], [432.88, 112.43], [432.87, 112.37], [436.48, 112.43], [437.57, 112.44], [438.12, 112.22], [440.15, 111.55], [439.14, 110.22], [439.62, 108.66], [441.52, 107.84], [443.94, 106.68], [444.12, 106.71], [444.88, 107.39], [448.97, 106.22], [450.49, 105.63], [450.72, 105.55], [456.05, 104.09], [457.14, 103.64], [458.64, 103.55], [464.4, 104.14], [464.47, 104.13], [464.69, 104.04], [464.91, 104.1], [472.65, 103.65], [473.42, 103.65], [477.86, 103.66], [478.29, 103.71], [478.32, 103.72], [485.02, 106.97], [486.35, 107.57], [488.07, 110.88], [499.5, 112.37], [500.78, 112.17], [503.56, 110.13], [505.71, 110.89], [507.26, 110.32], [514.54, 112.87], [519.3, 114.67], [519.79, 113.63], [527.41, 114.16], [532.68, 114.37]]}}, {"type": "Feature", "properties": {"rl": 86, "major": false}, "geometry": {"type": "LineString", "coordinates": [[412.29, 487.02], [419.52, 488.01]]}}, {"type": "Feature", "properties": {"rl": 86, "major": false}, "geometry": {"type": "LineString", "coordinates": [[217.76, 493.33], [219.18, 493.72], [222.88, 495.31], [225.38, 496.24], [227.54, 496.69], [229.57, 497.44], [235.12, 499.56], [235.67, 500.79], [236.57, 501.13], [237.7, 502.21], [241.83, 504.31], [246.34, 506.29], [249.94, 509.4], [250.73, 509.86], [251.26, 510.43], [253.31, 513.31], [253.78, 513.76], [254.2, 513.75], [254.2, 513.76], [258.88, 520.12], [259.13, 520.78], [259.17, 521.29], [261.6, 523.05], [262.31, 522.92], [265.64, 523.33], [266.99, 528.67], [268.59, 530.53], [270.93, 533.64], [273.02, 536.98], [275.51, 540.42], [277.32, 542.99], [279.48, 546.41], [280.42, 546.12], [280.73, 546.25], [281.38, 547.01], [281.54, 547.52], [282.28, 547.35], [284.6, 549.66], [285.97, 549.23], [286.39, 548.98], [288.0, 547.79], [289.82, 550.28], [288.53, 552.18], [288.26, 553.36], [288.53, 556.11], [290.59, 559.73], [292.07, 562.6], [296.77, 563.87], [297.83, 563.24], [301.76, 560.42], [303.74, 559.93], [309.7, 556.7], [312.19, 554.71], [314.27, 551.85], [314.48, 551.62], [316.44, 551.21], [318.94, 548.87], [322.49, 546.93], [322.69, 546.92], [322.31, 551.78], [321.08, 552.62], [319.87, 555.52], [319.82, 555.99], [319.29, 556.06], [317.99, 556.45], [313.44, 558.06], [310.88, 561.82], [307.74, 566.64], [306.37, 570.0], [305.44, 573.4], [302.26, 574.15], [301.91, 574.22], [301.4, 574.52], [300.52, 575.87], [304.27, 577.0], [306.28, 577.33], [309.89, 577.79], [312.65, 578.62], [314.37, 580.03], [317.37, 582.05], [320.55, 582.9], [323.67, 584.02], [324.95, 581.48], [326.46, 580.39], [329.05, 579.84], [336.55, 578.33], [338.16, 577.5], [339.78, 576.58], [340.71, 576.31], [342.99, 575.9], [343.66, 574.73], [345.74, 569.25], [347.64, 564.24], [347.81, 563.91], [347.93, 563.79], [347.93, 560.98], [347.89, 559.17], [343.22, 554.3], [341.88, 551.37], [340.96, 550.46], [338.19, 547.93], [337.63, 547.55], [337.49, 547.43], [337.23, 547.23], [332.23, 544.78], [329.97, 545.11], [325.51, 547.58], [323.08, 546.4], [323.2, 542.01], [322.69, 541.7], [326.15, 537.07], [328.89, 534.69], [329.32, 532.65], [328.06, 531.58], [325.64, 528.48], [325.4, 527.85], [323.55, 524.53], [322.11, 523.18], [322.02, 522.82], [320.91, 522.78], [318.06, 519.47], [316.14, 517.32], [314.19, 514.57], [312.4, 512.66], [312.9, 511.4], [313.9, 510.4], [312.29, 509.42], [311.77, 510.06], [310.86, 510.6], [309.33, 511.06], [308.37, 507.82], [309.9, 506.02], [310.23, 505.4], [309.24, 502.06], [307.25, 501.68], [306.68, 501.7], [306.39, 501.76], [302.35, 500.23], [302.32, 500.22], [300.39, 497.42], [297.93, 494.58], [294.79, 489.98], [294.23, 488.09], [291.78, 482.3], [292.15, 481.99], [292.34, 481.49], [296.35, 476.97], [297.29, 476.25], [299.01, 475.43], [303.51, 477.76], [301.4, 473.93], [301.92, 473.32], [303.24, 471.88], [303.66, 471.86], [306.14, 470.41], [307.53, 468.58], [308.5, 469.1], [313.02, 466.58], [315.5, 464.44], [314.55, 458.52], [311.51, 454.68], [311.16, 454.44], [311.17, 453.9], [309.8, 451.71], [310.11, 451.39], [309.9, 450.89], [308.51, 447.46], [308.31, 446.39], [308.28, 441.35], [306.0, 437.2], [305.2, 435.56], [304.05, 430.88], [303.64, 429.17], [298.94, 427.3], [298.03, 427.37], [294.19, 426.14], [292.43, 425.49], [290.77, 425.2], [288.12, 421.19], [288.07, 421.18], [283.16, 422.67], [288.0, 420.97], [288.17, 420.82], [289.49, 420.79], [295.31, 420.35], [296.02, 420.02], [297.94, 420.94], [298.14, 421.09], [305.58, 421.74], [307.93, 421.61], [308.97, 421.15], [311.05, 421.51], [315.04, 422.24], [318.23, 423.01], [321.03, 423.43], [324.86, 424.47], [327.27, 425.52], [329.1, 426.29], [330.93, 426.72], [331.89, 426.53], [331.16, 430.73], [335.89, 430.0], [339.68, 428.99], [340.39, 429.38], [345.94, 431.54], [347.93, 433.84], [347.93, 433.84], [349.02, 435.82], [349.96, 436.83], [350.22, 436.27], [352.22, 435.58], [357.13, 435.39], [361.1, 437.42], [364.36, 441.04], [364.29, 442.86], [364.42, 442.94], [363.89, 443.33], [363.43, 446.15], [369.85, 446.91], [375.63, 448.75], [375.66, 448.71], [376.52, 449.72], [385.14, 454.44], [380.06, 455.24], [380.25, 458.19], [380.45, 460.43], [383.51, 463.88], [386.48, 465.56], [389.32, 467.18], [392.45, 469.8], [393.6, 470.55], [395.05, 472.39], [395.1, 475.35], [397.26, 478.16], [401.71, 481.8], [404.23, 485.33], [405.02, 485.13]]}}, {"type": "Feature", "properties": {"rl": 86, "major": false}, "geometry": {"type": "LineString", "coordinates": [[190.46, 430.65], [190.42, 435.66], [190.42, 435.73], [190.42, 435.94], [191.78, 438.52], [191.67, 439.39], [190.31, 443.47], [190.2, 443.8]]}}, {"type": "Feature", "properties": {"rl": 86, "major": false}, "geometry": {"type": "LineString", "coordinates": [[191.8, 417.43], [192.52, 425.57], [190.74, 427.06]]}}, {"type": "Feature", "properties": {"rl": 86, "major": false}, "geometry": {"type": "LineString", "coordinates": [[196.94, 378.01], [197.27, 380.96]]}}, {"type": "Feature", "properties": {"rl": 86, "major": false}, "geometry": {"type": "LineString", "coordinates": [[195.82, 361.44], [196.74, 362.24], [197.25, 362.8]]}}, {"type": "Feature", "properties": {"rl": 86, "major": false}, "geometry": {"type": "LineString", "coordinates": [[624.85, 120.51], [627.49, 122.05], [632.06, 125.86], [637.31, 126.76], [642.02, 129.89], [647.1, 134.49], [649.73, 138.11], [651.23, 139.38], [655.18, 140.39], [656.91, 141.52], [658.5, 144.01], [660.34, 145.05], [664.17, 147.6], [665.67, 148.55], [667.44, 149.42], [670.45, 151.0], [672.54, 152.22], [675.69, 154.22], [677.37, 154.99], [680.27, 156.85], [681.77, 157.87], [681.78, 157.89], [685.23, 159.94], [688.4, 161.95], [691.9, 164.51], [693.04, 165.32], [696.97, 168.82], [699.13, 170.56], [701.59, 172.88], [704.33, 175.07], [706.94, 177.44], [710.07, 180.25], [711.87, 182.43], [712.91, 185.99], [716.9, 186.96], [718.45, 188.17], [721.68, 191.12], [724.54, 191.12], [726.06, 194.14], [726.31, 194.27], [729.92, 201.27], [729.67, 201.51], [729.97, 202.26], [730.42, 202.08], [733.19, 205.38], [733.85, 206.51], [737.99, 204.53], [741.22, 203.48], [740.02, 204.38]]}}, {"type": "Feature", "properties": {"rl": 86, "major": false}, "geometry": {"type": "LineString", "coordinates": [[813.07, 323.69], [813.82, 323.79], [814.48, 323.7], [815.23, 323.43]]}}, {"type": "Feature", "properties": {"rl": 86, "major": false}, "geometry": {"type": "LineString", "coordinates": [[817.78, 324.19], [818.52, 324.29], [819.24, 324.1], [820.42, 323.98]]}}, {"type": "Feature", "properties": {"rl": 86, "major": false}, "geometry": {"type": "LineString", "coordinates": [[820.53, 323.6], [821.46, 323.48]]}}, {"type": "Feature", "properties": {"rl": 86, "major": false}, "geometry": {"type": "LineString", "coordinates": [[167.19, 325.06], [167.59, 325.03], [168.38, 324.96], [167.8, 325.45], [167.1, 325.06], [167.19, 325.06]]}}, {"type": "Feature", "properties": {"rl": 86, "major": false}, "geometry": {"type": "LineString", "coordinates": [[318.71, 446.52], [316.39, 448.52], [313.19, 452.77], [318.99, 449.76], [320.48, 448.77], [320.14, 448.2], [318.71, 446.52]]}}, {"type": "Feature", "properties": {"rl": 86, "major": false}, "geometry": {"type": "LineString", "coordinates": [[358.53, 462.66], [358.44, 462.52], [358.33, 462.61], [358.43, 462.62], [358.53, 462.66]]}}, {"type": "Feature", "properties": {"rl": 86, "major": false}, "geometry": {"type": "LineString", "coordinates": [[174.7, 326.39], [173.89, 324.34], [175.56, 322.82], [177.4, 324.47], [177.9, 325.62], [178.8, 328.09], [178.79, 328.32], [178.82, 328.53], [178.58, 328.51], [178.42, 328.44], [175.81, 326.97], [174.7, 326.39]]}}, {"type": "Feature", "properties": {"rl": 86, "major": false}, "geometry": {"type": "LineString", "coordinates": [[322.71, 252.16], [322.26, 250.72], [321.49, 247.9], [324.48, 243.74], [326.1, 251.05], [322.71, 252.16]]}}, {"type": "Feature", "properties": {"rl": 86, "major": false}, "geometry": {"type": "LineString", "coordinates": [[812.42, 156.22], [812.51, 156.59], [812.5, 156.85], [812.34, 156.67], [812.16, 156.39], [812.42, 156.22]]}}, {"type": "Feature", "properties": {"rl": 86, "major": false}, "geometry": {"type": "LineString", "coordinates": [[397.51, 461.16], [399.22, 461.97], [399.27, 462.86], [398.98, 463.13], [398.25, 463.94], [396.47, 462.52], [397.51, 461.16]]}}, {"type": "Feature", "properties": {"rl": 86, "major": false}, "geometry": {"type": "LineString", "coordinates": [[296.02, 488.25], [298.42, 485.62], [298.05, 484.72], [293.12, 482.51], [296.02, 488.25]]}}, {"type": "Feature", "properties": {"rl": 87, "major": false}, "geometry": {"type": "LineString", "coordinates": [[822.3, 160.45], [819.39, 159.89], [819.42, 159.82], [819.42, 159.73], [817.4, 154.4], [817.14, 154.49], [816.68, 153.31], [814.18, 149.08], [809.6, 143.8], [809.07, 143.96], [808.52, 143.58]]}}, {"type": "Feature", "properties": {"rl": 87, "major": false}, "geometry": {"type": "LineString", "coordinates": [[496.86, 531.08], [498.73, 531.01], [500.36, 530.31], [504.24, 530.22], [508.03, 529.67], [509.81, 529.13], [513.42, 526.33], [515.72, 526.17], [518.51, 530.26], [520.73, 529.95], [525.12, 528.81], [526.36, 528.8], [528.23, 528.85], [531.57, 528.44], [533.44, 528.32], [537.01, 529.05], [539.36, 528.87], [540.97, 530.3], [544.01, 530.47], [546.8, 530.48], [550.53, 530.83], [550.36, 530.33], [555.07, 528.63], [555.76, 530.54], [557.21, 532.16], [559.9, 531.81], [563.24, 530.96], [565.66, 531.33], [566.79, 530.22], [567.58, 528.22], [568.94, 526.1], [570.11, 522.41], [568.58, 523.48], [570.66, 521.66], [570.85, 521.5], [572.23, 520.26], [577.41, 516.52], [577.96, 514.02], [579.42, 510.5], [579.81, 509.86], [582.17, 507.37], [584.15, 504.82], [587.41, 500.34], [587.8, 500.19], [589.73, 499.01], [587.96, 494.43], [587.28, 493.3], [586.6, 491.03], [589.26, 487.27], [589.89, 486.12], [589.77, 485.78], [589.64, 485.61], [589.24, 485.43], [580.72, 482.79], [573.68, 477.9], [571.31, 476.71], [569.37, 475.85], [567.12, 473.89], [562.29, 475.67], [559.15, 476.86], [558.16, 477.15], [547.73, 470.35], [546.96, 469.86], [546.46, 469.53], [538.65, 463.92], [538.48, 463.81], [534.61, 461.02], [530.23, 458.02], [522.21, 452.51], [521.06, 451.51], [510.42, 446.26], [507.74, 442.58]]}}, {"type": "Feature", "properties": {"rl": 87, "major": false}, "geometry": {"type": "LineString", "coordinates": [[492.14, 533.26], [494.05, 533.19]]}}, {"type": "Feature", "properties": {"rl": 87, "major": false}, "geometry": {"type": "LineString", "coordinates": [[456.84, 496.98], [457.94, 498.5], [469.92, 502.17], [469.95, 502.18], [469.97, 502.22], [472.58, 506.45], [473.76, 508.02], [475.98, 510.57], [476.55, 511.85], [479.17, 516.73], [479.76, 518.3], [480.64, 519.36], [482.93, 522.67], [484.4, 524.71], [487.39, 529.94], [488.44, 531.21]]}}, {"type": "Feature", "properties": {"rl": 87, "major": false}, "geometry": {"type": "LineString", "coordinates": [[479.48, 420.87], [469.91, 415.32], [467.22, 409.16], [467.14, 409.07], [460.4, 406.3], [457.82, 404.94], [456.28, 402.77], [453.68, 400.49], [449.62, 397.84], [449.07, 397.6], [446.17, 394.42], [443.18, 391.29], [437.91, 386.56], [436.64, 380.04], [436.0, 378.2], [429.32, 374.1], [424.96, 374.11], [416.51, 373.72], [413.95, 372.07], [405.21, 367.64], [402.67, 367.17], [402.65, 367.17], [400.42, 365.38], [399.2, 362.65], [395.24, 351.39], [395.23, 351.36], [394.19, 348.02], [393.65, 346.86], [395.27, 336.04], [398.58, 326.54], [398.83, 325.75], [399.2, 325.5], [399.33, 324.71], [399.96, 312.9], [402.72, 307.55], [402.4, 304.91], [400.48, 304.42], [395.74, 305.44], [395.24, 305.4], [389.04, 304.67], [388.99, 306.47], [389.44, 307.55], [395.47, 305.87], [396.58, 312.79], [391.77, 316.16], [388.52, 313.9], [387.08, 310.22], [384.49, 306.33], [385.51, 303.74], [381.92, 302.54], [379.93, 301.55], [379.92, 301.51], [377.06, 300.42], [373.56, 298.74], [370.83, 297.25], [368.39, 296.01], [368.05, 295.83], [367.41, 295.21], [362.41, 292.02], [360.96, 290.82], [357.97, 288.84], [354.66, 287.26], [352.85, 287.16], [350.1, 286.02], [348.25, 285.48], [346.82, 284.49], [343.54, 283.35], [338.65, 275.75], [338.21, 275.3], [338.22, 275.29], [338.11, 275.12], [337.75, 274.28], [335.08, 267.35], [331.13, 270.36], [329.39, 270.93], [328.89, 268.68], [328.96, 268.32], [330.58, 267.16], [334.91, 266.22], [333.4, 261.67], [332.94, 260.21], [332.0, 256.43], [331.47, 255.72], [331.27, 253.24], [330.68, 248.93], [330.16, 246.81], [329.36, 240.62], [329.11, 235.27], [329.11, 235.06], [329.12, 234.9], [329.19, 234.26], [329.62, 229.37], [329.6, 228.74], [328.92, 227.89], [327.68, 228.12], [320.89, 226.89], [316.36, 225.56], [312.92, 223.83], [303.83, 218.77], [303.9, 216.27], [302.27, 213.41], [301.21, 210.06], [301.92, 208.44], [301.38, 193.84], [300.91, 192.79], [300.69, 192.35], [294.41, 177.55], [293.27, 176.12], [282.0, 167.91], [281.46, 167.44], [281.19, 166.28], [280.59, 163.57], [280.61, 163.39], [281.39, 161.45], [284.24, 155.25], [286.76, 147.7], [284.42, 145.56], [288.99, 141.6], [293.9, 142.76], [294.52, 146.8], [294.94, 148.34], [295.8, 148.49], [296.79, 147.85], [305.44, 151.39], [311.01, 151.85], [321.49, 157.46], [344.63, 154.84], [358.35, 153.77], [359.38, 147.11], [361.68, 141.9], [381.93, 127.25], [384.24, 125.48], [384.66, 125.58], [390.4, 125.5], [391.35, 124.07], [391.11, 123.3], [393.62, 118.53], [394.95, 119.57], [400.34, 119.47], [403.92, 117.68], [404.95, 117.35], [406.53, 117.29], [407.61, 116.5], [410.64, 116.37], [413.23, 116.85], [415.68, 116.55], [416.86, 116.56], [418.52, 116.2], [423.45, 114.46], [424.82, 114.37], [428.08, 115.67], [431.53, 115.39], [432.21, 115.62], [433.44, 115.8], [433.84, 115.48], [434.0, 115.58], [434.77, 115.46], [439.87, 115.49], [442.91, 114.26], [443.57, 114.05], [447.36, 112.49], [447.75, 111.26], [450.02, 110.25], [454.22, 110.84], [457.75, 110.35], [459.93, 109.79], [465.1, 107.93], [468.74, 108.19], [472.03, 108.0], [477.09, 107.98], [478.54, 107.98], [483.21, 107.64], [484.73, 108.37], [485.03, 108.51], [487.06, 112.41], [500.54, 114.17], [501.38, 114.04], [504.67, 111.63], [505.78, 112.03], [506.59, 111.73], [515.26, 114.77], [520.12, 116.61], [520.52, 117.13], [521.0, 117.3], [529.59, 117.81], [529.79, 117.74], [529.94, 117.72], [531.97, 117.75], [536.16, 117.92]]}}, {"type": "Feature", "properties": {"rl": 87, "major": false}, "geometry": {"type": "LineString", "coordinates": [[418.0, 490.92], [423.72, 491.7]]}}, {"type": "Feature", "properties": {"rl": 87, "major": false}, "geometry": {"type": "LineString", "coordinates": [[343.31, 479.38], [346.4, 476.26], [346.43, 476.21], [345.83, 474.6], [349.27, 474.77], [349.23, 473.22], [347.76, 467.94], [345.43, 470.34], [344.32, 469.64], [341.14, 470.8], [338.44, 472.16], [338.44, 473.87], [335.22, 476.36], [333.93, 477.84], [331.98, 479.41], [328.68, 482.0], [324.81, 483.23], [323.74, 484.07], [321.78, 484.48], [318.1, 486.65], [311.07, 484.57], [313.93, 481.49], [318.77, 477.95], [321.79, 480.49], [321.7, 475.57], [321.55, 473.19], [320.15, 471.71], [319.03, 469.29], [319.33, 466.04], [319.06, 465.63], [320.8, 463.07], [315.89, 457.33], [315.82, 456.89], [315.68, 456.72], [314.93, 453.19], [319.51, 450.81], [322.93, 448.54], [322.15, 447.23], [318.87, 443.35], [313.53, 447.96], [312.67, 449.1], [311.91, 449.36], [312.4, 448.61], [311.84, 447.66], [309.96, 444.03], [309.95, 441.19], [306.89, 435.64], [306.83, 435.51], [305.3, 429.3], [305.18, 428.8], [298.84, 426.28], [298.77, 426.29], [294.32, 424.87], [298.78, 425.8], [300.24, 425.74], [306.61, 426.09], [307.72, 425.41], [309.54, 424.63], [316.52, 425.51], [317.34, 425.5], [320.91, 425.77], [324.18, 426.26], [324.63, 426.38], [325.53, 426.77], [327.35, 427.12], [328.73, 427.72], [328.0, 431.93], [327.5, 434.84], [332.43, 436.02], [335.19, 435.06], [332.36, 432.26], [340.07, 430.2], [344.53, 432.7], [345.48, 433.07], [345.82, 433.47], [345.81, 433.47], [347.66, 436.83], [349.26, 438.55], [349.32, 438.42], [353.57, 436.95], [357.15, 436.81], [360.05, 438.29], [364.05, 442.74], [364.05, 442.81], [364.06, 442.81], [363.15, 443.49], [362.35, 448.33], [373.4, 449.64], [375.05, 450.17], [375.06, 450.16], [376.35, 451.67], [376.04, 453.16], [374.32, 462.04], [376.57, 464.65], [376.95, 464.77], [382.82, 466.48], [386.16, 468.52], [386.98, 469.79], [387.69, 470.82], [388.35, 472.12], [390.66, 474.74], [391.29, 475.65], [391.9, 475.87], [393.94, 478.52], [395.55, 479.84], [400.89, 487.32], [402.57, 486.89]]}}, {"type": "Feature", "properties": {"rl": 87, "major": false}, "geometry": {"type": "LineString", "coordinates": [[339.66, 483.15], [343.46, 479.53]]}}, {"type": "Feature", "properties": {"rl": 87, "major": false}, "geometry": {"type": "LineString", "coordinates": [[220.84, 499.03], [221.43, 499.07], [221.45, 498.82], [224.75, 499.4], [227.33, 499.94], [232.89, 501.98], [232.96, 502.01], [232.97, 502.02], [235.18, 502.85], [237.93, 505.48], [240.42, 506.74], [247.83, 510.0], [248.44, 510.53], [248.58, 510.61], [250.11, 512.26], [251.26, 513.87], [253.16, 515.69], [253.28, 515.69], [253.3, 515.72], [254.71, 517.65], [254.9, 518.15], [258.07, 522.13], [259.34, 524.23], [260.06, 524.78], [263.9, 527.49], [265.54, 527.7], [266.07, 529.77], [266.69, 530.49], [269.85, 534.71], [270.68, 536.03], [274.21, 540.92], [274.99, 542.02], [278.38, 547.39], [278.71, 547.28], [279.64, 547.67], [279.88, 547.94], [280.42, 549.67], [282.92, 549.09], [284.22, 550.38], [286.56, 549.64], [286.61, 549.61], [286.78, 549.48], [286.98, 549.75], [286.84, 549.96], [286.26, 552.44], [286.83, 558.27], [287.24, 558.98], [290.63, 565.54], [290.64, 565.55], [297.02, 566.89], [298.77, 565.87], [301.03, 564.14], [303.75, 564.15], [307.76, 561.82], [305.18, 565.8], [304.81, 566.69], [303.01, 573.26], [302.03, 573.49], [301.06, 573.69], [299.66, 574.51], [297.24, 578.23], [298.47, 578.61], [303.63, 579.76], [305.33, 581.65], [310.97, 581.78], [311.49, 581.72], [314.69, 583.87], [317.03, 585.45], [317.16, 585.48], [317.69, 585.67], [323.82, 588.48], [325.51, 588.04], [327.91, 583.11], [329.0, 582.67], [336.34, 583.28], [339.16, 582.78], [341.82, 581.98], [345.44, 580.51], [347.42, 575.31], [348.42, 570.92], [348.27, 569.92], [350.21, 566.15], [352.48, 563.87], [352.48, 560.99], [350.71, 557.79], [350.16, 556.84], [347.34, 553.26], [345.36, 551.07], [344.59, 550.05], [343.64, 549.21], [342.32, 547.91], [340.58, 546.33], [339.96, 546.34], [339.3, 545.25], [338.05, 544.06], [337.96, 543.99], [334.25, 542.51], [334.72, 541.88], [333.6, 542.0], [332.85, 542.26], [330.7, 542.44], [328.79, 541.3], [329.8, 539.94], [330.6, 539.24], [331.93, 532.94], [328.03, 529.62], [327.34, 528.73], [326.79, 527.31], [326.21, 526.26], [322.44, 522.75], [322.21, 521.82], [321.87, 521.8], [321.01, 520.8], [317.0, 516.31], [316.81, 516.04], [313.04, 512.03], [313.16, 511.74], [316.15, 508.75], [311.34, 505.79], [310.27, 507.1], [311.15, 505.44], [310.96, 504.8], [313.45, 501.01], [315.82, 498.82], [316.75, 497.19], [316.76, 496.48], [317.18, 495.2], [317.99, 494.75], [318.09, 492.76], [323.02, 492.45], [323.87, 495.07], [323.83, 495.09], [323.98, 495.3], [324.2, 495.1], [324.08, 495.07], [323.57, 491.85], [328.75, 488.4], [329.18, 488.01], [334.37, 488.48], [334.78, 488.74], [335.03, 488.34], [335.05, 488.34], [335.26, 488.09], [335.05, 487.83], [335.69, 483.69], [338.03, 484.92], [339.39, 483.73], [339.52, 483.25]]}}, {"type": "Feature", "properties": {"rl": 87, "major": false}, "geometry": {"type": "LineString", "coordinates": [[189.95, 422.01], [190.26, 425.59], [189.48, 426.24]]}}, {"type": "Feature", "properties": {"rl": 87, "major": false}, "geometry": {"type": "LineString", "coordinates": [[625.61, 125.75], [626.17, 126.08], [627.15, 126.9], [636.42, 128.5], [639.86, 130.78], [649.15, 139.2], [649.55, 139.76], [649.79, 139.95], [655.55, 141.41], [656.15, 141.81], [658.5, 145.47], [659.02, 145.77], [664.81, 149.61], [665.09, 149.79], [665.42, 149.96], [669.98, 152.36], [670.5, 152.66], [675.28, 155.7], [675.62, 155.85], [680.0, 158.66], [680.26, 158.84], [680.26, 158.84], [685.46, 161.94], [685.94, 162.24], [691.19, 166.08], [691.29, 166.15], [697.33, 171.54], [697.59, 171.74], [701.77, 175.69], [702.06, 175.92], [706.92, 180.33], [707.33, 180.69], [707.56, 180.98], [709.42, 187.29], [715.83, 188.84], [716.06, 189.18], [716.78, 189.95], [717.68, 192.19], [718.63, 194.11], [721.85, 194.38], [723.21, 193.55], [725.42, 194.64], [726.91, 197.54], [725.29, 199.05], [727.23, 203.91], [730.11, 202.75], [731.18, 204.01], [733.27, 207.57], [735.24, 206.63], [736.78, 206.13], [736.21, 206.55]]}}, {"type": "Feature", "properties": {"rl": 87, "major": false}, "geometry": {"type": "LineString", "coordinates": [[811.11, 325.61], [812.52, 325.81], [813.75, 325.64], [815.18, 325.12]]}}, {"type": "Feature", "properties": {"rl": 87, "major": false}, "geometry": {"type": "LineString", "coordinates": [[817.1, 325.69], [818.5, 325.89], [819.86, 325.52], [822.08, 325.3]]}}, {"type": "Feature", "properties": {"rl": 87, "major": false}, "geometry": {"type": "LineString", "coordinates": [[822.16, 325.02], [823.92, 324.79]]}}, {"type": "Feature", "properties": {"rl": 87, "major": false}, "geometry": {"type": "LineString", "coordinates": [[359.84, 463.2], [358.47, 461.04], [356.86, 462.46], [357.45, 462.54], [358.55, 463.62], [359.45, 463.56], [359.12, 462.93], [359.84, 463.2]]}}, {"type": "Feature", "properties": {"rl": 87, "major": false}, "geometry": {"type": "LineString", "coordinates": [[331.5, 460.97], [331.72, 461.02], [334.36, 459.49], [336.94, 460.77], [335.8, 465.6], [336.63, 467.01], [338.25, 469.0], [339.63, 466.72], [340.01, 463.86], [338.65, 460.02], [338.14, 459.53], [337.93, 459.59], [334.48, 459.18], [334.21, 458.85], [334.3, 459.17], [331.67, 460.89], [331.5, 460.97]]}}, {"type": "Feature", "properties": {"rl": 87, "major": false}, "geometry": {"type": "LineString", "coordinates": [[322.97, 251.85], [322.61, 250.68], [321.97, 248.38], [324.41, 245.0], [325.73, 250.95], [322.97, 251.85]]}}, {"type": "Feature", "properties": {"rl": 87, "major": false}, "geometry": {"type": "LineString", "coordinates": [[398.25, 462.46], [398.47, 462.56], [398.48, 462.68], [398.44, 462.71], [398.35, 462.82], [398.12, 462.63], [398.25, 462.46]]}}, {"type": "Feature", "properties": {"rl": 87, "major": false}, "geometry": {"type": "LineString", "coordinates": [[298.87, 484.26], [296.79, 483.32], [298.37, 481.48], [299.66, 483.86], [299.01, 484.58], [298.87, 484.26]]}}, {"type": "Feature", "properties": {"rl": 88, "major": false}, "geometry": {"type": "LineString", "coordinates": [[826.79, 157.97], [826.24, 157.86], [824.72, 155.98], [824.75, 155.46], [829.18, 150.68], [828.76, 149.38], [828.57, 148.94], [828.11, 148.05], [821.69, 148.89], [821.64, 149.68], [821.29, 148.96], [821.28, 148.99], [821.23, 148.87], [819.48, 146.17], [819.94, 145.16], [819.15, 142.49], [817.3, 140.23], [815.1, 139.76], [812.42, 135.52], [812.24, 135.26], [811.79, 134.9], [809.48, 133.39], [809.54, 132.16], [808.36, 129.1], [808.3, 128.9], [808.85, 128.03]]}}, {"type": "Feature", "properties": {"rl": 88, "major": false}, "geometry": {"type": "LineString", "coordinates": [[552.26, 534.73], [553.15, 536.11], [556.7, 534.93], [560.66, 534.42], [563.13, 533.79], [570.92, 534.96], [573.31, 532.61], [574.92, 531.13], [575.07, 529.82], [576.41, 526.15], [578.72, 522.97], [579.56, 520.95], [579.9, 520.91], [580.56, 513.33], [580.79, 512.29], [580.93, 511.96], [580.96, 511.9], [581.18, 511.66], [585.36, 506.29], [588.09, 502.53], [589.1, 502.15], [594.06, 499.12], [591.99, 493.78], [594.17, 489.79], [592.81, 485.64], [591.21, 483.62], [586.3, 481.35], [581.8, 479.96], [578.08, 477.38], [572.83, 474.74], [568.55, 472.84], [567.28, 471.73], [561.47, 473.87], [559.64, 474.64], [549.94, 468.49], [548.68, 467.77], [541.3, 462.64], [538.39, 461.0], [536.55, 459.74], [529.87, 455.16], [523.7, 450.92], [518.33, 446.25], [510.61, 442.44], [508.67, 439.77]]}}, {"type": "Feature", "properties": {"rl": 88, "major": false}, "geometry": {"type": "LineString", "coordinates": [[530.52, 531.54], [532.75, 530.64], [532.53, 530.37], [537.36, 531.37], [538.12, 531.31], [538.63, 531.77], [543.96, 532.07], [544.81, 532.07], [550.01, 532.56]]}}, {"type": "Feature", "properties": {"rl": 88, "major": false}, "geometry": {"type": "LineString", "coordinates": [[498.96, 532.37], [499.03, 532.37], [499.09, 532.34], [499.23, 532.34], [508.62, 530.99], [509.53, 530.71], [514.66, 526.74], [515.17, 526.71], [518.75, 531.96], [518.87, 532.52]]}}, {"type": "Feature", "properties": {"rl": 88, "major": false}, "geometry": {"type": "LineString", "coordinates": [[493.09, 536.52], [493.45, 536.51]]}}, {"type": "Feature", "properties": {"rl": 88, "major": false}, "geometry": {"type": "LineString", "coordinates": [[454.6, 499.04], [455.13, 499.77], [460.92, 501.55], [468.0, 505.16], [469.33, 507.29], [470.87, 508.11], [471.33, 510.0], [473.01, 511.99], [474.81, 513.1], [476.91, 517.0], [478.2, 520.42], [480.11, 522.71], [480.65, 523.48], [480.99, 523.96], [485.68, 532.16], [486.09, 532.66]]}}, {"type": "Feature", "properties": {"rl": 88, "major": false}, "geometry": {"type": "LineString", "coordinates": [[484.71, 420.48], [472.15, 413.2], [470.26, 408.87], [470.13, 407.27], [469.49, 404.96], [462.64, 403.71], [460.65, 402.89], [459.93, 402.51], [459.5, 401.91], [455.75, 398.63], [455.12, 398.22], [454.68, 393.88], [448.46, 392.72], [445.02, 389.11], [442.42, 386.78], [441.49, 381.94], [446.06, 383.81], [438.59, 377.97], [438.65, 377.61], [437.29, 376.02], [431.04, 372.19], [424.21, 372.2], [418.65, 371.94], [412.29, 367.84], [406.19, 364.75], [402.59, 364.09], [398.51, 351.08], [395.83, 345.33], [396.99, 337.61], [399.35, 330.82], [400.56, 326.98], [402.36, 325.77], [402.99, 321.94], [403.44, 313.46], [405.42, 309.61], [404.6, 302.68], [399.58, 301.41], [398.13, 301.72], [389.92, 301.05], [388.82, 300.92], [388.67, 306.53], [390.07, 309.91], [393.8, 308.87], [394.49, 313.15], [391.51, 315.24], [389.5, 313.84], [387.53, 308.77], [385.97, 306.45], [388.19, 300.75], [386.59, 300.21], [382.83, 299.21], [381.82, 298.84], [380.1, 297.76], [374.53, 295.09], [371.1, 293.21], [370.44, 292.91], [368.09, 291.78], [365.32, 289.7], [364.63, 289.26], [364.51, 289.16], [359.1, 285.58], [358.34, 285.21], [354.21, 283.41], [353.27, 282.65], [351.08, 282.01], [348.52, 280.24], [346.67, 279.12], [345.01, 277.78], [342.1, 274.76], [342.3, 274.68], [340.39, 271.72], [338.45, 267.19], [338.13, 266.83], [337.35, 265.16], [335.78, 260.63], [335.43, 260.23], [335.32, 259.22], [333.93, 254.35], [333.9, 254.2], [333.17, 247.94], [332.89, 245.61], [332.09, 239.4], [331.95, 236.34], [331.74, 233.05], [331.96, 230.59], [331.9, 228.56], [329.71, 225.81], [325.7, 226.56], [320.13, 225.55], [316.41, 224.46], [313.59, 223.04], [306.13, 218.89], [306.23, 215.85], [304.91, 213.54], [304.06, 210.84], [305.04, 208.59], [304.51, 194.16], [305.27, 193.02], [305.8, 188.1], [306.34, 186.27], [306.11, 185.19], [302.98, 181.65], [300.25, 178.55], [297.3, 171.6], [296.95, 171.16], [292.59, 167.98], [292.71, 165.98], [292.76, 164.99], [294.63, 163.01], [298.72, 160.34], [300.2, 160.94], [307.0, 161.5], [310.94, 162.34], [312.4, 162.85], [314.85, 163.01], [319.45, 164.33], [327.85, 159.12], [343.8, 157.31], [361.96, 155.89], [363.32, 147.08], [364.17, 145.17], [371.58, 139.81], [386.52, 128.4], [389.22, 129.0], [392.4, 128.96], [395.46, 124.34], [395.79, 124.03], [396.93, 123.35], [397.19, 121.65], [401.37, 121.57], [402.2, 121.16], [404.73, 120.33], [408.61, 120.21], [409.25, 119.74], [411.6, 120.49], [412.69, 120.96], [412.17, 121.55], [410.8, 121.2], [411.77, 122.07], [412.4, 121.93], [412.57, 121.98], [415.15, 121.16], [416.98, 120.96], [418.29, 120.96], [420.39, 120.96], [422.44, 120.52], [425.21, 120.31], [427.45, 120.32], [430.11, 120.13], [432.45, 120.15], [433.31, 120.65], [437.07, 120.09], [442.4, 120.32], [443.83, 120.2], [444.22, 118.12], [447.45, 117.83], [450.19, 116.19], [452.09, 114.35], [453.4, 114.67], [456.88, 114.2], [464.05, 112.34], [465.77, 111.72], [469.4, 111.98], [472.81, 111.76], [478.05, 111.48], [481.36, 110.74], [483.73, 110.45], [484.77, 111.51], [486.04, 113.94], [501.58, 115.97], [501.98, 115.91], [505.77, 113.14], [505.86, 113.17], [505.92, 113.14], [508.23, 113.95], [512.87, 116.49], [515.61, 117.78], [518.45, 121.47], [523.41, 123.19], [527.49, 123.43], [530.58, 122.27], [533.01, 122.0], [536.58, 122.05]]}}, {"type": "Feature", "properties": {"rl": 88, "major": false}, "geometry": {"type": "LineString", "coordinates": [[423.71, 494.82], [427.92, 495.39]]}}, {"type": "Feature", "properties": {"rl": 88, "major": false}, "geometry": {"type": "LineString", "coordinates": [[343.68, 479.21], [346.36, 476.51], [346.46, 476.32], [348.53, 478.17], [354.29, 477.72], [354.82, 477.48], [354.84, 477.34], [350.5, 466.65], [355.81, 462.99], [355.92, 462.97], [358.78, 465.79], [361.7, 465.6], [360.64, 463.54], [361.16, 463.73], [358.51, 459.57], [355.96, 461.81], [351.91, 454.92], [351.71, 452.51], [353.84, 449.0], [352.72, 449.8], [353.31, 446.84], [350.25, 445.48], [348.76, 445.02], [350.63, 440.32], [351.37, 439.54], [354.92, 438.32], [357.18, 438.23], [359.01, 439.16], [361.59, 442.03], [363.04, 443.17], [362.42, 443.64], [361.27, 450.5], [371.68, 451.74], [369.7, 460.5], [371.44, 462.99], [370.34, 464.68], [373.93, 468.47], [374.19, 468.75], [377.61, 470.43], [378.95, 470.94], [383.75, 473.17], [384.74, 473.93], [385.48, 474.77], [386.8, 476.7], [388.32, 480.15], [388.78, 480.45], [391.77, 482.92], [393.69, 483.89], [397.56, 489.31], [400.12, 488.66]]}}, {"type": "Feature", "properties": {"rl": 88, "major": false}, "geometry": {"type": "LineString", "coordinates": [[340.91, 483.01], [344.28, 479.81]]}}, {"type": "Feature", "properties": {"rl": 88, "major": false}, "geometry": {"type": "LineString", "coordinates": [[356.44, 581.25], [356.14, 581.05], [351.86, 574.27], [351.35, 570.83], [352.61, 568.39], [357.03, 563.94], [357.03, 562.93], [353.42, 556.4], [352.83, 555.39], [352.21, 554.5], [349.91, 552.14], [348.6, 550.68], [347.87, 549.72], [346.77, 548.18], [346.28, 547.91], [343.7, 545.39], [343.63, 545.39], [342.41, 545.42], [342.22, 545.11], [338.72, 541.78], [338.45, 541.57], [336.78, 540.91], [338.13, 539.1], [338.17, 538.74], [335.01, 534.53], [337.27, 532.61], [341.13, 536.03], [341.07, 536.33], [341.55, 535.72], [341.53, 535.64], [342.06, 535.03], [339.85, 531.3], [337.64, 529.05], [336.86, 528.3], [332.49, 523.79], [335.82, 521.7], [336.53, 521.25], [334.86, 520.27], [331.82, 522.42], [331.73, 522.5], [328.66, 518.57], [333.41, 516.42], [333.2, 515.19], [332.99, 515.52], [332.68, 515.24], [330.01, 516.37], [326.71, 517.98], [322.02, 512.24], [323.38, 510.85], [320.86, 507.37], [318.94, 506.65], [319.11, 503.22], [319.12, 500.44], [319.54, 499.7], [319.55, 496.97], [319.76, 496.33], [322.5, 494.83], [322.51, 494.62], [323.03, 494.59], [323.12, 494.86], [323.12, 494.87], [324.0, 496.07], [325.36, 494.92], [325.26, 494.89], [324.89, 492.55], [328.66, 490.05], [329.88, 488.96], [334.0, 489.32], [334.33, 489.54], [335.05, 488.36], [335.13, 488.35], [335.71, 487.68], [335.71, 487.68], [335.73, 487.71], [335.74, 487.7], [339.26, 484.62], [339.37, 484.21]]}}, {"type": "Feature", "properties": {"rl": 88, "major": false}, "geometry": {"type": "LineString", "coordinates": [[328.59, 596.71], [334.97, 594.15], [336.48, 593.42], [337.9, 592.97], [341.23, 594.09], [347.17, 590.82], [349.49, 588.86], [353.65, 587.85], [357.55, 587.53], [356.45, 581.23]]}}, {"type": "Feature", "properties": {"rl": 88, "major": false}, "geometry": {"type": "LineString", "coordinates": [[265.66, 557.06], [267.42, 558.68], [266.84, 557.32], [266.84, 557.32], [265.94, 555.8], [263.07, 552.3]]}}, {"type": "Feature", "properties": {"rl": 88, "major": false}, "geometry": {"type": "LineString", "coordinates": [[227.47, 505.28], [229.14, 505.41], [229.04, 503.48], [229.04, 503.46], [229.07, 503.47], [229.09, 503.48], [232.54, 506.26], [236.69, 507.34], [238.16, 508.74], [239.01, 509.17], [242.15, 510.55], [246.37, 511.95], [248.53, 513.62], [248.97, 514.1], [249.21, 514.44], [250.03, 515.22], [251.25, 517.31], [251.26, 517.34], [251.71, 517.13], [253.16, 519.08], [256.59, 523.05], [257.1, 523.46], [257.66, 524.53], [258.65, 527.18], [261.37, 529.02], [263.25, 531.67], [264.93, 533.83], [267.04, 537.56], [269.31, 540.14], [268.04, 542.09], [267.92, 544.98], [271.18, 547.69], [273.63, 550.05], [274.56, 550.8], [277.77, 553.11], [284.29, 560.57], [284.42, 560.85], [284.94, 561.16], [290.42, 567.1], [292.36, 567.79], [295.19, 569.55], [296.49, 570.11], [297.59, 571.91], [299.82, 572.72], [300.63, 573.07], [300.21, 573.16], [297.92, 574.51], [296.84, 576.18], [295.22, 579.49], [296.99, 580.71], [300.32, 581.46], [302.98, 584.43], [304.9, 585.86], [306.75, 585.91], [311.31, 585.36], [313.88, 587.09], [315.9, 588.23], [320.97, 591.16]]}}, {"type": "Feature", "properties": {"rl": 88, "major": false}, "geometry": {"type": "LineString", "coordinates": [[625.17, 130.08], [625.61, 129.96], [626.34, 130.26], [626.9, 130.14], [628.23, 128.97], [635.52, 130.23], [637.71, 131.68], [644.54, 137.88], [646.29, 143.46], [646.62, 144.09], [646.8, 144.23], [646.88, 144.26], [647.41, 144.74], [654.08, 144.88], [655.44, 147.87], [657.74, 149.6], [659.44, 150.97], [662.41, 153.87], [666.7, 156.84], [667.36, 157.11], [672.53, 160.1], [672.89, 160.35], [673.16, 160.54], [675.53, 162.28], [677.46, 163.64], [677.66, 163.83], [681.28, 166.95], [682.35, 167.56], [686.91, 170.55], [687.19, 170.84], [692.29, 175.66], [692.78, 176.2], [693.39, 176.87], [696.33, 179.35], [697.48, 180.36], [697.69, 180.54], [699.16, 182.33], [701.63, 185.31], [702.68, 186.1], [705.92, 188.58], [710.08, 193.74], [710.21, 193.98], [712.46, 195.97], [713.8, 197.04], [716.91, 199.35], [718.12, 199.09], [720.32, 202.3], [723.35, 206.08], [725.28, 206.77], [728.32, 207.69], [731.4, 209.17], [731.68, 209.19]]}}, {"type": "Feature", "properties": {"rl": 88, "major": false}, "geometry": {"type": "LineString", "coordinates": [[809.14, 327.53], [811.22, 327.83], [813.03, 327.57], [815.12, 326.81]]}}, {"type": "Feature", "properties": {"rl": 88, "major": false}, "geometry": {"type": "LineString", "coordinates": [[816.42, 327.2], [818.47, 327.49], [820.47, 326.94], [823.74, 326.62]]}}, {"type": "Feature", "properties": {"rl": 88, "major": false}, "geometry": {"type": "LineString", "coordinates": [[823.79, 326.43], [826.37, 326.09]]}}, {"type": "Feature", "properties": {"rl": 88, "major": false}, "geometry": {"type": "LineString", "coordinates": [[318.75, 441.02], [314.26, 440.55], [311.9, 439.99], [311.52, 439.42], [309.54, 435.28], [310.2, 432.38], [309.47, 430.57], [310.82, 429.99], [312.31, 430.18], [316.5, 430.12], [318.72, 430.05], [318.8, 429.94], [321.76, 430.73], [324.66, 431.28], [325.12, 431.48], [325.04, 431.94], [324.95, 432.44], [325.47, 435.82], [325.11, 439.3], [326.62, 441.3], [324.58, 441.01], [323.92, 440.14], [318.75, 441.02]]}}, {"type": "Feature", "properties": {"rl": 88, "major": false}, "geometry": {"type": "LineString", "coordinates": [[324.32, 172.22], [328.63, 174.41], [334.85, 164.34], [326.26, 170.62], [324.32, 172.22]]}}, {"type": "Feature", "properties": {"rl": 88, "major": false}, "geometry": {"type": "LineString", "coordinates": [[347.58, 466.26], [346.93, 466.63], [343.46, 468.11], [342.92, 468.66], [342.6, 468.46], [342.0, 468.68], [340.92, 469.22], [341.71, 467.9], [341.96, 466.07], [346.22, 465.56], [346.98, 464.54], [347.58, 466.26]]}}, {"type": "Feature", "properties": {"rl": 88, "major": false}, "geometry": {"type": "LineString", "coordinates": [[284.4, 550.92], [284.26, 551.53], [284.43, 553.23], [284.52, 560.36], [281.87, 551.22], [283.56, 550.83], [283.83, 551.1], [284.4, 550.92]]}}, {"type": "Feature", "properties": {"rl": 88, "major": false}, "geometry": {"type": "LineString", "coordinates": [[369.72, 192.05], [367.85, 194.32], [368.54, 195.79], [370.82, 197.25], [371.73, 195.63], [371.51, 194.45], [370.46, 194.56], [369.72, 192.05]]}}, {"type": "Feature", "properties": {"rl": 88, "major": false}, "geometry": {"type": "LineString", "coordinates": [[344.64, 455.96], [340.74, 457.6], [338.99, 455.93], [336.43, 456.76], [334.84, 456.57], [333.05, 454.34], [334.49, 451.68], [335.81, 451.11], [340.3, 448.57], [345.25, 449.88], [344.64, 455.96]]}}, {"type": "Feature", "properties": {"rl": 88, "major": false}, "geometry": {"type": "LineString", "coordinates": [[319.38, 452.21], [320.04, 451.86], [321.35, 450.99], [321.25, 451.17], [322.87, 453.75], [320.8, 454.0], [319.49, 452.75], [319.38, 452.21]]}}, {"type": "Feature", "properties": {"rl": 88, "major": false}, "geometry": {"type": "LineString", "coordinates": [[328.22, 474.75], [326.91, 475.36], [327.21, 473.4], [327.92, 473.0], [328.97, 474.14], [328.22, 474.75]]}}, {"type": "Feature", "properties": {"rl": 88, "major": false}, "geometry": {"type": "LineString", "coordinates": [[323.23, 251.54], [322.95, 250.64], [322.46, 248.87], [324.34, 246.26], [325.36, 250.85], [323.23, 251.54]]}}, {"type": "Feature", "properties": {"rl": 88, "major": false}, "geometry": {"type": "LineString", "coordinates": [[343.53, 434.49], [340.44, 437.55], [335.56, 432.72], [340.45, 431.42], [344.05, 433.43], [343.53, 434.49]]}}, {"type": "Feature", "properties": {"rl": 88, "major": false}, "geometry": {"type": "LineString", "coordinates": [[329.65, 268.83], [329.69, 268.61], [330.67, 267.9], [334.71, 267.03], [331.01, 269.85], [329.95, 270.2], [329.65, 268.83]]}}, {"type": "Feature", "properties": {"rl": 88, "major": false}, "geometry": {"type": "LineString", "coordinates": [[334.65, 449.4], [330.69, 446.89], [331.21, 444.68], [335.59, 441.66], [339.58, 439.55], [340.05, 447.95], [334.65, 449.4]]}}, {"type": "Feature", "properties": {"rl": 88, "major": false}, "geometry": {"type": "LineString", "coordinates": [[326.34, 469.75], [326.64, 470.25], [326.11, 470.45], [325.84, 470.05], [326.34, 469.75]]}}, {"type": "Feature", "properties": {"rl": 89, "major": false}, "geometry": {"type": "LineString", "coordinates": [[820.96, 132.74], [819.91, 131.54], [819.48, 130.97], [817.44, 126.18]]}}, {"type": "Feature", "properties": {"rl": 89, "major": false}, "geometry": {"type": "LineString", "coordinates": [[831.86, 157.0], [833.58, 155.01], [831.51, 154.51], [830.57, 151.53], [829.28, 148.51], [826.91, 143.97], [826.6, 143.33], [826.04, 141.89], [823.87, 140.13], [823.05, 136.58], [822.86, 135.72]]}}, {"type": "Feature", "properties": {"rl": 89, "major": false}, "geometry": {"type": "LineString", "coordinates": [[694.77, 186.64], [697.15, 187.97], [704.35, 193.36], [706.09, 194.69], [708.32, 197.47], [709.47, 199.58], [708.67, 204.27], [708.9, 204.94], [712.42, 212.01], [712.83, 212.64], [715.41, 217.32], [715.73, 217.57], [715.9, 217.54]]}}, {"type": "Feature", "properties": {"rl": 89, "major": false}, "geometry": {"type": "LineString", "coordinates": [[552.54, 539.58], [554.61, 538.96], [556.26, 538.22], [558.86, 537.36], [561.42, 537.03], [563.01, 536.62], [570.23, 537.7], [572.63, 538.9], [580.07, 537.85], [579.57, 541.21], [585.51, 541.22], [586.55, 539.19], [586.86, 538.94], [585.42, 533.94], [583.54, 531.01], [583.62, 523.92], [583.61, 523.66], [583.66, 523.54], [583.67, 523.54], [583.69, 523.34], [582.95, 512.42], [586.57, 507.76], [588.77, 504.73], [590.41, 504.11], [598.39, 499.22], [597.12, 495.92], [598.46, 493.46], [595.85, 485.5], [592.78, 481.63], [583.36, 477.28], [582.87, 477.13], [582.48, 476.85], [574.35, 472.77], [567.72, 469.82], [567.44, 469.57], [566.12, 470.06], [560.73, 472.32], [553.7, 467.86], [550.73, 466.16], [544.13, 461.57], [538.03, 458.14], [534.18, 455.5], [529.5, 452.3], [525.2, 449.34], [515.61, 440.99], [510.81, 438.62], [509.61, 436.96]]}}, {"type": "Feature", "properties": {"rl": 89, "major": false}, "geometry": {"type": "LineString", "coordinates": [[508.72, 532.38], [509.21, 532.31], [509.26, 532.3], [509.63, 532.01], [509.72, 532.39]]}}, {"type": "Feature", "properties": {"rl": 89, "major": false}, "geometry": {"type": "LineString", "coordinates": [[452.05, 501.13], [452.36, 501.31], [452.82, 501.58], [464.91, 508.31], [465.82, 508.85], [466.81, 507.88], [469.5, 509.31], [470.27, 512.49], [468.92, 513.14], [471.62, 514.34], [473.78, 515.67], [474.65, 517.28], [476.64, 522.53], [477.78, 523.9], [478.95, 526.74], [483.27, 533.82], [483.49, 534.65]]}}, {"type": "Feature", "properties": {"rl": 89, "major": false}, "geometry": {"type": "LineString", "coordinates": [[489.93, 420.1], [474.39, 411.08], [473.39, 408.8], [473.13, 405.5], [472.86, 404.51], [472.35, 402.92], [470.86, 400.63], [469.44, 400.85], [462.55, 399.71], [460.28, 397.43], [460.42, 393.15], [459.25, 390.74], [457.03, 389.88], [446.91, 386.93], [449.66, 384.28], [448.96, 383.61], [447.89, 383.7], [439.91, 377.46], [440.05, 376.58], [436.74, 372.71], [432.77, 370.28], [423.46, 370.29], [420.78, 370.17], [410.63, 363.61], [407.18, 361.86], [405.14, 361.49], [402.84, 354.13], [398.01, 343.8], [398.71, 339.17], [400.12, 335.11], [402.28, 328.2], [405.51, 326.04], [406.65, 319.16], [406.93, 314.01], [408.13, 311.68], [407.36, 305.23], [406.12, 301.97], [408.37, 301.1], [407.89, 299.63], [405.19, 298.27], [403.0, 298.11], [399.45, 298.29], [398.37, 298.46], [391.93, 298.09], [388.36, 297.51], [385.92, 296.86], [383.03, 295.77], [378.07, 292.66], [375.5, 291.43], [373.93, 290.57], [372.3, 289.84], [369.77, 288.63], [367.32, 287.26], [366.41, 286.25], [363.57, 284.37], [359.21, 280.99], [355.03, 280.08], [354.38, 279.65], [353.26, 278.45], [351.06, 277.0], [348.86, 275.67], [347.26, 274.39], [347.44, 274.35], [345.35, 272.03], [342.95, 268.65], [342.76, 268.41], [342.12, 267.98], [341.93, 267.77], [339.72, 263.0], [339.2, 261.49], [337.96, 260.08], [337.57, 256.56], [336.98, 254.47], [336.17, 249.41], [335.92, 247.29], [334.93, 239.02], [334.83, 238.18], [334.81, 237.77], [334.66, 235.52], [334.49, 232.1], [334.5, 230.75], [334.61, 228.15], [332.91, 226.75], [330.5, 223.73], [323.71, 224.99], [319.36, 224.21], [316.46, 223.36], [314.26, 222.25], [308.43, 219.0], [308.55, 215.42], [307.55, 213.67], [306.9, 211.63], [308.16, 208.74], [307.77, 198.19], [309.78, 195.2], [310.12, 191.98], [313.4, 181.03], [313.3, 180.58], [311.79, 176.99], [314.8, 177.18], [317.34, 177.91], [316.37, 178.7], [323.07, 182.11], [323.07, 182.13], [333.1, 187.21], [335.24, 188.3], [338.64, 189.65], [338.65, 189.63], [337.82, 185.84], [347.13, 164.95], [361.17, 162.29], [365.53, 158.66], [365.54, 157.97], [366.03, 152.55]]}}, {"type": "Feature", "properties": {"rl": 89, "major": false}, "geometry": {"type": "LineString", "coordinates": [[429.42, 498.72], [432.11, 499.08]]}}, {"type": "Feature", "properties": {"rl": 89, "major": false}, "geometry": {"type": "LineString", "coordinates": [[355.44, 483.63], [355.43, 483.59], [352.06, 481.18], [355.07, 479.81], [355.45, 477.06], [352.08, 468.74], [356.21, 465.9], [356.82, 465.79], [359.02, 467.95], [363.95, 467.63], [362.16, 464.16], [362.48, 464.27], [358.54, 458.1], [357.02, 459.44], [354.6, 455.32], [354.48, 453.88], [359.26, 446.03], [359.54, 444.76], [358.92, 444.06], [353.72, 442.46], [354.5, 440.51], [354.81, 440.19], [356.27, 439.69], [357.2, 439.65], [357.96, 440.04], [359.03, 441.22], [362.0, 443.55], [361.68, 443.79], [360.19, 452.68], [366.41, 453.42], [365.23, 458.66], [368.84, 463.81], [367.83, 465.37], [367.35, 465.64], [367.3, 467.94], [367.39, 470.1], [367.81, 471.23], [369.03, 471.98], [371.6, 471.98], [372.2, 472.01], [372.45, 472.14], [375.59, 473.48], [377.83, 478.42], [377.19, 480.73], [377.73, 481.28], [378.41, 481.84], [383.95, 486.03], [384.37, 486.4], [386.4, 486.91], [388.74, 485.51], [390.65, 488.68], [390.57, 489.3], [393.26, 489.81], [395.91, 490.88], [397.67, 490.43]]}}, {"type": "Feature", "properties": {"rl": 89, "major": false}, "geometry": {"type": "LineString", "coordinates": [[350.72, 480.4], [355.37, 483.57]]}}, {"type": "Feature", "properties": {"rl": 89, "major": false}, "geometry": {"type": "LineString", "coordinates": [[344.05, 479.04], [346.31, 476.75], [346.4, 476.6], [350.25, 480.04]]}}, {"type": "Feature", "properties": {"rl": 89, "major": false}, "geometry": {"type": "LineString", "coordinates": [[342.17, 482.87], [345.1, 480.08]]}}, {"type": "Feature", "properties": {"rl": 89, "major": false}, "geometry": {"type": "LineString", "coordinates": [[343.52, 494.62], [342.44, 494.36], [342.21, 494.45], [342.68, 495.7], [343.01, 495.23], [342.87, 494.72], [343.59, 494.68], [343.64, 494.72]]}}, {"type": "Feature", "properties": {"rl": 89, "major": false}, "geometry": {"type": "LineString", "coordinates": [[334.81, 518.67], [334.65, 518.66], [333.85, 513.82], [332.94, 515.17], [332.9, 515.19], [332.45, 514.17], [332.24, 514.31], [331.6, 512.56], [332.19, 514.33], [327.51, 516.62], [323.71, 511.97], [328.1, 507.52], [328.13, 507.5], [328.28, 507.42], [331.94, 502.48], [332.65, 502.16], [333.51, 501.36], [332.03, 499.88], [331.05, 500.53], [326.99, 501.47], [326.27, 503.98], [323.59, 502.97], [323.68, 501.24], [322.42, 497.62], [322.36, 497.44], [323.72, 496.43], [324.02, 496.84], [326.51, 494.73], [326.45, 494.72], [326.22, 493.26], [328.56, 491.7], [330.59, 489.9], [333.64, 490.17], [333.89, 490.33], [334.71, 488.98], [335.29, 488.59], [335.11, 488.38], [335.11, 488.37], [335.2, 488.37], [335.66, 487.83], [335.7, 487.81], [336.03, 488.23], [336.1, 488.16], [339.13, 485.52], [339.22, 485.16]]}}, {"type": "Feature", "properties": {"rl": 89, "major": false}, "geometry": {"type": "LineString", "coordinates": [[359.06, 578.03], [356.62, 576.43], [354.66, 573.32], [354.43, 571.74], [355.0, 570.62], [358.62, 566.98], [360.41, 565.13], [360.44, 563.83], [359.55, 559.91], [356.92, 555.68], [355.84, 554.96], [355.47, 554.12], [354.13, 552.19], [352.85, 550.88], [350.88, 548.68], [349.97, 547.4], [347.79, 546.19], [346.22, 544.66], [345.27, 544.62], [345.41, 544.29], [344.47, 544.26], [343.68, 543.36], [339.42, 539.51], [342.47, 535.65], [342.31, 535.16], [344.54, 532.6], [344.64, 532.45], [340.05, 527.56], [339.86, 527.38], [339.73, 522.1]]}}, {"type": "Feature", "properties": {"rl": 89, "major": false}, "geometry": {"type": "LineString", "coordinates": [[363.33, 608.21], [361.84, 593.46], [360.39, 584.92], [359.17, 577.91]]}}, {"type": "Feature", "properties": {"rl": 89, "major": false}, "geometry": {"type": "LineString", "coordinates": [[327.33, 600.78], [328.65, 601.61], [330.88, 605.9], [333.07, 605.94], [339.45, 610.77], [340.66, 613.01], [340.63, 612.28], [342.91, 614.23], [344.56, 613.0], [345.12, 609.99], [345.75, 609.84], [358.71, 611.45], [359.0, 611.29], [359.14, 611.31], [363.29, 608.85], [363.32, 608.9], [363.35, 608.96]]}}, {"type": "Feature", "properties": {"rl": 89, "major": false}, "geometry": {"type": "LineString", "coordinates": [[275.05, 571.3], [280.63, 577.28], [280.72, 577.42], [280.8, 577.8], [281.33, 577.67], [285.51, 573.77], [286.25, 574.29], [291.75, 573.81], [292.99, 575.75], [295.08, 577.15], [293.41, 580.56], [296.73, 582.84], [296.22, 583.19], [296.7, 583.99], [295.06, 590.42], [295.49, 592.23], [297.71, 591.52], [298.95, 590.65], [298.04, 583.85], [304.54, 588.71], [309.57, 588.83], [310.74, 589.03], [311.59, 589.2], [314.74, 590.97], [317.06, 592.32]]}}, {"type": "Feature", "properties": {"rl": 89, "major": false}, "geometry": {"type": "LineString", "coordinates": [[269.41, 561.8], [278.99, 565.24], [274.49, 570.37]]}}, {"type": "Feature", "properties": {"rl": 89, "major": false}, "geometry": {"type": "LineString", "coordinates": [[266.0, 558.19], [268.8, 560.76]]}}, {"type": "Feature", "properties": {"rl": 89, "major": false}, "geometry": {"type": "LineString", "coordinates": [[252.15, 534.53], [256.4, 536.21], [260.84, 541.64], [258.33, 543.81]]}}, {"type": "Feature", "properties": {"rl": 89, "major": false}, "geometry": {"type": "LineString", "coordinates": [[232.24, 510.44], [235.46, 511.29], [237.75, 511.94], [243.31, 513.56], [244.45, 514.09], [245.33, 514.29], [247.75, 516.11], [248.52, 518.16], [249.11, 518.33], [249.61, 518.11], [253.61, 523.48], [253.89, 523.81], [254.02, 523.91], [256.07, 526.27], [256.45, 527.31], [256.66, 527.4], [256.87, 527.96], [255.55, 532.27], [252.56, 531.36], [251.37, 532.96]]}}, {"type": "Feature", "properties": {"rl": 89, "major": false}, "geometry": {"type": "LineString", "coordinates": [[624.28, 134.06], [625.33, 133.78], [627.06, 134.48], [628.39, 134.2], [631.54, 131.43], [634.63, 131.97], [635.55, 132.58], [638.45, 135.2], [639.19, 137.56], [642.69, 144.32], [644.63, 145.73], [645.46, 146.05], [650.58, 150.68], [652.92, 155.25], [653.03, 155.6], [656.67, 157.65], [656.58, 157.85], [661.53, 159.94]]}}, {"type": "Feature", "properties": {"rl": 89, "major": false}, "geometry": {"type": "LineString", "coordinates": [[807.17, 329.45], [809.91, 329.85], [812.3, 329.51], [815.07, 328.51]]}}, {"type": "Feature", "properties": {"rl": 89, "major": false}, "geometry": {"type": "LineString", "coordinates": [[815.74, 328.71], [818.44, 329.09], [821.08, 328.37], [825.39, 327.94]]}}, {"type": "Feature", "properties": {"rl": 89, "major": false}, "geometry": {"type": "LineString", "coordinates": [[825.42, 327.85], [828.82, 327.4]]}}, {"type": "Feature", "properties": {"rl": 89, "major": false}, "geometry": {"type": "LineString", "coordinates": [[852.21, 318.01], [852.39, 318.03], [852.58, 317.78], [852.72, 317.32]]}}, {"type": "Feature", "properties": {"rl": 89, "major": false}, "geometry": {"type": "LineString", "coordinates": [[367.24, 150.05], [370.4, 145.36], [388.8, 131.32], [393.79, 132.43], [394.39, 132.43], [394.98, 131.54], [399.03, 127.84], [400.23, 127.12], [404.82, 126.89], [407.13, 127.69], [408.67, 127.34], [412.67, 125.2], [414.3, 124.84], [414.43, 124.88], [414.83, 124.83], [418.8, 126.75], [421.32, 126.77], [423.76, 126.31], [426.36, 126.34], [428.78, 125.72], [430.71, 125.87], [433.47, 125.89], [433.82, 125.56], [435.98, 125.22], [441.64, 125.43], [443.66, 125.63], [444.81, 125.09], [444.33, 123.27], [444.9, 120.16], [448.88, 119.8], [450.76, 120.49], [451.69, 120.18], [455.18, 118.62], [456.67, 116.76], [457.33, 117.65], [461.28, 116.63], [465.21, 115.43], [465.82, 115.35], [466.84, 115.56], [474.41, 114.51], [476.33, 114.39], [477.01, 114.35], [478.1, 114.11], [484.81, 115.19], [484.95, 115.34], [485.02, 115.48], [493.05, 116.53], [501.73, 117.82], [502.38, 118.09], [503.3, 118.46], [514.95, 123.96], [516.38, 125.81], [524.64, 128.67], [525.06, 128.97], [525.66, 128.87], [526.31, 128.71], [531.37, 126.8], [536.07, 126.27], [536.49, 126.28]]}}, {"type": "Feature", "properties": {"rl": 89, "major": false}, "geometry": {"type": "LineString", "coordinates": [[316.35, 433.72], [317.31, 433.87], [317.9, 433.3], [317.85, 438.94], [314.05, 438.04], [313.03, 436.48], [312.34, 435.04], [312.71, 433.44], [316.35, 433.72]]}}, {"type": "Feature", "properties": {"rl": 89, "major": false}, "geometry": {"type": "LineString", "coordinates": [[337.36, 523.52], [337.66, 523.33], [338.73, 522.64], [338.26, 524.41], [337.75, 523.92], [337.36, 523.52]]}}, {"type": "Feature", "properties": {"rl": 89, "major": false}, "geometry": {"type": "LineString", "coordinates": [[380.69, 195.62], [382.61, 191.25], [382.23, 189.18], [373.04, 190.14], [366.6, 168.34], [364.91, 170.38], [361.36, 191.9], [361.35, 191.9], [361.27, 193.27], [362.88, 196.89], [362.71, 200.93], [364.92, 204.27], [369.14, 207.04], [371.12, 208.11], [373.84, 207.51], [377.35, 207.2], [378.59, 206.31], [379.88, 204.47], [382.11, 199.71], [382.37, 198.79], [382.69, 197.34], [380.69, 195.62]]}}, {"type": "Feature", "properties": {"rl": 89, "major": false}, "geometry": {"type": "LineString", "coordinates": [[323.49, 251.24], [323.29, 250.6], [322.95, 249.36], [324.27, 247.52], [324.99, 250.75], [323.49, 251.24]]}}, {"type": "Feature", "properties": {"rl": 89, "major": false}, "geometry": {"type": "LineString", "coordinates": [[390.47, 313.78], [387.97, 307.33], [387.45, 306.56], [388.41, 304.11], [388.34, 306.59], [390.69, 312.27], [392.12, 311.87], [392.39, 313.51], [391.24, 314.31], [390.47, 313.78]]}}, {"type": "Feature", "properties": {"rl": 89, "major": false}, "geometry": {"type": "LineString", "coordinates": [[339.38, 539.42], [339.1, 538.96], [339.18, 538.23], [338.56, 537.4], [339.0, 537.02], [339.76, 537.69], [339.38, 539.42]]}}, {"type": "Feature", "properties": {"rl": 89, "major": false}, "geometry": {"type": "LineString", "coordinates": [[342.15, 433.94], [340.83, 435.23], [338.77, 433.19], [340.84, 432.63], [342.36, 433.49], [342.15, 433.94]]}}, {"type": "Feature", "properties": {"rl": 89, "major": false}, "geometry": {"type": "LineString", "coordinates": [[330.41, 268.98], [330.43, 268.9], [330.77, 268.65], [332.19, 268.35], [330.89, 269.34], [330.52, 269.46], [330.41, 268.98]]}}, {"type": "Feature", "properties": {"rl": 89, "major": false}, "geometry": {"type": "LineString", "coordinates": [[335.84, 446.51], [334.92, 445.93], [335.04, 445.43], [336.05, 444.73], [336.97, 444.24], [337.08, 446.18], [335.84, 446.51]]}}, {"type": "Feature", "properties": {"rl": 90, "major": true}, "geometry": {"type": "LineString", "coordinates": [[837.11, 156.46], [838.15, 155.24], [832.43, 153.86], [832.37, 153.69], [829.98, 148.08], [829.59, 147.34], [827.46, 142.86], [827.16, 142.1], [828.73, 139.86], [828.82, 137.39], [828.42, 135.59]]}}, {"type": "Feature", "properties": {"rl": 90, "major": true}, "geometry": {"type": "LineString", "coordinates": [[697.44, 195.63], [705.01, 199.87], [706.01, 200.62], [706.26, 200.8], [706.57, 201.19], [706.73, 201.48], [706.61, 202.13], [707.77, 205.53], [709.38, 208.77], [712.18, 213.12], [713.67, 215.81], [714.22, 218.07], [712.16, 219.6]]}}, {"type": "Feature", "properties": {"rl": 90, "major": true}, "geometry": {"type": "LineString", "coordinates": [[589.59, 541.6], [590.1, 540.42], [589.72, 538.0], [589.22, 531.95], [589.17, 531.82], [589.13, 531.71], [586.1, 523.99], [585.93, 523.24], [585.6, 521.29], [585.03, 512.77], [587.78, 509.22], [589.45, 506.92], [591.71, 506.07], [602.73, 499.33], [602.24, 498.07], [602.75, 497.13], [598.89, 485.37], [594.35, 479.65], [586.23, 475.89], [585.2, 474.26], [580.97, 473.36], [575.87, 470.8], [571.1, 468.68], [569.11, 467.05], [567.56, 467.62], [566.31, 468.12], [561.82, 470.0], [557.46, 467.24], [552.77, 464.55], [546.95, 460.5], [537.66, 455.28], [531.8, 451.26], [529.14, 449.44], [526.69, 447.75], [512.88, 435.72], [511.01, 434.8], [510.54, 434.15]]}}, {"type": "Feature", "properties": {"rl": 90, "major": true}, "geometry": {"type": "LineString", "coordinates": [[585.9, 551.03], [585.77, 550.5], [587.3, 549.3]]}}, {"type": "Feature", "properties": {"rl": 90, "major": true}, "geometry": {"type": "LineString", "coordinates": [[551.89, 543.57], [555.49, 541.99], [556.41, 541.71], [559.84, 540.17], [561.02, 539.78], [562.18, 539.63], [562.9, 539.45], [566.16, 539.94], [570.83, 542.26], [569.44, 546.7], [569.45, 548.33], [571.04, 549.4], [572.05, 550.37], [574.54, 551.69], [578.24, 553.5], [583.7, 554.84]]}}, {"type": "Feature", "properties": {"rl": 90, "major": true}, "geometry": {"type": "LineString", "coordinates": [[445.07, 503.68], [450.08, 506.58], [457.72, 511.0], [459.27, 511.86], [462.8, 513.93], [463.18, 514.12], [472.38, 518.36], [472.62, 519.13], [474.58, 524.24], [474.91, 524.77], [475.67, 526.59], [477.51, 531.07], [479.59, 534.47], [480.41, 537.62]]}}, {"type": "Feature", "properties": {"rl": 90, "major": true}, "geometry": {"type": "LineString", "coordinates": [[501.27, 425.94], [493.4, 419.03], [491.19, 416.99], [490.27, 416.43], [487.64, 414.31], [479.28, 410.5], [476.63, 408.96], [476.53, 408.73], [476.5, 408.3], [476.22, 404.7], [475.82, 403.45], [471.08, 396.17], [466.59, 396.86], [465.5, 396.68], [465.14, 396.32], [465.16, 395.64], [461.76, 388.64], [455.32, 386.14], [450.53, 384.75], [451.83, 383.49], [450.32, 382.05], [448.0, 382.23], [441.23, 376.94], [441.46, 375.54], [436.18, 369.4], [434.5, 368.37], [423.92, 368.38], [422.94, 368.4], [422.6, 368.1], [420.0, 366.51], [408.96, 359.38], [408.17, 358.98], [407.69, 358.89], [407.16, 357.19], [400.19, 342.27], [400.42, 340.73], [400.89, 339.39], [404.01, 329.43], [408.67, 326.31], [410.31, 316.39], [410.41, 314.56], [410.84, 313.74], [410.56, 311.45], [407.12, 302.43], [412.71, 300.26], [413.23, 300.13], [412.67, 297.93], [412.01, 295.94], [411.64, 295.75], [401.53, 295.01], [399.91, 295.09], [396.92, 295.57], [395.95, 295.51], [393.6, 295.13], [390.08, 294.37], [387.5, 293.93], [384.23, 292.7], [377.36, 288.4], [376.84, 288.03], [376.42, 287.82], [374.36, 286.96], [368.62, 283.5], [368.13, 283.11], [366.09, 281.59], [359.19, 276.25], [358.13, 276.02], [357.41, 275.53], [351.99, 271.75], [351.54, 271.47], [350.22, 270.25], [348.07, 268.54], [348.04, 268.51], [347.21, 267.49], [346.08, 266.03], [345.92, 265.93], [344.67, 264.62], [343.36, 262.26], [342.22, 260.29], [340.69, 259.64], [340.38, 255.04], [339.86, 253.39], [338.89, 247.16], [338.55, 246.03], [337.85, 240.31], [337.72, 237.03], [337.59, 234.45], [337.63, 227.83], [337.64, 227.58], [332.95, 223.74], [331.28, 221.65], [321.73, 223.43], [318.6, 222.87], [316.51, 222.25], [314.93, 221.46], [310.74, 219.12], [310.87, 215.0], [310.19, 213.81], [309.75, 212.41], [311.28, 208.9], [311.03, 202.22], [314.29, 197.37], [314.45, 195.86], [316.45, 189.18], [325.22, 193.63], [328.67, 195.39], [332.59, 197.25], [339.43, 199.97], [345.13, 200.89], [347.74, 201.96], [353.43, 203.55], [357.27, 196.47], [351.13, 197.35], [347.61, 195.74], [345.86, 187.71], [351.83, 174.3], [364.21, 171.96], [364.22, 171.95], [360.97, 191.6], [360.97, 191.6], [360.74, 195.11], [361.0, 195.69], [360.57, 206.08], [362.79, 209.44], [365.51, 210.1], [370.51, 214.65], [370.41, 215.68], [370.99, 216.34], [371.61, 216.68], [372.27, 216.36], [379.11, 214.75], [380.74, 214.96], [381.0, 213.16], [382.43, 210.71], [385.76, 203.72], [386.05, 203.1], [386.28, 202.3], [386.85, 200.03], [387.25, 198.94], [388.21, 194.29], [388.27, 194.03], [388.24, 194.01], [388.54, 193.34], [391.67, 185.17], [392.11, 184.07], [394.76, 177.78], [396.32, 174.68], [396.46, 172.64], [394.66, 172.05]]}}, {"type": "Feature", "properties": {"rl": 90, "major": true}, "geometry": {"type": "LineString", "coordinates": [[435.13, 502.61], [436.31, 502.78]]}}, {"type": "Feature", "properties": {"rl": 90, "major": true}, "geometry": {"type": "LineString", "coordinates": [[355.61, 484.1], [355.46, 483.57], [354.18, 482.65], [355.33, 482.13], [356.06, 476.78], [353.65, 470.84], [356.61, 468.8], [357.72, 468.61], [359.25, 470.12], [365.12, 469.74], [365.54, 470.02], [366.61, 472.87], [370.91, 475.52], [371.86, 475.52], [372.94, 475.99], [373.64, 477.51], [373.44, 478.23], [376.87, 481.7], [381.16, 485.27], [383.2, 486.82], [383.81, 487.35], [384.29, 488.62], [387.84, 489.5], [388.73, 489.56], [388.57, 490.81], [394.23, 491.89]]}}, {"type": "Feature", "properties": {"rl": 90, "major": true}, "geometry": {"type": "LineString", "coordinates": [[350.7, 480.63], [354.65, 483.32]]}}, {"type": "Feature", "properties": {"rl": 90, "major": true}, "geometry": {"type": "LineString", "coordinates": [[344.42, 478.87], [346.27, 477.0], [346.34, 476.87], [349.49, 479.69]]}}, {"type": "Feature", "properties": {"rl": 90, "major": true}, "geometry": {"type": "LineString", "coordinates": [[343.42, 482.73], [345.92, 480.36]]}}, {"type": "Feature", "properties": {"rl": 90, "major": true}, "geometry": {"type": "LineString", "coordinates": [[342.66, 494.02], [341.76, 493.81], [341.11, 494.05], [342.44, 497.56], [343.38, 496.26], [342.97, 494.8], [343.58, 494.77], [344.22, 495.31]]}}, {"type": "Feature", "properties": {"rl": 90, "major": true}, "geometry": {"type": "LineString", "coordinates": [[336.97, 516.15], [335.1, 516.12], [334.5, 512.44], [333.81, 513.47], [332.82, 513.92], [332.48, 513.15], [332.01, 513.46], [331.06, 510.87], [331.01, 510.88], [331.88, 513.51], [328.31, 515.25], [325.41, 511.71], [328.76, 508.3], [328.86, 508.25], [329.31, 508.02], [332.09, 504.26], [333.58, 503.59], [335.39, 501.91], [332.29, 498.81], [330.24, 500.18], [325.66, 501.24], [324.66, 497.49], [326.12, 495.86], [327.66, 494.55], [327.63, 494.54], [327.54, 493.97], [328.46, 493.36], [331.29, 490.84], [333.28, 491.02], [333.44, 491.13], [333.98, 490.24], [335.77, 489.03], [335.2, 488.4], [335.21, 488.39], [335.28, 488.38], [335.61, 487.99], [335.69, 487.93], [336.33, 488.76], [336.46, 488.62], [338.99, 486.41], [339.07, 486.11]]}}, {"type": "Feature", "properties": {"rl": 90, "major": true}, "geometry": {"type": "LineString", "coordinates": [[361.69, 574.81], [357.89, 572.33], [362.44, 567.62], [362.51, 563.51], [361.79, 560.32], [359.21, 554.71], [357.0, 553.24], [356.05, 551.07], [355.09, 548.8], [353.78, 547.32], [352.58, 546.41], [351.85, 545.89], [349.3, 544.46], [348.75, 543.93], [348.42, 543.91], [348.8, 543.02], [346.26, 542.93], [344.16, 540.55], [341.43, 538.07], [343.38, 535.59], [343.1, 534.67], [344.55, 533.01], [344.94, 532.42], [342.3, 529.62], [341.44, 528.78], [341.34, 524.98]]}}, {"type": "Feature", "properties": {"rl": 90, "major": true}, "geometry": {"type": "LineString", "coordinates": [[364.12, 590.81], [363.32, 582.91], [362.54, 578.34], [361.89, 574.59]]}}, {"type": "Feature", "properties": {"rl": 90, "major": true}, "geometry": {"type": "LineString", "coordinates": [[329.9, 610.8], [333.91, 611.55], [334.45, 611.56], [334.97, 611.95], [335.59, 613.11], [339.66, 618.86], [340.99, 620.31], [342.73, 619.95], [341.79, 619.21], [345.35, 620.16], [351.14, 616.8], [351.49, 614.91], [355.37, 614.03], [356.66, 614.19], [359.17, 612.85], [360.34, 613.02], [362.91, 611.5], [363.94, 613.02], [364.7, 615.02]]}}, {"type": "Feature", "properties": {"rl": 90, "major": true}, "geometry": {"type": "LineString", "coordinates": [[295.51, 596.32], [303.2, 593.85], [305.32, 592.36], [308.31, 592.87], [312.38, 593.69]]}}, {"type": "Feature", "properties": {"rl": 90, "major": true}, "geometry": {"type": "LineString", "coordinates": [[275.12, 572.6], [279.37, 577.15], [279.82, 577.83], [280.16, 579.63], [282.71, 579.03], [284.64, 577.23], [287.46, 579.21], [288.41, 579.12], [289.34, 580.59], [288.4, 581.27], [288.4, 584.4], [289.82, 585.25], [292.31, 589.64], [291.32, 592.16], [292.98, 596.47], [293.23, 596.68]]}}, {"type": "Feature", "properties": {"rl": 90, "major": true}, "geometry": {"type": "LineString", "coordinates": [[269.79, 563.64], [276.99, 566.23], [273.61, 570.08]]}}, {"type": "Feature", "properties": {"rl": 90, "major": true}, "geometry": {"type": "LineString", "coordinates": [[266.34, 559.32], [268.33, 561.14]]}}, {"type": "Feature", "properties": {"rl": 90, "major": true}, "geometry": {"type": "LineString", "coordinates": [[252.79, 536.39], [256.03, 537.68], [259.42, 541.82], [257.5, 543.47]]}}, {"type": "Feature", "properties": {"rl": 90, "major": true}, "geometry": {"type": "LineString", "coordinates": [[235.22, 514.64], [236.65, 515.05], [238.07, 515.47], [243.31, 517.89], [245.77, 518.44], [246.75, 519.43], [247.97, 521.85], [250.21, 525.08], [253.9, 527.84], [253.95, 527.9], [253.95, 527.92], [253.93, 527.99], [253.88, 527.98], [250.71, 532.22]]}}, {"type": "Feature", "properties": {"rl": 90, "major": true}, "geometry": {"type": "LineString", "coordinates": [[623.4, 138.04], [625.05, 137.6], [627.79, 138.71], [629.87, 138.26], [633.74, 134.87], [638.75, 144.55], [642.47, 147.23], [644.05, 147.85], [648.04, 151.46], [649.87, 155.03], [650.23, 156.15], [653.25, 157.85], [652.92, 158.56], [657.11, 160.33]]}}, {"type": "Feature", "properties": {"rl": 90, "major": true}, "geometry": {"type": "LineString", "coordinates": [[805.2, 331.37], [808.61, 331.86], [811.57, 331.44], [815.02, 330.2]]}}, {"type": "Feature", "properties": {"rl": 90, "major": true}, "geometry": {"type": "LineString", "coordinates": [[815.06, 330.21], [818.41, 330.69], [821.69, 329.79], [827.05, 329.26]]}}, {"type": "Feature", "properties": {"rl": 90, "major": true}, "geometry": {"type": "LineString", "coordinates": [[827.05, 329.26], [827.92, 329.15], [830.66, 329.55], [831.36, 329.76], [831.25, 330.13], [830.64, 330.45], [833.39, 339.11], [832.77, 344.73], [834.45, 344.98], [836.72, 343.57], [834.14, 348.37], [834.07, 348.62], [834.92, 351.99], [835.16, 354.71], [835.09, 354.96], [834.99, 355.78], [835.36, 358.99], [835.45, 362.43], [835.36, 362.71], [833.06, 365.77], [834.66, 368.08], [836.64, 368.38], [836.45, 370.2], [838.48, 370.73], [838.61, 370.29], [838.83, 370.32], [838.82, 370.35], [838.69, 370.8], [839.41, 372.14], [839.64, 373.31], [839.53, 373.66], [838.57, 373.51], [838.35, 373.79], [838.25, 374.13], [837.55, 374.63], [837.91, 375.01], [837.89, 375.1], [837.24, 374.91], [836.66, 375.18], [835.8, 375.39], [835.29, 375.62], [833.88, 375.45], [833.86, 375.53], [833.33, 375.37], [833.45, 374.97], [831.8, 372.57], [830.28, 372.99], [828.87, 372.78], [827.51, 370.3], [825.26, 369.64], [817.93, 371.28], [822.36, 377.2], [819.93, 382.15], [826.19, 380.27], [827.05, 380.52], [827.3, 380.47], [829.67, 380.9], [830.12, 380.9], [830.97, 380.61], [831.66, 380.81], [831.25, 382.22], [831.14, 382.61], [830.88, 382.84], [827.49, 387.05], [831.48, 389.11], [834.03, 385.79], [835.3, 385.3], [836.12, 385.55], [838.85, 385.96], [838.88, 385.84], [839.39, 385.3], [841.04, 382.72], [838.57, 382.0], [838.61, 381.87], [838.62, 381.75], [838.66, 381.62], [838.7, 381.55], [838.84, 381.41], [841.4, 381.78], [841.61, 381.63], [841.84, 381.56], [842.59, 381.54], [844.05, 379.7], [844.12, 379.49], [846.88, 376.38], [844.13, 375.57], [843.73, 374.64], [843.76, 374.53], [843.58, 373.54], [843.6, 368.95], [843.64, 368.82], [843.58, 367.83], [843.62, 367.69], [844.27, 361.67], [844.56, 360.71], [844.58, 360.63], [847.69, 361.11], [846.39, 356.73], [844.45, 356.16], [843.37, 355.39], [843.2, 354.64], [842.9, 352.21], [842.97, 351.98], [843.36, 348.37], [843.42, 344.7], [843.35, 344.48], [843.37, 344.42], [843.49, 344.0], [843.72, 343.8], [843.44, 342.84], [843.31, 343.9], [843.31, 343.9], [843.17, 344.38], [840.97, 349.22], [840.76, 344.16], [840.9, 343.69], [840.9, 343.68], [840.74, 343.26], [842.67, 339.47], [840.65, 338.87], [840.29, 335.85], [840.36, 335.6], [841.95, 335.25], [843.34, 335.66], [843.39, 335.47], [843.48, 335.18], [843.38, 334.03], [843.55, 333.61], [843.74, 333.1], [844.05, 332.63], [844.36, 332.27], [844.44, 332.1], [844.56, 331.68], [844.58, 331.62], [844.53, 331.56], [841.14, 328.98], [840.85, 328.9], [840.72, 329.09], [837.1, 328.55], [834.77, 329.18], [831.25, 328.65]]}}, {"type": "Feature", "properties": {"rl": 90, "major": true}, "geometry": {"type": "LineString", "coordinates": [[850.15, 322.44], [852.39, 322.76], [854.69, 319.65], [854.77, 319.39]]}}, {"type": "Feature", "properties": {"rl": 90, "major": true}, "geometry": {"type": "LineString", "coordinates": [[371.13, 157.14], [381.76, 141.35], [391.08, 134.24], [394.24, 134.94], [396.3, 134.3], [399.73, 133.83], [401.26, 133.46], [404.78, 132.98], [408.44, 132.48], [410.41, 132.56], [410.88, 132.55], [414.41, 132.05], [415.34, 131.85], [418.86, 131.36], [419.98, 131.51], [421.31, 131.35], [424.79, 130.84], [429.92, 130.95], [430.49, 130.81], [431.06, 130.85], [433.43, 130.4], [435.78, 130.62], [440.06, 129.46], [443.46, 129.66], [443.52, 129.67], [446.91, 128.08], [445.5, 122.73], [445.59, 122.21], [446.26, 122.14], [451.13, 123.92], [453.56, 123.12], [457.63, 121.3], [460.49, 119.97], [463.44, 119.07], [465.27, 118.84], [468.32, 119.45], [473.45, 118.74], [478.25, 117.64], [480.11, 117.89], [484.95, 119.41], [490.24, 120.19], [500.11, 124.32], [514.12, 130.05], [514.28, 130.13], [514.3, 130.16], [514.42, 130.2], [514.67, 130.37], [520.39, 133.42], [521.02, 133.26], [521.56, 133.33], [526.41, 132.5], [531.26, 131.32], [532.16, 131.04], [536.44, 129.99]]}}, {"type": "Feature", "properties": {"rl": 90, "major": true}, "geometry": {"type": "LineString", "coordinates": [[369.69, 161.46], [369.65, 161.07]]}}, {"type": "Feature", "properties": {"rl": 90, "major": true}, "geometry": {"type": "LineString", "coordinates": [[393.22, 171.89], [392.16, 175.42], [390.9, 184.13], [375.61, 185.73], [369.23, 164.1]]}}, {"type": "Feature", "properties": {"rl": 90, "major": true}, "geometry": {"type": "LineString", "coordinates": [[819.7, 413.57], [821.04, 413.96], [823.05, 410.7], [823.16, 410.33], [823.87, 408.86], [823.18, 405.52], [818.8, 407.88], [817.61, 407.7], [817.51, 408.02], [816.67, 411.55], [817.4, 413.21], [819.7, 413.57]]}}, {"type": "Feature", "properties": {"rl": 90, "major": true}, "geometry": {"type": "LineString", "coordinates": [[820.29, 416.89], [820.22, 416.88], [819.8, 420.36], [819.74, 420.53], [820.6, 421.9], [822.81, 422.56], [824.15, 422.77], [824.85, 422.03], [824.96, 421.65], [829.07, 420.96], [832.01, 421.82], [832.02, 425.4], [836.2, 424.58], [837.97, 423.33], [838.93, 421.0], [838.96, 420.88], [841.48, 421.63], [841.49, 421.63], [841.59, 421.27], [845.36, 420.15], [847.89, 421.73], [849.78, 422.29], [850.05, 420.89], [850.08, 420.8], [850.19, 420.41], [850.42, 419.66], [849.78, 419.47], [846.79, 419.01], [846.57, 416.16], [844.17, 415.45], [842.67, 415.47], [842.01, 414.11], [841.88, 412.64], [841.91, 412.55], [841.0, 404.64], [838.22, 403.82], [837.49, 403.7], [838.2, 402.07], [838.23, 401.97], [840.43, 397.39], [837.68, 396.57], [836.86, 396.45], [837.46, 395.12], [836.79, 393.89], [836.83, 393.78], [836.93, 393.41], [837.83, 393.69], [837.37, 391.54], [835.87, 391.09], [832.29, 391.17], [832.18, 391.54], [832.15, 391.65], [830.37, 395.18], [829.74, 396.25], [829.63, 396.64], [831.06, 400.02], [830.93, 400.44], [830.92, 401.5], [829.49, 408.57], [829.35, 409.03], [830.01, 412.62], [830.43, 412.75], [830.48, 413.66], [830.36, 414.08], [830.34, 414.14], [829.77, 414.46], [829.37, 414.4], [826.28, 413.49], [825.76, 413.48], [820.44, 416.42], [820.29, 416.89]]}}, {"type": "Feature", "properties": {"rl": 90, "major": true}, "geometry": {"type": "LineString", "coordinates": [[820.97, 338.46], [823.42, 331.77], [823.46, 331.66], [820.94, 330.92], [818.3, 332.5], [816.26, 331.9], [816.21, 332.08], [814.92, 333.38], [816.67, 335.89], [816.63, 336.03], [820.97, 338.46]]}}, {"type": "Feature", "properties": {"rl": 90, "major": true}, "geometry": {"type": "LineString", "coordinates": [[813.96, 377.58], [813.99, 371.38], [812.73, 371.19], [810.54, 370.55], [807.79, 375.38], [807.68, 375.73], [809.5, 377.15], [809.72, 377.19], [812.33, 377.97], [812.3, 378.08], [815.2, 381.9], [813.82, 378.06], [813.85, 377.95], [813.96, 377.58]]}}, {"type": "Feature", "properties": {"rl": 90, "major": true}, "geometry": {"type": "LineString", "coordinates": [[815.48, 423.31], [817.58, 423.03], [817.69, 422.68], [817.02, 421.67], [817.06, 421.54], [816.67, 415.95], [816.56, 415.93], [814.34, 415.13], [810.98, 414.14], [807.9, 417.27], [807.76, 417.71], [807.53, 417.8], [807.25, 417.76], [805.62, 421.71], [805.59, 421.83], [802.42, 423.01], [802.4, 420.81], [801.94, 420.75], [799.17, 419.92], [796.35, 419.42], [795.17, 419.89], [792.77, 419.18], [791.94, 419.06], [789.04, 422.14], [788.54, 423.93], [789.05, 424.0], [789.15, 426.27], [790.2, 426.58], [792.42, 426.88], [794.28, 425.48], [794.33, 425.33], [795.85, 425.18], [797.9, 423.75], [798.42, 425.55], [799.24, 425.79], [799.13, 426.15], [803.41, 424.11], [806.89, 422.56], [809.45, 423.32], [810.26, 423.44], [812.89, 422.42], [815.52, 423.2], [815.48, 423.31]]}}, {"type": "Feature", "properties": {"rl": 90, "major": true}, "geometry": {"type": "LineString", "coordinates": [[363.8, 464.81], [358.58, 456.63], [358.08, 457.07], [357.29, 455.72], [357.25, 455.25], [358.81, 452.69], [360.77, 444.02], [360.06, 443.22], [360.96, 443.93], [360.94, 443.95], [359.12, 454.86], [361.15, 455.1], [360.76, 456.81], [366.25, 464.64], [365.86, 465.23], [365.52, 465.42], [365.37, 468.06], [363.67, 464.77], [363.8, 464.81]]}}, {"type": "Feature", "properties": {"rl": 90, "major": true}, "geometry": {"type": "LineString", "coordinates": [[323.75, 250.93], [323.63, 250.56], [323.43, 249.84], [324.2, 248.78], [324.61, 250.65], [323.75, 250.93]]}}, {"type": "Feature", "properties": {"rl": 90, "major": true}, "geometry": {"type": "LineString", "coordinates": [[837.94, 356.0], [837.86, 355.22], [837.94, 354.95], [839.29, 352.86], [839.53, 355.19], [839.47, 355.41], [839.39, 355.67], [837.94, 356.0]]}}, {"type": "Feature", "properties": {"rl": 90, "major": true}, "geometry": {"type": "LineString", "coordinates": [[806.05, 375.63], [803.21, 372.24], [801.85, 372.04], [797.75, 370.75], [795.23, 373.39], [795.14, 373.69], [798.86, 377.43], [799.05, 377.43], [799.05, 377.51], [800.45, 377.58], [800.48, 377.48], [803.04, 378.24], [804.37, 378.29], [804.39, 378.19], [805.91, 376.11], [805.95, 375.98], [806.05, 375.63]]}}, {"type": "Feature", "properties": {"rl": 90, "major": true}, "geometry": {"type": "LineString", "coordinates": [[371.19, 214.63], [366.38, 209.85], [373.85, 208.21], [378.66, 207.78], [379.19, 212.81], [371.19, 214.63]]}}, {"type": "Feature", "properties": {"rl": 90, "major": true}, "geometry": {"type": "LineString", "coordinates": [[791.89, 374.32], [790.46, 376.21], [790.39, 376.42], [790.31, 376.69], [788.42, 376.13], [788.02, 376.41], [787.63, 376.46], [787.61, 376.53], [788.02, 376.86], [791.06, 377.76], [792.3, 382.49], [791.89, 377.94], [791.91, 377.87], [792.03, 377.46], [791.89, 374.32]]}}, {"type": "Feature", "properties": {"rl": 90, "major": true}, "geometry": {"type": "LineString", "coordinates": [[468.13, 510.51], [468.37, 511.53], [463.26, 513.99], [467.26, 510.05], [468.13, 510.51]]}}, {"type": "Feature", "properties": {"rl": 91, "major": false}, "geometry": {"type": "LineString", "coordinates": [[840.31, 152.46], [838.7, 149.91], [836.54, 148.35], [836.23, 147.82], [836.42, 146.2], [836.48, 145.86], [834.68, 141.49], [833.96, 140.15], [834.39, 136.43], [833.86, 134.84]]}}, {"type": "Feature", "properties": {"rl": 91, "major": false}, "geometry": {"type": "LineString", "coordinates": [[842.35, 155.91], [842.73, 155.47], [840.48, 154.93]]}}, {"type": "Feature", "properties": {"rl": 91, "major": false}, "geometry": {"type": "LineString", "coordinates": [[700.11, 204.62], [703.53, 206.54], [704.21, 207.68], [705.07, 207.47], [709.3, 210.12], [711.54, 213.59], [711.72, 213.92], [712.83, 218.47], [708.68, 221.55]]}}, {"type": "Feature", "properties": {"rl": 91, "major": false}, "geometry": {"type": "LineString", "coordinates": [[592.53, 538.45], [592.12, 535.84], [591.94, 533.6], [590.68, 530.42], [589.83, 527.78], [588.5, 524.41], [588.16, 522.88], [587.5, 518.94], [587.1, 513.12], [588.99, 510.69], [590.13, 509.12], [593.01, 508.03], [604.43, 501.05], [605.34, 500.25], [605.55, 500.01], [607.54, 500.27], [606.21, 498.27], [601.92, 485.23], [595.92, 477.66], [589.9, 474.87], [587.69, 471.38], [578.65, 469.47], [577.39, 468.84], [576.22, 468.31], [571.4, 464.37], [567.66, 465.77], [564.65, 466.95], [562.91, 467.68], [561.23, 466.61], [554.82, 462.94], [549.78, 459.44], [537.3, 452.42], [529.43, 447.02], [528.78, 446.58], [528.18, 446.17], [520.41, 439.4], [511.93, 431.73], [509.56, 429.7], [495.69, 417.51], [489.77, 412.05], [487.32, 410.57], [480.31, 404.9], [479.36, 404.47], [479.33, 404.09], [479.3, 403.98], [478.86, 403.31], [475.24, 397.75], [473.24, 394.99], [471.58, 392.28], [468.69, 392.67], [466.03, 390.15], [464.28, 386.54], [455.33, 383.07], [453.9, 382.6], [453.78, 382.62], [451.53, 380.69], [451.17, 380.44], [451.14, 380.54], [448.1, 380.77], [442.55, 376.43], [442.86, 374.51], [436.55, 367.16], [436.0, 366.77], [436.0, 366.59], [435.63, 366.53], [425.44, 366.71], [420.38, 362.35], [410.69, 356.4], [404.59, 343.82], [402.56, 340.78], [405.73, 330.66], [411.82, 326.58], [413.26, 317.9], [413.54, 315.52], [413.88, 314.34], [412.5, 314.34], [408.13, 302.88], [413.02, 300.98], [417.31, 299.95], [416.48, 296.67], [417.04, 293.64], [414.36, 292.35], [411.55, 292.18], [401.01, 291.83], [399.5, 291.83], [397.82, 291.91], [396.48, 291.62], [385.97, 289.83], [385.44, 289.63], [384.31, 288.93], [380.28, 286.06], [376.98, 284.4], [376.58, 284.24], [375.46, 283.56], [369.69, 279.03], [364.61, 275.23], [360.74, 272.04], [359.15, 271.04], [356.64, 269.36], [354.3, 267.9], [352.67, 266.95], [352.49, 266.83], [351.85, 266.09], [351.64, 266.11], [349.94, 263.95], [349.1, 262.87], [348.7, 262.48], [346.89, 260.09], [344.9, 257.09], [344.85, 257.01], [344.84, 257.01], [344.84, 256.97], [342.24, 248.66], [342.07, 247.58], [341.05, 244.11], [340.92, 243.06], [340.81, 240.21], [341.19, 236.94], [341.7, 234.06], [342.13, 231.61], [342.71, 229.19], [343.26, 227.61], [343.84, 226.7], [344.82, 225.31], [347.61, 213.91], [354.82, 216.36], [358.81, 212.83], [360.17, 209.73], [365.27, 210.96], [368.67, 214.06], [368.24, 218.69], [370.86, 221.63], [373.62, 223.15], [376.57, 221.73], [377.68, 221.47], [378.32, 221.55], [382.36, 220.26], [383.29, 220.26], [384.46, 217.5], [385.11, 216.04], [385.81, 214.88], [386.3, 213.63], [388.84, 207.56], [390.32, 204.12], [390.66, 202.8], [392.88, 196.85], [393.16, 195.5], [394.04, 189.61], [394.98, 187.15], [397.64, 180.45], [397.82, 180.0], [397.9, 179.89], [397.97, 179.69], [401.08, 173.69], [399.89, 172.54], [396.22, 171.33]]}}, {"type": "Feature", "properties": {"rl": 91, "major": false}, "geometry": {"type": "LineString", "coordinates": [[549.83, 546.84], [553.29, 547.95], [556.6, 545.88], [561.42, 548.82], [561.5, 548.84], [561.54, 548.86], [569.24, 554.08], [572.2, 556.89], [578.2, 557.85]]}}, {"type": "Feature", "properties": {"rl": 91, "major": false}, "geometry": {"type": "LineString", "coordinates": [[459.68, 518.39], [462.65, 517.83], [465.42, 519.19], [470.1, 521.35], [471.14, 524.71], [471.19, 524.86], [472.71, 527.34], [475.87, 534.92], [475.93, 535.18], [477.03, 539.29], [477.52, 540.38], [477.6, 540.49]]}}, {"type": "Feature", "properties": {"rl": 91, "major": false}, "geometry": {"type": "LineString", "coordinates": [[355.78, 484.57], [355.57, 483.8], [357.8, 484.09], [359.37, 480.14], [356.45, 481.67], [355.92, 482.03], [356.68, 476.49], [355.23, 472.93], [357.01, 471.7], [358.61, 471.42], [359.49, 472.28], [362.83, 472.07], [365.03, 473.53], [365.41, 474.52], [368.2, 476.24], [371.76, 479.79], [374.18, 482.33], [374.83, 484.33], [377.25, 485.99], [378.69, 488.35], [380.54, 490.16], [380.93, 490.48], [383.26, 491.54], [383.66, 491.55], [383.78, 491.59], [386.64, 491.76], [386.57, 492.32], [389.11, 492.81]]}}, {"type": "Feature", "properties": {"rl": 91, "major": false}, "geometry": {"type": "LineString", "coordinates": [[350.68, 480.86], [353.94, 483.08]]}}, {"type": "Feature", "properties": {"rl": 91, "major": false}, "geometry": {"type": "LineString", "coordinates": [[344.78, 478.7], [346.22, 477.25], [346.28, 477.15], [348.72, 479.33]]}}, {"type": "Feature", "properties": {"rl": 91, "major": false}, "geometry": {"type": "LineString", "coordinates": [[344.68, 482.59], [346.74, 480.63]]}}, {"type": "Feature", "properties": {"rl": 91, "major": false}, "geometry": {"type": "LineString", "coordinates": [[341.81, 493.42], [341.08, 493.25], [340.01, 493.65], [342.2, 499.43], [343.74, 497.29], [343.06, 494.89], [343.56, 494.86], [344.79, 495.9]]}}, {"type": "Feature", "properties": {"rl": 91, "major": false}, "geometry": {"type": "LineString", "coordinates": [[339.12, 513.64], [335.56, 513.57], [335.14, 511.06], [334.67, 511.77], [332.75, 512.65], [332.51, 512.12], [331.77, 512.61], [331.12, 510.81], [330.97, 510.87], [331.57, 512.69], [329.1, 513.89], [327.1, 511.44], [329.41, 509.09], [329.59, 509.0], [330.35, 508.62], [332.25, 506.05], [334.52, 505.03], [337.27, 502.47], [332.55, 497.74], [329.43, 499.82], [326.39, 500.53], [325.73, 498.04], [328.32, 495.14], [329.13, 494.63], [329.6, 493.91], [331.99, 491.79], [332.92, 491.87], [333.0, 491.92], [333.25, 491.51], [336.25, 489.48], [335.29, 488.43], [335.31, 488.4], [335.35, 488.39], [335.57, 488.15], [335.68, 488.06], [336.63, 489.29], [336.82, 489.08], [338.86, 487.31], [338.92, 487.07]]}}, {"type": "Feature", "properties": {"rl": 91, "major": false}, "geometry": {"type": "LineString", "coordinates": [[360.0, 554.89], [358.58, 551.79], [358.17, 551.52], [357.99, 551.12], [357.68, 550.39], [354.43, 545.72], [352.92, 544.58], [350.97, 543.19], [351.18, 542.41], [351.59, 541.08], [349.94, 541.67], [348.06, 541.6], [344.65, 537.73], [343.43, 536.63], [344.3, 535.52], [343.89, 534.19], [344.55, 533.43], [345.23, 532.4], [344.55, 531.68], [343.02, 530.19], [342.96, 527.86]]}}, {"type": "Feature", "properties": {"rl": 91, "major": false}, "geometry": {"type": "LineString", "coordinates": [[364.31, 571.58], [363.54, 571.08], [364.46, 570.12], [364.5, 568.29], [364.68, 569.07]]}}, {"type": "Feature", "properties": {"rl": 91, "major": false}, "geometry": {"type": "LineString", "coordinates": [[364.9, 573.4], [364.8, 572.36], [364.7, 571.76], [364.61, 571.26]]}}, {"type": "Feature", "properties": {"rl": 91, "major": false}, "geometry": {"type": "LineString", "coordinates": [[330.38, 615.33], [331.23, 615.12], [334.27, 615.61], [336.91, 619.34], [341.11, 623.94], [344.17, 623.31], [347.9, 625.36], [348.69, 625.23], [354.08, 621.74], [358.18, 620.7], [360.63, 624.37], [361.11, 618.55], [360.49, 617.07], [360.02, 614.52], [361.53, 614.73], [362.53, 614.14], [364.55, 617.13], [366.06, 621.07]]}}, {"type": "Feature", "properties": {"rl": 91, "major": false}, "geometry": {"type": "LineString", "coordinates": [[275.19, 573.9], [278.11, 577.02], [278.92, 578.23], [279.53, 581.46], [283.32, 580.58], [283.74, 581.1], [285.1, 582.97], [285.1, 584.83], [288.93, 587.11], [290.2, 589.36], [287.49, 596.27], [287.51, 596.32], [290.01, 598.37]]}}, {"type": "Feature", "properties": {"rl": 91, "major": false}, "geometry": {"type": "LineString", "coordinates": [[270.16, 565.47], [274.99, 567.21], [272.72, 569.79]]}}, {"type": "Feature", "properties": {"rl": 91, "major": false}, "geometry": {"type": "LineString", "coordinates": [[266.68, 560.45], [267.86, 561.52]]}}, {"type": "Feature", "properties": {"rl": 91, "major": false}, "geometry": {"type": "LineString", "coordinates": [[253.42, 538.26], [255.66, 539.14], [257.99, 542.0], [256.67, 543.14]]}}, {"type": "Feature", "properties": {"rl": 91, "major": false}, "geometry": {"type": "LineString", "coordinates": [[244.44, 525.24], [246.57, 526.51], [251.12, 530.06], [250.06, 531.49]]}}, {"type": "Feature", "properties": {"rl": 91, "major": false}, "geometry": {"type": "LineString", "coordinates": [[622.51, 142.02], [624.77, 141.42], [628.51, 142.93], [631.36, 142.32], [632.87, 141.0], [634.82, 144.77], [640.3, 148.74], [642.63, 149.64], [645.51, 152.25], [646.82, 154.81], [647.42, 156.7], [649.83, 158.05], [649.27, 159.27], [652.69, 160.72]]}}, {"type": "Feature", "properties": {"rl": 91, "major": false}, "geometry": {"type": "LineString", "coordinates": [[862.12, 350.1], [861.74, 346.36], [860.45, 343.52], [860.92, 341.68], [860.96, 341.55], [858.44, 340.8], [857.42, 340.65], [857.3, 337.56], [858.35, 337.88], [861.31, 333.56], [859.24, 332.94], [859.3, 332.76], [858.9, 329.74], [858.33, 329.66], [857.34, 328.39], [857.37, 328.27], [855.04, 323.89], [856.8, 321.52], [856.82, 321.45]]}}, {"type": "Feature", "properties": {"rl": 91, "major": false}, "geometry": {"type": "LineString", "coordinates": [[800.7, 331.05], [797.29, 332.29], [794.93, 331.95], [790.85, 334.86], [791.41, 336.87], [791.73, 337.74], [791.79, 337.96], [791.67, 338.37], [791.65, 338.44], [790.56, 339.46], [790.09, 340.19], [789.67, 340.64], [789.4, 340.91], [789.2, 341.41], [789.11, 341.72], [788.88, 342.22], [788.84, 342.35], [788.73, 342.7], [788.83, 343.67], [788.75, 343.95], [790.43, 345.58], [789.06, 348.35], [787.68, 348.14], [786.49, 349.32], [785.32, 351.48], [785.27, 351.65], [784.48, 352.07], [786.41, 353.15], [786.19, 353.16], [786.16, 353.26], [785.01, 353.69], [785.02, 354.11], [787.86, 355.5], [789.04, 355.86], [789.9, 357.99], [788.63, 357.8], [788.54, 358.11], [787.23, 360.76], [787.23, 361.0], [789.04, 363.92], [788.91, 366.38], [786.98, 368.47], [786.9, 368.74], [786.34, 370.61], [786.28, 370.8], [787.03, 373.51], [788.56, 373.58], [788.68, 375.05], [788.63, 375.23], [788.54, 375.53], [788.2, 375.77], [786.36, 375.99], [786.25, 376.32], [788.19, 377.87], [790.11, 378.43], [791.02, 381.89], [790.96, 382.06], [788.75, 381.74], [786.14, 383.25], [786.74, 385.23], [786.99, 385.48], [788.21, 385.84], [788.11, 386.14], [789.39, 389.76], [786.95, 390.41], [787.62, 393.7], [785.46, 391.82], [784.97, 398.72], [787.13, 399.04], [788.94, 397.35], [791.08, 397.99], [795.05, 402.44], [794.99, 402.61], [791.09, 407.95], [788.84, 407.61], [787.0, 405.28], [786.02, 407.27], [784.79, 410.27], [784.97, 412.35], [787.03, 412.64], [788.33, 413.03], [788.54, 415.34], [788.45, 415.62], [786.92, 417.25], [784.71, 425.29], [787.0, 425.63], [787.06, 427.05], [786.98, 427.32], [786.63, 428.79], [784.03, 431.92], [785.38, 434.34], [786.93, 434.56], [788.26, 438.91], [788.19, 439.13], [789.01, 441.0], [791.77, 442.73], [793.84, 444.2], [795.89, 443.36], [798.31, 444.08], [799.32, 444.23], [799.42, 443.88], [808.14, 430.92], [805.79, 430.22], [805.54, 425.47], [807.48, 424.55], [808.55, 424.07], [809.34, 424.3], [812.08, 424.72], [812.89, 424.41], [813.69, 424.65], [813.59, 425.01], [820.31, 424.08], [820.33, 424.03], [818.18, 420.77], [818.31, 420.36], [818.24, 419.27], [818.91, 419.47], [818.83, 420.14], [818.69, 420.56], [820.79, 423.9], [821.14, 424.01], [824.41, 424.51], [826.11, 422.72], [826.18, 422.47], [828.84, 422.03], [830.75, 422.59], [830.75, 426.66], [830.71, 426.79], [828.07, 426.38], [827.82, 426.61], [827.77, 426.75], [825.14, 425.71], [825.38, 427.01], [822.65, 426.2], [819.31, 428.65], [828.82, 434.38], [829.18, 434.17], [829.38, 434.28], [832.46, 435.19], [837.2, 438.78], [838.32, 440.14], [840.12, 440.67], [841.82, 440.93], [843.84, 440.0], [845.64, 440.54], [845.57, 440.77], [849.0, 441.04], [849.11, 440.65], [852.39, 430.98], [852.51, 430.6]]}}, {"type": "Feature", "properties": {"rl": 91, "major": false}, "geometry": {"type": "LineString", "coordinates": [[847.56, 324.84], [844.81, 325.84], [842.68, 325.52], [841.38, 326.36], [840.18, 328.28], [837.28, 327.84], [835.43, 328.34], [832.61, 327.92]]}}, {"type": "Feature", "properties": {"rl": 91, "major": false}, "geometry": {"type": "LineString", "coordinates": [[858.21, 317.68], [861.83, 313.77], [861.51, 312.16]]}}, {"type": "Feature", "properties": {"rl": 91, "major": false}, "geometry": {"type": "LineString", "coordinates": [[861.61, 311.83], [862.74, 312.0], [862.73, 310.45], [862.92, 309.26]]}}, {"type": "Feature", "properties": {"rl": 91, "major": false}, "geometry": {"type": "LineString", "coordinates": [[374.79, 159.77], [392.84, 137.76], [393.12, 137.33], [393.35, 137.15], [393.43, 137.17], [398.18, 135.68], [399.6, 135.49], [403.25, 134.6], [404.77, 134.39], [406.35, 134.18], [411.46, 134.38], [412.67, 134.36], [413.9, 134.18], [416.42, 133.65], [417.34, 133.52], [420.54, 133.93], [424.37, 133.47], [425.09, 133.36], [426.34, 133.39], [431.24, 133.8], [431.93, 133.67], [439.91, 134.43], [441.57, 133.98], [442.9, 134.06], [446.14, 132.49], [448.38, 131.37], [449.48, 129.87], [449.01, 126.45], [451.51, 127.36], [455.42, 126.06], [457.32, 125.21], [460.54, 123.71], [462.03, 124.33], [463.37, 123.97], [464.57, 123.15], [468.93, 123.55], [469.54, 123.36], [469.77, 123.32], [479.53, 121.91], [479.71, 121.98], [485.75, 124.0], [496.27, 128.65], [499.4, 129.73], [500.77, 129.89], [508.79, 132.06], [514.92, 134.63], [519.2, 136.91], [522.71, 135.99], [525.66, 136.39], [527.16, 136.14], [528.66, 135.77], [532.96, 134.47], [536.39, 133.63]]}}, {"type": "Feature", "properties": {"rl": 91, "major": false}, "geometry": {"type": "LineString", "coordinates": [[391.58, 170.79], [390.77, 173.48], [389.81, 180.1], [378.19, 181.31], [373.34, 164.87]]}}, {"type": "Feature", "properties": {"rl": 91, "major": false}, "geometry": {"type": "LineString", "coordinates": [[314.3, 206.25], [318.04, 200.68], [320.31, 201.44], [328.19, 205.19], [330.01, 205.91], [336.64, 206.98], [343.49, 208.37], [338.63, 222.99], [335.91, 223.12], [332.99, 220.73], [332.07, 219.57], [319.74, 221.87], [317.84, 221.52], [316.56, 221.15], [315.6, 220.67], [313.04, 219.24], [313.19, 214.57], [312.83, 213.94], [312.59, 213.19], [314.4, 209.05], [314.3, 206.25]]}}, {"type": "Feature", "properties": {"rl": 91, "major": false}, "geometry": {"type": "LineString", "coordinates": [[817.61, 380.57], [817.52, 380.9], [816.41, 380.74], [815.9, 379.3], [816.0, 378.93], [816.04, 378.82], [816.05, 375.39], [818.53, 378.7], [817.61, 380.57]]}}, {"type": "Feature", "properties": {"rl": 91, "major": false}, "geometry": {"type": "LineString", "coordinates": [[818.59, 396.1], [818.53, 399.68], [818.54, 399.72], [818.44, 400.05], [817.07, 400.6], [817.11, 400.46], [817.11, 400.43], [817.21, 400.09], [816.16, 399.93], [816.28, 398.47], [815.7, 394.56], [815.76, 394.38], [816.54, 393.01], [816.62, 392.72], [817.98, 392.92], [817.92, 393.1], [817.83, 393.4], [818.59, 396.1]]}}, {"type": "Feature", "properties": {"rl": 91, "major": false}, "geometry": {"type": "LineString", "coordinates": [[852.43, 419.12], [851.57, 422.8], [851.45, 423.18], [850.74, 423.08], [850.85, 422.48], [850.98, 422.06], [851.0, 422.0], [852.12, 418.38], [848.99, 417.46], [848.7, 417.41], [848.66, 416.94], [849.02, 416.99], [852.17, 417.45], [852.56, 417.56], [852.43, 417.99], [852.43, 419.12]]}}, {"type": "Feature", "properties": {"rl": 91, "major": false}, "geometry": {"type": "LineString", "coordinates": [[794.56, 427.78], [794.67, 427.1], [794.7, 426.99], [795.33, 426.51], [795.44, 426.14], [796.08, 425.7], [796.24, 426.26], [796.21, 426.37], [796.1, 426.74], [794.56, 427.78]]}}, {"type": "Feature", "properties": {"rl": 91, "major": false}, "geometry": {"type": "LineString", "coordinates": [[841.55, 423.5], [841.54, 423.5], [841.46, 423.49], [841.5, 423.39], [841.64, 422.92], [841.68, 422.93], [841.7, 422.93], [841.7, 422.92], [841.76, 422.91], [841.87, 422.98], [841.78, 423.05], [841.63, 423.52], [841.55, 423.5]]}}, {"type": "Feature", "properties": {"rl": 91, "major": false}, "geometry": {"type": "LineString", "coordinates": [[324.01, 250.62], [323.98, 250.52], [323.92, 250.33], [324.13, 250.04], [324.24, 250.55], [324.01, 250.62]]}}, {"type": "Feature", "properties": {"rl": 91, "major": false}, "geometry": {"type": "LineString", "coordinates": [[843.71, 339.39], [843.17, 343.85], [843.11, 344.05], [843.03, 344.33], [841.71, 347.24], [841.58, 344.2], [841.67, 343.92], [841.72, 343.72], [841.63, 343.47], [843.71, 339.39]]}}, {"type": "Feature", "properties": {"rl": 91, "major": false}, "geometry": {"type": "LineString", "coordinates": [[356.23, 193.85], [354.67, 193.13], [353.9, 189.59], [356.54, 183.66], [362.02, 182.62], [362.02, 182.61], [360.59, 191.3], [360.58, 191.3], [360.46, 193.24], [356.23, 193.85]]}}, {"type": "Feature", "properties": {"rl": 91, "major": false}, "geometry": {"type": "LineString", "coordinates": [[371.76, 213.98], [367.95, 210.2], [373.85, 208.91], [377.65, 208.57], [378.07, 212.54], [371.76, 213.98]]}}, {"type": "Feature", "properties": {"rl": 91, "major": false}, "geometry": {"type": "LineString", "coordinates": [[801.68, 381.99], [797.65, 382.12], [796.26, 381.91], [795.69, 381.7], [794.14, 381.25], [793.96, 379.26], [794.06, 378.93], [794.1, 378.78], [793.99, 376.07], [796.67, 378.76], [797.31, 378.77], [797.31, 379.04], [802.12, 379.29], [802.23, 378.92], [802.99, 379.15], [807.53, 379.34], [807.63, 378.99], [808.46, 377.85], [809.45, 378.62], [810.19, 378.76], [810.96, 378.99], [810.86, 379.36], [811.95, 380.8], [810.27, 380.78], [809.7, 381.21], [808.38, 381.01], [808.36, 380.76], [804.16, 380.35], [804.52, 380.66], [804.44, 380.94], [801.68, 381.99]]}}, {"type": "Feature", "properties": {"rl": 91, "major": false}, "geometry": {"type": "LineString", "coordinates": [[803.57, 421.85], [803.57, 421.33], [803.68, 420.95], [803.71, 420.85], [803.98, 420.16], [804.65, 420.36], [804.3, 421.21], [804.18, 421.62], [803.57, 421.85]]}}, {"type": "Feature", "properties": {"rl": 91, "major": false}, "geometry": {"type": "LineString", "coordinates": [[838.37, 395.0], [838.02, 394.36], [838.12, 394.01], [838.16, 393.88], [838.89, 394.1], [838.82, 394.32], [838.75, 394.58], [839.77, 395.42], [838.37, 395.0]]}}, {"type": "Feature", "properties": {"rl": 91, "major": false}, "geometry": {"type": "LineString", "coordinates": [[802.73, 399.15], [803.72, 399.44], [804.12, 400.88], [804.02, 401.22], [803.98, 401.36], [802.97, 401.72], [803.01, 401.07], [803.11, 400.73], [802.73, 399.15]]}}, {"type": "Feature", "properties": {"rl": 92, "major": false}, "geometry": {"type": "LineString", "coordinates": [[845.61, 151.04], [845.43, 148.21], [845.24, 147.62], [844.71, 145.89], [845.03, 145.31], [843.81, 144.09], [841.41, 141.72], [840.27, 139.09], [839.06, 136.79], [839.0, 132.36], [838.96, 132.25]]}}, {"type": "Feature", "properties": {"rl": 92, "major": false}, "geometry": {"type": "LineString", "coordinates": [[593.62, 532.63], [592.2, 529.02], [590.96, 525.21], [590.74, 524.88], [590.79, 524.32], [590.39, 522.53], [589.4, 516.6], [589.18, 513.46], [590.2, 512.16], [590.81, 511.31], [594.31, 510.0], [601.89, 505.36], [605.17, 502.48], [605.93, 501.62], [613.13, 502.54], [608.31, 495.3], [604.96, 485.09], [597.49, 475.67], [593.56, 473.86], [590.18, 468.5], [583.83, 467.16], [585.05, 458.66], [584.18, 457.57], [584.05, 457.54], [583.63, 457.66], [583.39, 457.79], [572.75, 462.07], [571.62, 462.39], [567.71, 463.84], [564.26, 465.22], [563.88, 465.36], [556.86, 461.33], [552.6, 458.37], [536.94, 449.56], [529.68, 444.58], [526.63, 441.29], [514.14, 430.0], [505.19, 422.33], [497.97, 415.99], [488.35, 407.11], [484.37, 404.7], [481.26, 402.2], [479.6, 399.64], [475.49, 393.98], [472.09, 388.41], [471.94, 388.43], [471.21, 387.74], [466.47, 385.0], [466.54, 384.84], [466.25, 384.62], [465.85, 384.62], [464.39, 383.87], [455.09, 380.78], [453.79, 381.05], [452.37, 379.83], [450.71, 378.68], [450.58, 379.12], [448.2, 379.3], [443.87, 375.91], [444.26, 373.47], [439.53, 367.96], [436.89, 366.07], [436.9, 365.21], [435.06, 364.9], [427.94, 365.03], [418.16, 356.59], [413.87, 353.96], [411.17, 348.39], [405.12, 339.34], [407.46, 331.88], [414.98, 326.85], [415.34, 324.64], [416.24, 316.95], [417.34, 313.16], [412.89, 313.18], [409.13, 303.33], [413.34, 301.7], [421.4, 299.76], [421.01, 298.24], [422.23, 291.62], [416.36, 288.78], [410.22, 288.42], [405.28, 288.25], [403.11, 288.26], [397.74, 288.22], [397.65, 287.82], [396.82, 288.12], [389.24, 286.85], [384.46, 284.62], [383.73, 284.1], [383.08, 283.77], [378.67, 280.39], [372.81, 276.0], [371.59, 275.18], [370.87, 274.71], [369.59, 273.46], [363.08, 268.11], [361.44, 267.06], [358.43, 265.51], [358.02, 265.26], [358.01, 265.26], [357.48, 264.63], [355.5, 262.7], [354.32, 261.35], [353.9, 261.4], [353.14, 260.28], [351.36, 259.53], [349.59, 256.61], [349.57, 256.21], [349.13, 254.94], [348.28, 251.78], [346.79, 247.69], [346.29, 245.56], [346.08, 245.05], [345.85, 240.88], [347.1, 238.52], [349.1, 232.6], [349.41, 231.95], [351.42, 228.8], [355.04, 224.19], [357.63, 221.9], [362.34, 211.18], [365.04, 211.83], [366.84, 213.47], [366.08, 221.69], [367.9, 223.75], [367.91, 227.38], [373.68, 229.54], [373.88, 229.67], [374.06, 229.59], [381.13, 227.46], [382.31, 226.83], [383.67, 225.75], [385.9, 223.14], [386.89, 222.11], [388.92, 218.8], [391.32, 212.62], [391.52, 212.13], [392.07, 210.85], [394.07, 206.18], [394.47, 204.84], [395.15, 202.78], [397.21, 196.73], [398.02, 192.95], [398.71, 188.41], [400.08, 185.06], [402.43, 181.44], [404.48, 175.8], [404.63, 175.23], [404.54, 175.16]]}}, {"type": "Feature", "properties": {"rl": 92, "major": false}, "geometry": {"type": "LineString", "coordinates": [[547.68, 550.06], [551.94, 551.42], [554.0, 552.61], [555.34, 553.07], [558.34, 554.71], [562.18, 555.98], [566.17, 558.23], [566.53, 558.24]]}}, {"type": "Feature", "properties": {"rl": 92, "major": false}, "geometry": {"type": "LineString", "coordinates": [[461.13, 525.44], [467.58, 524.22], [467.67, 524.26], [467.82, 524.33], [467.85, 524.44], [469.93, 528.95], [470.52, 529.91], [471.69, 532.71], [472.53, 536.59], [473.03, 538.49], [474.97, 542.76], [475.28, 543.17]]}}, {"type": "Feature", "properties": {"rl": 92, "major": false}, "geometry": {"type": "LineString", "coordinates": [[355.95, 485.05], [355.78, 484.43], [363.81, 485.48], [365.9, 480.22], [370.02, 484.17], [371.8, 487.82]]}}, {"type": "Feature", "properties": {"rl": 92, "major": false}, "geometry": {"type": "LineString", "coordinates": [[350.66, 481.09], [353.22, 482.84]]}}, {"type": "Feature", "properties": {"rl": 92, "major": false}, "geometry": {"type": "LineString", "coordinates": [[345.15, 478.53], [346.18, 477.49], [346.22, 477.43], [347.96, 478.98]]}}, {"type": "Feature", "properties": {"rl": 92, "major": false}, "geometry": {"type": "LineString", "coordinates": [[345.94, 482.45], [347.55, 480.91]]}}, {"type": "Feature", "properties": {"rl": 92, "major": false}, "geometry": {"type": "LineString", "coordinates": [[340.95, 492.82], [340.4, 492.69], [338.91, 493.25], [341.95, 501.3], [344.11, 498.32], [343.16, 494.98], [343.55, 494.96], [345.37, 496.5]]}}, {"type": "Feature", "properties": {"rl": 92, "major": false}, "geometry": {"type": "LineString", "coordinates": [[341.27, 511.13], [336.01, 511.03], [335.79, 509.69], [335.54, 510.06], [332.67, 511.37], [332.55, 511.09], [331.54, 511.76], [331.17, 510.76], [330.93, 510.86], [331.26, 511.86], [329.9, 512.53], [328.8, 511.18], [330.07, 509.88], [330.33, 509.76], [331.39, 509.21], [332.4, 507.84], [335.46, 506.46], [339.15, 503.03], [332.82, 496.68], [328.62, 499.47], [327.12, 499.82], [326.79, 498.59], [328.07, 497.16], [331.18, 495.19], [332.66, 492.98], [333.26, 492.65], [333.03, 492.42], [336.72, 489.92], [335.38, 488.45], [335.41, 488.41], [335.43, 488.41], [335.52, 488.3], [335.66, 488.19], [336.93, 489.82], [337.18, 489.54], [338.72, 488.2], [338.77, 488.02]]}}, {"type": "Feature", "properties": {"rl": 92, "major": false}, "geometry": {"type": "LineString", "coordinates": [[347.31, 534.8], [345.15, 534.68], [344.75, 533.49], [345.42, 532.39], [344.59, 531.59], [344.57, 530.74]]}}, {"type": "Feature", "properties": {"rl": 92, "major": false}, "geometry": {"type": "LineString", "coordinates": [[354.72, 544.62], [353.59, 542.99], [353.26, 542.74], [352.82, 542.43], [352.87, 542.26], [352.98, 541.91], [351.02, 539.74], [350.04, 540.09], [350.69, 539.26]]}}, {"type": "Feature", "properties": {"rl": 92, "major": false}, "geometry": {"type": "LineString", "coordinates": [[331.38, 620.04], [333.67, 619.47], [333.93, 619.51], [334.16, 619.83], [339.7, 625.89], [341.14, 627.51], [341.23, 627.54], [341.34, 627.52], [347.17, 627.56], [353.5, 627.96], [354.89, 628.3], [355.33, 628.62], [357.24, 629.29], [361.05, 630.34], [366.2, 627.61], [367.25, 626.9], [367.29, 626.89], [367.39, 627.03]]}}, {"type": "Feature", "properties": {"rl": 92, "major": false}, "geometry": {"type": "LineString", "coordinates": [[275.26, 575.2], [276.85, 576.9], [278.02, 578.64], [278.9, 583.29], [279.16, 583.23], [279.54, 583.7], [279.11, 583.7], [279.7, 587.91], [282.47, 588.5], [282.79, 587.9], [282.89, 588.01], [287.43, 588.62], [288.04, 588.98], [288.1, 589.08], [287.97, 589.42], [286.18, 593.87], [284.2, 594.33], [285.72, 599.19], [286.79, 600.07]]}}, {"type": "Feature", "properties": {"rl": 92, "major": false}, "geometry": {"type": "LineString", "coordinates": [[270.54, 567.3], [272.99, 568.19], [271.84, 569.5]]}}, {"type": "Feature", "properties": {"rl": 92, "major": false}, "geometry": {"type": "LineString", "coordinates": [[267.02, 561.57], [267.38, 561.9]]}}, {"type": "Feature", "properties": {"rl": 92, "major": false}, "geometry": {"type": "LineString", "coordinates": [[254.06, 540.12], [255.28, 540.61], [256.56, 542.17], [255.84, 542.8]]}}, {"type": "Feature", "properties": {"rl": 92, "major": false}, "geometry": {"type": "LineString", "coordinates": [[621.63, 146.01], [624.49, 145.25], [629.24, 147.15], [631.34, 146.71], [633.66, 147.0], [638.14, 150.24], [641.22, 151.44], [642.98, 153.03], [643.78, 154.59], [644.62, 157.25], [646.42, 158.25], [645.62, 159.98], [648.28, 161.11]]}}, {"type": "Feature", "properties": {"rl": 92, "major": false}, "geometry": {"type": "LineString", "coordinates": [[868.57, 342.77], [868.46, 341.67], [867.78, 340.17], [865.54, 339.51], [865.6, 339.34], [865.84, 336.63], [865.72, 333.57], [865.76, 333.44], [865.05, 331.85], [865.1, 331.68], [867.29, 324.19], [864.08, 323.24], [864.07, 322.95], [864.08, 322.93], [864.46, 322.15], [867.21, 322.56], [866.11, 319.31], [865.49, 319.13], [864.87, 315.97]]}}, {"type": "Feature", "properties": {"rl": 92, "major": false}, "geometry": {"type": "LineString", "coordinates": [[795.79, 330.36], [794.71, 330.75], [793.97, 330.64], [791.4, 332.47], [787.06, 334.57], [784.56, 334.2], [778.27, 337.27], [778.62, 337.78], [778.5, 338.18], [778.22, 339.39], [777.16, 344.78], [777.05, 345.17], [782.3, 347.05], [783.7, 347.46], [783.69, 347.49], [782.83, 349.09], [782.7, 349.5], [782.1, 349.82], [780.69, 349.61], [780.77, 349.32], [776.36, 346.2], [775.67, 346.48], [774.96, 346.37], [771.0, 350.18], [770.99, 350.32], [770.94, 350.51], [770.73, 350.59], [768.87, 352.59], [771.64, 356.34], [772.38, 356.56], [775.04, 356.94], [777.21, 357.53], [776.42, 358.91], [776.31, 359.29], [776.42, 364.69], [779.63, 365.17], [779.62, 365.59], [779.49, 366.02], [782.39, 368.13], [783.08, 368.34], [782.81, 369.27], [783.25, 369.62], [782.99, 370.5], [782.86, 370.93], [783.22, 372.24], [782.26, 372.1], [778.84, 370.84], [775.46, 375.15], [775.32, 375.62], [782.48, 381.3], [783.51, 381.61], [786.52, 377.61], [786.57, 377.43], [788.36, 378.87], [789.16, 379.11], [789.54, 380.55], [789.44, 380.9], [788.51, 380.77], [783.19, 383.84], [783.51, 384.9], [783.41, 385.22], [782.58, 385.03], [782.44, 385.05], [781.36, 384.85], [781.46, 384.53], [775.3, 375.74], [775.27, 375.77], [775.22, 375.76], [769.38, 380.37], [769.11, 380.62], [768.34, 380.51], [764.79, 382.55], [764.7, 382.88], [763.75, 383.29], [762.41, 383.09], [760.24, 382.45], [757.63, 385.97], [759.36, 387.54], [759.16, 391.01], [762.41, 391.5], [762.7, 391.58], [762.9, 391.62], [770.96, 389.71], [772.19, 390.07], [772.86, 389.92], [774.02, 390.27], [776.32, 390.61], [777.08, 387.22], [779.71, 386.27], [782.28, 387.1], [782.32, 387.0], [782.57, 387.02], [782.61, 386.93], [784.93, 387.12], [785.2, 387.73], [785.18, 387.81], [786.07, 392.13], [782.55, 389.09], [782.52, 389.11], [778.88, 391.18], [778.79, 391.47], [777.99, 395.2], [779.37, 400.55], [779.27, 400.9], [782.49, 401.31], [782.76, 402.54], [783.26, 402.69], [783.14, 403.09], [782.91, 403.57], [780.39, 409.68], [780.48, 410.74], [780.39, 411.07], [778.54, 418.38], [779.28, 418.6], [778.6, 421.5], [778.49, 421.85], [777.5, 430.45], [779.81, 430.79], [780.94, 431.12], [779.41, 432.96], [782.27, 438.09], [785.57, 438.57], [785.68, 438.92], [785.54, 439.38], [787.26, 443.3], [788.56, 444.12], [792.82, 447.14], [797.03, 445.4], [798.44, 445.82], [800.52, 446.13], [800.58, 445.93], [809.79, 432.24], [814.57, 428.19], [828.38, 436.51], [829.28, 435.98], [829.79, 436.27], [832.24, 436.99], [836.01, 439.85], [838.14, 442.42], [838.37, 443.4], [838.97, 443.49], [841.76, 444.32], [842.74, 444.75], [843.34, 444.84], [849.22, 445.31], [849.29, 445.06], [851.36, 438.96], [851.43, 438.72]]}}, {"type": "Feature", "properties": {"rl": 92, "major": false}, "geometry": {"type": "LineString", "coordinates": [[844.15, 324.03], [843.77, 324.16], [843.48, 324.12], [840.53, 326.03], [839.64, 327.46], [837.47, 327.13], [836.08, 327.51], [833.98, 327.19]]}}, {"type": "Feature", "properties": {"rl": 92, "major": false}, "geometry": {"type": "LineString", "coordinates": [[864.9, 315.87], [867.76, 316.3], [867.75, 312.35], [868.22, 309.35]]}}, {"type": "Feature", "properties": {"rl": 92, "major": false}, "geometry": {"type": "LineString", "coordinates": [[378.44, 162.15], [391.23, 146.56], [396.34, 140.91], [397.44, 140.6], [400.39, 137.99], [401.25, 137.97], [405.34, 137.12], [411.81, 136.99], [413.09, 136.75], [414.54, 137.08], [416.63, 136.86], [419.61, 136.16], [421.11, 136.36], [422.67, 136.17], [426.58, 136.63], [431.06, 136.98], [440.39, 137.87], [442.44, 138.54], [443.77, 137.68], [448.75, 135.21], [451.37, 131.64], [453.0, 130.64], [457.16, 129.14], [460.74, 129.72], [461.75, 129.48], [463.7, 128.6], [467.02, 127.57], [470.85, 127.02], [478.69, 125.89], [485.56, 128.46], [487.26, 129.03], [490.21, 130.33], [500.87, 134.01], [503.17, 134.28], [504.59, 134.64], [506.18, 135.17], [515.57, 139.1], [518.0, 140.39], [524.4, 138.71], [527.31, 139.12], [528.83, 139.39], [533.76, 137.89], [536.35, 137.26]]}}, {"type": "Feature", "properties": {"rl": 92, "major": false}, "geometry": {"type": "LineString", "coordinates": [[389.93, 169.7], [389.38, 171.54], [388.73, 176.07], [380.77, 176.9], [377.45, 165.65]]}}, {"type": "Feature", "properties": {"rl": 92, "major": false}, "geometry": {"type": "LineString", "coordinates": [[404.48, 175.13], [400.89, 171.63], [397.78, 170.61]]}}, {"type": "Feature", "properties": {"rl": 92, "major": false}, "geometry": {"type": "LineString", "coordinates": [[315.51, 214.15], [315.47, 214.07], [315.44, 213.98], [316.12, 212.42], [317.8, 212.99], [321.31, 214.1], [331.27, 214.53], [335.08, 215.31], [334.13, 218.16], [333.6, 218.18], [333.03, 217.72], [332.85, 217.49], [317.76, 220.31], [317.07, 220.18], [316.61, 220.05], [316.27, 219.87], [315.35, 219.36], [315.51, 214.15]]}}, {"type": "Feature", "properties": {"rl": 92, "major": false}, "geometry": {"type": "LineString", "coordinates": [[765.14, 346.19], [764.45, 346.09], [760.56, 351.86], [760.54, 351.94], [753.54, 357.0], [764.29, 360.06], [764.71, 360.19], [765.24, 353.94], [765.31, 353.72], [765.38, 353.46], [766.01, 351.89], [765.14, 346.19]]}}, {"type": "Feature", "properties": {"rl": 92, "major": false}, "geometry": {"type": "LineString", "coordinates": [[785.44, 353.1], [784.91, 353.13], [784.84, 353.36], [782.26, 354.33], [782.11, 353.56], [782.1, 353.56], [782.24, 353.09], [782.25, 353.08], [782.24, 353.08], [782.11, 351.73], [782.24, 351.3], [785.44, 353.1]]}}, {"type": "Feature", "properties": {"rl": 92, "major": false}, "geometry": {"type": "LineString", "coordinates": [[826.42, 424.42], [827.37, 423.41], [827.41, 423.3], [828.61, 423.1], [829.48, 423.35], [829.48, 425.2], [829.39, 425.52], [828.19, 425.34], [827.55, 425.92], [827.44, 426.27], [825.96, 425.68], [826.02, 425.47], [826.1, 425.2], [826.42, 424.42]]}}, {"type": "Feature", "properties": {"rl": 92, "major": false}, "geometry": {"type": "LineString", "coordinates": [[357.4, 474.61], [359.51, 474.24], [359.73, 474.45], [360.55, 474.4], [361.85, 475.26], [358.98, 476.76], [357.04, 478.06], [357.29, 476.21], [356.81, 475.02], [357.4, 474.61]]}}, {"type": "Feature", "properties": {"rl": 92, "major": false}, "geometry": {"type": "LineString", "coordinates": [[843.21, 342.31], [843.03, 343.81], [842.92, 344.2], [842.89, 344.29], [842.45, 345.27], [842.41, 344.25], [842.43, 344.15], [842.55, 343.77], [842.52, 343.68], [843.21, 342.31]]}}, {"type": "Feature", "properties": {"rl": 92, "major": false}, "geometry": {"type": "LineString", "coordinates": [[358.69, 226.08], [359.72, 225.09], [358.46, 225.19], [358.6, 225.93], [358.69, 226.08]]}}, {"type": "Feature", "properties": {"rl": 92, "major": false}, "geometry": {"type": "LineString", "coordinates": [[788.66, 404.26], [786.78, 401.88], [786.87, 401.57], [786.92, 401.4], [788.78, 399.67], [789.68, 399.93], [791.35, 401.81], [791.25, 402.16], [789.6, 404.4], [788.66, 404.26]]}}, {"type": "Feature", "properties": {"rl": 92, "major": false}, "geometry": {"type": "LineString", "coordinates": [[372.32, 213.33], [369.53, 210.56], [373.85, 209.61], [376.64, 209.36], [376.95, 212.27], [372.32, 213.33]]}}, {"type": "Feature", "properties": {"rl": 92, "major": false}, "geometry": {"type": "LineString", "coordinates": [[782.64, 388.69], [782.68, 388.65], [782.69, 388.61], [782.66, 388.63], [782.64, 388.69]]}}, {"type": "Feature", "properties": {"rl": 93, "major": false}, "geometry": {"type": "LineString", "coordinates": [[848.81, 149.36], [848.84, 148.95], [847.7, 148.48], [847.12, 146.69], [847.05, 146.45], [848.84, 143.25], [847.96, 142.38], [847.93, 137.71], [847.7, 137.32], [844.73, 134.26], [845.18, 132.28], [844.73, 129.5]]}}, {"type": "Feature", "properties": {"rl": 93, "major": false}, "geometry": {"type": "LineString", "coordinates": [[627.35, 584.64], [627.47, 584.58], [627.88, 584.76], [630.22, 583.49], [639.37, 577.67], [636.92, 566.57]]}}, {"type": "Feature", "properties": {"rl": 93, "major": false}, "geometry": {"type": "LineString", "coordinates": [[593.82, 527.87], [593.72, 527.62], [593.63, 527.35], [592.41, 525.53], [592.69, 522.5], [592.62, 522.17], [591.29, 514.25], [591.26, 513.81], [591.41, 513.63], [591.49, 513.51], [595.61, 511.96], [599.34, 509.68], [605.0, 504.71], [606.31, 503.22], [618.72, 504.81], [610.42, 492.33], [608.0, 484.96], [599.06, 473.68], [597.23, 472.84], [592.68, 465.63], [592.66, 465.62], [592.66, 465.6], [585.14, 456.24], [584.0, 455.92], [580.44, 457.0], [578.3, 458.06], [573.08, 460.17], [569.59, 461.14], [567.71, 461.84], [566.05, 462.51], [564.64, 463.01], [558.91, 459.72], [555.43, 457.31], [536.57, 446.71], [531.17, 443.0], [523.64, 434.86], [516.35, 428.27], [500.82, 414.96], [500.26, 414.47], [486.94, 402.18], [483.66, 400.2], [481.68, 398.4], [477.75, 392.97], [476.06, 390.19], [474.23, 388.27], [472.24, 387.17], [467.92, 384.68], [468.22, 384.01], [467.03, 383.1], [465.33, 383.09], [459.2, 379.93], [456.29, 378.96], [453.81, 379.47], [453.21, 378.96], [450.26, 376.92], [450.01, 377.71], [448.31, 377.84], [445.18, 375.4], [445.66, 372.44], [442.51, 368.77], [437.77, 365.38], [437.79, 363.82], [434.5, 363.27], [430.44, 363.34], [418.72, 353.24], [417.17, 351.97], [417.05, 351.52], [415.97, 350.31], [407.68, 337.91], [409.18, 333.11], [415.04, 329.19], [416.36, 327.74], [418.38, 327.7], [418.18, 324.94], [418.95, 318.38], [420.8, 311.98], [413.27, 312.01], [410.14, 303.78], [413.65, 302.42], [424.7, 299.76], [424.81, 301.06], [425.35, 299.64], [425.72, 298.48], [426.99, 290.84], [425.47, 288.62], [424.5, 288.19], [418.43, 285.26], [417.31, 285.43], [409.42, 284.76], [409.17, 284.74], [408.09, 284.61], [406.84, 284.65], [397.11, 284.58], [396.91, 283.64], [394.95, 284.36], [393.67, 284.14], [392.58, 283.63], [386.69, 280.62], [381.08, 276.44], [380.73, 276.22], [380.46, 276.04], [374.59, 272.13], [370.79, 269.61], [366.54, 265.48], [366.08, 264.89], [365.8, 264.49], [364.82, 263.66], [362.79, 262.04], [362.41, 260.76], [358.63, 259.04], [358.09, 259.22], [356.69, 257.54], [354.2, 256.48], [354.01, 255.46], [353.79, 255.16], [353.75, 255.05], [354.06, 253.71], [353.13, 253.79], [352.25, 251.24], [351.97, 250.2], [351.39, 245.18], [350.87, 244.54], [351.69, 242.94], [357.19, 238.04], [357.58, 237.3], [358.15, 237.19], [362.16, 235.03], [363.86, 234.71], [368.27, 234.18], [370.75, 234.86], [378.6, 234.31], [380.2, 233.88], [385.49, 231.52], [385.75, 228.71], [388.19, 225.85], [390.72, 223.23], [393.1, 221.02], [393.4, 220.82], [393.2, 219.53], [394.84, 215.2], [395.77, 212.85], [396.61, 210.88], [398.27, 205.36], [399.67, 201.14], [400.75, 198.18], [400.95, 197.55], [402.67, 189.81], [402.88, 189.14], [406.14, 183.97], [406.57, 182.49], [406.9, 180.89], [408.17, 175.99], [406.25, 174.25]]}}, {"type": "Feature", "properties": {"rl": 93, "major": false}, "geometry": {"type": "LineString", "coordinates": [[545.54, 553.29], [546.23, 553.51], [553.45, 557.67], [558.17, 559.29], [559.1, 559.8], [559.29, 559.81]]}}, {"type": "Feature", "properties": {"rl": 93, "major": false}, "geometry": {"type": "LineString", "coordinates": [[462.58, 532.48], [466.39, 531.76], [468.11, 533.89], [469.12, 538.18], [471.1, 542.22], [472.42, 545.14], [472.96, 545.85]]}}, {"type": "Feature", "properties": {"rl": 93, "major": false}, "geometry": {"type": "LineString", "coordinates": [[356.12, 485.52], [355.99, 485.05], [366.05, 486.37]]}}, {"type": "Feature", "properties": {"rl": 93, "major": false}, "geometry": {"type": "LineString", "coordinates": [[350.64, 481.31], [352.51, 482.59]]}}, {"type": "Feature", "properties": {"rl": 93, "major": false}, "geometry": {"type": "LineString", "coordinates": [[345.52, 478.36], [346.13, 477.74], [346.15, 477.7], [347.2, 478.63]]}}, {"type": "Feature", "properties": {"rl": 93, "major": false}, "geometry": {"type": "LineString", "coordinates": [[347.19, 482.31], [348.37, 481.18]]}}, {"type": "Feature", "properties": {"rl": 93, "major": false}, "geometry": {"type": "LineString", "coordinates": [[340.1, 492.22], [339.72, 492.14], [337.99, 492.78], [337.69, 491.89], [336.58, 490.79], [337.2, 490.37], [335.47, 488.47], [335.5, 488.43], [335.5, 488.43], [335.65, 488.32], [337.23, 490.35], [337.55, 490.0], [338.59, 489.09], [338.62, 488.97]]}}, {"type": "Feature", "properties": {"rl": 93, "major": false}, "geometry": {"type": "LineString", "coordinates": [[343.43, 508.62], [336.47, 508.48], [336.44, 508.31], [336.41, 508.36], [332.59, 510.1], [332.58, 510.06], [331.3, 510.92], [331.23, 510.71], [330.89, 510.85], [330.95, 511.04], [330.7, 511.16], [330.49, 510.91], [330.73, 510.67], [331.06, 510.51], [332.42, 509.81], [332.56, 509.62], [336.39, 507.9], [341.03, 503.58], [334.94, 497.48], [339.11, 496.27], [341.71, 503.16], [344.47, 499.35], [343.26, 495.06], [343.54, 495.05], [345.94, 497.09]]}}, {"type": "Feature", "properties": {"rl": 93, "major": false}, "geometry": {"type": "LineString", "coordinates": [[332.38, 624.74], [333.68, 624.42], [337.37, 628.56], [340.92, 630.17], [345.5, 629.29], [345.94, 629.29], [346.42, 629.32], [354.34, 631.24], [356.88, 633.11], [357.93, 633.48], [361.27, 633.64], [361.62, 633.45], [366.45, 630.17], [366.94, 630.08], [368.35, 631.98]]}}, {"type": "Feature", "properties": {"rl": 93, "major": false}, "geometry": {"type": "LineString", "coordinates": [[277.69, 585.79], [277.21, 593.32], [279.7, 597.34], [282.39, 601.43], [282.78, 601.77], [284.76, 603.45]]}}, {"type": "Feature", "properties": {"rl": 93, "major": false}, "geometry": {"type": "LineString", "coordinates": [[275.33, 576.49], [275.59, 576.77], [277.11, 579.05], [277.58, 581.49]]}}, {"type": "Feature", "properties": {"rl": 93, "major": false}, "geometry": {"type": "LineString", "coordinates": [[270.91, 569.14], [270.99, 569.17], [270.95, 569.21]]}}, {"type": "Feature", "properties": {"rl": 93, "major": false}, "geometry": {"type": "LineString", "coordinates": [[254.7, 541.99], [254.91, 542.07], [255.14, 542.35], [255.01, 542.46]]}}, {"type": "Feature", "properties": {"rl": 93, "major": false}, "geometry": {"type": "LineString", "coordinates": [[620.74, 149.99], [624.21, 149.07], [628.48, 150.78], [629.23, 150.89], [635.21, 151.92], [636.29, 152.21], [637.24, 152.24], [639.8, 153.23], [640.44, 153.81], [640.73, 154.37], [641.82, 157.79], [643.0, 158.45], [641.96, 160.69], [643.86, 161.5]]}}, {"type": "Feature", "properties": {"rl": 93, "major": false}, "geometry": {"type": "LineString", "coordinates": [[875.27, 341.6], [876.15, 340.45], [876.15, 340.43], [876.29, 339.97], [876.3, 339.82], [876.3, 339.8], [874.78, 328.8], [875.41, 327.36], [873.5, 327.49], [873.33, 326.74], [872.72, 322.61], [872.77, 322.44], [872.74, 320.35], [872.24, 317.98], [872.3, 317.78], [872.78, 317.1], [872.77, 314.26], [873.53, 309.43]]}}, {"type": "Feature", "properties": {"rl": 93, "major": false}, "geometry": {"type": "LineString", "coordinates": [[762.17, 448.07], [764.01, 448.62], [765.64, 448.86], [768.84, 447.27], [768.91, 447.04], [772.97, 446.03], [774.64, 446.28], [776.39, 446.8], [777.79, 447.45], [781.67, 445.8], [782.18, 445.87], [785.04, 446.73], [785.88, 446.64], [786.36, 446.71], [786.48, 446.3], [791.8, 450.07], [798.16, 447.44], [798.58, 447.57], [801.72, 448.04], [801.74, 447.98], [804.48, 443.9], [817.84, 432.56], [827.94, 438.64], [829.38, 437.79], [830.19, 438.25], [832.01, 438.79], [834.82, 440.91], [836.4, 442.83], [837.33, 446.65], [839.66, 447.0], [840.8, 447.34], [844.65, 449.03], [847.0, 449.38], [849.44, 449.57], [849.47, 449.47], [850.32, 446.94], [850.36, 446.84]]}}, {"type": "Feature", "properties": {"rl": 93, "major": false}, "geometry": {"type": "LineString", "coordinates": [[760.06, 422.6], [760.6, 439.7]]}}, {"type": "Feature", "properties": {"rl": 93, "major": false}, "geometry": {"type": "LineString", "coordinates": [[748.56, 400.54], [751.52, 401.42], [752.05, 401.55], [753.79, 403.15], [753.88, 402.84], [761.11, 402.07], [764.55, 407.0], [760.26, 410.66], [760.23, 410.74], [759.72, 413.79], [759.84, 414.71], [759.61, 414.71]]}}, {"type": "Feature", "properties": {"rl": 93, "major": false}, "geometry": {"type": "LineString", "coordinates": [[788.94, 330.61], [784.96, 332.53], [784.0, 332.39], [781.07, 333.82], [779.61, 333.6], [776.08, 334.18], [765.73, 335.49]]}}, {"type": "Feature", "properties": {"rl": 93, "major": false}, "geometry": {"type": "LineString", "coordinates": [[841.93, 324.24], [839.69, 325.69], [839.09, 326.64], [837.66, 326.43], [836.74, 326.68], [835.34, 326.47]]}}, {"type": "Feature", "properties": {"rl": 93, "major": false}, "geometry": {"type": "LineString", "coordinates": [[382.1, 164.54], [388.98, 156.14], [399.34, 144.69], [401.57, 144.06], [403.38, 142.46], [407.15, 142.38], [408.23, 142.16], [409.94, 142.13], [415.48, 141.06], [416.06, 140.95], [416.34, 140.89], [416.62, 140.85], [417.21, 140.78], [425.04, 139.75], [428.48, 140.16], [430.49, 140.31], [434.66, 140.71], [442.25, 143.18], [447.15, 140.02], [449.12, 139.04], [450.16, 137.62], [456.78, 133.61], [458.05, 133.15], [459.16, 133.33], [462.35, 132.56], [463.15, 132.21], [464.5, 131.79], [471.93, 130.72], [477.85, 129.87], [485.77, 132.83], [486.65, 133.07], [488.67, 134.27], [497.06, 137.21], [499.83, 137.91], [502.54, 139.02], [505.18, 139.68], [513.99, 142.63], [516.23, 143.57], [516.81, 143.88], [526.08, 141.44], [526.98, 141.57], [531.23, 142.33], [534.56, 141.32], [536.3, 140.89]]}}, {"type": "Feature", "properties": {"rl": 93, "major": false}, "geometry": {"type": "LineString", "coordinates": [[388.29, 168.61], [387.99, 169.6], [387.64, 172.04], [383.35, 172.49], [381.56, 166.42]]}}, {"type": "Feature", "properties": {"rl": 93, "major": false}, "geometry": {"type": "LineString", "coordinates": [[404.83, 173.59], [401.89, 170.73], [399.33, 169.89]]}}, {"type": "Feature", "properties": {"rl": 93, "major": false}, "geometry": {"type": "LineString", "coordinates": [[760.48, 348.09], [758.61, 350.86], [758.52, 351.19], [754.93, 353.78], [753.08, 353.12], [753.07, 349.35], [756.1, 348.15], [756.19, 347.86], [756.24, 347.67], [760.48, 348.09]]}}, {"type": "Feature", "properties": {"rl": 93, "major": false}, "geometry": {"type": "LineString", "coordinates": [[784.47, 353.05], [783.63, 353.09], [783.53, 353.46], [782.35, 353.9], [782.28, 353.55], [782.22, 353.52], [782.31, 353.21], [782.42, 353.07], [782.36, 353.04], [782.27, 352.15], [782.35, 351.87], [784.47, 353.05]]}}, {"type": "Feature", "properties": {"rl": 93, "major": false}, "geometry": {"type": "LineString", "coordinates": [[364.8, 212.7], [365.01, 212.88], [364.71, 216.08], [364.32, 214.2], [363.76, 214.3], [364.5, 212.62], [364.8, 212.7]]}}, {"type": "Feature", "properties": {"rl": 93, "major": false}, "geometry": {"type": "LineString", "coordinates": [[372.88, 212.67], [371.11, 210.91], [373.86, 210.31], [375.63, 210.15], [375.83, 212.0], [372.88, 212.67]]}}, {"type": "Feature", "properties": {"rl": 93, "major": false}, "geometry": {"type": "LineString", "coordinates": [[782.68, 388.99], [782.51, 389.09], [779.98, 390.53], [780.46, 388.38], [781.45, 388.02], [782.42, 388.33], [782.53, 388.0], [782.62, 388.01], [782.78, 387.63], [783.99, 387.73], [784.13, 388.05], [784.05, 388.32], [784.51, 390.57], [782.68, 388.99]]}}, {"type": "Feature", "properties": {"rl": 93, "major": false}, "geometry": {"type": "LineString", "coordinates": [[782.79, 402.82], [782.73, 403.02], [782.65, 403.3], [781.31, 406.05], [780.7, 402.28], [780.78, 402.0], [782.66, 402.24], [782.79, 402.82]]}}, {"type": "Feature", "properties": {"rl": 93, "major": false}, "geometry": {"type": "LineString", "coordinates": [[782.56, 388.93], [782.75, 388.76], [782.82, 388.51], [782.66, 388.61], [782.56, 388.93]]}}, {"type": "Feature", "properties": {"rl": 94, "major": false}, "geometry": {"type": "LineString", "coordinates": [[857.02, 145.34], [857.22, 142.56], [858.99, 141.29], [858.81, 140.92], [857.71, 140.39], [855.73, 140.32], [854.82, 139.07], [854.77, 138.29], [855.3, 137.1], [856.28, 134.61], [855.85, 132.73], [854.85, 131.85], [854.84, 131.91], [852.58, 129.51], [851.59, 128.03], [850.59, 126.66]]}}, {"type": "Feature", "properties": {"rl": 94, "major": false}, "geometry": {"type": "LineString", "coordinates": [[600.67, 471.57], [600.56, 471.52], [600.39, 471.44], [593.53, 463.04], [592.29, 462.61], [586.1, 454.91], [583.95, 454.31], [577.25, 456.34], [573.38, 458.26], [567.92, 459.78], [567.72, 459.84], [565.4, 460.66], [560.95, 458.12], [558.25, 456.24], [536.21, 443.85], [532.66, 441.41], [520.65, 428.43], [518.57, 426.54], [513.67, 422.34], [504.63, 414.77], [501.57, 412.17], [488.03, 399.62], [486.43, 398.27], [486.28, 398.21], [480.22, 392.21], [479.8, 391.86], [476.46, 388.35], [472.36, 386.08], [469.37, 384.36], [469.91, 383.18], [467.8, 381.57], [464.8, 381.56], [457.57, 377.83], [457.05, 377.69], [457.09, 377.61], [454.18, 378.04], [452.44, 376.98], [449.81, 375.16], [449.45, 376.3], [448.41, 376.38], [446.5, 374.89], [447.07, 371.41], [445.5, 369.58], [438.65, 364.69], [438.68, 362.44], [433.94, 361.64], [432.94, 361.66], [430.04, 359.17], [420.97, 351.75], [420.23, 349.08], [413.92, 341.98], [410.24, 336.47], [410.91, 334.34], [413.51, 332.6], [416.82, 328.95], [421.91, 328.86], [421.41, 321.91], [421.65, 319.82], [423.72, 312.66], [424.14, 311.16], [424.9, 309.19], [428.43, 299.97], [430.66, 292.9], [431.14, 291.27], [431.15, 290.69], [430.72, 290.23], [426.96, 284.75], [424.16, 283.52], [420.57, 281.78], [417.28, 282.29], [412.63, 281.89], [410.27, 281.73], [400.1, 280.47], [396.34, 280.6], [395.33, 280.4], [390.48, 277.53], [389.58, 276.92], [388.42, 276.24], [382.73, 272.66], [378.18, 269.51], [377.7, 269.04], [377.3, 268.73], [372.25, 264.84], [371.89, 264.39], [371.19, 263.72], [370.22, 262.33], [369.73, 261.9], [369.54, 261.28], [368.68, 259.04], [364.67, 253.09], [364.21, 252.88], [363.81, 252.74], [363.75, 252.24], [363.39, 246.54], [363.0, 246.03], [363.73, 245.83], [364.13, 245.51], [364.45, 245.46], [373.03, 241.55], [374.13, 241.49], [379.74, 240.16], [385.21, 237.45], [389.14, 235.38], [389.65, 234.98], [390.22, 230.23], [390.36, 228.71], [390.49, 228.55], [390.63, 228.41], [391.44, 227.65], [397.34, 222.21], [398.11, 221.27], [398.53, 220.99], [398.78, 220.15], [398.53, 217.44], [398.93, 215.29], [399.99, 212.31], [401.17, 208.28], [402.09, 205.94], [403.07, 204.92], [404.03, 202.28], [405.74, 197.0], [406.53, 193.45], [407.7, 189.63], [409.07, 187.45], [410.32, 183.06], [411.31, 178.31], [411.71, 176.75], [407.95, 173.35]]}}, {"type": "Feature", "properties": {"rl": 94, "major": false}, "geometry": {"type": "LineString", "coordinates": [[626.18, 589.18], [628.35, 588.14], [635.04, 591.05], [635.2, 591.08], [635.68, 591.0], [644.8, 583.64], [652.29, 581.35], [652.44, 581.33], [652.76, 581.21], [652.52, 580.68], [652.2, 580.17], [647.68, 573.41], [646.42, 568.34], [641.65, 562.21], [639.04, 562.97]]}}, {"type": "Feature", "properties": {"rl": 94, "major": false}, "geometry": {"type": "LineString", "coordinates": [[595.96, 526.98], [594.47, 526.77], [594.07, 526.19], [594.19, 524.96], [595.55, 524.92], [596.01, 521.63], [595.89, 519.29], [596.9, 513.96], [596.94, 513.86], [604.83, 506.94], [606.69, 504.83], [623.69, 507.0], [623.88, 507.05], [623.92, 507.02], [624.31, 507.08], [624.08, 506.74], [623.61, 506.03], [612.53, 489.36], [611.04, 484.82], [601.57, 472.89]]}}, {"type": "Feature", "properties": {"rl": 94, "major": false}, "geometry": {"type": "LineString", "coordinates": [[476.17, 557.55], [479.15, 560.84]]}}, {"type": "Feature", "properties": {"rl": 94, "major": false}, "geometry": {"type": "LineString", "coordinates": [[464.03, 539.53], [464.98, 539.35], [465.42, 539.88], [465.67, 540.96], [466.6, 542.85], [467.23, 544.98], [471.03, 551.98]]}}, {"type": "Feature", "properties": {"rl": 94, "major": false}, "geometry": {"type": "LineString", "coordinates": [[356.3, 485.99], [356.21, 485.68], [362.94, 486.56]]}}, {"type": "Feature", "properties": {"rl": 94, "major": false}, "geometry": {"type": "LineString", "coordinates": [[350.62, 481.54], [351.8, 482.35]]}}, {"type": "Feature", "properties": {"rl": 94, "major": false}, "geometry": {"type": "LineString", "coordinates": [[345.89, 478.19], [346.08, 477.99], [346.09, 477.98], [346.43, 478.28]]}}, {"type": "Feature", "properties": {"rl": 94, "major": false}, "geometry": {"type": "LineString", "coordinates": [[348.45, 482.17], [349.19, 481.46]]}}, {"type": "Feature", "properties": {"rl": 94, "major": false}, "geometry": {"type": "LineString", "coordinates": [[339.24, 491.62], [339.05, 491.58], [338.14, 491.92], [337.72, 490.67], [337.91, 490.46], [338.45, 489.99], [338.47, 489.93]]}}, {"type": "Feature", "properties": {"rl": 94, "major": false}, "geometry": {"type": "LineString", "coordinates": [[348.11, 505.42], [350.23, 503.52], [347.04, 498.17]]}}, {"type": "Feature", "properties": {"rl": 94, "major": false}, "geometry": {"type": "LineString", "coordinates": [[333.38, 629.44], [333.43, 629.43], [333.6, 629.62], [340.61, 632.79], [343.0, 632.33], [346.74, 632.25], [350.15, 633.3], [353.8, 634.19], [355.1, 635.15], [356.17, 636.65], [359.02, 635.99], [361.54, 636.11], [362.44, 635.62], [365.65, 633.44], [366.6, 633.27], [369.31, 636.92]]}}, {"type": "Feature", "properties": {"rl": 94, "major": false}, "geometry": {"type": "LineString", "coordinates": [[276.13, 579.82], [275.57, 589.1], [274.77, 601.67], [274.84, 601.78], [274.92, 601.9], [276.71, 603.45], [285.85, 611.18]]}}, {"type": "Feature", "properties": {"rl": 94, "major": false}, "geometry": {"type": "LineString", "coordinates": [[619.85, 153.97], [623.93, 152.89], [625.37, 153.47], [628.07, 153.83], [629.85, 154.14], [635.43, 155.66], [637.51, 155.71], [638.18, 155.73], [639.02, 158.34], [639.58, 158.66], [638.31, 161.4], [639.44, 161.88]]}}, {"type": "Feature", "properties": {"rl": 94, "major": false}, "geometry": {"type": "LineString", "coordinates": [[881.27, 324.22], [880.99, 322.93], [881.91, 322.69], [880.65, 322.31], [880.75, 322.01], [880.75, 321.32], [880.38, 321.05], [880.3, 316.99], [880.32, 316.92], [880.59, 316.61], [880.71, 316.24], [880.62, 314.47], [878.11, 314.11], [878.83, 309.52]]}}, {"type": "Feature", "properties": {"rl": 94, "major": false}, "geometry": {"type": "LineString", "coordinates": [[884.76, 342.4], [884.84, 342.11]]}}, {"type": "Feature", "properties": {"rl": 94, "major": false}, "geometry": {"type": "LineString", "coordinates": [[775.53, 498.62], [775.56, 498.61], [778.88, 499.59], [779.02, 499.12], [784.35, 496.31], [785.06, 496.42], [786.07, 496.17], [786.88, 495.74], [786.96, 495.46], [790.24, 494.47], [790.34, 496.61], [793.39, 497.08], [793.9, 497.23], [795.36, 497.22], [795.66, 498.25], [795.57, 498.58], [796.82, 500.14], [801.06, 500.51], [801.16, 500.18], [801.2, 500.03], [802.82, 497.29], [803.51, 497.28], [804.09, 497.37], [809.11, 496.17], [811.0, 494.48], [811.08, 494.19], [812.74, 488.75], [816.31, 489.3], [816.43, 489.32], [816.48, 489.14], [816.56, 489.06], [821.44, 488.56], [821.46, 488.47], [823.31, 485.27], [821.99, 485.0], [818.72, 484.85], [821.36, 479.35], [821.37, 479.13], [821.48, 478.76], [821.51, 478.65], [823.64, 475.01], [823.66, 475.0], [826.65, 478.37], [826.66, 478.35], [830.12, 478.88], [824.37, 473.7], [823.77, 474.15], [823.76, 474.18], [820.34, 473.66], [820.39, 473.55], [820.55, 470.09], [820.69, 470.06], [822.66, 469.77], [822.75, 469.54], [822.84, 469.21], [825.89, 467.96], [828.81, 465.26], [828.87, 465.06], [828.95, 464.79], [831.08, 461.37], [833.76, 462.17], [830.52, 467.03], [830.51, 467.07], [833.66, 468.0], [835.79, 474.87], [832.42, 477.51], [835.76, 475.38], [839.08, 476.37], [839.26, 476.4], [839.35, 475.94], [839.49, 475.47], [840.69, 466.45], [840.69, 466.42], [840.84, 465.97], [843.75, 461.4], [843.89, 460.96], [848.92, 455.37], [849.04, 454.95]]}}, {"type": "Feature", "properties": {"rl": 94, "major": false}, "geometry": {"type": "LineString", "coordinates": [[757.92, 418.7], [758.32, 431.43]]}}, {"type": "Feature", "properties": {"rl": 94, "major": false}, "geometry": {"type": "LineString", "coordinates": [[749.35, 402.27], [751.56, 402.92], [752.91, 403.26], [757.28, 407.28], [757.3, 407.24], [758.4, 407.12], [758.93, 407.87], [758.27, 408.43], [758.09, 408.81], [758.06, 409.01], [758.56, 412.81], [757.58, 412.82]]}}, {"type": "Feature", "properties": {"rl": 94, "major": false}, "geometry": {"type": "LineString", "coordinates": [[839.94, 324.65], [838.84, 325.36], [838.55, 325.83], [837.84, 325.72], [837.39, 325.84], [836.71, 325.74]]}}, {"type": "Feature", "properties": {"rl": 94, "major": false}, "geometry": {"type": "LineString", "coordinates": [[385.75, 166.93], [386.74, 165.71], [402.34, 148.47], [405.7, 147.52], [406.38, 146.92], [408.69, 146.88], [409.97, 146.87], [410.1, 146.85], [415.49, 145.6], [421.24, 144.89], [429.84, 143.9], [434.88, 145.48], [442.06, 147.81], [445.3, 145.72], [450.02, 142.49], [451.11, 141.99], [458.33, 137.48], [459.62, 136.91], [462.82, 135.97], [464.37, 135.66], [473.01, 134.43], [477.01, 133.85], [482.36, 135.85], [484.68, 136.49], [490.03, 139.64], [490.78, 139.91], [497.63, 141.62], [504.32, 144.36], [505.78, 144.73], [512.89, 147.11], [516.18, 147.24], [518.25, 146.71], [522.44, 146.05], [527.43, 144.69], [530.04, 144.62], [533.64, 145.27], [535.35, 144.75], [536.25, 144.53]]}}, {"type": "Feature", "properties": {"rl": 94, "major": false}, "geometry": {"type": "LineString", "coordinates": [[386.64, 167.51], [386.6, 167.66], [386.55, 168.01], [385.93, 168.07], [385.67, 167.2]]}}, {"type": "Feature", "properties": {"rl": 94, "major": false}, "geometry": {"type": "LineString", "coordinates": [[405.18, 172.06], [402.88, 169.82], [400.89, 169.17]]}}, {"type": "Feature", "properties": {"rl": 94, "major": false}, "geometry": {"type": "LineString", "coordinates": [[820.89, 451.7], [808.39, 447.74], [821.12, 436.93], [827.51, 440.77], [829.47, 439.6], [830.59, 440.24], [831.79, 440.59], [833.63, 441.98], [834.66, 443.23], [835.87, 448.22], [835.85, 448.28], [831.79, 448.59], [831.65, 448.78], [831.06, 448.51], [823.84, 452.16], [820.89, 451.7]]}}, {"type": "Feature", "properties": {"rl": 94, "major": false}, "geometry": {"type": "LineString", "coordinates": [[423.69, 310.8], [413.66, 310.85], [411.14, 304.23], [413.96, 303.13], [422.84, 301.0], [423.69, 310.8]]}}, {"type": "Feature", "properties": {"rl": 94, "major": false}, "geometry": {"type": "LineString", "coordinates": [[783.5, 353.01], [782.57, 353.04], [782.47, 353.0], [782.43, 352.57], [782.47, 352.43], [783.5, 353.01]]}}, {"type": "Feature", "properties": {"rl": 94, "major": false}, "geometry": {"type": "LineString", "coordinates": [[769.69, 469.01], [771.15, 471.09], [772.25, 475.84], [772.24, 475.87], [768.86, 475.36], [766.86, 468.26], [766.89, 468.18], [769.69, 469.01]]}}, {"type": "Feature", "properties": {"rl": 94, "major": false}, "geometry": {"type": "LineString", "coordinates": [[762.63, 454.02], [765.47, 454.86], [767.94, 459.91], [765.58, 463.59], [765.56, 463.65], [765.44, 464.07], [762.56, 463.22], [762.58, 463.16], [762.63, 454.02]]}}, {"type": "Feature", "properties": {"rl": 94, "major": false}, "geometry": {"type": "LineString", "coordinates": [[807.8, 463.21], [808.04, 463.4], [810.47, 464.12], [813.21, 467.84], [813.16, 468.01], [811.83, 473.42], [805.52, 469.12], [805.07, 469.22], [805.16, 468.91], [804.31, 468.44], [803.94, 468.55], [801.62, 468.2], [800.85, 466.61], [800.95, 466.26], [800.9, 466.15], [803.08, 463.82], [805.69, 464.59], [805.91, 464.73], [806.59, 464.73], [806.7, 464.37], [807.8, 463.21]]}}, {"type": "Feature", "properties": {"rl": 94, "major": false}, "geometry": {"type": "LineString", "coordinates": [[822.42, 492.62], [822.32, 492.95], [822.13, 493.66], [823.66, 494.11], [823.95, 494.19], [824.02, 493.97], [824.09, 493.71], [825.35, 493.02], [824.33, 490.76], [823.9, 490.81], [822.28, 490.34], [822.42, 492.62]]}}, {"type": "Feature", "properties": {"rl": 94, "major": false}, "geometry": {"type": "LineString", "coordinates": [[821.03, 509.32], [820.84, 509.27], [820.97, 508.81], [820.39, 508.11], [817.2, 507.62], [816.87, 508.22], [816.86, 508.26], [816.9, 508.46], [817.18, 508.51], [820.37, 509.46], [820.36, 509.49], [821.03, 509.32]]}}, {"type": "Feature", "properties": {"rl": 94, "major": false}, "geometry": {"type": "LineString", "coordinates": [[367.77, 248.83], [367.89, 248.62], [369.32, 246.73], [365.8, 247.24], [366.11, 250.62], [367.77, 248.83]]}}, {"type": "Feature", "properties": {"rl": 94, "major": false}, "geometry": {"type": "LineString", "coordinates": [[344.19, 498.08], [343.36, 495.15], [343.52, 495.14], [346.29, 497.49], [344.19, 498.08]]}}, {"type": "Feature", "properties": {"rl": 94, "major": false}, "geometry": {"type": "LineString", "coordinates": [[821.03, 496.81], [819.11, 497.9], [817.69, 498.0], [817.63, 498.22], [816.83, 497.63], [815.19, 500.11], [817.18, 500.42], [817.63, 499.45], [818.28, 499.71], [818.3, 499.63], [818.42, 499.23], [819.96, 499.62], [819.87, 499.92], [819.82, 500.1], [818.79, 500.9], [818.72, 501.16], [821.7, 502.72], [821.74, 499.92], [821.83, 499.6], [821.03, 496.81]]}}, {"type": "Feature", "properties": {"rl": 94, "major": false}, "geometry": {"type": "LineString", "coordinates": [[373.44, 212.02], [372.68, 211.26], [373.86, 211.0], [374.62, 210.94], [374.71, 211.73], [373.44, 212.02]]}}, {"type": "Feature", "properties": {"rl": 94, "major": false}, "geometry": {"type": "LineString", "coordinates": [[809.39, 492.49], [805.97, 491.98], [804.59, 488.92], [805.29, 484.44], [805.32, 484.35], [805.43, 483.96], [810.25, 483.64], [812.71, 488.49], [812.71, 488.49], [809.39, 492.49]]}}, {"type": "Feature", "properties": {"rl": 94, "major": false}, "geometry": {"type": "LineString", "coordinates": [[336.29, 489.28], [336.35, 489.36], [335.57, 488.49], [335.58, 488.48], [335.59, 488.48], [335.64, 488.44], [336.29, 489.28]]}}, {"type": "Feature", "properties": {"rl": 94, "major": false}, "geometry": {"type": "LineString", "coordinates": [[795.28, 479.07], [795.3, 479.26], [795.82, 481.06], [795.8, 481.15], [795.68, 481.53], [795.81, 482.4], [795.6, 485.61], [795.57, 485.71], [795.45, 486.1], [791.67, 488.4], [791.67, 488.39], [788.63, 483.05], [788.64, 483.01], [793.11, 481.61], [793.11, 481.61], [792.91, 480.72], [792.94, 480.63], [792.8, 480.55], [788.47, 482.55], [790.01, 478.37], [790.03, 478.31], [792.46, 478.29], [792.54, 478.27], [795.39, 478.69], [795.28, 479.07]]}}, {"type": "Feature", "properties": {"rl": 94, "major": false}, "geometry": {"type": "LineString", "coordinates": [[782.81, 388.89], [782.77, 388.91], [782.82, 388.87], [782.95, 388.41], [782.91, 388.43], [782.95, 388.34], [783.04, 388.35], [783.05, 388.37], [782.92, 388.84], [782.96, 389.01], [782.81, 388.89]]}}, {"type": "Feature", "properties": {"rl": 94, "major": false}, "geometry": {"type": "LineString", "coordinates": [[782.55, 353.12], [782.43, 353.52], [782.33, 353.48], [782.38, 353.33], [782.55, 353.12]]}}, {"type": "Feature", "properties": {"rl": 94, "major": false}, "geometry": {"type": "LineString", "coordinates": [[800.55, 488.72], [797.04, 493.22], [797.12, 493.48], [797.09, 493.59], [796.97, 493.96], [794.35, 493.18], [794.22, 492.97], [791.69, 489.36], [791.7, 489.32], [791.83, 488.89], [791.89, 488.9], [795.62, 487.79], [800.55, 488.72]]}}, {"type": "Feature", "properties": {"rl": 95, "major": true}, "geometry": {"type": "LineString", "coordinates": [[857.12, 121.01], [857.16, 119.8]]}}, {"type": "Feature", "properties": {"rl": 95, "major": true}, "geometry": {"type": "LineString", "coordinates": [[861.82, 132.97], [860.64, 127.88], [859.39, 126.77]]}}, {"type": "Feature", "properties": {"rl": 95, "major": true}, "geometry": {"type": "LineString", "coordinates": [[602.58, 468.67], [601.61, 468.2], [600.13, 467.49], [594.39, 460.45], [591.9, 459.59], [587.07, 453.58], [583.9, 452.69], [574.06, 455.68], [572.73, 456.34], [570.85, 456.86], [567.8, 457.73], [566.15, 458.32], [563.0, 456.51], [561.08, 455.17], [535.85, 440.99], [534.15, 439.83], [525.82, 430.81], [521.7, 426.36], [520.11, 424.4], [509.18, 415.24], [502.8, 409.81], [494.15, 401.79], [487.75, 396.43], [487.14, 396.16], [484.38, 393.43], [480.2, 390.02], [478.68, 388.43], [472.48, 384.99], [470.82, 384.04], [471.59, 382.35], [468.57, 380.04], [464.28, 380.03], [458.94, 377.27], [457.45, 376.87], [457.55, 376.66], [455.46, 376.97], [450.76, 374.1], [449.78, 373.33], [448.47, 370.37], [448.46, 370.37], [448.45, 370.37], [439.54, 363.99], [439.57, 361.05], [436.11, 360.47], [433.78, 358.89], [424.78, 351.52], [423.41, 346.64], [417.23, 339.68], [412.67, 335.24], [417.28, 330.16], [422.62, 330.06], [425.16, 330.88], [425.06, 328.95], [423.64, 328.89], [423.22, 320.96], [424.75, 320.91], [424.82, 319.18], [426.41, 313.45], [429.83, 304.58], [430.69, 302.26], [430.99, 301.26], [431.28, 300.52], [432.02, 298.0], [433.72, 292.18], [433.81, 287.16], [430.04, 283.2], [428.46, 280.88], [423.82, 278.84], [422.71, 278.31], [417.25, 279.15], [415.83, 279.03], [411.37, 278.72], [399.14, 277.21], [397.65, 276.55], [395.03, 275.21], [392.56, 273.55], [387.76, 270.75], [385.08, 268.33], [383.46, 267.34], [381.7, 265.65], [380.3, 264.55], [380.06, 264.08], [379.27, 262.98], [379.25, 259.29], [378.83, 259.29], [379.04, 258.79], [378.97, 258.25], [375.96, 249.05], [380.62, 246.75], [383.02, 244.78], [387.68, 241.73], [389.58, 240.74], [393.2, 237.88], [393.31, 236.89], [395.73, 228.91], [399.06, 225.85], [401.89, 222.38], [402.06, 222.27], [402.84, 219.59], [402.74, 218.49], [403.86, 212.55], [404.42, 211.3], [404.79, 210.42], [405.97, 207.75], [405.25, 206.4], [406.13, 204.66], [408.44, 203.78], [408.57, 203.69], [410.34, 196.64], [411.96, 190.89], [412.34, 189.96], [413.9, 184.55], [415.4, 182.86], [416.74, 178.53], [416.86, 178.33], [416.34, 178.11], [416.03, 177.85], [413.58, 175.99], [409.66, 172.44]]}}, {"type": "Feature", "properties": {"rl": 95, "major": true}, "geometry": {"type": "LineString", "coordinates": [[662.92, 583.22], [662.86, 582.9], [657.79, 571.19], [657.31, 570.72], [657.18, 570.61], [653.07, 567.93], [648.76, 562.42], [645.83, 559.8], [643.56, 559.27], [640.72, 560.09]]}}, {"type": "Feature", "properties": {"rl": 95, "major": true}, "geometry": {"type": "LineString", "coordinates": [[625.01, 593.72], [629.22, 591.7], [633.3, 593.47], [635.67, 593.95], [643.31, 592.65], [647.74, 589.08], [651.37, 587.96], [655.54, 587.42], [662.17, 584.89]]}}, {"type": "Feature", "properties": {"rl": 95, "major": true}, "geometry": {"type": "LineString", "coordinates": [[600.5, 526.48], [600.53, 526.41], [598.49, 521.78], [597.7, 522.67], [597.5, 519.02], [597.83, 517.28], [599.18, 513.98], [604.67, 509.17], [607.07, 506.43], [620.14, 508.11], [623.01, 508.93], [623.79, 508.38], [629.9, 509.35], [626.27, 503.9], [618.82, 492.69], [614.64, 486.4], [614.07, 484.68], [610.5, 480.18]]}}, {"type": "Feature", "properties": {"rl": 95, "major": true}, "geometry": {"type": "LineString", "coordinates": [[471.96, 559.46], [475.12, 565.3]]}}, {"type": "Feature", "properties": {"rl": 95, "major": true}, "geometry": {"type": "LineString", "coordinates": [[356.47, 486.47], [356.42, 486.31], [359.83, 486.75]]}}, {"type": "Feature", "properties": {"rl": 95, "major": true}, "geometry": {"type": "LineString", "coordinates": [[350.6, 481.77], [351.08, 482.1]]}}, {"type": "Feature", "properties": {"rl": 95, "major": true}, "geometry": {"type": "LineString", "coordinates": [[349.7, 482.03], [350.01, 481.74]]}}, {"type": "Feature", "properties": {"rl": 95, "major": true}, "geometry": {"type": "LineString", "coordinates": [[338.38, 491.03], [338.37, 491.02], [338.29, 491.05], [338.25, 490.94], [338.27, 490.93], [338.32, 490.88], [338.32, 490.88]]}}, {"type": "Feature", "properties": {"rl": 95, "major": true}, "geometry": {"type": "LineString", "coordinates": [[334.9, 635.92], [334.99, 635.82], [340.29, 635.52], [340.49, 635.53], [341.69, 635.45], [347.71, 635.31], [351.99, 636.63], [352.69, 638.0], [355.64, 640.53], [356.65, 639.96], [359.72, 638.92], [361.27, 638.56], [361.8, 638.59], [363.26, 637.79], [364.85, 636.71], [366.26, 636.45], [370.27, 641.87]]}}, {"type": "Feature", "properties": {"rl": 95, "major": true}, "geometry": {"type": "LineString", "coordinates": [[271.66, 595.88], [271.06, 605.73], [271.42, 605.94], [279.03, 616.54], [279.24, 616.8], [279.02, 616.8], [279.39, 616.94], [279.74, 616.95], [284.36, 616.99], [285.48, 616.57], [286.52, 616.54]]}}, {"type": "Feature", "properties": {"rl": 95, "major": true}, "geometry": {"type": "LineString", "coordinates": [[618.97, 157.95], [622.23, 157.09], [623.86, 157.57], [625.82, 157.94], [628.49, 158.7], [631.26, 159.47], [632.44, 159.58], [634.21, 159.59], [635.91, 159.4], [634.66, 162.11], [635.03, 162.27]]}}, {"type": "Feature", "properties": {"rl": 95, "major": true}, "geometry": {"type": "LineString", "coordinates": [[890.82, 307.79], [886.86, 309.23], [886.89, 309.11], [889.04, 300.13]]}}, {"type": "Feature", "properties": {"rl": 95, "major": true}, "geometry": {"type": "LineString", "coordinates": [[890.42, 314.4], [890.34, 314.67]]}}, {"type": "Feature", "properties": {"rl": 95, "major": true}, "geometry": {"type": "LineString", "coordinates": [[890.9, 319.81], [890.92, 319.96], [890.92, 319.96], [888.31, 320.56], [888.3, 320.56], [886.31, 320.69], [884.88, 320.06], [886.45, 317.52], [886.47, 317.44], [886.59, 317.04], [886.66, 317.04], [889.72, 314.99], [886.68, 314.09], [886.26, 314.03], [886.61, 313.46], [886.62, 313.42], [889.91, 313.92], [890.53, 311.49]]}}, {"type": "Feature", "properties": {"rl": 95, "major": true}, "geometry": {"type": "LineString", "coordinates": [[890.28, 329.28], [890.09, 328.35], [890.62, 324.82], [887.84, 321.23], [887.86, 321.16], [888.17, 321.11], [888.26, 320.8], [890.88, 319.98], [890.93, 320.05]]}}, {"type": "Feature", "properties": {"rl": 95, "major": true}, "geometry": {"type": "LineString", "coordinates": [[895.22, 342.3], [895.23, 342.25]]}}, {"type": "Feature", "properties": {"rl": 95, "major": true}, "geometry": {"type": "LineString", "coordinates": [[840.56, 488.19], [841.72, 477.42], [842.62, 472.95], [842.69, 472.73], [843.24, 468.59], [843.31, 468.32], [843.38, 468.11], [844.72, 466.01], [844.78, 465.81], [847.1, 463.24], [847.15, 463.05]]}}, {"type": "Feature", "properties": {"rl": 95, "major": true}, "geometry": {"type": "LineString", "coordinates": [[755.77, 414.79], [756.04, 423.15]]}}, {"type": "Feature", "properties": {"rl": 95, "major": true}, "geometry": {"type": "LineString", "coordinates": [[750.15, 404.0], [751.6, 404.43], [753.76, 404.97], [757.0, 407.95], [756.94, 408.35], [757.28, 410.91], [755.55, 410.93]]}}, {"type": "Feature", "properties": {"rl": 95, "major": true}, "geometry": {"type": "LineString", "coordinates": [[405.53, 170.52], [403.88, 168.92], [402.44, 168.45]]}}, {"type": "Feature", "properties": {"rl": 95, "major": true}, "geometry": {"type": "LineString", "coordinates": [[391.28, 167.15], [396.83, 161.66], [405.35, 152.24], [408.11, 151.47], [409.59, 151.06], [414.6, 150.29], [414.62, 150.3], [415.0, 150.22], [416.27, 150.11], [425.85, 148.92], [428.87, 148.57], [434.2, 150.25], [441.66, 151.45], [443.08, 150.95], [445.99, 149.29], [451.93, 145.21], [456.18, 143.28], [458.12, 142.06], [461.73, 140.47], [463.01, 140.1], [469.6, 138.77], [474.09, 138.13], [476.17, 137.82], [478.96, 138.87], [482.72, 139.91], [485.57, 141.59], [488.51, 142.13], [493.84, 144.94], [495.43, 145.34], [506.1, 149.7], [506.38, 149.77], [507.74, 150.22], [515.81, 150.55], [520.89, 149.25], [527.47, 148.21], [528.66, 148.08], [534.92, 148.19], [535.82, 148.16], [536.04, 148.2], [536.15, 148.17], [536.21, 148.16]]}}, {"type": "Feature", "properties": {"rl": 95, "major": true}, "geometry": {"type": "LineString", "coordinates": [[824.3, 447.47], [819.09, 445.81], [824.4, 441.3], [827.07, 442.9], [829.57, 441.41], [831.0, 442.22], [831.57, 442.39], [832.44, 443.05], [832.93, 443.64], [833.5, 446.0], [833.42, 446.29], [831.49, 446.43], [830.95, 447.23], [828.55, 446.13], [825.54, 447.66], [824.3, 447.47]]}}, {"type": "Feature", "properties": {"rl": 95, "major": true}, "geometry": {"type": "LineString", "coordinates": [[421.63, 309.65], [414.05, 309.68], [412.15, 304.68], [414.28, 303.85], [420.99, 302.24], [421.63, 309.65]]}}, {"type": "Feature", "properties": {"rl": 95, "major": true}, "geometry": {"type": "LineString", "coordinates": [[822.85, 471.18], [822.84, 470.98], [822.92, 470.94], [822.89, 470.79], [823.01, 470.46], [823.03, 470.39], [826.54, 468.95], [825.95, 469.45], [823.18, 471.52], [823.06, 471.93], [822.53, 471.85], [822.85, 471.18]]}}, {"type": "Feature", "properties": {"rl": 95, "major": true}, "geometry": {"type": "LineString", "coordinates": [[882.75, 317.1], [884.74, 317.69], [884.87, 317.86], [884.66, 319.99], [882.66, 319.74], [882.48, 319.73], [881.97, 319.35], [881.95, 318.26], [882.05, 317.89], [882.75, 317.1]]}}, {"type": "Feature", "properties": {"rl": 95, "major": true}, "geometry": {"type": "LineString", "coordinates": [[769.58, 471.91], [770.04, 472.57], [770.39, 474.07], [770.29, 474.4], [769.22, 474.24], [768.59, 472.0], [768.7, 471.65], [769.58, 471.91]]}}, {"type": "Feature", "properties": {"rl": 95, "major": true}, "geometry": {"type": "LineString", "coordinates": [[763.0, 458.81], [764.13, 459.15], [765.12, 461.17], [764.18, 462.64], [764.08, 462.95], [764.03, 463.12], [762.88, 462.78], [762.98, 462.47], [763.0, 458.81]]}}, {"type": "Feature", "properties": {"rl": 95, "major": true}, "geometry": {"type": "LineString", "coordinates": [[807.62, 465.79], [808.51, 466.5], [808.64, 466.54], [808.79, 466.74], [808.66, 467.21], [808.58, 467.51], [808.23, 467.27], [807.11, 467.5], [807.12, 467.46], [804.99, 466.29], [804.07, 466.56], [803.74, 466.5], [803.62, 466.28], [803.64, 466.23], [803.49, 465.87], [803.87, 465.46], [804.32, 465.6], [805.08, 466.08], [807.41, 466.06], [807.43, 466.0], [807.62, 465.79]]}}, {"type": "Feature", "properties": {"rl": 95, "major": true}, "geometry": {"type": "LineString", "coordinates": [[823.19, 481.74], [821.46, 481.66], [822.37, 479.75], [822.42, 479.04], [822.46, 478.93], [822.56, 478.56], [823.23, 477.42], [823.52, 477.33], [824.59, 478.53], [824.49, 478.84], [824.25, 479.46], [823.19, 481.74]]}}, {"type": "Feature", "properties": {"rl": 95, "major": true}, "geometry": {"type": "LineString", "coordinates": [[448.46, 370.41], [449.14, 374.08], [448.89, 374.88], [448.51, 374.91], [447.82, 374.37], [448.46, 370.41]]}}, {"type": "Feature", "properties": {"rl": 95, "major": true}, "geometry": {"type": "LineString", "coordinates": [[343.72, 496.16], [343.46, 495.24], [343.51, 495.24], [344.38, 495.98], [343.72, 496.16]]}}, {"type": "Feature", "properties": {"rl": 95, "major": true}, "geometry": {"type": "LineString", "coordinates": [[794.22, 479.16], [794.29, 479.7], [794.57, 480.66], [794.49, 480.93], [794.43, 481.13], [794.81, 483.77], [794.71, 485.26], [794.62, 485.57], [794.57, 485.74], [792.82, 486.81], [792.82, 486.8], [791.41, 484.33], [791.49, 484.06], [793.56, 483.41], [793.56, 483.4], [792.96, 480.7], [793.03, 480.43], [792.61, 480.18], [790.43, 481.19], [791.21, 479.08], [791.29, 478.81], [792.51, 478.81], [792.75, 478.73], [794.28, 478.95], [794.22, 479.16]]}}, {"type": "Feature", "properties": {"rl": 95, "major": true}, "geometry": {"type": "LineString", "coordinates": [[795.56, 491.22], [795.22, 491.66], [795.52, 492.62], [795.4, 493.03], [795.38, 493.1], [794.9, 492.96], [794.41, 492.18], [794.05, 491.66], [794.17, 491.24], [794.19, 491.18], [794.72, 491.24], [795.08, 491.13], [795.56, 491.22]]}}, {"type": "Feature", "properties": {"rl": 96, "major": false}, "geometry": {"type": "LineString", "coordinates": [[604.5, 465.76], [602.66, 464.88], [599.88, 463.54], [595.24, 457.86], [591.51, 456.58], [588.03, 452.24], [584.63, 451.29], [584.8, 451.14], [582.97, 450.78], [582.44, 451.07], [580.55, 451.7], [581.1, 451.74], [572.53, 454.29], [571.31, 454.65], [567.89, 455.62], [566.91, 455.97], [565.04, 454.9], [563.91, 454.11], [537.35, 439.18], [535.64, 438.24], [525.46, 427.22], [521.21, 421.97], [513.74, 415.71], [504.02, 407.45], [500.27, 403.97], [496.41, 400.74], [489.71, 394.31], [488.3, 394.11], [487.58, 393.09], [481.13, 387.8], [480.3, 387.52], [476.13, 384.11], [477.31, 386.51], [472.6, 383.91], [472.28, 383.72], [473.28, 381.52], [469.34, 378.51], [463.76, 378.5], [460.31, 376.71], [457.86, 376.06], [458.02, 375.7], [456.74, 375.89], [453.86, 374.14], [450.39, 371.39], [449.49, 369.35], [448.84, 368.51], [446.96, 367.97], [440.42, 363.3], [440.47, 359.67], [439.6, 359.52], [433.82, 355.59], [428.58, 351.29], [427.56, 347.64], [427.27, 346.13], [426.94, 344.3], [422.93, 342.94], [414.61, 334.82], [417.74, 331.37], [421.37, 331.3], [428.23, 333.52], [427.96, 328.31], [424.12, 328.14], [423.79, 321.84], [428.19, 321.69], [428.41, 316.71], [428.68, 315.74], [429.26, 314.24], [432.0, 306.86], [432.93, 303.67], [433.88, 301.34], [436.24, 293.31], [436.3, 293.08], [436.46, 283.63], [434.98, 282.07], [430.78, 278.0], [429.98, 277.48], [428.82, 277.16], [423.81, 275.48], [419.02, 276.23], [415.98, 275.95], [412.46, 275.71], [406.21, 274.94], [401.54, 272.86], [397.13, 270.61], [394.63, 268.86], [393.01, 265.62], [389.27, 263.15], [388.22, 262.2], [387.91, 262.01], [387.86, 261.94], [387.48, 261.45], [386.18, 259.01], [385.99, 257.97], [385.86, 257.83], [385.73, 256.31], [385.13, 253.27], [387.25, 250.31], [388.55, 249.1], [389.98, 248.56], [390.37, 242.26], [393.76, 239.51], [398.17, 238.16], [400.89, 229.86], [401.16, 229.13], [405.43, 224.09], [405.91, 222.85], [406.12, 222.27], [407.1, 218.93], [408.99, 213.27], [409.39, 211.43], [409.84, 209.82], [407.29, 208.81], [405.97, 206.37], [406.73, 204.88], [408.71, 204.12], [412.86, 201.32], [413.84, 197.39], [414.75, 194.19], [416.51, 189.87], [417.21, 187.44], [422.21, 181.8], [422.35, 181.67], [422.42, 181.6], [422.58, 181.39], [423.63, 179.75], [418.61, 177.64], [415.6, 175.13], [413.97, 173.89], [411.37, 171.54]]}}, {"type": "Feature", "properties": {"rl": 96, "major": false}, "geometry": {"type": "LineString", "coordinates": [[666.33, 577.25], [665.75, 574.17], [664.91, 572.21], [661.02, 568.41], [659.0, 566.22], [658.53, 566.03], [657.13, 564.79], [657.12, 564.71], [657.03, 564.71], [649.81, 558.27], [643.71, 556.83], [642.39, 557.21]]}}, {"type": "Feature", "properties": {"rl": 96, "major": false}, "geometry": {"type": "LineString", "coordinates": [[623.84, 598.26], [630.1, 595.25], [631.55, 595.89], [636.15, 596.82], [649.9, 594.48], [650.53, 594.49], [654.05, 594.12], [658.64, 593.52], [659.12, 593.34]]}}, {"type": "Feature", "properties": {"rl": 96, "major": false}, "geometry": {"type": "LineString", "coordinates": [[604.56, 526.43], [604.38, 525.8], [603.42, 525.39], [601.11, 520.87], [600.01, 517.55], [601.42, 514.1], [604.5, 511.4], [607.45, 508.04], [616.59, 509.21], [622.15, 510.8], [623.66, 509.74], [635.49, 511.62], [628.46, 501.06], [619.43, 487.47]]}}, {"type": "Feature", "properties": {"rl": 96, "major": false}, "geometry": {"type": "LineString", "coordinates": [[356.64, 486.94], [356.64, 486.93], [356.71, 486.94]]}}, {"type": "Feature", "properties": {"rl": 96, "major": false}, "geometry": {"type": "LineString", "coordinates": [[335.22, 639.9], [336.0, 639.1], [339.84, 638.88], [341.46, 638.94], [347.99, 638.51], [348.39, 638.67], [349.82, 639.9], [355.67, 644.9], [358.65, 643.23], [361.02, 642.43], [362.42, 641.09], [364.03, 640.0], [364.12, 639.97], [365.92, 639.64], [371.23, 646.81]]}}, {"type": "Feature", "properties": {"rl": 96, "major": false}, "geometry": {"type": "LineString", "coordinates": [[266.62, 609.66], [266.81, 609.83], [266.56, 611.32], [267.73, 609.97], [273.16, 616.75], [265.84, 616.72], [265.48, 616.97], [265.98, 617.36], [278.12, 622.12], [278.5, 622.15], [279.51, 623.03], [280.16, 621.89], [284.39, 621.4], [284.68, 621.28], [287.07, 621.22]]}}, {"type": "Feature", "properties": {"rl": 96, "major": false}, "geometry": {"type": "LineString", "coordinates": [[618.08, 161.93], [619.06, 161.68], [620.98, 162.24], [623.51, 162.63], [628.17, 163.93], [628.91, 164.14], [631.74, 164.56]]}}, {"type": "Feature", "properties": {"rl": 96, "major": false}, "geometry": {"type": "LineString", "coordinates": [[891.02, 306.81], [890.35, 307.05], [890.48, 306.63], [890.85, 305.11]]}}, {"type": "Feature", "properties": {"rl": 96, "major": false}, "geometry": {"type": "LineString", "coordinates": [[753.63, 410.88], [753.76, 414.88]]}}, {"type": "Feature", "properties": {"rl": 96, "major": false}, "geometry": {"type": "LineString", "coordinates": [[750.94, 405.73], [751.64, 405.93], [754.61, 406.67], [755.89, 407.84], [755.86, 408.01], [755.99, 409.01], [753.53, 409.04]]}}, {"type": "Feature", "properties": {"rl": 96, "major": false}, "geometry": {"type": "LineString", "coordinates": [[405.88, 168.99], [404.87, 168.01], [404.0, 167.72]]}}, {"type": "Feature", "properties": {"rl": 96, "major": false}, "geometry": {"type": "LineString", "coordinates": [[397.2, 166.93], [407.91, 156.34], [407.95, 156.47], [408.36, 156.6], [412.29, 155.18], [412.49, 154.92], [412.4, 154.92], [413.13, 154.72], [413.23, 154.71], [413.58, 154.87], [419.39, 153.56], [427.93, 152.84], [438.02, 154.19], [441.17, 154.7], [444.57, 153.5], [451.53, 149.53], [453.85, 147.94], [456.57, 146.7], [459.11, 145.77], [462.93, 144.23], [472.8, 142.29], [474.82, 141.88], [475.17, 141.83], [475.33, 141.8], [475.55, 141.88], [478.06, 142.58], [480.83, 143.41], [481.5, 143.85], [486.34, 147.33], [490.01, 149.26], [490.27, 148.9], [491.44, 149.78], [492.81, 150.34], [503.14, 153.44], [507.62, 153.14], [508.47, 153.58], [515.44, 153.87], [523.53, 151.78], [525.59, 151.46], [530.18, 150.99], [534.3, 151.06], [536.6, 151.01], [537.08, 151.08], [538.74, 151.4], [539.42, 151.27]]}}, {"type": "Feature", "properties": {"rl": 96, "major": false}, "geometry": {"type": "LineString", "coordinates": [[419.57, 308.49], [414.44, 308.52], [413.15, 305.13], [414.59, 304.57], [419.14, 303.48], [419.57, 308.49]]}}, {"type": "Feature", "properties": {"rl": 96, "major": false}, "geometry": {"type": "LineString", "coordinates": [[827.59, 444.46], [829.67, 443.22], [831.17, 444.07], [831.05, 444.49], [830.25, 445.67], [827.59, 444.46]]}}, {"type": "Feature", "properties": {"rl": 96, "major": false}, "geometry": {"type": "LineString", "coordinates": [[887.41, 319.17], [887.05, 319.01], [887.44, 318.37], [887.55, 317.99], [887.58, 317.89], [887.91, 317.87], [888.85, 317.24], [889.04, 318.64], [888.93, 319.0], [888.24, 319.16], [887.91, 319.14], [887.41, 319.17]]}}, {"type": "Feature", "properties": {"rl": 96, "major": false}, "geometry": {"type": "LineString", "coordinates": [[793.16, 479.25], [793.29, 480.14], [793.32, 480.26], [793.19, 480.71], [793.18, 480.74], [793.48, 482.82], [793.0, 480.68], [793.13, 480.23], [792.43, 479.82], [792.39, 479.83], [792.4, 479.8], [792.54, 479.32], [792.56, 479.32], [792.96, 479.19], [793.17, 479.22], [793.16, 479.25]]}}, {"type": "Feature", "properties": {"rl": 97, "major": false}, "geometry": {"type": "LineString", "coordinates": [[606.41, 462.86], [603.7, 461.56], [599.62, 459.59], [596.09, 455.27], [591.12, 453.56], [588.99, 450.91], [586.91, 450.33], [587.02, 450.24], [580.85, 449.03], [579.08, 450.02], [572.83, 452.1], [572.83, 452.1], [572.7, 452.14], [569.04, 453.21], [567.97, 453.52], [567.67, 453.62], [567.08, 453.29], [566.73, 453.04], [558.44, 448.38], [537.14, 436.66], [529.21, 428.08], [522.31, 419.54], [518.29, 416.17], [508.09, 407.5], [505.44, 405.15], [503.7, 403.43], [491.89, 392.1], [491.03, 391.98], [485.96, 384.84], [484.64, 383.76], [478.91, 381.78], [475.98, 379.38], [472.73, 378.99], [470.11, 376.99], [463.23, 376.96], [461.67, 376.16], [458.26, 375.24], [458.49, 374.75], [458.02, 374.82], [456.97, 374.18], [451.0, 369.45], [450.5, 368.33], [449.22, 366.65], [445.47, 365.58], [441.31, 362.6], [441.34, 359.81], [442.25, 359.48], [441.73, 358.05], [436.44, 354.03], [433.87, 352.28], [432.38, 351.07], [432.09, 350.03], [431.4, 346.4], [430.6, 341.99], [420.95, 338.72], [416.54, 334.41], [418.2, 332.58], [420.13, 332.55], [431.3, 336.16], [430.86, 327.67], [424.61, 327.4], [424.36, 322.73], [428.39, 322.59], [429.01, 321.94], [429.33, 322.16], [429.36, 321.6], [431.49, 316.34], [433.3, 311.46], [434.88, 306.09], [436.48, 302.16], [438.13, 296.51], [439.72, 292.14], [439.82, 284.62], [439.14, 282.59], [437.92, 280.3], [435.41, 277.87], [431.57, 275.4], [426.06, 273.84], [424.09, 273.18], [422.19, 273.47], [413.72, 272.71], [413.56, 272.7], [413.28, 272.67], [405.44, 269.18], [403.46, 268.17], [395.69, 262.71], [395.03, 261.41], [395.99, 261.33], [398.76, 262.12], [397.78, 260.91], [397.27, 259.11], [394.68, 253.87], [397.98, 247.19], [403.03, 238.53], [394.08, 245.41], [390.9, 248.52], [391.25, 242.87], [393.7, 240.88], [403.45, 237.9], [403.63, 237.33], [406.59, 229.34], [408.41, 227.2], [410.5, 221.84], [411.39, 219.3], [411.76, 218.04], [412.47, 215.91], [413.48, 211.25], [413.64, 210.68], [407.79, 208.37], [406.7, 206.34], [407.33, 205.09], [408.99, 204.46], [417.15, 198.95], [417.35, 198.15], [417.53, 197.49], [419.21, 193.39], [420.6, 190.64], [421.49, 189.56], [424.8, 186.33], [427.12, 184.01], [427.6, 183.57], [427.93, 183.28], [427.31, 183.1], [425.77, 179.51], [425.81, 179.24], [420.88, 177.16], [415.16, 172.4], [414.36, 171.79], [413.07, 170.63]]}}, {"type": "Feature", "properties": {"rl": 97, "major": false}, "geometry": {"type": "LineString", "coordinates": [[669.74, 571.28], [669.21, 568.45], [668.74, 567.66], [667.52, 566.78], [664.7, 563.74], [659.45, 561.65], [659.03, 561.28], [658.88, 560.2], [657.62, 560.15], [653.78, 556.74], [645.27, 554.72], [645.27, 554.72], [644.01, 554.18]]}}, {"type": "Feature", "properties": {"rl": 97, "major": false}, "geometry": {"type": "LineString", "coordinates": [[622.67, 602.8], [628.38, 600.06], [630.89, 599.13], [631.18, 598.96], [634.77, 599.31], [636.62, 599.68], [639.0, 599.28], [650.88, 599.53], [656.05, 598.97], [657.23, 598.38]]}}, {"type": "Feature", "properties": {"rl": 97, "major": false}, "geometry": {"type": "LineString", "coordinates": [[608.89, 526.41], [608.87, 526.4], [606.39, 524.37], [605.74, 522.2], [603.35, 514.97], [603.66, 514.22], [604.33, 513.63], [607.83, 509.64], [613.03, 510.31], [621.29, 512.68], [623.52, 511.1], [641.08, 513.9], [630.65, 498.22], [628.35, 494.76]]}}, {"type": "Feature", "properties": {"rl": 97, "major": false}, "geometry": {"type": "LineString", "coordinates": [[335.55, 643.89], [337.01, 642.37], [339.4, 642.24], [342.42, 642.35], [346.28, 642.1], [348.23, 642.87], [355.22, 648.87], [355.7, 649.28], [356.85, 648.63], [359.95, 650.73], [361.35, 652.06], [362.37, 652.57], [368.28, 652.33], [368.42, 652.31], [372.36, 652.73]]}}, {"type": "Feature", "properties": {"rl": 97, "major": false}, "geometry": {"type": "LineString", "coordinates": [[259.16, 613.61], [260.38, 614.7], [259.49, 619.89], [260.2, 620.38], [263.41, 624.81], [266.4, 627.01], [268.43, 628.01], [269.31, 627.72], [274.15, 628.02], [275.12, 627.22], [278.1, 626.19], [286.32, 626.4], [286.89, 625.93], [287.08, 625.91], [287.62, 625.9]]}}, {"type": "Feature", "properties": {"rl": 97, "major": false}, "geometry": {"type": "LineString", "coordinates": [[616.08, 165.05], [617.15, 165.58], [618.61, 166.31], [622.36, 166.89], [625.06, 167.64], [627.61, 168.35], [629.53, 168.64]]}}, {"type": "Feature", "properties": {"rl": 97, "major": false}, "geometry": {"type": "LineString", "coordinates": [[406.23, 167.46], [405.87, 167.1], [405.55, 167.0]]}}, {"type": "Feature", "properties": {"rl": 97, "major": false}, "geometry": {"type": "LineString", "coordinates": [[410.68, 164.0], [411.32, 163.59], [421.42, 157.44], [423.77, 156.91], [427.03, 156.64], [432.61, 157.38], [440.41, 158.27], [444.94, 156.45], [446.06, 156.05], [450.92, 153.28], [455.75, 150.77], [457.54, 150.16], [460.81, 148.98], [462.28, 148.38], [467.33, 147.39], [475.95, 146.69], [479.69, 147.81], [486.39, 152.12], [486.79, 152.34], [488.59, 153.07], [489.17, 153.32], [491.29, 154.46], [498.72, 156.69], [509.05, 155.99], [511.02, 157.01], [515.07, 157.18], [521.86, 155.43], [524.17, 154.89], [530.29, 154.03], [531.69, 153.89], [532.26, 153.9], [537.02, 153.8], [538.01, 153.95], [541.46, 154.61], [542.87, 154.35]]}}, {"type": "Feature", "properties": {"rl": 97, "major": false}, "geometry": {"type": "LineString", "coordinates": [[403.12, 166.72], [406.95, 162.92], [406.97, 162.97], [410.34, 163.97]]}}, {"type": "Feature", "properties": {"rl": 97, "major": false}, "geometry": {"type": "LineString", "coordinates": [[266.16, 615.56], [267.08, 616.71], [265.84, 616.7], [264.21, 617.82], [266.16, 615.56]]}}, {"type": "Feature", "properties": {"rl": 97, "major": false}, "geometry": {"type": "LineString", "coordinates": [[417.51, 307.34], [414.83, 307.35], [414.15, 305.59], [414.91, 305.29], [417.28, 304.72], [417.51, 307.34]]}}, {"type": "Feature", "properties": {"rl": 98, "major": false}, "geometry": {"type": "LineString", "coordinates": [[608.32, 459.95], [604.75, 458.24], [599.36, 455.64], [596.95, 452.68], [590.73, 450.54], [589.95, 449.58], [589.2, 449.37], [589.24, 449.33], [578.74, 447.29], [575.72, 448.97], [571.84, 450.26], [571.68, 450.3], [568.54, 451.23], [563.42, 448.72], [538.63, 435.07], [532.97, 428.94], [523.41, 417.11], [522.85, 416.64], [521.42, 415.43], [507.51, 403.06], [498.37, 394.02], [494.06, 389.89], [493.75, 389.85], [491.06, 386.06], [487.26, 382.03], [485.51, 380.4], [479.24, 377.45], [478.16, 377.08], [475.9, 376.73], [471.93, 376.26], [470.88, 375.46], [464.59, 375.44], [463.08, 375.32], [462.93, 375.27], [461.79, 374.98], [461.25, 375.12], [458.66, 374.43], [458.77, 374.2], [459.59, 373.96], [458.47, 371.58], [454.26, 369.61], [451.62, 367.52], [451.52, 367.3], [449.6, 364.79], [443.97, 363.18], [442.19, 361.91], [442.2, 360.71], [444.48, 359.88], [443.18, 356.32], [438.79, 352.99], [437.36, 348.31], [435.71, 346.74], [435.42, 346.03], [434.26, 339.69], [418.98, 334.49], [418.47, 334.0], [418.66, 333.79], [418.88, 333.79], [434.37, 338.79], [433.84, 328.54], [433.78, 327.12], [433.77, 327.04], [433.76, 326.96], [433.9, 324.96], [434.25, 317.0], [434.44, 316.51], [434.61, 316.06], [436.82, 308.51], [439.08, 302.98], [439.93, 300.05], [443.17, 291.13], [443.24, 286.01], [441.82, 281.78], [439.87, 278.14], [439.37, 277.37], [438.77, 276.63], [437.97, 276.41], [433.17, 273.31], [427.26, 271.64], [424.75, 270.48], [421.38, 269.52], [415.67, 268.48], [410.73, 266.18], [408.71, 264.45], [405.42, 260.38], [402.56, 250.33], [402.28, 249.77], [402.64, 249.04], [403.28, 247.95], [407.51, 242.01], [408.35, 237.47], [411.34, 230.61], [412.02, 229.55], [413.07, 225.98], [415.08, 220.83], [415.75, 218.93], [416.52, 217.66], [417.46, 213.52], [417.97, 211.06], [418.58, 208.98], [419.45, 205.27], [420.81, 200.81], [423.74, 196.33], [424.32, 195.18], [425.23, 194.08], [427.79, 191.31], [430.41, 188.26], [431.38, 187.38], [435.43, 183.7], [427.79, 181.52], [426.62, 178.8], [426.7, 178.18], [423.14, 176.69], [414.88, 169.81]]}}, {"type": "Feature", "properties": {"rl": 98, "major": false}, "geometry": {"type": "LineString", "coordinates": [[673.16, 565.31], [672.82, 563.49], [671.76, 561.71], [670.13, 560.55], [669.09, 560.27], [665.34, 558.76], [661.48, 557.1], [661.51, 556.64], [661.4, 556.56], [658.55, 555.61], [658.21, 555.6], [657.76, 555.2], [656.76, 554.97], [656.75, 554.96], [645.25, 550.08]]}}, {"type": "Feature", "properties": {"rl": 98, "major": false}, "geometry": {"type": "LineString", "coordinates": [[621.49, 607.34], [623.45, 606.4], [631.58, 603.38], [632.5, 602.86], [636.27, 603.22], [645.62, 604.45], [651.23, 604.56], [652.98, 604.37], [655.44, 603.14]]}}, {"type": "Feature", "properties": {"rl": 98, "major": false}, "geometry": {"type": "LineString", "coordinates": [[613.08, 526.5], [610.7, 524.72], [609.54, 523.78], [607.91, 518.34], [607.08, 512.54], [608.21, 511.25], [609.48, 511.41], [620.43, 514.55], [623.39, 512.46], [638.95, 514.94], [640.0, 516.05], [641.55, 515.92], [643.12, 515.8], [644.28, 512.58], [637.28, 502.05]]}}, {"type": "Feature", "properties": {"rl": 98, "major": false}, "geometry": {"type": "LineString", "coordinates": [[335.88, 647.87], [338.02, 645.65], [338.96, 645.6], [343.39, 645.76], [344.57, 645.68], [348.07, 647.07], [351.92, 650.38], [353.83, 652.37], [355.7, 657.5], [356.23, 659.16], [360.59, 660.25], [367.03, 660.48], [367.08, 660.96]]}}, {"type": "Feature", "properties": {"rl": 98, "major": false}, "geometry": {"type": "LineString", "coordinates": [[251.7, 617.55], [253.94, 619.57], [253.8, 620.42], [256.57, 622.35], [257.97, 624.27], [256.68, 626.18], [252.24, 624.95], [251.53, 623.31], [249.31, 625.58], [249.58, 628.22], [252.06, 630.19], [256.69, 633.76], [260.31, 635.04], [263.07, 636.32], [267.79, 637.28], [270.43, 637.08], [276.35, 635.38]]}}, {"type": "Feature", "properties": {"rl": 98, "major": false}, "geometry": {"type": "LineString", "coordinates": [[613.23, 167.51], [616.18, 168.98], [620.19, 170.99], [621.21, 171.14], [621.94, 171.35], [626.31, 172.57], [627.32, 172.72]]}}, {"type": "Feature", "properties": {"rl": 98, "major": false}, "geometry": {"type": "LineString", "coordinates": [[415.17, 169.58], [426.94, 160.82], [438.25, 161.87], [439.31, 161.91], [439.6, 161.94], [439.88, 161.85], [439.99, 161.83], [440.56, 161.87], [448.11, 160.02], [450.33, 157.58], [457.65, 153.78], [461.74, 152.39], [466.13, 152.52], [476.7, 151.66], [478.56, 152.22], [481.88, 154.36], [484.71, 155.88], [486.04, 156.42], [486.1, 156.95], [487.91, 157.88], [490.8, 158.69], [491.64, 159.13], [494.3, 159.93], [510.48, 158.83], [513.57, 160.44], [514.7, 160.49], [516.58, 160.0], [523.14, 158.47], [526.43, 158.01], [531.5, 157.13], [533.81, 156.67], [537.45, 156.59], [538.95, 156.82], [544.18, 157.82], [546.31, 157.42]]}}, {"type": "Feature", "properties": {"rl": 98, "major": false}, "geometry": {"type": "LineString", "coordinates": [[415.45, 306.19], [415.22, 306.19], [415.16, 306.04], [415.22, 306.01], [415.43, 305.96], [415.45, 306.19]]}}, {"type": "Feature", "properties": {"rl": 98, "major": false}, "geometry": {"type": "LineString", "coordinates": [[409.26, 204.8], [417.03, 199.56], [415.58, 207.3], [415.17, 210.65], [408.3, 207.94], [407.43, 206.3], [407.93, 205.31], [409.26, 204.8]]}}, {"type": "Feature", "properties": {"rl": 98, "major": false}, "geometry": {"type": "LineString", "coordinates": [[393.65, 242.25], [400.1, 240.28], [393.88, 245.05], [391.92, 246.97], [392.14, 243.48], [393.65, 242.25]]}}, {"type": "Feature", "properties": {"rl": 98, "major": false}, "geometry": {"type": "LineString", "coordinates": [[424.93, 323.61], [427.56, 323.52], [427.96, 323.09], [433.59, 327.03], [425.1, 326.65], [424.93, 323.61]]}}, {"type": "Feature", "properties": {"rl": 99, "major": false}, "geometry": {"type": "LineString", "coordinates": [[610.24, 457.05], [605.8, 454.92], [599.1, 451.69], [597.8, 450.1], [592.72, 448.35], [587.86, 447.73], [576.63, 445.54], [572.37, 447.92], [570.84, 448.42], [570.53, 448.49], [569.5, 448.8], [555.02, 441.68], [540.12, 433.49], [536.72, 429.8], [530.3, 421.86], [524.71, 415.29], [519.55, 409.84], [509.57, 400.97], [499.24, 390.75], [496.09, 387.94], [494.21, 386.02], [489.57, 381.1], [485.46, 377.29], [483.55, 376.39], [478.88, 374.78], [473.22, 373.91], [471.58, 373.64], [470.96, 373.63], [464.7, 373.12], [463.63, 372.78], [461.42, 372.22], [458.08, 365.9], [458.94, 364.84], [456.59, 362.58], [456.44, 361.96], [455.34, 361.81], [452.83, 358.65], [451.97, 357.96], [450.55, 355.84], [450.78, 353.14], [450.47, 352.59], [448.0, 348.84], [444.13, 348.1], [441.11, 344.02], [439.41, 339.99], [437.6, 337.78], [437.25, 329.77], [436.91, 326.69], [436.5, 323.47], [436.9, 317.76], [437.79, 314.28], [438.77, 310.93], [441.67, 303.8], [441.73, 303.59], [446.63, 290.11], [446.66, 287.41], [444.51, 280.97], [443.83, 279.69], [441.18, 275.7], [438.04, 271.79], [435.71, 271.14], [434.73, 271.07], [433.59, 270.48], [426.14, 267.06], [420.08, 265.33], [415.9, 259.87], [412.3, 257.11], [410.59, 255.61], [409.97, 253.8], [409.3, 249.52], [411.47, 246.46], [413.22, 237.04], [414.15, 234.91], [417.45, 229.77], [418.8, 225.17], [419.71, 221.49], [421.28, 218.52], [421.28, 218.18], [421.36, 217.97], [422.44, 212.35], [422.91, 211.37], [424.58, 207.79], [421.89, 210.44], [423.33, 202.88], [425.42, 197.06], [430.49, 195.84], [429.93, 198.43], [430.81, 195.71], [431.84, 196.0], [432.08, 195.68], [435.34, 191.52], [436.91, 189.67], [441.03, 186.53], [442.76, 185.06], [440.65, 183.12], [439.53, 182.55], [437.56, 181.36], [435.39, 181.98], [428.26, 179.94], [427.46, 178.09], [427.6, 177.13], [425.41, 176.21], [420.33, 171.98]]}}, {"type": "Feature", "properties": {"rl": 99, "major": false}, "geometry": {"type": "LineString", "coordinates": [[676.57, 559.35], [676.42, 558.53], [675.09, 556.28], [674.68, 556.24], [673.03, 555.41], [670.85, 554.83], [669.25, 554.18], [665.71, 554.12], [663.95, 551.55], [663.52, 550.52], [662.46, 550.3], [661.57, 549.86], [658.28, 549.57], [650.2, 546.46], [646.02, 546.44]]}}, {"type": "Feature", "properties": {"rl": 99, "major": false}, "geometry": {"type": "LineString", "coordinates": [[618.62, 612.99], [621.98, 613.21], [624.84, 610.4], [632.27, 607.64], [633.82, 606.76], [635.71, 606.94], [646.08, 608.3], [651.85, 608.8], [653.65, 607.89]]}}, {"type": "Feature", "properties": {"rl": 99, "major": false}, "geometry": {"type": "LineString", "coordinates": [[618.53, 528.64], [618.25, 528.28], [616.07, 524.67], [612.98, 523.17], [612.81, 522.9], [611.63, 514.15], [619.57, 516.43], [623.26, 513.82], [634.27, 515.57], [636.72, 518.16], [640.34, 517.87], [644.0, 517.58], [646.71, 510.09], [646.21, 509.34]]}}, {"type": "Feature", "properties": {"rl": 99, "major": false}, "geometry": {"type": "LineString", "coordinates": [[336.2, 651.86], [338.16, 649.83], [338.96, 649.14], [342.99, 649.36], [345.05, 651.74], [347.78, 651.42], [347.99, 651.38], [351.78, 655.33], [352.63, 657.66], [353.88, 661.53], [355.64, 661.97], [358.25, 662.07], [358.37, 663.2]]}}, {"type": "Feature", "properties": {"rl": 99, "major": false}, "geometry": {"type": "LineString", "coordinates": [[244.25, 621.5], [244.76, 621.96], [243.83, 622.91], [243.94, 624.05], [245.13, 629.69], [247.55, 631.49], [248.68, 632.42], [253.18, 635.22], [255.06, 636.32], [256.42, 637.11], [260.72, 640.45], [261.46, 640.79], [262.55, 641.29], [267.11, 643.41], [267.74, 643.38], [269.68, 642.72]]}}, {"type": "Feature", "properties": {"rl": 99, "major": false}, "geometry": {"type": "LineString", "coordinates": [[610.39, 169.97], [615.21, 172.38], [618.53, 174.04], [621.82, 177.36], [624.25, 176.57], [625.01, 176.79], [625.11, 176.8]]}}, {"type": "Feature", "properties": {"rl": 99, "major": false}, "geometry": {"type": "LineString", "coordinates": [[428.06, 165.84], [428.83, 165.49], [436.01, 165.75], [438.87, 166.01], [441.63, 165.18], [442.75, 164.92], [448.3, 165.37], [450.51, 164.83], [456.25, 158.5], [459.54, 156.79], [461.38, 156.16], [477.12, 156.6], [477.47, 156.64], [477.8, 156.82], [482.63, 159.42], [482.85, 159.51], [482.98, 160.59], [483.09, 160.65], [486.31, 161.96], [487.04, 162.22], [487.16, 162.05], [491.0, 162.69], [492.21, 163.11], [500.77, 162.44], [511.91, 161.68], [513.64, 162.58], [515.33, 163.2], [522.21, 161.72], [524.24, 161.61], [530.99, 160.44], [536.04, 159.43], [537.87, 159.39], [539.88, 159.69], [546.9, 161.03], [549.76, 160.5]]}}, {"type": "Feature", "properties": {"rl": 99, "major": false}, "geometry": {"type": "LineString", "coordinates": [[409.53, 205.14], [415.37, 201.19], [414.29, 207.02], [413.98, 209.54], [408.81, 207.5], [408.15, 206.27], [408.53, 205.52], [409.53, 205.14]]}}, {"type": "Feature", "properties": {"rl": 99, "major": false}, "geometry": {"type": "LineString", "coordinates": [[393.6, 243.62], [396.07, 242.86], [393.68, 244.69], [392.93, 245.43], [393.02, 244.09], [393.6, 243.62]]}}, {"type": "Feature", "properties": {"rl": 99, "major": false}, "geometry": {"type": "LineString", "coordinates": [[425.51, 324.49], [426.73, 324.45], [426.91, 324.25], [429.53, 326.08], [425.58, 325.91], [425.51, 324.49]]}}, {"type": "Feature", "properties": {"rl": 100, "major": true}, "geometry": {"type": "LineString", "coordinates": [[612.15, 454.14], [606.85, 451.59], [598.85, 447.74], [598.66, 447.51], [597.91, 447.25], [581.69, 445.19], [574.51, 443.79], [570.3, 446.14], [570.15, 446.06], [556.08, 439.3], [546.62, 434.65], [541.62, 431.9], [540.48, 430.66], [538.32, 428.0], [526.05, 413.58], [514.72, 401.62], [511.64, 398.88], [508.45, 395.73], [497.92, 386.34], [492.07, 380.37], [491.9, 380.19], [491.89, 380.1], [491.81, 380.05], [487.08, 375.08], [486.05, 374.45], [485.14, 374.41], [481.29, 373.06], [479.6, 372.48], [478.63, 372.33], [472.15, 371.26], [469.7, 371.19], [466.32, 370.92], [464.34, 370.29], [463.19, 370.0], [461.46, 366.72], [465.48, 361.76], [466.51, 361.83], [467.46, 360.58], [467.51, 359.71], [466.69, 358.3], [466.45, 357.66], [466.16, 357.42], [461.99, 354.26], [461.8, 354.09], [461.27, 353.45], [456.03, 346.13], [455.7, 345.7], [455.06, 345.78], [454.84, 344.72], [444.48, 340.32], [443.64, 339.36], [440.88, 335.96], [440.72, 332.43], [440.05, 326.33], [439.24, 319.98], [439.3, 319.13], [439.85, 316.96], [440.98, 312.75], [443.41, 306.87], [443.91, 305.28], [444.59, 303.37], [446.07, 300.36], [449.5, 290.7], [450.08, 289.09], [450.09, 288.8], [449.56, 287.22], [446.88, 280.27], [446.88, 279.59], [445.22, 277.4], [442.98, 274.02], [441.13, 271.71], [438.35, 268.54], [438.06, 268.22], [436.11, 268.08], [427.95, 263.83], [427.54, 263.64], [427.21, 263.54], [425.25, 260.98], [416.18, 249.25], [418.16, 240.21], [421.48, 234.54], [422.87, 229.98], [423.28, 227.7], [424.36, 223.34], [424.96, 222.21], [424.98, 219.54], [425.62, 217.86], [425.74, 217.26], [426.61, 215.41], [427.87, 213.09], [428.4, 211.95], [431.34, 206.26], [431.82, 206.15], [429.53, 203.47], [431.7, 196.78], [437.32, 198.37], [438.63, 196.65], [439.35, 195.73], [442.8, 191.65], [443.39, 191.19], [445.34, 189.55], [448.68, 187.37], [449.35, 186.61], [448.04, 183.95]]}}, {"type": "Feature", "properties": {"rl": 100, "major": true}, "geometry": {"type": "LineString", "coordinates": [[678.23, 552.02], [677.58, 552.34], [677.11, 553.73], [677.02, 553.72], [676.99, 553.71], [673.43, 550.02], [670.74, 551.67], [670.32, 551.81], [666.34, 548.03], [663.58, 546.49], [663.08, 545.77], [662.59, 545.91], [659.01, 543.63], [658.39, 543.33], [658.28, 543.32], [658.01, 543.21], [646.43, 543.15]]}}, {"type": "Feature", "properties": {"rl": 100, "major": true}, "geometry": {"type": "LineString", "coordinates": [[614.13, 619.53], [614.43, 619.58], [615.55, 620.19], [624.21, 620.55], [624.36, 620.58], [624.37, 620.45], [632.83, 612.17], [635.11, 610.7], [635.16, 610.7], [649.37, 616.03], [651.96, 613.38], [652.02, 613.54], [652.01, 613.76]]}}, {"type": "Feature", "properties": {"rl": 100, "major": true}, "geometry": {"type": "LineString", "coordinates": [[621.81, 526.51], [619.58, 523.72], [619.04, 522.81], [618.27, 522.44], [616.82, 520.11], [616.49, 517.67], [618.71, 518.3], [623.12, 515.18], [629.59, 516.21], [633.44, 520.27], [639.12, 519.82], [644.88, 519.36], [646.99, 513.5], [655.13, 516.63]]}}, {"type": "Feature", "properties": {"rl": 100, "major": true}, "geometry": {"type": "LineString", "coordinates": [[336.53, 655.85], [336.71, 655.66], [339.76, 653.01], [341.52, 653.11], [343.63, 655.55], [345.14, 657.84], [345.46, 659.88], [345.5, 660.26], [349.53, 664.23], [349.66, 665.44]]}}, {"type": "Feature", "properties": {"rl": 100, "major": true}, "geometry": {"type": "LineString", "coordinates": [[266.4, 644.57], [267.36, 644.97], [270.05, 646.92]]}}, {"type": "Feature", "properties": {"rl": 100, "major": true}, "geometry": {"type": "LineString", "coordinates": [[234.96, 626.78], [240.43, 627.92], [240.61, 628.79], [246.05, 632.83], [248.59, 634.93], [249.72, 635.63], [253.68, 637.95], [256.56, 639.63], [257.95, 640.71], [259.88, 641.58], [262.7, 642.86], [264.62, 643.76]]}}, {"type": "Feature", "properties": {"rl": 100, "major": true}, "geometry": {"type": "LineString", "coordinates": [[607.54, 172.44], [614.24, 175.78], [614.95, 176.14], [615.86, 177.06], [619.86, 180.67], [621.51, 180.97], [623.34, 180.36]]}}, {"type": "Feature", "properties": {"rl": 100, "major": true}, "geometry": {"type": "LineString", "coordinates": [[447.11, 184.89], [442.16, 180.34], [438.61, 178.54], [437.67, 177.98], [432.52, 179.45], [428.73, 178.36], [428.31, 177.38], [428.49, 176.08], [427.67, 175.73], [425.77, 174.15]]}}, {"type": "Feature", "properties": {"rl": 100, "major": true}, "geometry": {"type": "LineString", "coordinates": [[433.95, 169.75], [438.15, 170.27], [441.89, 168.96], [443.38, 168.51], [445.5, 168.02], [449.65, 168.35], [451.47, 168.05], [454.82, 166.17], [460.97, 160.17], [473.31, 161.43], [480.12, 162.36], [482.18, 163.34], [482.41, 163.73], [483.43, 164.15], [487.39, 165.59], [488.03, 164.65], [489.12, 164.83], [493.05, 166.21], [498.21, 165.8], [511.88, 164.88], [512.46, 164.73], [512.93, 164.67], [513.75, 164.5], [516.58, 165.54], [521.43, 164.5], [528.47, 164.09], [530.48, 163.75], [538.27, 162.18], [538.3, 162.18], [540.82, 162.56], [549.61, 164.24], [553.21, 163.58]]}}, {"type": "Feature", "properties": {"rl": 100, "major": true}, "geometry": {"type": "LineString", "coordinates": [[428.66, 171.86], [432.44, 170.15]]}}, {"type": "Feature", "properties": {"rl": 100, "major": true}, "geometry": {"type": "LineString", "coordinates": [[409.8, 205.48], [413.72, 202.83], [412.99, 206.74], [412.78, 208.43], [409.32, 207.06], [408.88, 206.24], [409.13, 205.73], [409.8, 205.48]]}}, {"type": "Feature", "properties": {"rl": 100, "major": true}, "geometry": {"type": "LineString", "coordinates": [[429.95, 197.49], [428.64, 203.52], [423.29, 208.79], [424.41, 202.94], [426.03, 198.43], [429.95, 197.49]]}}, {"type": "Feature", "properties": {"rl": 101, "major": false}, "geometry": {"type": "LineString", "coordinates": [[584.29, 443.77], [575.52, 442.65], [572.4, 442.04], [570.57, 443.07], [570.5, 443.03], [553.48, 434.85], [543.11, 430.31], [537.58, 423.85], [527.39, 411.88], [518.58, 402.57], [513.63, 397.14], [510.32, 394.07], [504.39, 388.87], [499.75, 384.74], [498.48, 383.43], [494.78, 379.49], [494.45, 377.72], [492.8, 376.53], [490.0, 373.59], [487.12, 371.81], [484.59, 371.72], [481.37, 370.59], [478.79, 369.88], [476.61, 369.52], [472.72, 368.88], [468.43, 368.76], [467.93, 368.72], [465.05, 367.8], [464.96, 367.78], [464.84, 367.54], [465.13, 367.18], [467.96, 367.38], [470.55, 363.95], [470.7, 361.56], [468.44, 357.7], [467.78, 355.94], [466.98, 355.28], [463.61, 352.72], [463.16, 352.33], [461.92, 350.84], [457.78, 345.05], [456.91, 343.96], [455.29, 344.15], [454.73, 341.46], [448.1, 338.64], [444.63, 334.65], [444.02, 334.22], [443.66, 334.19], [442.04, 326.44], [442.93, 325.28], [442.29, 320.53], [442.73, 317.16], [443.76, 313.32], [445.08, 310.14], [446.12, 306.82], [447.54, 302.83], [450.63, 296.58], [452.33, 291.76], [452.66, 289.7], [451.52, 286.49], [448.91, 279.71], [448.9, 277.58], [445.94, 273.67], [444.86, 272.13], [444.67, 272.02], [443.32, 270.77], [439.08, 265.93], [438.37, 265.15], [437.5, 265.09], [433.53, 263.03], [430.26, 259.47], [424.33, 249.25], [422.93, 247.43], [423.17, 246.34], [423.57, 245.65], [428.3, 230.19], [428.83, 227.24], [427.61, 224.45], [427.01, 220.44], [432.55, 215.82], [432.95, 216.6], [433.42, 216.8], [434.03, 216.08], [434.29, 215.69], [434.73, 214.21], [436.31, 209.75], [436.82, 209.57], [437.74, 207.64], [439.46, 205.24], [443.0, 200.76], [443.47, 199.78], [443.94, 199.16], [444.93, 197.99], [449.13, 194.33], [449.89, 193.94], [452.35, 192.44], [453.36, 191.47], [456.02, 188.07], [456.04, 188.05], [455.16, 186.24]]}}, {"type": "Feature", "properties": {"rl": 101, "major": false}, "geometry": {"type": "LineString", "coordinates": [[614.07, 451.23], [607.9, 448.27], [603.92, 446.36]]}}, {"type": "Feature", "properties": {"rl": 101, "major": false}, "geometry": {"type": "LineString", "coordinates": [[672.31, 538.78], [672.28, 538.8], [668.05, 546.72], [667.6, 546.87], [667.36, 546.64], [667.19, 546.55], [664.0, 541.99], [660.9, 542.89], [660.27, 542.49], [658.91, 539.44], [655.66, 539.0], [652.79, 538.75], [651.49, 539.89], [646.84, 539.86]]}}, {"type": "Feature", "properties": {"rl": 101, "major": false}, "geometry": {"type": "LineString", "coordinates": [[633.19, 629.03], [632.82, 628.03], [641.66, 627.71], [642.98, 628.25], [643.11, 627.86], [650.47, 620.32], [650.7, 620.96], [650.66, 621.81]]}}, {"type": "Feature", "properties": {"rl": 101, "major": false}, "geometry": {"type": "LineString", "coordinates": [[611.32, 623.82], [614.09, 624.27], [619.7, 627.34], [621.39, 627.73], [622.39, 627.78], [630.66, 627.9]]}}, {"type": "Feature", "properties": {"rl": 101, "major": false}, "geometry": {"type": "LineString", "coordinates": [[628.66, 526.39], [625.14, 526.04], [623.92, 525.82]]}}, {"type": "Feature", "properties": {"rl": 101, "major": false}, "geometry": {"type": "LineString", "coordinates": [[623.41, 525.62], [623.07, 525.06], [623.9, 523.48], [621.8, 519.09], [621.07, 517.9], [622.99, 516.54], [624.92, 516.85], [630.16, 522.38], [637.91, 521.76], [645.76, 521.14], [647.1, 517.41], [660.92, 522.71], [660.54, 525.44], [661.61, 526.21], [664.06, 523.92]]}}, {"type": "Feature", "properties": {"rl": 101, "major": false}, "geometry": {"type": "LineString", "coordinates": [[339.0, 664.76], [339.96, 661.55], [340.59, 665.56], [340.75, 667.43], [340.95, 667.62], [340.95, 667.68]]}}, {"type": "Feature", "properties": {"rl": 101, "major": false}, "geometry": {"type": "LineString", "coordinates": [[604.7, 174.9], [609.22, 177.16], [611.69, 178.26], [614.34, 180.67], [617.42, 183.45], [620.95, 184.09], [621.64, 183.86]]}}, {"type": "Feature", "properties": {"rl": 101, "major": false}, "geometry": {"type": "LineString", "coordinates": [[434.17, 175.62], [429.64, 176.91], [429.2, 176.79], [429.15, 176.67], [429.2, 176.3]]}}, {"type": "Feature", "properties": {"rl": 101, "major": false}, "geometry": {"type": "LineString", "coordinates": [[445.6, 179.34], [443.68, 177.57], [438.68, 175.03]]}}, {"type": "Feature", "properties": {"rl": 101, "major": false}, "geometry": {"type": "LineString", "coordinates": [[452.66, 178.67], [450.53, 174.34]]}}, {"type": "Feature", "properties": {"rl": 101, "major": false}, "geometry": {"type": "LineString", "coordinates": [[444.53, 172.53], [446.56, 171.97], [449.24, 170.52], [451.43, 170.16], [459.6, 165.56], [460.3, 165.25], [460.33, 165.23], [478.8, 167.08], [481.91, 167.47], [482.05, 167.33], [485.95, 168.89], [488.86, 169.68], [492.83, 170.11], [494.53, 170.1], [495.92, 169.52], [509.73, 168.59], [511.73, 168.06], [513.38, 167.85], [516.2, 167.28], [517.84, 167.88], [520.65, 167.28], [527.12, 166.91], [529.95, 166.68], [543.98, 169.06], [544.03, 169.06], [544.08, 169.06], [544.63, 169.22], [544.48, 169.03], [546.13, 166.26], [552.33, 167.45], [556.65, 166.65]]}}, {"type": "Feature", "properties": {"rl": 101, "major": false}, "geometry": {"type": "LineString", "coordinates": [[410.07, 205.82], [412.06, 204.47], [411.69, 206.46], [411.59, 207.32], [409.83, 206.62], [409.6, 206.2], [409.73, 205.95], [410.07, 205.82]]}}, {"type": "Feature", "properties": {"rl": 101, "major": false}, "geometry": {"type": "LineString", "coordinates": [[438.63, 199.56], [436.53, 202.38], [437.11, 202.5], [434.57, 207.65], [430.83, 203.28], [432.59, 197.86], [438.63, 199.56]]}}, {"type": "Feature", "properties": {"rl": 101, "major": false}, "geometry": {"type": "LineString", "coordinates": [[429.41, 199.14], [428.48, 203.41], [424.7, 207.14], [425.48, 203.0], [426.63, 199.81], [429.41, 199.14]]}}, {"type": "Feature", "properties": {"rl": 102, "major": false}, "geometry": {"type": "LineString", "coordinates": [[570.63, 440.12], [570.35, 440.0], [569.29, 439.53], [544.61, 428.73], [529.12, 410.62], [528.78, 410.08], [528.33, 409.7], [515.55, 395.68], [506.27, 387.07], [501.61, 382.99], [499.17, 380.41], [497.65, 378.8], [497.01, 375.33], [493.79, 373.01], [492.92, 372.1], [488.2, 369.18], [484.05, 369.03], [483.41, 368.8], [477.58, 367.22], [473.69, 366.57], [473.88, 363.41], [470.19, 357.1], [469.11, 354.23], [467.81, 353.15], [465.23, 351.19], [464.52, 350.57], [462.56, 348.23], [459.52, 343.97], [458.13, 342.23], [455.52, 342.53], [454.62, 338.2], [451.73, 336.97], [450.22, 335.23], [446.7, 332.74], [444.63, 332.58], [443.42, 326.8], [445.67, 323.84], [445.41, 321.93], [446.38, 314.48], [446.54, 313.9], [446.74, 313.41], [448.33, 308.36], [450.48, 302.3], [453.7, 295.78], [454.61, 293.76], [455.12, 290.54], [452.67, 283.67], [450.93, 279.14], [450.92, 275.82], [450.89, 275.54], [450.73, 275.27], [446.87, 269.8], [446.12, 269.38], [440.75, 264.4], [439.81, 263.32], [439.18, 262.63], [438.32, 260.97], [433.06, 255.25], [429.13, 248.47], [429.7, 242.88], [432.82, 232.82], [433.72, 230.4], [435.52, 224.12], [430.88, 229.55], [428.63, 224.37], [428.13, 221.11], [432.65, 217.35], [435.78, 223.34], [435.8, 223.35], [436.9, 222.05], [439.02, 219.34], [439.3, 219.01], [439.76, 218.71], [441.04, 217.02], [441.12, 216.27], [442.04, 213.21], [442.98, 210.4], [443.9, 208.52], [443.93, 208.15], [446.12, 205.49], [448.75, 202.66], [452.13, 198.47], [452.92, 197.71], [453.29, 197.49], [457.11, 193.83], [457.26, 193.64], [458.34, 193.26], [462.94, 191.56], [464.0, 191.08], [464.98, 190.28], [463.39, 188.82], [458.81, 185.73], [458.26, 183.97], [457.7, 182.81]]}}, {"type": "Feature", "properties": {"rl": 102, "major": false}, "geometry": {"type": "LineString", "coordinates": [[615.98, 448.33], [610.1, 445.51]]}}, {"type": "Feature", "properties": {"rl": 102, "major": false}, "geometry": {"type": "LineString", "coordinates": [[645.21, 632.14], [645.73, 630.57], [648.98, 627.25], [649.38, 628.38], [649.32, 629.87]]}}, {"type": "Feature", "properties": {"rl": 102, "major": false}, "geometry": {"type": "LineString", "coordinates": [[635.12, 631.47], [634.56, 629.94], [638.45, 629.8], [643.81, 631.99]]}}, {"type": "Feature", "properties": {"rl": 102, "major": false}, "geometry": {"type": "LineString", "coordinates": [[614.68, 628.24], [618.96, 629.22], [623.81, 629.46], [627.61, 629.51]]}}, {"type": "Feature", "properties": {"rl": 102, "major": false}, "geometry": {"type": "LineString", "coordinates": [[608.51, 628.11], [611.66, 628.62]]}}, {"type": "Feature", "properties": {"rl": 102, "major": false}, "geometry": {"type": "LineString", "coordinates": [[643.49, 532.72], [641.61, 530.02], [639.64, 530.66]]}}, {"type": "Feature", "properties": {"rl": 102, "major": false}, "geometry": {"type": "LineString", "coordinates": [[636.88, 529.67], [634.59, 529.8]]}}, {"type": "Feature", "properties": {"rl": 102, "major": false}, "geometry": {"type": "LineString", "coordinates": [[634.45, 529.71], [633.27, 528.23], [633.35, 526.67], [633.18, 523.99], [636.7, 523.71], [646.63, 522.92], [647.21, 521.32], [653.15, 523.6], [651.89, 532.63], [650.78, 533.0], [647.97, 532.28], [647.41, 534.62]]}}, {"type": "Feature", "properties": {"rl": 102, "major": false}, "geometry": {"type": "LineString", "coordinates": [[601.85, 177.36], [602.7, 177.79], [608.55, 180.4], [614.84, 186.11], [614.98, 186.23], [615.46, 186.32], [617.67, 186.68], [619.27, 187.1], [619.94, 187.15]]}}, {"type": "Feature", "properties": {"rl": 102, "major": false}, "geometry": {"type": "LineString", "coordinates": [[454.92, 172.44], [460.02, 170.18], [460.99, 169.42], [472.76, 170.6], [481.46, 171.68], [481.84, 171.29], [484.03, 172.16], [490.65, 173.96], [492.42, 174.15], [496.1, 174.13], [499.12, 172.86], [507.59, 172.29], [511.0, 171.4], [513.82, 171.04], [518.64, 170.06], [519.09, 170.22], [519.87, 170.06], [521.66, 169.95], [529.41, 169.35], [540.95, 171.3], [542.6, 171.48], [543.95, 171.4], [550.98, 173.41], [551.46, 173.38], [556.13, 172.42], [555.62, 170.77], [555.55, 170.57], [560.1, 169.73]]}}, {"type": "Feature", "properties": {"rl": 102, "major": false}, "geometry": {"type": "LineString", "coordinates": [[410.34, 206.16], [410.41, 206.11], [410.4, 206.18], [410.4, 206.21], [410.34, 206.18], [410.33, 206.17], [410.33, 206.16], [410.34, 206.16]]}}, {"type": "Feature", "properties": {"rl": 102, "major": false}, "geometry": {"type": "LineString", "coordinates": [[438.1, 200.24], [436.5, 202.4], [436.94, 202.49], [435.0, 206.43], [432.13, 203.08], [433.48, 198.93], [438.1, 200.24]]}}, {"type": "Feature", "properties": {"rl": 102, "major": false}, "geometry": {"type": "LineString", "coordinates": [[428.86, 200.79], [428.32, 203.3], [426.1, 205.49], [426.56, 203.06], [427.23, 201.18], [428.86, 200.79]]}}, {"type": "Feature", "properties": {"rl": 103, "major": false}, "geometry": {"type": "LineString", "coordinates": [[467.64, 188.34], [464.16, 185.14], [461.58, 183.4], [460.48, 179.88], [460.23, 179.38]]}}, {"type": "Feature", "properties": {"rl": 103, "major": false}, "geometry": {"type": "LineString", "coordinates": [[570.0, 437.61], [568.49, 436.95], [562.81, 434.46], [546.1, 427.14], [535.61, 414.88], [530.67, 407.22], [524.25, 401.64], [517.48, 394.21], [505.74, 383.33], [503.47, 381.18], [502.7, 380.55], [499.9, 377.81], [499.52, 374.95], [499.11, 373.64], [498.06, 372.46], [494.65, 370.18], [490.07, 367.25], [488.77, 366.53], [486.03, 363.65], [486.02, 363.65], [485.94, 363.65], [482.55, 365.36], [477.37, 364.52], [476.64, 364.54], [471.94, 356.49], [470.45, 352.51], [468.63, 351.01], [466.84, 349.65], [465.87, 348.81], [463.21, 345.62], [461.26, 342.89], [459.35, 340.49], [455.75, 340.91], [454.66, 335.68], [454.28, 334.74], [449.38, 331.27], [445.59, 330.96], [444.79, 327.17], [447.5, 323.6], [448.59, 324.18], [448.35, 322.11], [448.82, 316.09], [449.73, 312.47], [450.53, 309.9], [453.43, 301.77], [453.47, 301.68], [457.3, 293.1], [457.58, 291.37], [453.83, 280.84], [452.96, 278.58], [452.95, 276.92], [452.47, 273.27], [450.49, 269.75], [448.88, 267.47], [447.57, 266.73], [443.97, 263.39], [441.14, 258.41], [437.13, 252.79], [436.69, 251.93], [435.86, 251.03], [435.24, 249.96], [436.47, 237.89], [436.67, 237.23], [439.15, 230.62], [439.57, 229.15], [440.22, 227.4], [442.65, 222.08], [443.53, 221.07], [444.59, 220.36], [444.81, 220.43], [447.27, 218.37], [447.1, 216.87], [449.38, 214.93], [449.83, 214.73], [450.59, 212.71], [450.97, 210.54], [450.99, 210.25], [452.69, 208.57], [455.33, 204.78], [456.17, 203.76], [454.37, 198.23], [457.76, 194.68], [461.12, 197.94], [462.12, 197.57], [466.94, 195.37], [467.68, 194.76], [468.72, 191.45], [473.16, 192.58]]}}, {"type": "Feature", "properties": {"rl": 103, "major": false}, "geometry": {"type": "LineString", "coordinates": [[617.89, 445.42], [616.29, 444.65]]}}, {"type": "Feature", "properties": {"rl": 103, "major": false}, "geometry": {"type": "LineString", "coordinates": [[460.07, 174.85], [461.65, 173.61], [466.72, 174.12], [481.01, 175.88], [481.63, 175.25], [482.1, 175.43], [487.76, 176.97], [490.32, 178.91], [492.26, 178.12], [492.37, 178.06], [496.4, 178.16], [497.68, 178.15], [502.32, 176.21], [505.45, 176.0], [510.28, 174.73], [514.26, 174.22], [516.77, 173.71], [519.3, 173.12], [520.63, 172.66], [528.86, 172.01], [537.93, 173.55], [541.16, 173.89], [543.82, 173.73], [549.95, 175.49], [551.26, 175.4], [558.58, 173.9], [558.81, 173.97], [565.11, 175.28], [564.56, 173.63], [578.5, 177.16], [592.33, 179.11], [597.43, 179.83], [600.11, 180.24], [606.47, 182.57], [607.09, 182.87], [607.79, 183.42], [608.17, 183.81], [612.89, 189.13], [613.86, 189.42], [615.89, 189.96], [618.26, 190.14]]}}, {"type": "Feature", "properties": {"rl": 103, "major": false}, "geometry": {"type": "LineString", "coordinates": [[437.58, 200.91], [436.46, 202.41], [436.77, 202.48], [435.42, 205.21], [433.43, 202.89], [434.37, 200.01], [437.58, 200.91]]}}, {"type": "Feature", "properties": {"rl": 103, "major": false}, "geometry": {"type": "LineString", "coordinates": [[428.32, 202.44], [428.16, 203.19], [427.5, 203.83], [427.64, 203.11], [427.84, 202.56], [428.32, 202.44]]}}, {"type": "Feature", "properties": {"rl": 103, "major": false}, "geometry": {"type": "LineString", "coordinates": [[429.26, 221.77], [432.75, 218.87], [435.28, 223.72], [431.38, 228.29], [429.64, 224.29], [429.26, 221.77]]}}, {"type": "Feature", "properties": {"rl": 104, "major": false}, "geometry": {"type": "LineString", "coordinates": [[665.56, 229.81], [665.59, 229.85], [666.44, 231.04]]}}, {"type": "Feature", "properties": {"rl": 104, "major": false}, "geometry": {"type": "LineString", "coordinates": [[465.73, 182.2], [464.93, 181.47], [464.34, 181.07], [463.51, 178.4], [469.75, 179.41], [480.83, 179.38], [481.56, 179.76], [482.05, 179.44], [482.24, 179.47], [484.69, 179.92], [484.71, 179.9], [485.12, 179.44], [487.87, 180.55], [490.78, 182.48], [492.35, 181.93], [494.26, 182.39], [494.64, 182.26], [495.55, 182.2], [498.42, 181.55], [499.97, 181.05], [503.59, 179.86], [505.03, 181.03], [509.42, 178.1], [509.55, 178.07], [509.64, 178.05], [509.77, 178.0], [512.85, 177.96], [514.73, 177.54], [515.9, 176.46], [516.78, 176.83], [518.85, 176.35], [522.34, 175.15], [528.32, 174.68], [534.9, 175.79], [539.73, 176.3], [543.68, 176.06], [548.92, 177.56], [551.07, 177.42], [557.33, 176.13], [557.96, 176.33], [566.91, 178.18], [567.38, 178.31], [570.31, 180.87], [570.44, 180.91], [570.54, 180.94], [572.87, 181.4], [573.23, 180.75], [574.6, 179.78], [580.8, 180.65], [592.54, 182.31], [598.71, 183.26], [603.65, 185.06], [605.72, 186.1], [608.63, 189.39], [610.69, 191.77], [612.06, 192.34], [612.92, 192.69], [613.31, 192.88], [616.58, 193.12]]}}, {"type": "Feature", "properties": {"rl": 104, "major": false}, "geometry": {"type": "LineString", "coordinates": [[569.38, 435.1], [566.64, 433.9], [556.34, 429.39], [547.59, 425.56], [542.11, 419.14], [532.57, 404.36], [520.17, 393.59], [519.41, 392.75], [518.07, 391.51], [505.29, 379.36], [502.7, 377.26], [502.64, 377.21], [501.92, 376.77], [501.5, 376.17], [500.52, 372.98], [496.83, 368.85], [495.41, 367.9], [493.51, 366.69], [488.34, 363.85], [486.8, 362.23], [485.5, 361.95], [481.63, 361.95], [480.96, 361.7], [477.14, 361.79], [473.7, 355.89], [471.78, 350.79], [469.45, 348.87], [468.46, 348.11], [467.23, 347.05], [463.86, 343.01], [463.0, 341.81], [460.56, 338.75], [455.98, 339.29], [455.23, 335.67], [453.18, 330.59], [452.05, 329.79], [446.55, 329.35], [446.17, 327.53], [447.47, 325.81], [451.87, 328.16], [450.91, 319.75], [451.0, 318.65], [451.83, 315.33], [452.92, 310.66], [452.32, 310.86], [453.74, 302.03], [459.46, 293.64], [460.0, 292.44], [460.03, 292.21], [454.98, 278.02], [454.98, 278.02], [454.98, 278.02], [454.06, 271.0], [451.17, 265.86], [450.71, 264.77], [449.1, 264.01], [447.12, 260.34], [442.7, 252.58], [441.44, 250.8], [441.63, 246.75], [442.28, 240.27], [443.67, 236.19], [445.21, 230.99], [446.98, 229.48], [448.82, 225.45], [449.15, 225.49], [452.58, 219.41], [452.66, 219.21], [452.76, 219.07], [456.24, 214.72], [456.71, 213.18], [457.8, 211.56], [458.84, 209.96], [460.18, 206.86], [461.58, 205.14], [464.48, 202.46], [466.42, 201.58], [471.19, 199.15], [468.02, 196.11], [469.23, 192.27], [473.46, 193.35], [473.71, 193.73]]}}, {"type": "Feature", "properties": {"rl": 104, "major": false}, "geometry": {"type": "LineString", "coordinates": [[437.05, 201.59], [436.43, 202.43], [436.6, 202.46], [435.84, 204.0], [434.73, 202.7], [435.25, 201.08], [437.05, 201.59]]}}, {"type": "Feature", "properties": {"rl": 104, "major": false}, "geometry": {"type": "LineString", "coordinates": [[455.47, 198.31], [458.22, 195.43], [461.67, 198.79], [457.36, 204.08], [455.47, 198.31]]}}, {"type": "Feature", "properties": {"rl": 104, "major": false}, "geometry": {"type": "LineString", "coordinates": [[430.39, 222.44], [432.85, 220.39], [434.63, 223.81], [431.89, 227.04], [430.66, 224.22], [430.39, 222.44]]}}, {"type": "Feature", "properties": {"rl": 105, "major": true}, "geometry": {"type": "LineString", "coordinates": [[662.86, 233.19], [663.2, 233.7], [663.07, 234.75], [663.0, 236.79], [665.86, 242.51], [666.51, 242.74]]}}, {"type": "Feature", "properties": {"rl": 105, "major": true}, "geometry": {"type": "LineString", "coordinates": [[485.26, 195.75], [486.54, 194.86], [488.33, 194.46], [489.63, 194.63], [489.97, 191.37], [491.58, 185.9], [491.59, 185.9], [494.37, 184.98], [494.49, 184.94], [498.16, 184.65], [499.54, 184.4], [502.17, 183.87], [503.9, 184.15], [506.05, 183.62], [510.47, 182.34], [511.27, 182.4], [515.45, 182.75], [516.26, 182.62], [519.31, 179.15], [520.85, 178.74], [524.06, 177.63], [527.78, 177.34], [531.87, 178.04], [538.29, 178.72], [543.55, 178.4], [547.88, 179.64], [550.88, 179.43], [556.08, 178.37], [557.1, 178.69], [564.68, 180.26], [565.86, 180.57], [568.38, 182.78], [569.18, 183.02], [569.87, 183.23], [581.77, 185.55], [581.92, 185.59], [582.06, 185.63], [582.69, 185.75], [584.29, 185.24], [584.1, 184.29], [587.65, 184.79], [597.31, 186.27], [599.84, 187.2], [604.2, 189.38], [607.33, 192.92], [608.72, 194.34], [609.03, 194.44], [610.78, 195.16], [612.37, 195.92], [614.89, 196.1]]}}, {"type": "Feature", "properties": {"rl": 105, "major": true}, "geometry": {"type": "LineString", "coordinates": [[467.57, 183.22], [480.58, 182.68], [480.8, 182.56], [483.42, 183.35], [486.48, 189.3], [483.66, 193.15], [480.11, 189.77]]}}, {"type": "Feature", "properties": {"rl": 105, "major": true}, "geometry": {"type": "LineString", "coordinates": [[478.25, 198.28], [478.7, 198.6]]}}, {"type": "Feature", "properties": {"rl": 105, "major": true}, "geometry": {"type": "LineString", "coordinates": [[568.75, 432.58], [564.78, 430.85], [549.86, 424.31], [549.09, 423.97], [548.6, 423.41], [534.47, 401.5], [528.67, 396.46], [520.79, 390.33], [508.39, 378.66], [506.99, 377.52], [506.94, 377.46], [506.46, 377.33], [504.32, 376.02], [502.1, 372.9], [501.92, 372.32], [499.53, 369.65], [496.6, 365.97], [496.11, 365.54], [491.82, 363.31], [487.91, 361.17], [487.57, 360.81], [484.97, 360.25], [483.42, 360.26], [480.07, 358.98], [477.64, 359.04], [475.45, 355.29], [473.11, 349.07], [470.28, 346.73], [470.07, 346.58], [468.59, 345.29], [465.75, 341.89], [465.61, 341.37], [465.31, 340.84], [465.26, 340.78], [465.12, 340.6], [461.44, 334.93], [458.84, 337.36], [456.21, 337.66], [455.79, 335.67], [454.17, 331.63], [454.77, 327.96], [453.82, 319.52], [454.88, 313.14], [455.85, 309.0], [452.78, 309.99], [454.02, 302.31], [459.92, 293.65], [461.46, 295.35], [462.24, 293.19], [462.41, 290.55], [458.7, 279.81], [457.86, 277.96], [457.33, 276.14], [456.13, 272.41], [455.65, 268.74], [454.14, 266.05], [452.06, 261.11], [451.26, 260.73], [447.48, 253.74], [446.39, 250.2], [447.69, 243.77], [447.86, 243.22], [448.13, 242.44], [449.32, 238.73], [451.5, 231.4], [452.49, 230.56], [455.29, 226.22], [456.98, 222.03], [459.24, 218.82], [460.99, 216.65], [463.94, 213.64], [465.66, 211.62], [466.43, 209.84], [468.04, 208.19], [470.21, 205.94], [474.12, 203.98], [473.44, 200.76], [472.97, 200.32], [472.76, 200.02], [468.76, 196.19], [469.73, 193.09], [473.16, 193.96], [473.67, 194.75]]}}, {"type": "Feature", "properties": {"rl": 105, "major": true}, "geometry": {"type": "LineString", "coordinates": [[436.53, 202.27], [436.39, 202.44], [436.43, 202.45], [436.27, 202.78], [436.03, 202.5], [436.14, 202.16], [436.53, 202.27]]}}, {"type": "Feature", "properties": {"rl": 105, "major": true}, "geometry": {"type": "LineString", "coordinates": [[456.58, 198.38], [458.68, 196.18], [461.32, 198.75], [458.02, 202.79], [456.58, 198.38]]}}, {"type": "Feature", "properties": {"rl": 105, "major": true}, "geometry": {"type": "LineString", "coordinates": [[431.52, 223.1], [432.94, 221.91], [433.98, 223.9], [432.39, 225.78], [431.67, 224.14], [431.52, 223.1]]}}, {"type": "Feature", "properties": {"rl": 106, "major": false}, "geometry": {"type": "LineString", "coordinates": [[660.15, 236.57], [660.17, 236.6], [660.15, 236.74], [659.93, 238.17], [661.09, 242.32], [662.37, 244.9], [663.52, 246.78], [663.08, 247.54]]}}, {"type": "Feature", "properties": {"rl": 106, "major": false}, "geometry": {"type": "LineString", "coordinates": [[490.62, 200.79], [490.59, 200.05], [490.5, 199.71], [491.4, 190.94], [492.26, 188.03], [494.35, 187.86], [494.35, 187.85], [495.68, 187.39], [496.37, 187.34], [501.33, 186.44], [501.76, 186.35], [502.05, 186.39], [506.85, 185.22], [510.45, 184.18], [512.4, 184.32], [515.62, 184.59], [518.18, 184.16], [520.39, 181.66], [524.51, 180.56], [525.77, 180.12], [527.24, 180.01], [528.85, 180.28], [536.85, 181.13], [543.42, 180.73], [546.85, 181.71], [550.69, 181.45], [554.84, 180.6], [556.25, 181.05], [562.45, 182.33], [564.34, 182.84], [566.45, 184.69], [567.93, 185.13], [569.2, 185.51], [579.46, 187.51], [580.3, 187.75], [581.03, 187.95], [584.43, 188.6], [587.1, 187.75], [595.17, 189.17], [595.9, 189.28], [596.04, 189.33], [600.83, 191.73], [602.68, 192.66], [602.74, 192.71], [607.01, 197.07], [607.1, 197.09], [607.96, 197.35], [608.64, 197.63], [611.43, 198.95], [613.21, 199.08]]}}, {"type": "Feature", "properties": {"rl": 106, "major": false}, "geometry": {"type": "LineString", "coordinates": [[470.98, 187.27], [477.82, 186.99], [480.89, 185.24]]}}, {"type": "Feature", "properties": {"rl": 106, "major": false}, "geometry": {"type": "LineString", "coordinates": [[477.09, 198.44], [478.47, 199.41]]}}, {"type": "Feature", "properties": {"rl": 106, "major": false}, "geometry": {"type": "LineString", "coordinates": [[480.7, 204.31], [480.68, 204.34], [475.61, 207.25], [474.32, 201.13], [473.1, 199.98], [472.55, 199.2], [469.5, 196.27], [470.24, 193.91], [472.85, 194.57], [473.63, 195.77]]}}, {"type": "Feature", "properties": {"rl": 106, "major": false}, "geometry": {"type": "LineString", "coordinates": [[568.13, 430.07], [562.93, 427.79], [550.58, 422.39], [537.36, 400.87], [536.28, 399.07], [534.11, 397.12], [522.1, 387.77], [514.11, 380.25], [508.45, 375.63], [508.42, 375.59], [506.7, 375.11], [506.17, 374.62], [503.2, 370.71], [501.68, 368.46], [498.82, 364.89], [496.65, 362.95], [492.06, 360.56], [489.56, 359.06], [488.11, 358.53], [485.35, 358.3], [482.78, 357.63], [479.18, 356.27], [478.14, 356.29], [477.2, 354.68], [475.19, 349.34], [474.89, 347.65], [471.58, 344.81], [470.66, 343.44], [470.17, 342.98], [467.7, 338.67], [466.97, 337.81], [464.94, 335.05], [462.3, 330.98], [456.94, 335.98], [456.44, 336.04], [456.36, 335.66], [456.05, 334.89], [457.52, 325.97], [456.83, 319.92], [458.58, 309.38], [458.23, 307.85], [459.07, 307.16], [457.72, 307.69], [453.24, 309.13], [454.29, 302.58], [459.32, 295.21], [462.69, 298.93], [464.39, 294.21], [464.78, 288.42], [462.42, 281.6], [460.74, 277.9], [459.67, 274.26], [457.28, 266.79], [457.24, 266.47], [457.11, 266.23], [453.76, 258.3], [453.43, 257.5], [453.42, 257.42], [451.08, 249.56], [452.08, 246.33], [454.96, 237.94], [456.08, 234.45], [458.45, 230.23], [461.53, 224.93], [465.02, 220.64], [465.45, 220.09], [470.94, 214.24], [474.05, 211.4], [473.96, 211.32], [476.73, 209.46], [476.59, 208.92], [480.63, 204.6], [480.78, 204.44]]}}, {"type": "Feature", "properties": {"rl": 106, "major": false}, "geometry": {"type": "LineString", "coordinates": [[457.68, 198.45], [459.14, 196.93], [460.96, 198.71], [458.68, 201.51], [457.68, 198.45]]}}, {"type": "Feature", "properties": {"rl": 106, "major": false}, "geometry": {"type": "LineString", "coordinates": [[432.64, 223.77], [433.04, 223.44], [433.34, 223.99], [432.89, 224.52], [432.69, 224.06], [432.64, 223.77]]}}, {"type": "Feature", "properties": {"rl": 106, "major": false}, "geometry": {"type": "LineString", "coordinates": [[494.6, 187.94], [494.36, 187.86], [494.45, 187.99], [494.6, 187.94]]}}, {"type": "Feature", "properties": {"rl": 107, "major": false}, "geometry": {"type": "LineString", "coordinates": [[657.08, 238.35], [658.2, 238.42], [657.66, 239.3], [658.83, 242.72], [658.55, 243.85], [658.82, 244.95], [659.56, 250.42], [659.65, 250.8], [659.73, 250.9], [659.69, 250.96], [659.65, 251.04], [659.7, 251.05]]}}, {"type": "Feature", "properties": {"rl": 107, "major": false}, "geometry": {"type": "LineString", "coordinates": [[494.92, 205.26], [493.98, 200.52], [494.08, 197.98], [494.02, 196.59], [492.72, 191.59], [492.83, 190.51], [492.94, 190.15], [493.2, 190.13], [493.21, 190.15], [493.48, 190.07], [497.78, 189.91], [498.51, 189.78], [502.24, 188.17], [503.33, 187.87], [507.64, 186.82], [510.43, 186.01], [513.54, 186.24], [515.79, 186.42], [520.1, 185.71], [521.46, 184.16], [526.22, 182.89], [528.32, 182.79], [535.42, 183.54], [543.29, 183.07], [545.81, 183.79], [550.5, 183.47], [553.59, 182.84], [555.39, 183.4], [560.23, 184.4], [562.82, 185.11], [564.52, 186.59], [566.67, 187.24], [568.52, 187.79], [577.16, 189.48], [578.68, 189.91], [580.0, 190.28], [586.17, 191.44], [587.98, 190.87], [593.96, 191.92], [596.63, 193.71], [601.24, 196.02], [604.03, 198.37], [605.64, 200.03], [606.36, 200.18], [607.66, 200.65], [610.49, 201.99], [611.53, 202.07]]}}, {"type": "Feature", "properties": {"rl": 107, "major": false}, "geometry": {"type": "LineString", "coordinates": [[474.4, 191.32], [475.06, 191.29], [475.35, 191.12]]}}, {"type": "Feature", "properties": {"rl": 107, "major": false}, "geometry": {"type": "LineString", "coordinates": [[475.93, 198.59], [478.25, 200.23]]}}, {"type": "Feature", "properties": {"rl": 107, "major": false}, "geometry": {"type": "LineString", "coordinates": [[480.69, 202.74], [479.88, 203.85], [476.15, 205.99], [475.2, 201.49], [473.23, 199.63], [472.34, 198.37], [470.24, 196.36], [470.75, 194.73], [472.55, 195.18], [473.59, 196.78]]}}, {"type": "Feature", "properties": {"rl": 107, "major": false}, "geometry": {"type": "LineString", "coordinates": [[567.5, 427.56], [561.07, 424.74], [552.07, 420.8], [542.44, 405.12], [537.91, 397.58], [528.78, 389.4], [523.4, 385.21], [519.83, 381.85], [509.91, 373.73], [509.9, 373.72], [509.01, 373.47], [505.63, 370.38], [504.44, 368.82], [501.16, 363.99], [501.06, 363.85], [501.03, 363.8], [501.0, 363.76], [497.32, 360.45], [497.27, 360.4], [497.07, 360.31], [496.13, 359.65], [492.02, 357.18], [488.56, 355.91], [487.6, 355.83], [481.79, 354.31], [478.97, 352.2], [478.08, 347.16], [476.76, 346.02], [473.69, 341.48], [472.06, 339.93], [470.09, 336.5], [468.69, 334.84], [464.77, 329.5], [463.16, 327.03], [459.14, 330.78], [460.26, 323.99], [459.84, 320.31], [460.91, 313.91], [459.46, 307.73], [462.86, 304.94], [457.4, 307.08], [453.7, 308.27], [454.57, 302.86], [458.73, 296.77], [463.93, 302.51], [466.4, 295.64], [466.51, 295.23], [466.54, 295.24], [466.55, 295.2], [466.52, 295.19], [466.57, 294.89], [467.14, 286.29], [466.14, 283.4], [463.62, 277.84], [462.01, 272.38], [460.78, 268.53], [460.04, 266.6], [458.74, 262.26], [457.2, 258.57], [456.48, 250.85], [456.18, 249.86], [456.31, 249.45], [457.12, 247.08], [459.61, 239.63], [460.97, 236.27], [465.43, 229.0], [466.48, 227.37], [468.99, 224.46], [471.7, 221.0], [472.9, 219.72], [475.57, 217.28], [479.05, 213.39], [482.85, 210.88], [484.38, 208.59], [485.77, 208.06]]}}, {"type": "Feature", "properties": {"rl": 107, "major": false}, "geometry": {"type": "LineString", "coordinates": [[458.79, 198.53], [459.59, 197.68], [460.61, 198.67], [459.34, 200.22], [458.79, 198.53]]}}, {"type": "Feature", "properties": {"rl": 108, "major": false}, "geometry": {"type": "LineString", "coordinates": [[653.99, 240.04], [655.79, 240.16], [655.45, 240.85], [655.24, 241.67], [656.03, 244.78], [656.44, 247.81], [657.18, 251.22], [657.96, 252.1], [657.54, 252.66], [657.24, 253.41], [657.67, 253.48]]}}, {"type": "Feature", "properties": {"rl": 108, "major": false}, "geometry": {"type": "LineString", "coordinates": [[499.25, 208.78], [498.7, 206.29], [497.92, 196.11], [497.46, 193.76], [497.47, 193.35], [497.46, 193.13], [497.2, 192.11], [498.1, 192.08], [500.24, 190.99], [502.93, 189.82], [505.39, 189.16], [508.44, 188.42], [510.41, 187.85], [514.67, 188.15], [515.96, 188.26], [522.02, 187.26], [522.54, 186.67], [524.34, 186.19], [532.44, 185.79], [533.98, 185.96], [543.16, 185.4], [544.78, 185.87], [550.3, 185.49], [552.35, 185.07], [554.53, 185.76], [558.0, 186.48], [561.3, 187.37], [562.59, 188.5], [565.42, 189.34], [567.85, 190.08], [574.86, 191.44], [577.07, 192.06], [578.98, 192.6], [587.91, 194.29], [588.86, 193.99], [591.99, 194.54], [597.49, 198.23], [599.8, 199.39], [603.0, 202.08], [604.45, 202.83], [606.95, 204.0], [608.73, 204.64], [609.55, 205.03], [609.85, 205.05]]}}, {"type": "Feature", "properties": {"rl": 108, "major": false}, "geometry": {"type": "LineString", "coordinates": [[474.77, 198.74], [478.03, 201.04]]}}, {"type": "Feature", "properties": {"rl": 108, "major": false}, "geometry": {"type": "LineString", "coordinates": [[480.67, 201.17], [479.07, 203.36], [476.68, 204.73], [476.08, 201.85], [473.36, 199.29], [472.13, 197.54], [470.97, 196.44], [471.26, 195.54], [472.24, 195.8], [473.55, 197.8]]}}, {"type": "Feature", "properties": {"rl": 108, "major": false}, "geometry": {"type": "LineString", "coordinates": [[566.87, 425.04], [559.22, 421.69], [553.56, 419.22], [547.51, 409.36], [539.53, 396.09], [526.48, 384.39], [524.92, 382.72], [523.27, 381.57], [514.56, 374.44], [511.38, 371.84], [511.38, 371.84], [511.33, 371.83], [510.54, 371.11], [505.76, 367.03], [503.76, 364.06], [502.87, 362.55], [501.51, 361.0], [498.71, 358.49], [498.34, 358.09], [496.82, 357.39], [493.97, 355.41], [490.5, 354.09], [488.56, 351.74], [486.83, 350.64], [481.34, 346.14], [480.64, 345.33], [476.71, 339.51], [473.95, 336.88], [472.49, 334.33], [470.4, 331.86], [464.59, 323.95], [464.02, 323.08], [462.6, 324.4], [463.0, 322.0], [462.85, 320.7], [463.23, 318.44], [460.7, 307.62], [464.79, 304.25], [466.8, 296.79], [468.37, 297.05], [468.69, 295.18], [467.29, 294.96], [469.04, 284.9], [469.5, 284.79], [469.44, 284.44], [468.94, 283.16], [466.5, 277.78], [464.67, 271.58], [464.39, 270.65], [464.07, 269.86], [462.97, 266.98], [461.73, 262.88], [461.04, 259.54], [461.32, 256.53], [461.2, 250.24], [462.62, 245.98], [466.38, 236.73], [466.53, 236.5], [471.95, 228.09], [473.49, 226.3], [475.65, 223.51], [476.98, 221.43], [479.74, 218.34], [484.31, 215.32], [488.96, 212.51], [489.78, 212.71], [493.46, 210.22]]}}, {"type": "Feature", "properties": {"rl": 108, "major": false}, "geometry": {"type": "LineString", "coordinates": [[458.13, 298.33], [463.29, 304.03], [457.08, 306.46], [454.16, 307.41], [454.85, 303.13], [458.13, 298.33]]}}, {"type": "Feature", "properties": {"rl": 108, "major": false}, "geometry": {"type": "LineString", "coordinates": [[459.89, 198.6], [460.05, 198.43], [460.25, 198.63], [460.0, 198.93], [459.89, 198.6]]}}, {"type": "Feature", "properties": {"rl": 109, "major": false}, "geometry": {"type": "LineString", "coordinates": [[650.9, 241.73], [652.12, 241.81], [651.77, 242.53], [652.87, 242.72], [653.05, 243.88], [653.23, 244.61], [653.31, 245.2], [654.72, 251.65], [656.19, 253.3], [655.39, 254.36], [654.83, 255.77], [655.64, 255.91]]}}, {"type": "Feature", "properties": {"rl": 109, "major": false}, "geometry": {"type": "LineString", "coordinates": [[502.56, 211.63], [501.07, 204.8], [500.27, 194.4], [501.71, 192.39], [502.72, 191.88], [503.63, 191.48], [507.44, 190.45], [509.23, 190.02], [510.39, 189.68], [515.8, 190.07], [516.13, 190.1], [519.47, 189.55], [522.91, 189.3], [523.44, 189.01], [523.65, 188.93], [533.08, 188.09], [533.66, 187.91], [534.53, 188.24], [538.03, 188.04], [543.03, 187.74], [543.74, 187.94], [550.11, 187.51], [551.1, 187.31], [553.68, 188.12], [555.77, 188.55], [559.79, 189.64], [560.66, 190.4], [564.16, 191.45], [567.18, 192.36], [572.56, 193.41], [575.45, 194.22], [577.95, 194.92], [589.65, 197.13], [589.73, 197.1], [590.02, 197.15], [598.35, 202.75], [598.36, 202.75], [598.37, 202.76], [598.39, 202.77], [603.62, 205.37], [605.57, 206.28], [607.4, 207.19], [608.56, 207.61], [609.16, 208.18], [609.71, 208.73]]}}, {"type": "Feature", "properties": {"rl": 109, "major": false}, "geometry": {"type": "LineString", "coordinates": [[473.6, 198.9], [477.81, 201.86]]}}, {"type": "Feature", "properties": {"rl": 109, "major": false}, "geometry": {"type": "LineString", "coordinates": [[480.65, 199.6], [478.26, 202.87], [477.22, 203.46], [476.95, 202.21], [473.49, 198.94], [471.92, 196.72], [471.71, 196.52], [471.76, 196.36], [471.94, 196.41], [473.51, 198.82]]}}, {"type": "Feature", "properties": {"rl": 109, "major": false}, "geometry": {"type": "LineString", "coordinates": [[566.25, 422.53], [557.36, 418.64], [555.06, 417.63], [552.59, 413.61], [541.15, 394.6], [537.11, 390.97], [527.35, 380.53], [516.99, 373.28], [513.24, 370.21], [509.48, 367.35], [507.23, 365.42], [506.45, 364.27], [504.7, 361.3], [502.02, 358.24], [500.11, 356.53], [499.41, 355.79], [496.57, 354.48], [495.48, 353.72], [494.15, 353.22], [488.04, 345.79], [484.7, 343.67], [483.8, 342.98], [481.99, 340.88], [479.74, 337.54], [475.84, 333.83], [474.88, 332.16], [472.12, 328.89], [466.46, 321.19], [466.11, 320.79], [465.98, 320.48], [464.81, 319.84], [461.93, 307.5], [465.39, 304.65], [467.09, 298.35], [470.2, 298.86], [470.83, 295.15], [468.06, 294.72], [469.65, 285.58], [471.85, 285.05], [471.58, 283.36], [469.36, 277.75], [469.36, 277.59], [469.21, 277.18], [467.02, 269.98], [466.12, 267.74], [466.2, 267.22], [465.7, 263.62], [465.01, 260.28], [465.58, 254.15], [465.84, 251.2], [466.33, 249.84], [469.63, 240.63], [473.11, 235.81], [474.52, 233.6], [478.1, 227.44], [478.72, 226.65], [479.6, 225.26], [481.54, 222.69], [488.5, 218.53], [491.68, 216.61], [491.78, 216.63], [492.26, 216.31]]}}, {"type": "Feature", "properties": {"rl": 109, "major": false}, "geometry": {"type": "LineString", "coordinates": [[457.53, 299.88], [461.32, 304.07], [456.77, 305.85], [454.62, 306.54], [455.13, 303.41], [457.53, 299.88]]}}, {"type": "Feature", "properties": {"rl": 110, "major": true}, "geometry": {"type": "LineString", "coordinates": [[647.81, 243.42], [648.44, 243.46], [648.26, 243.84], [650.63, 244.24], [650.75, 245.04], [650.04, 246.91], [651.22, 250.31], [652.42, 252.18], [652.67, 252.54], [654.43, 254.5], [653.24, 256.06], [652.42, 258.14], [653.61, 258.34]]}}, {"type": "Feature", "properties": {"rl": 110, "major": true}, "geometry": {"type": "LineString", "coordinates": [[505.87, 214.48], [503.43, 203.32], [502.93, 196.77], [504.76, 194.22], [506.41, 193.77], [507.41, 192.31], [509.5, 191.75], [510.03, 191.62], [510.37, 191.52], [512.64, 191.68], [515.87, 192.04], [517.15, 192.48], [522.19, 192.12], [524.08, 191.08], [524.82, 190.79], [532.39, 190.12], [533.78, 189.69], [535.83, 190.46], [542.48, 190.09], [542.97, 190.02], [549.57, 189.56], [549.96, 189.5], [550.2, 189.65], [552.82, 190.48], [553.54, 190.63], [558.27, 191.91], [558.73, 192.31], [562.91, 193.56], [566.51, 194.64], [570.25, 195.37], [573.83, 196.38], [576.92, 197.25], [586.44, 199.04], [589.28, 200.11], [593.74, 203.07], [597.46, 204.99], [599.71, 206.43], [602.56, 207.82], [604.44, 208.75], [607.55, 209.87], [609.16, 211.42], [610.63, 212.9]]}}, {"type": "Feature", "properties": {"rl": 110, "major": true}, "geometry": {"type": "LineString", "coordinates": [[565.62, 420.02], [556.55, 416.05], [544.29, 395.68], [543.15, 393.89], [542.85, 392.68], [539.59, 388.84], [529.77, 378.34], [519.23, 370.96], [514.78, 368.28], [513.44, 367.33], [509.0, 363.94], [508.26, 362.99], [506.53, 360.05], [502.54, 355.49], [501.51, 354.56], [500.48, 353.49], [498.25, 352.46], [497.07, 352.07], [487.88, 340.43], [487.75, 340.28], [487.61, 340.18], [486.79, 339.24], [483.82, 336.99], [483.35, 336.44], [482.76, 335.57], [477.73, 330.78], [477.28, 329.99], [473.83, 325.92], [470.8, 321.78], [469.68, 320.49], [469.26, 319.51], [465.52, 317.47], [463.17, 307.39], [466.0, 305.06], [467.38, 299.91], [472.03, 300.67], [472.97, 295.13], [468.83, 294.48], [470.26, 286.26], [474.21, 285.31], [473.71, 282.28], [472.01, 277.98], [471.92, 276.08], [470.21, 271.13], [469.65, 269.3], [469.42, 268.73], [469.62, 267.37], [469.13, 263.81], [468.82, 260.53], [469.44, 255.26], [469.59, 253.59], [471.79, 247.48], [472.81, 244.64], [474.48, 242.33], [476.29, 238.62], [478.4, 235.17], [481.08, 230.47], [483.9, 227.95], [485.43, 225.92], [490.45, 222.92], [493.4, 219.94], [499.46, 217.93], [492.75, 216.87]]}}, {"type": "Feature", "properties": {"rl": 110, "major": true}, "geometry": {"type": "LineString", "coordinates": [[456.94, 301.44], [459.35, 304.1], [456.45, 305.24], [455.09, 305.68], [455.41, 303.69], [456.94, 301.44]]}}, {"type": "Feature", "properties": {"rl": 111, "major": false}, "geometry": {"type": "LineString", "coordinates": [[644.72, 245.11], [644.77, 245.11], [644.75, 245.15], [646.34, 245.42], [648.22, 247.31], [647.93, 249.02], [649.78, 251.7], [650.66, 253.08], [651.95, 254.92], [652.66, 255.71], [651.09, 257.76], [650.01, 260.5], [651.58, 260.77]]}}, {"type": "Feature", "properties": {"rl": 111, "major": false}, "geometry": {"type": "LineString", "coordinates": [[506.55, 214.43], [506.82, 206.51], [505.8, 201.83], [505.59, 199.15], [506.34, 198.1], [511.21, 196.76], [511.31, 196.7], [511.4, 196.69], [511.4, 196.63], [512.84, 193.76], [515.37, 194.05], [518.6, 195.14], [521.47, 194.93], [524.71, 193.15], [525.98, 192.66], [531.69, 192.16], [533.89, 191.47], [537.14, 192.69], [540.32, 192.51], [543.18, 192.14], [543.83, 192.09], [550.42, 191.06], [551.21, 191.57], [551.85, 192.82], [555.74, 193.9], [556.75, 194.17], [556.8, 194.22], [561.65, 195.67], [565.84, 196.93], [567.95, 197.34], [572.21, 198.54], [575.9, 199.57], [582.68, 200.85], [588.68, 203.1], [589.11, 203.39], [596.57, 207.23], [601.06, 210.11], [601.31, 210.23], [601.48, 210.32], [606.54, 212.14], [609.16, 214.65], [611.56, 217.06]]}}, {"type": "Feature", "properties": {"rl": 111, "major": false}, "geometry": {"type": "LineString", "coordinates": [[500.2, 217.51], [493.53, 216.45]]}}, {"type": "Feature", "properties": {"rl": 111, "major": false}, "geometry": {"type": "LineString", "coordinates": [[565.0, 417.5], [558.04, 414.46], [548.64, 398.85], [545.46, 393.82], [544.61, 390.42], [535.43, 379.6], [532.19, 376.15], [528.72, 373.71], [516.04, 366.08], [512.2, 363.36], [511.31, 362.68], [508.56, 359.13], [508.36, 358.79], [503.05, 352.73], [502.91, 352.6], [502.56, 352.24], [501.83, 351.61], [501.59, 351.39], [498.8, 350.46], [491.13, 340.76], [489.65, 339.04], [488.05, 337.86], [484.7, 334.05], [484.21, 333.34], [479.62, 327.94], [478.1, 325.96], [475.55, 322.94], [475.13, 322.37], [473.25, 320.2], [472.55, 318.54], [466.23, 315.09], [464.4, 307.27], [466.6, 305.46], [467.67, 301.47], [473.85, 302.48], [475.11, 295.11], [469.59, 294.24], [470.87, 286.94], [476.56, 285.58], [475.85, 281.21], [474.67, 278.21], [474.48, 274.58], [472.71, 269.45], [472.94, 267.97], [472.82, 263.84], [472.48, 260.25], [472.75, 258.0], [473.82, 252.55], [475.63, 248.01], [477.84, 243.5], [478.48, 242.35], [479.15, 241.36], [482.46, 235.8], [483.16, 234.66], [483.27, 234.46], [484.74, 233.14], [488.79, 229.46], [489.19, 228.98], [489.56, 228.68], [495.06, 223.1], [500.19, 221.38], [502.79, 220.02]]}}, {"type": "Feature", "properties": {"rl": 111, "major": false}, "geometry": {"type": "LineString", "coordinates": [[456.34, 303.0], [457.37, 304.14], [456.13, 304.63], [455.55, 304.82], [455.68, 303.96], [456.34, 303.0]]}}, {"type": "Feature", "properties": {"rl": 112, "major": false}, "geometry": {"type": "LineString", "coordinates": [[640.51, 245.01], [641.34, 245.74], [642.44, 246.81], [643.0, 248.17], [644.87, 250.32], [646.65, 252.68], [642.1, 253.46], [642.68, 254.67], [646.46, 257.72], [647.16, 260.45], [648.41, 260.83], [647.6, 262.87], [649.56, 263.19]]}}, {"type": "Feature", "properties": {"rl": 112, "major": false}, "geometry": {"type": "LineString", "coordinates": [[507.19, 214.32], [507.62, 201.34], [508.0, 201.23], [512.33, 198.61], [518.31, 198.18], [518.33, 197.22], [520.05, 197.8], [520.74, 197.75], [525.35, 195.22], [527.15, 194.53], [531.0, 194.19], [534.0, 193.25], [538.19, 194.82], [538.33, 194.89], [541.24, 194.39], [543.49, 194.47], [547.04, 194.84], [550.25, 194.19], [550.74, 195.15], [552.86, 195.74], [554.89, 196.13], [559.74, 197.58], [562.85, 198.51], [565.16, 199.21], [565.65, 199.3], [570.59, 200.69], [574.87, 201.89], [578.92, 202.66], [582.87, 204.14], [585.28, 204.81], [588.01, 205.57], [592.35, 207.76], [595.68, 209.48], [597.65, 210.74], [600.31, 212.68], [601.13, 212.82], [605.53, 214.41], [609.16, 217.88], [612.48, 221.23]]}}, {"type": "Feature", "properties": {"rl": 112, "major": false}, "geometry": {"type": "LineString", "coordinates": [[499.98, 216.93], [494.31, 216.04]]}}, {"type": "Feature", "properties": {"rl": 112, "major": false}, "geometry": {"type": "LineString", "coordinates": [[564.37, 414.99], [559.54, 412.87], [553.0, 402.02], [547.77, 393.74], [546.37, 388.16], [537.86, 378.13], [534.3, 374.26], [533.22, 372.71], [529.55, 371.55], [517.66, 364.43], [516.06, 363.1], [512.89, 360.87], [510.9, 358.34], [509.39, 356.64], [505.87, 352.62], [504.24, 350.93], [503.57, 350.35], [502.76, 349.6], [500.52, 348.86], [494.39, 341.1], [491.55, 337.79], [488.49, 335.54], [486.05, 332.76], [484.82, 330.98], [481.53, 327.11], [478.45, 323.1], [481.0, 318.43], [476.78, 321.61], [475.33, 317.79], [475.61, 317.14], [474.31, 316.75], [466.94, 312.72], [465.64, 307.16], [467.2, 305.87], [467.97, 303.03], [475.68, 304.29], [477.24, 295.09], [470.36, 294.01], [471.47, 287.63], [478.92, 285.84], [477.98, 280.13], [477.32, 278.44], [477.04, 273.07], [476.0, 270.03], [476.13, 269.15], [475.95, 263.07], [475.99, 260.59], [478.02, 251.5], [478.12, 251.01], [478.18, 250.86], [478.25, 250.71], [481.6, 244.63], [485.16, 239.47], [486.69, 236.89], [488.8, 234.98], [492.11, 230.91], [495.24, 228.38], [497.69, 225.9], [499.96, 225.14], [505.48, 222.26]]}}, {"type": "Feature", "properties": {"rl": 113, "major": false}, "geometry": {"type": "LineString", "coordinates": [[636.19, 244.73], [637.93, 246.25], [640.26, 248.51], [641.42, 251.38], [641.58, 251.56], [641.73, 251.76], [641.24, 251.85], [639.33, 253.23], [639.7, 254.23], [642.72, 256.66], [643.86, 261.08], [644.31, 262.52], [645.02, 264.38], [645.4, 265.31], [645.71, 265.43], [645.95, 265.36], [647.53, 265.62]]}}, {"type": "Feature", "properties": {"rl": 113, "major": false}, "geometry": {"type": "LineString", "coordinates": [[507.82, 214.21], [508.19, 203.1], [509.83, 202.65], [513.36, 200.52], [520.16, 200.03], [521.09, 199.79], [523.91, 198.43], [525.98, 197.3], [528.32, 196.39], [530.3, 196.22], [534.12, 195.02], [536.25, 195.83], [538.12, 196.82], [539.04, 196.66], [543.82, 196.83], [549.16, 197.39], [549.87, 197.44], [552.99, 198.04], [556.23, 199.02], [560.89, 200.41], [563.91, 201.17], [564.31, 201.27], [568.99, 202.81], [569.05, 202.83], [569.95, 203.12], [573.84, 204.22], [575.16, 204.46], [576.44, 204.94], [581.54, 206.38], [587.34, 207.98], [593.76, 211.22], [594.56, 211.68], [595.72, 212.49], [599.33, 215.12], [601.07, 215.43], [604.52, 216.67], [609.15, 221.12], [613.4, 225.39]]}}, {"type": "Feature", "properties": {"rl": 113, "major": false}, "geometry": {"type": "LineString", "coordinates": [[499.76, 216.36], [495.1, 215.62]]}}, {"type": "Feature", "properties": {"rl": 113, "major": false}, "geometry": {"type": "LineString", "coordinates": [[563.74, 412.48], [561.03, 411.29], [557.36, 405.2], [550.07, 393.67], [548.13, 385.9], [546.65, 384.15], [536.1, 372.67], [532.89, 368.08], [522.02, 364.63], [519.5, 363.13], [515.32, 359.65], [514.23, 358.88], [513.54, 358.01], [510.29, 354.35], [509.13, 353.01], [505.56, 349.31], [505.32, 349.1], [503.93, 347.81], [502.25, 347.26], [497.64, 341.43], [493.45, 336.54], [488.93, 333.21], [487.41, 331.48], [485.42, 328.61], [483.44, 326.27], [481.58, 323.86], [483.77, 319.85], [484.21, 318.77], [485.96, 316.04], [482.9, 315.74], [482.38, 317.22], [477.92, 320.58], [476.8, 317.61], [477.56, 315.82], [478.39, 314.99], [478.45, 307.0], [478.16, 304.34], [479.32, 297.51], [479.5, 295.03], [480.9, 287.78], [481.05, 286.01], [480.55, 281.7], [480.12, 279.05], [479.97, 278.67], [479.6, 271.56], [479.28, 270.62], [479.32, 270.34], [479.27, 268.45], [479.38, 261.45], [480.73, 255.39], [482.98, 250.09], [484.73, 246.92], [488.53, 241.4], [489.78, 239.45], [491.09, 237.69], [495.04, 232.84], [499.69, 229.08], [500.96, 228.2], [507.06, 224.94]]}}, {"type": "Feature", "properties": {"rl": 113, "major": false}, "geometry": {"type": "LineString", "coordinates": [[467.65, 310.35], [466.87, 307.04], [467.8, 306.27], [468.26, 304.59], [473.74, 305.48], [475.12, 313.66], [472.03, 312.74], [467.65, 310.35]]}}, {"type": "Feature", "properties": {"rl": 113, "major": false}, "geometry": {"type": "LineString", "coordinates": [[472.08, 288.31], [479.97, 286.41], [477.64, 294.79], [471.13, 293.77], [472.08, 288.31]]}}, {"type": "Feature", "properties": {"rl": 114, "major": false}, "geometry": {"type": "LineString", "coordinates": [[631.87, 244.45], [634.53, 246.77], [638.07, 250.21], [638.81, 252.03], [637.54, 252.95], [638.32, 255.06], [638.99, 255.6], [639.24, 256.58], [639.34, 256.9], [642.02, 263.97], [642.94, 266.18], [643.45, 266.9], [644.07, 267.73], [644.67, 267.96], [644.78, 267.93], [645.5, 268.05]]}}, {"type": "Feature", "properties": {"rl": 114, "major": false}, "geometry": {"type": "LineString", "coordinates": [[508.46, 214.1], [508.76, 204.87], [511.66, 204.08], [514.38, 202.43], [519.64, 202.05], [521.95, 201.47], [525.61, 199.7], [528.25, 200.61], [529.21, 198.37], [529.49, 198.26], [529.61, 198.25], [534.23, 196.8], [534.3, 196.83], [534.48, 196.92], [536.64, 198.28], [537.51, 198.86], [538.37, 199.16], [540.52, 199.06], [544.14, 199.19], [546.57, 199.44], [549.5, 199.65], [551.08, 199.96], [552.73, 200.45], [555.09, 201.16], [562.42, 202.99], [563.38, 203.24], [567.49, 204.59], [568.14, 204.76], [572.58, 206.24], [572.89, 206.32], [577.05, 207.73], [577.8, 207.94], [586.67, 210.39], [589.92, 212.03], [593.01, 213.83], [597.54, 216.98], [598.35, 217.57], [601.0, 218.04], [603.51, 218.94], [609.15, 224.35], [614.32, 229.56]]}}, {"type": "Feature", "properties": {"rl": 114, "major": false}, "geometry": {"type": "LineString", "coordinates": [[499.54, 215.79], [495.88, 215.21]]}}, {"type": "Feature", "properties": {"rl": 114, "major": false}, "geometry": {"type": "LineString", "coordinates": [[563.12, 409.96], [562.52, 409.7], [561.72, 408.37], [552.38, 393.6], [550.55, 386.25], [550.17, 385.2], [550.1, 384.52], [550.06, 383.84], [545.09, 378.9], [537.9, 371.08], [532.57, 363.45], [525.94, 361.35], [521.08, 361.13], [518.65, 359.16], [515.25, 356.45], [512.22, 353.02], [510.58, 351.34], [507.0, 347.65], [506.95, 347.65], [506.51, 347.33], [505.09, 346.03], [503.97, 345.65], [500.89, 341.76], [495.35, 335.3], [489.37, 330.89], [488.76, 330.2], [486.02, 326.24], [485.34, 325.44], [484.71, 324.62], [485.45, 323.24], [486.48, 320.74], [490.53, 314.45], [490.55, 314.44], [490.54, 314.43], [490.53, 314.43], [483.45, 313.72], [482.24, 317.16], [479.07, 319.55], [478.26, 317.44], [478.81, 316.16], [481.56, 313.41], [481.59, 310.06], [480.9, 303.68], [481.36, 300.95], [481.8, 294.96], [482.37, 292.0], [482.9, 286.05], [482.45, 282.25], [482.32, 277.71], [482.08, 272.15], [482.4, 270.4], [482.69, 267.12], [482.77, 262.31], [483.29, 259.99], [487.82, 249.32], [487.86, 249.21], [487.88, 249.18], [488.01, 248.97], [492.25, 242.34], [496.9, 236.08], [497.96, 234.77], [499.22, 233.76], [506.83, 228.52], [508.1, 227.84]]}}, {"type": "Feature", "properties": {"rl": 114, "major": false}, "geometry": {"type": "LineString", "coordinates": [[468.35, 307.97], [468.11, 306.92], [468.4, 306.68], [468.55, 306.14], [470.29, 306.43], [470.73, 309.03], [469.75, 308.73], [468.35, 307.97]]}}, {"type": "Feature", "properties": {"rl": 114, "major": false}, "geometry": {"type": "LineString", "coordinates": [[472.69, 288.99], [479.25, 287.41], [477.31, 294.38], [471.9, 293.53], [472.69, 288.99]]}}, {"type": "Feature", "properties": {"rl": 115, "major": true}, "geometry": {"type": "LineString", "coordinates": [[627.55, 244.16], [631.12, 247.28], [635.89, 251.92], [636.09, 252.41], [635.74, 252.67], [636.05, 253.51], [636.85, 255.15], [636.36, 256.49], [637.05, 258.34], [639.03, 263.56], [639.51, 264.72], [641.44, 267.43], [643.19, 269.79], [643.22, 270.22], [643.12, 270.83], [643.67, 270.57], [643.92, 270.68]]}}, {"type": "Feature", "properties": {"rl": 115, "major": true}, "geometry": {"type": "LineString", "coordinates": [[509.09, 213.99], [509.34, 206.63], [513.48, 205.5], [515.41, 204.34], [519.11, 204.07], [522.8, 203.15], [524.33, 202.41], [529.07, 204.04], [529.12, 204.24], [530.96, 204.32], [531.21, 204.23], [531.51, 204.14], [535.61, 203.82], [535.84, 203.92], [536.3, 203.81], [536.99, 203.5], [539.02, 201.85], [543.52, 201.6], [544.35, 201.45], [548.42, 201.81], [549.13, 201.86], [549.18, 201.87], [549.22, 201.89], [549.29, 201.91], [560.92, 204.8], [562.45, 205.21], [566.0, 206.37], [567.23, 206.7], [571.08, 207.98], [572.0, 208.22], [576.16, 209.63], [576.74, 209.79], [577.7, 210.1], [585.75, 212.73], [586.0, 212.8], [586.08, 212.84], [591.46, 215.97], [594.6, 218.15], [597.14, 219.54], [598.89, 220.28], [600.93, 220.64], [602.5, 221.21], [609.15, 227.59], [615.25, 233.72]]}}, {"type": "Feature", "properties": {"rl": 115, "major": true}, "geometry": {"type": "LineString", "coordinates": [[499.32, 215.21], [496.66, 214.79]]}}, {"type": "Feature", "properties": {"rl": 115, "major": true}, "geometry": {"type": "LineString", "coordinates": [[564.2, 408.17], [564.18, 408.16], [563.46, 407.39], [554.69, 393.52], [553.14, 387.31], [552.28, 384.93], [552.12, 383.38], [552.02, 381.84], [540.76, 370.65], [539.7, 369.49], [536.59, 365.04], [532.79, 359.66], [532.31, 359.25], [531.97, 359.3], [522.57, 358.89], [516.8, 354.21], [515.94, 353.52], [515.16, 352.64], [510.24, 347.62], [508.6, 345.92], [508.44, 345.94], [506.97, 344.9], [506.26, 344.24], [505.7, 344.05], [504.15, 342.09], [497.25, 334.05], [491.52, 329.83], [493.88, 326.83], [496.12, 320.38], [495.9, 319.13], [495.28, 318.85], [491.59, 312.77], [484.63, 311.87], [483.73, 303.46], [483.7, 302.57], [484.25, 295.09], [484.22, 294.29], [484.88, 286.19], [484.99, 285.4], [484.74, 282.65], [484.55, 276.25], [484.47, 274.47], [485.39, 269.53], [485.74, 265.58], [486.08, 263.41], [486.66, 261.91], [490.53, 252.0], [493.74, 247.01], [495.91, 243.59], [499.46, 238.82], [500.28, 237.58], [501.62, 235.82], [509.72, 230.15], [508.65, 228.77], [508.8, 228.66]]}}, {"type": "Feature", "properties": {"rl": 115, "major": true}, "geometry": {"type": "LineString", "coordinates": [[473.3, 289.67], [478.53, 288.42], [476.98, 293.97], [472.67, 293.29], [473.3, 289.67]]}}, {"type": "Feature", "properties": {"rl": 115, "major": true}, "geometry": {"type": "LineString", "coordinates": [[479.73, 317.26], [480.05, 316.49], [483.55, 313.01], [482.11, 317.09], [480.21, 318.52], [479.73, 317.26]]}}, {"type": "Feature", "properties": {"rl": 116, "major": false}, "geometry": {"type": "LineString", "coordinates": [[623.23, 243.88], [627.72, 247.8], [630.51, 250.52], [633.23, 253.85], [633.6, 255.21], [634.2, 258.08], [634.17, 258.16], [635.83, 262.6], [636.03, 263.15], [636.08, 263.27], [639.42, 267.96], [639.49, 268.04], [639.52, 268.42], [639.86, 271.82], [639.85, 272.23], [639.79, 273.63], [639.79, 274.74], [639.82, 274.82], [639.85, 274.82], [639.91, 274.89], [641.42, 274.19], [642.86, 273.51], [644.6, 274.35]]}}, {"type": "Feature", "properties": {"rl": 116, "major": false}, "geometry": {"type": "LineString", "coordinates": [[509.73, 213.88], [509.91, 208.4], [515.31, 206.92], [516.43, 206.25], [518.59, 206.09], [522.49, 205.12], [522.53, 205.74], [523.3, 205.69], [523.8, 205.58], [530.62, 205.87], [531.88, 205.45], [533.39, 204.96], [535.09, 204.83], [536.0, 205.21], [537.78, 204.79], [539.64, 203.95], [540.06, 203.92], [543.96, 203.23], [547.03, 203.5], [547.79, 203.96], [548.51, 203.93], [549.12, 204.04], [549.59, 204.17], [559.43, 206.62], [561.52, 207.17], [564.51, 208.16], [566.33, 208.63], [569.59, 209.72], [571.11, 210.12], [574.67, 211.33], [575.87, 211.65], [577.88, 212.31], [584.6, 214.5], [586.38, 215.59], [589.94, 218.09], [590.21, 218.25], [595.85, 221.32], [600.05, 223.1], [600.87, 223.25], [601.49, 223.47], [609.15, 230.82], [616.17, 237.89]]}}, {"type": "Feature", "properties": {"rl": 116, "major": false}, "geometry": {"type": "LineString", "coordinates": [[499.11, 214.64], [497.44, 214.38]]}}, {"type": "Feature", "properties": {"rl": 116, "major": false}, "geometry": {"type": "LineString", "coordinates": [[565.95, 406.65], [565.89, 406.63], [564.17, 404.8], [556.99, 393.45], [555.72, 388.37], [554.39, 384.65], [554.14, 382.24], [553.99, 379.85], [545.04, 370.94], [544.04, 369.17], [541.77, 367.59], [540.22, 366.34], [534.99, 358.94], [532.27, 356.61], [530.37, 356.92], [524.06, 356.64], [518.83, 352.4], [517.86, 351.35], [516.84, 351.19], [510.74, 344.81], [510.58, 344.29], [509.72, 343.89], [507.63, 342.58], [507.62, 342.59], [507.44, 342.46], [507.43, 342.45], [507.42, 342.45], [507.4, 342.43], [499.15, 332.81], [497.11, 331.3], [499.52, 328.24], [501.26, 326.08], [502.06, 322.67], [501.53, 321.24], [501.01, 318.28], [495.41, 315.68], [492.64, 311.12], [487.41, 310.44], [486.74, 304.13], [486.65, 300.58], [487.0, 295.66], [486.88, 292.29], [487.34, 286.7], [487.91, 282.43], [487.32, 275.88], [488.25, 270.82], [488.67, 268.66], [489.27, 264.9], [491.39, 259.43], [493.2, 254.79], [499.6, 244.83], [499.8, 244.53], [500.12, 244.1], [502.23, 240.9], [505.72, 236.34], [511.54, 232.26], [509.02, 228.99], [509.39, 228.74]]}}, {"type": "Feature", "properties": {"rl": 116, "major": false}, "geometry": {"type": "LineString", "coordinates": [[473.91, 290.36], [477.81, 289.42], [476.66, 293.56], [473.44, 293.06], [473.91, 290.36]]}}, {"type": "Feature", "properties": {"rl": 116, "major": false}, "geometry": {"type": "LineString", "coordinates": [[481.19, 317.08], [481.3, 316.83], [482.44, 315.7], [481.97, 317.03], [481.35, 317.5], [481.19, 317.08]]}}, {"type": "Feature", "properties": {"rl": 117, "major": false}, "geometry": {"type": "LineString", "coordinates": [[618.91, 243.6], [621.73, 246.06], [625.04, 248.6], [630.23, 254.88], [630.76, 256.12], [631.49, 258.52], [630.44, 260.37], [630.36, 262.06], [628.25, 266.42], [628.19, 266.57], [628.17, 266.65], [628.24, 266.72], [628.27, 266.72], [628.54, 266.97], [635.14, 269.71], [637.71, 273.87], [637.72, 275.4], [638.17, 276.53], [638.6, 276.47], [639.63, 277.58], [640.86, 277.01], [642.04, 276.46], [645.29, 278.01]]}}, {"type": "Feature", "properties": {"rl": 117, "major": false}, "geometry": {"type": "LineString", "coordinates": [[510.36, 213.77], [510.48, 210.17], [517.14, 208.35], [517.46, 208.16], [518.07, 208.11], [519.17, 207.84], [519.18, 208.01], [523.08, 207.76], [525.65, 207.23], [530.29, 207.43], [532.55, 206.67], [534.16, 206.14], [535.04, 206.04], [536.15, 206.5], [539.26, 205.77], [539.97, 205.44], [541.92, 205.3], [543.57, 205.0], [544.87, 205.12], [546.42, 206.06], [547.87, 205.99], [549.12, 206.21], [550.07, 206.49], [557.93, 208.44], [560.59, 209.14], [563.01, 209.94], [565.42, 210.57], [568.1, 211.46], [570.23, 212.03], [573.18, 213.03], [575.01, 213.52], [578.05, 214.52], [583.18, 216.19], [586.8, 218.4], [588.81, 219.81], [593.95, 222.77], [594.56, 223.1], [596.09, 223.75], [600.53, 225.57], [600.83, 226.02], [601.4, 226.84], [602.68, 227.85], [609.15, 234.06], [617.09, 242.05]]}}, {"type": "Feature", "properties": {"rl": 117, "major": false}, "geometry": {"type": "LineString", "coordinates": [[498.89, 214.07], [498.23, 213.96]]}}, {"type": "Feature", "properties": {"rl": 117, "major": false}, "geometry": {"type": "LineString", "coordinates": [[567.69, 405.13], [567.61, 405.1], [564.88, 402.2], [559.3, 393.38], [558.31, 389.42], [556.5, 384.37], [556.16, 381.1], [555.96, 377.85], [551.11, 373.03], [548.91, 369.11], [543.9, 365.63], [540.48, 362.86], [537.19, 358.22], [532.23, 353.98], [528.76, 354.54], [525.54, 354.39], [522.87, 352.23], [520.42, 349.58], [517.86, 349.17], [515.94, 347.17], [514.69, 343.17], [508.12, 340.09], [507.7, 339.83], [507.7, 339.82], [505.28, 336.92], [507.45, 337.54], [507.46, 337.53], [507.59, 333.71], [503.08, 332.37], [505.33, 329.57], [507.42, 320.65], [506.7, 318.69], [505.59, 317.43], [505.43, 317.08], [505.03, 316.92], [504.7, 316.76], [495.54, 312.51], [493.69, 309.47], [490.2, 309.02], [489.75, 304.8], [489.59, 298.58], [489.76, 296.24], [489.53, 290.29], [489.79, 287.21], [490.83, 279.46], [490.56, 276.47], [490.99, 274.16], [492.23, 267.82], [492.45, 266.39], [495.35, 258.9], [495.8, 257.67], [495.97, 257.26], [496.11, 257.08], [501.68, 247.87], [503.27, 245.61], [504.19, 244.21], [509.81, 236.85], [513.37, 234.36], [509.4, 229.22], [509.97, 228.81]]}}, {"type": "Feature", "properties": {"rl": 117, "major": false}, "geometry": {"type": "LineString", "coordinates": [[474.52, 291.04], [477.09, 290.42], [476.33, 293.15], [474.2, 292.82], [474.52, 291.04]]}}, {"type": "Feature", "properties": {"rl": 118, "major": false}, "geometry": {"type": "LineString", "coordinates": [[511.0, 213.66], [511.06, 211.93], [515.37, 210.76], [517.47, 211.5], [520.07, 210.02], [522.86, 209.84], [527.49, 208.88], [529.95, 208.98], [532.14, 208.24], [533.43, 208.11], [535.35, 207.82], [536.16, 207.73], [536.3, 207.79], [537.43, 207.52], [539.32, 207.26], [541.87, 207.57], [543.62, 207.29], [545.05, 208.15], [547.24, 208.05], [549.12, 208.39], [550.55, 208.8], [556.44, 210.26], [559.66, 211.11], [561.52, 211.72], [564.51, 212.51], [566.61, 213.21], [569.34, 213.93], [571.69, 214.73], [574.14, 215.39], [578.23, 216.73], [581.76, 217.88], [587.21, 221.2], [587.68, 221.53], [589.14, 222.37], [594.02, 225.1], [595.94, 225.8], [599.67, 227.33], [600.85, 229.12], [603.08, 232.36], [608.15, 236.34], [609.14, 237.29], [610.94, 239.1], [610.44, 239.69], [611.88, 242.29], [612.17, 242.51], [616.71, 244.4], [617.86, 245.57], [619.32, 246.37], [624.19, 250.1], [627.11, 253.64], [628.6, 257.18], [629.32, 258.68], [629.18, 261.53], [628.1, 263.77], [626.89, 266.61], [626.6, 268.0], [627.77, 269.34], [628.48, 269.36], [633.4, 273.99], [635.01, 274.67], [635.64, 275.68], [635.64, 276.06], [636.28, 277.63], [636.57, 278.27], [636.75, 278.22], [637.35, 278.12], [639.35, 280.28], [640.31, 279.83], [641.23, 279.4], [645.97, 281.67]]}}, {"type": "Feature", "properties": {"rl": 118, "major": false}, "geometry": {"type": "LineString", "coordinates": [[569.44, 403.61], [569.32, 403.57], [565.59, 399.6], [561.61, 393.3], [560.9, 390.48], [558.61, 384.1], [558.18, 379.96], [557.93, 375.85], [557.19, 375.11], [553.78, 369.05], [546.03, 363.67], [540.73, 359.38], [539.4, 357.49], [532.19, 351.34], [527.16, 352.15], [527.03, 352.15], [526.92, 352.06], [526.48, 351.58], [524.77, 348.53], [524.3, 347.1], [522.08, 346.26], [519.8, 345.22], [518.81, 342.05], [515.08, 340.3], [509.98, 333.42], [509.77, 332.93], [509.78, 332.4], [513.09, 324.33], [509.78, 319.84], [509.54, 319.36], [507.14, 316.62], [505.85, 313.93], [502.77, 312.69], [500.27, 311.48], [495.67, 309.34], [494.74, 307.82], [492.99, 307.59], [492.76, 305.47], [492.56, 297.52], [492.5, 296.86], [492.42, 294.3], [492.19, 288.29], [492.24, 287.71], [493.09, 281.42], [493.68, 277.45], [494.02, 276.11], [495.78, 267.19], [496.46, 265.25], [497.93, 261.17], [499.56, 257.31], [500.79, 255.68], [503.33, 251.48], [505.21, 248.82], [506.46, 246.78], [509.68, 242.9], [513.9, 237.37], [515.19, 236.47], [509.78, 229.45], [510.55, 228.89]]}}, {"type": "Feature", "properties": {"rl": 118, "major": false}, "geometry": {"type": "LineString", "coordinates": [[475.12, 291.72], [476.37, 291.42], [476.0, 292.74], [474.97, 292.58], [475.12, 291.72]]}}, {"type": "Feature", "properties": {"rl": 119, "major": false}, "geometry": {"type": "LineString", "coordinates": [[511.57, 213.69], [516.43, 214.01], [517.07, 214.02], [518.24, 213.93], [522.92, 211.85], [523.25, 211.78], [523.6, 211.74], [527.37, 210.93], [529.33, 210.52], [529.62, 210.54], [529.87, 210.45], [534.68, 209.95], [535.86, 209.77], [537.01, 209.61], [540.68, 210.06], [542.53, 210.17], [545.19, 210.52], [545.22, 210.18], [546.6, 210.11], [549.12, 210.56], [551.03, 211.11], [554.94, 212.08], [558.73, 213.08], [560.03, 213.5], [563.6, 214.44], [565.12, 214.95], [568.45, 215.83], [570.2, 216.42], [573.27, 217.26], [578.4, 218.94], [580.33, 219.57], [584.14, 221.89], [586.75, 223.26], [589.92, 225.08], [593.58, 227.13], [597.68, 228.63], [598.81, 229.09], [600.87, 232.21], [601.0, 232.39], [603.56, 235.9], [603.67, 236.1], [603.88, 236.45], [607.91, 238.99], [608.74, 239.57], [610.79, 243.28], [612.34, 244.4], [615.63, 245.77], [618.55, 248.75], [622.25, 250.77], [623.34, 251.6], [623.99, 252.4], [624.33, 253.19], [628.01, 260.83], [628.0, 260.99], [627.94, 261.11], [625.59, 266.65], [625.03, 269.36], [627.31, 271.97], [628.68, 272.0], [633.69, 276.71], [634.94, 279.44], [635.3, 280.22], [635.54, 280.14], [637.2, 280.95], [639.07, 282.98], [639.76, 282.66], [640.41, 282.35], [646.66, 285.33]]}}, {"type": "Feature", "properties": {"rl": 119, "major": false}, "geometry": {"type": "LineString", "coordinates": [[571.18, 402.09], [571.04, 402.04], [566.31, 397.01], [563.92, 393.23], [563.49, 391.54], [560.73, 383.82], [560.43, 381.01], [560.32, 379.12], [560.26, 378.85], [560.05, 378.64], [559.53, 374.78], [557.66, 369.24], [557.6, 368.92], [557.3, 368.62], [556.82, 368.06], [555.71, 366.95], [548.16, 361.7], [542.84, 357.4], [541.13, 355.65], [532.95, 349.04], [532.52, 346.57], [531.32, 342.89], [527.7, 341.52], [523.08, 336.01], [521.96, 333.29], [521.99, 331.86], [516.7, 326.54], [516.46, 326.22], [516.46, 326.22], [511.37, 319.33], [510.83, 318.27], [508.69, 315.81], [506.28, 310.78], [500.52, 308.47], [495.84, 306.2], [495.8, 306.18], [495.79, 306.16], [495.78, 306.16], [495.78, 306.14], [495.77, 306.07], [495.74, 305.69], [495.06, 298.57], [495.12, 297.9], [495.12, 297.09], [495.15, 287.49], [495.69, 283.56], [496.15, 280.46], [498.56, 270.81], [499.33, 266.91], [500.21, 264.39], [500.43, 263.57], [502.68, 258.38], [503.15, 257.39], [505.16, 254.75], [505.42, 254.32], [509.25, 248.07], [516.26, 239.64], [516.41, 237.72], [516.35, 237.68], [516.36, 237.5], [516.25, 237.58], [510.15, 229.67], [511.14, 228.97]]}}, {"type": "Feature", "properties": {"rl": 120, "major": true}, "geometry": {"type": "LineString", "coordinates": [[511.37, 215.4], [515.19, 215.64], [516.78, 215.67], [519.69, 215.45], [523.69, 213.67], [525.23, 213.36], [526.83, 213.19], [530.44, 212.41], [534.89, 211.92], [535.52, 211.82], [535.73, 211.91], [538.67, 212.09], [545.03, 212.93], [546.59, 213.09], [546.75, 213.12], [547.23, 213.07], [547.46, 212.44], [549.11, 212.74], [551.51, 213.42], [553.44, 213.9], [557.8, 215.05], [558.53, 215.29], [562.69, 216.38], [563.63, 216.69], [567.56, 217.73], [568.71, 218.12], [572.41, 219.12], [578.58, 221.15], [578.91, 221.26], [579.58, 221.67], [585.92, 224.99], [592.62, 228.84], [592.97, 229.03], [593.36, 229.23], [596.9, 230.51], [597.51, 231.86], [600.02, 233.48], [602.22, 236.5], [602.63, 237.19], [603.34, 238.41], [606.41, 240.34], [608.25, 241.64], [609.7, 244.26], [612.5, 246.29], [614.55, 247.14], [619.23, 251.93], [621.02, 252.9], [622.45, 256.07], [625.68, 263.41], [624.29, 266.68], [623.46, 270.72], [626.84, 274.6], [628.88, 274.64], [631.78, 277.37], [632.96, 279.92], [633.35, 282.91], [636.03, 283.65], [637.66, 284.45], [638.79, 285.67], [639.2, 285.48], [639.6, 285.29], [647.34, 288.99]]}}, {"type": "Feature", "properties": {"rl": 120, "major": true}, "geometry": {"type": "LineString", "coordinates": [[572.93, 400.57], [572.75, 400.51], [567.02, 394.41], [566.22, 393.16], [566.08, 392.59], [564.82, 389.08], [565.92, 387.96], [565.88, 387.02], [565.82, 386.94], [563.07, 383.03], [562.85, 379.22], [562.56, 377.83], [561.43, 376.7], [561.06, 373.91], [559.7, 369.9], [559.49, 368.66], [558.32, 367.52], [556.46, 365.37], [552.19, 361.06], [550.29, 359.74], [548.95, 358.66], [541.86, 351.41], [538.59, 348.76], [537.98, 345.31], [534.86, 341.35], [533.84, 340.61], [525.6, 333.01], [525.0, 332.26], [524.27, 332.02], [518.16, 325.87], [517.46, 324.91], [517.46, 324.91], [512.97, 318.83], [512.13, 317.17], [510.24, 315.0], [506.7, 307.62], [498.26, 304.25], [497.79, 304.02], [497.72, 303.26], [498.2, 298.31], [498.18, 292.25], [498.19, 287.06], [498.71, 283.3], [497.69, 281.42], [502.2, 267.0], [502.6, 267.29], [502.86, 266.91], [503.19, 265.28], [503.26, 265.02], [503.33, 264.85], [506.77, 257.62], [507.84, 256.21], [509.7, 253.18], [512.04, 249.36], [516.32, 244.22], [516.81, 237.82], [516.61, 237.7], [516.64, 237.12], [516.29, 237.37], [510.53, 229.9], [511.72, 229.05]]}}, {"type": "Feature", "properties": {"rl": 121, "major": false}, "geometry": {"type": "LineString", "coordinates": [[511.17, 217.1], [513.95, 217.28], [516.5, 217.32], [521.15, 216.97], [524.46, 215.49], [527.21, 214.94], [530.06, 214.64], [531.44, 214.34], [533.14, 214.15], [535.58, 213.75], [535.9, 213.89], [536.15, 214.0], [536.4, 214.05], [544.65, 214.88], [545.98, 215.11], [548.63, 214.87], [548.99, 214.92], [551.96, 215.73], [552.32, 215.82], [556.87, 217.01], [557.04, 217.07], [561.78, 218.31], [562.14, 218.43], [566.67, 219.64], [567.23, 219.82], [571.54, 220.99], [575.44, 222.27], [578.6, 223.13], [581.97, 225.09], [585.09, 226.72], [587.64, 228.18], [591.05, 229.95], [594.19, 231.58], [594.43, 231.71], [594.61, 231.79], [599.15, 234.71], [600.88, 237.09], [601.58, 238.28], [602.8, 240.37], [604.9, 241.7], [607.77, 243.71], [608.61, 245.24], [612.67, 248.18], [613.47, 248.52], [616.6, 251.71], [618.57, 254.4], [621.56, 262.08], [623.29, 266.02], [622.99, 266.72], [621.9, 272.08], [626.37, 277.22], [629.09, 277.29], [629.88, 278.03], [630.2, 278.73], [630.47, 280.78], [631.08, 284.07], [631.37, 284.52], [631.96, 285.54], [632.8, 286.45], [635.36, 287.07], [637.56, 287.68], [638.12, 287.95], [638.51, 288.37], [638.65, 288.3], [638.79, 288.24], [648.03, 292.66]]}}, {"type": "Feature", "properties": {"rl": 121, "major": false}, "geometry": {"type": "LineString", "coordinates": [[574.67, 399.05], [574.47, 398.98], [571.45, 395.77], [569.61, 393.35], [568.94, 392.58], [568.56, 391.46], [568.34, 385.85], [567.45, 384.69], [565.54, 381.97], [565.39, 379.31], [564.86, 376.8], [562.82, 374.77], [562.59, 373.04], [561.75, 370.56], [561.37, 368.41], [560.26, 367.32], [559.67, 366.27], [557.22, 363.97], [556.1, 362.67], [553.99, 360.54], [553.42, 357.73], [551.17, 356.29], [543.66, 348.45], [542.91, 348.24], [542.61, 347.76], [537.12, 340.78], [534.69, 339.03], [527.76, 332.63], [526.44, 330.99], [524.86, 330.47], [519.62, 325.2], [518.46, 323.6], [518.46, 323.59], [514.57, 318.33], [513.43, 316.07], [511.78, 314.19], [507.13, 304.47], [501.03, 302.03], [501.17, 299.94], [501.29, 298.71], [501.23, 287.41], [501.24, 286.62], [501.32, 286.05], [498.72, 281.22], [502.74, 268.35], [504.91, 269.89], [506.33, 267.87], [506.52, 266.9], [509.96, 258.74], [510.39, 257.84], [510.51, 257.67], [513.99, 252.04], [514.84, 250.66], [516.39, 248.79], [517.22, 237.93], [516.88, 237.72], [516.93, 236.73], [516.32, 237.16], [510.9, 230.13], [512.31, 229.13]]}}, {"type": "Feature", "properties": {"rl": 122, "major": false}, "geometry": {"type": "LineString", "coordinates": [[510.97, 218.8], [512.71, 218.92], [516.21, 218.97], [522.6, 218.49], [525.23, 217.32], [529.18, 216.52], [532.04, 216.22], [532.43, 216.23], [534.3, 215.93], [535.78, 215.75], [536.15, 215.91], [537.11, 216.11], [542.71, 216.67], [545.2, 217.1], [547.19, 216.92], [548.61, 217.12], [550.97, 217.76], [555.14, 218.84], [555.93, 218.97], [560.48, 220.16], [560.87, 220.23], [565.71, 221.52], [565.78, 221.53], [567.0, 221.86], [570.68, 222.86], [571.42, 223.1], [578.58, 225.04], [582.38, 227.24], [584.46, 228.45], [589.14, 230.87], [591.48, 232.09], [593.46, 233.18], [594.96, 233.81], [598.27, 235.95], [599.54, 237.69], [600.53, 239.37], [602.26, 242.33], [603.4, 243.05], [607.28, 245.78], [607.53, 246.23], [610.17, 248.15], [612.05, 249.95], [613.29, 251.68], [616.58, 256.18], [619.19, 262.89], [619.89, 266.83], [619.75, 267.7], [620.01, 271.71], [620.54, 273.21], [624.29, 277.29], [625.05, 278.75], [626.54, 280.4], [626.56, 279.94], [628.15, 280.32], [628.76, 283.63], [629.6, 284.93], [631.3, 287.86], [633.71, 290.47], [635.18, 290.82], [638.1, 290.82], [638.71, 291.17], [638.95, 291.36], [640.13, 292.22], [648.72, 296.32]]}}, {"type": "Feature", "properties": {"rl": 122, "major": false}, "geometry": {"type": "LineString", "coordinates": [[524.37, 239.92], [524.32, 240.01], [516.64, 250.88], [517.62, 238.04], [517.14, 237.74], [517.22, 236.34], [516.36, 236.95], [511.28, 230.35], [512.89, 229.21]]}}, {"type": "Feature", "properties": {"rl": 122, "major": false}, "geometry": {"type": "LineString", "coordinates": [[576.35, 396.64], [576.22, 396.64], [574.09, 393.83], [572.08, 391.5], [570.94, 388.16], [570.8, 384.68], [569.08, 382.44], [568.0, 380.91], [567.92, 379.41], [567.15, 375.78], [564.2, 372.84], [564.12, 372.17], [563.79, 371.22], [563.26, 368.15], [563.01, 367.91], [561.32, 364.89], [557.78, 361.57], [557.04, 356.77], [556.63, 356.07], [556.17, 355.61], [555.29, 354.57], [551.42, 352.09], [547.59, 348.09], [544.6, 347.26], [543.4, 345.33], [539.38, 340.22], [535.55, 337.45], [529.91, 332.25], [527.88, 329.73], [525.45, 328.92], [521.09, 324.54], [519.46, 322.29], [519.46, 322.28], [516.16, 317.83], [514.72, 314.98], [513.33, 313.38], [507.55, 301.32], [504.42, 300.07], [504.52, 298.48], [504.24, 295.04], [504.19, 287.34], [502.33, 285.84], [499.74, 281.02], [503.28, 269.69], [507.22, 272.5], [509.79, 268.83], [509.8, 268.8], [509.96, 268.4], [512.5, 260.1], [513.77, 257.47], [517.27, 252.11], [516.74, 251.2], [524.57, 240.16]]}}, {"type": "Feature", "properties": {"rl": 123, "major": false}, "geometry": {"type": "LineString", "coordinates": [[510.77, 220.51], [511.47, 220.55], [515.93, 220.63], [524.05, 220.01], [526.0, 219.14], [531.16, 218.11], [532.01, 218.01], [532.53, 218.03], [535.02, 217.92], [536.08, 217.79], [536.14, 217.83], [537.82, 218.17], [540.76, 218.47], [544.43, 219.09], [545.75, 218.97], [548.24, 219.33], [549.99, 219.8], [553.08, 220.6], [554.99, 220.92], [558.58, 221.86], [559.96, 222.11], [563.94, 223.17], [564.89, 223.36], [569.2, 224.53], [569.81, 224.66], [571.4, 225.1], [578.39, 226.94], [579.28, 227.37], [584.13, 230.2], [587.22, 231.8], [588.77, 232.6], [592.49, 234.65], [595.31, 235.84], [597.4, 237.19], [598.2, 238.29], [599.48, 240.46], [601.72, 244.29], [601.9, 244.4], [602.91, 245.12], [606.29, 247.95], [609.98, 251.49], [614.53, 257.88], [614.59, 257.97], [614.76, 258.49], [617.79, 267.99], [617.93, 270.3], [619.32, 274.2], [622.16, 277.3], [623.7, 280.24], [626.46, 283.3], [626.61, 283.46], [627.84, 285.33], [630.65, 290.18], [631.96, 291.61], [633.39, 292.43], [634.58, 293.01], [637.54, 293.01], [639.44, 294.09], [640.19, 294.67], [643.82, 297.32], [649.4, 299.98]]}}, {"type": "Feature", "properties": {"rl": 123, "major": false}, "geometry": {"type": "LineString", "coordinates": [[524.21, 239.64], [524.06, 239.92], [517.14, 249.71], [518.02, 238.15], [517.41, 237.76], [517.51, 235.96], [516.4, 236.73], [511.65, 230.58], [513.48, 229.28]]}}, {"type": "Feature", "properties": {"rl": 123, "major": false}, "geometry": {"type": "LineString", "coordinates": [[578.05, 393.53], [577.81, 393.42], [575.21, 390.42], [573.31, 384.85], [573.26, 383.51], [570.72, 380.2], [570.47, 379.84], [570.45, 379.5], [569.57, 375.33], [569.51, 374.85], [569.36, 374.65], [565.6, 370.81], [564.97, 367.41], [564.24, 365.78], [562.96, 363.51], [561.02, 361.68], [560.62, 359.05], [558.54, 355.55], [556.23, 353.22], [551.82, 347.99], [551.67, 347.89], [551.52, 347.73], [546.29, 346.27], [544.19, 342.89], [541.64, 339.65], [536.41, 335.87], [532.06, 331.87], [529.32, 328.46], [526.04, 327.37], [522.55, 323.87], [520.46, 320.97], [520.45, 320.97], [517.76, 317.32], [516.02, 313.88], [514.88, 312.57], [507.98, 298.17], [507.81, 298.1], [507.81, 298.02], [507.14, 289.96], [507.13, 288.32], [503.0, 284.98], [500.76, 280.82], [503.82, 271.03], [509.53, 275.1], [510.4, 273.86], [511.76, 271.78], [513.31, 266.18], [514.39, 262.67], [517.11, 257.02], [519.23, 253.78], [517.48, 250.78], [524.83, 240.4]]}}, {"type": "Feature", "properties": {"rl": 124, "major": false}, "geometry": {"type": "LineString", "coordinates": [[630.48, 292.58], [632.78, 293.91], [635.44, 295.19], [636.98, 295.19], [640.17, 297.0], [641.43, 297.98], [647.52, 302.42], [650.09, 303.64]]}}, {"type": "Feature", "properties": {"rl": 124, "major": false}, "geometry": {"type": "LineString", "coordinates": [[511.4, 222.21], [515.64, 222.28], [525.51, 221.53], [526.77, 220.96], [531.11, 220.09], [531.67, 220.29], [532.97, 220.04], [535.48, 220.0], [538.31, 220.18], [538.54, 220.23], [538.82, 220.26], [543.66, 221.07], [544.31, 221.02], [547.86, 221.53], [549.0, 221.84], [551.01, 222.35], [554.04, 222.87], [556.67, 223.56], [559.04, 223.99], [562.16, 224.82], [564.0, 225.18], [567.52, 226.14], [568.94, 226.43], [572.62, 227.45], [577.88, 228.83], [581.44, 230.57], [583.8, 231.95], [585.31, 232.72], [586.06, 233.11], [591.52, 236.12], [595.66, 237.87], [596.53, 238.43], [596.87, 238.88], [598.31, 241.34], [598.42, 241.54], [600.24, 244.91], [600.76, 246.41], [601.27, 247.11], [604.95, 250.2], [607.91, 253.04], [611.56, 258.17], [612.75, 259.96], [615.71, 268.83], [615.88, 269.2], [616.11, 269.6], [618.1, 275.19], [620.03, 277.3], [622.34, 281.74], [624.29, 283.89], [625.9, 285.48], [626.07, 285.73], [627.54, 288.27], [629.24, 291.45], [629.75, 292.17]]}}, {"type": "Feature", "properties": {"rl": 124, "major": false}, "geometry": {"type": "LineString", "coordinates": [[524.05, 239.36], [523.79, 239.83], [517.64, 248.54], [518.43, 238.26], [517.68, 237.78], [517.79, 235.57], [516.44, 236.52], [512.03, 230.81], [514.06, 229.36]]}}, {"type": "Feature", "properties": {"rl": 124, "major": false}, "geometry": {"type": "LineString", "coordinates": [[580.04, 390.29], [578.62, 389.66], [578.35, 389.35], [577.77, 387.67], [576.47, 383.35], [575.87, 382.51], [573.75, 379.74], [573.29, 376.37], [569.4, 371.06], [567.01, 368.63], [566.61, 366.48], [564.83, 362.53], [564.61, 362.13], [564.27, 361.8], [564.2, 361.34], [560.45, 355.02], [556.29, 350.83], [553.54, 347.56], [551.68, 346.32], [547.98, 345.28], [544.97, 340.46], [543.89, 339.08], [537.26, 334.3], [534.21, 331.49], [530.76, 327.2], [526.63, 325.82], [524.01, 323.2], [521.46, 319.66], [521.45, 319.65], [519.36, 316.82], [517.31, 312.79], [516.42, 311.76], [510.92, 300.27], [510.66, 297.88], [510.18, 291.24], [510.38, 288.34], [507.85, 287.5], [507.84, 287.49], [503.67, 284.12], [501.78, 280.62], [504.36, 272.38], [510.33, 276.63], [510.34, 276.63], [512.24, 277.0], [513.67, 274.81], [515.71, 267.46], [516.52, 264.47], [518.23, 261.17], [520.45, 256.56], [521.18, 255.44], [518.21, 250.35], [525.09, 240.64]]}}, {"type": "Feature", "properties": {"rl": 125, "major": true}, "geometry": {"type": "LineString", "coordinates": [[631.88, 295.21], [632.17, 295.38], [636.3, 297.38], [636.42, 297.38], [640.9, 299.91], [642.67, 301.29], [646.65, 304.19]]}}, {"type": "Feature", "properties": {"rl": 125, "major": true}, "geometry": {"type": "LineString", "coordinates": [[513.65, 223.9], [515.36, 223.93], [526.96, 223.05], [527.54, 222.79], [529.54, 222.39], [531.08, 222.93], [534.26, 222.33], [534.63, 222.26], [534.68, 222.26], [538.4, 222.76], [542.84, 223.07], [542.87, 223.07], [542.91, 223.07], [542.96, 223.08], [547.49, 223.73], [548.02, 223.87], [548.95, 224.11], [553.09, 224.82], [554.77, 225.26], [558.12, 225.88], [560.38, 226.48], [563.11, 227.01], [565.85, 227.76], [568.08, 228.21], [573.84, 229.8], [577.36, 230.73], [583.31, 233.62], [583.41, 233.68], [583.46, 233.69], [583.68, 233.81], [590.55, 237.6], [594.82, 239.39], [595.63, 239.78], [597.09, 242.52], [598.56, 245.23], [599.7, 248.57], [600.84, 250.12], [603.61, 252.44], [605.84, 254.58], [608.59, 258.45], [610.9, 261.95], [612.58, 266.96], [613.95, 269.97], [615.82, 273.22], [616.87, 276.19], [617.9, 277.3], [620.99, 283.24], [622.12, 284.48], [623.26, 285.61], [624.49, 287.61], [625.42, 289.35], [628.1, 293.09]]}}, {"type": "Feature", "properties": {"rl": 125, "major": true}, "geometry": {"type": "LineString", "coordinates": [[523.89, 239.08], [523.53, 239.75], [518.15, 247.37], [518.83, 238.37], [517.94, 237.8], [518.08, 235.18], [516.47, 236.31], [512.4, 231.04], [514.64, 229.44]]}}, {"type": "Feature", "properties": {"rl": 125, "major": true}, "geometry": {"type": "LineString", "coordinates": [[645.16, 305.88], [647.16, 307.66], [647.33, 307.84]]}}, {"type": "Feature", "properties": {"rl": 125, "major": true}, "geometry": {"type": "LineString", "coordinates": [[582.04, 387.05], [581.52, 386.82], [580.94, 384.93], [578.72, 381.82], [577.37, 380.05], [577.08, 377.9], [569.43, 367.48], [568.42, 366.45], [568.25, 365.54], [567.29, 363.39], [566.18, 360.89], [566.06, 359.54], [564.2, 357.6], [562.36, 354.5], [556.35, 348.44], [555.48, 347.4], [551.68, 344.86], [549.67, 344.3], [546.67, 339.48], [546.86, 338.8], [545.88, 338.26], [545.53, 337.84], [544.52, 337.34], [538.12, 332.72], [536.37, 331.1], [532.2, 325.93], [527.21, 324.27], [525.48, 322.53], [522.46, 318.35], [522.45, 318.34], [520.95, 316.32], [518.61, 311.69], [517.97, 310.95], [514.01, 302.68], [513.49, 297.77], [513.28, 294.89], [513.74, 288.01], [507.75, 286.01], [507.72, 286.0], [504.33, 283.26], [502.8, 280.42], [504.89, 273.72], [509.75, 277.18], [509.77, 277.18], [515.31, 278.25], [515.58, 277.85], [515.96, 276.48], [519.12, 264.83], [521.85, 259.56], [523.3, 256.93], [524.18, 255.51], [526.63, 252.49], [522.44, 255.91], [518.95, 249.92], [525.36, 240.87]]}}, {"type": "Feature", "properties": {"rl": 126, "major": false}, "geometry": {"type": "LineString", "coordinates": [[515.99, 225.6], [527.3, 224.69], [527.88, 224.63], [528.09, 224.63], [528.25, 224.64], [529.78, 224.86], [534.42, 224.97], [534.68, 224.92], [537.55, 225.27], [538.16, 225.35], [538.88, 225.4], [541.25, 225.38], [544.35, 225.69], [546.98, 225.95], [547.81, 226.03], [552.15, 226.77], [552.86, 226.96], [557.2, 227.76], [558.6, 228.13], [562.22, 228.83], [564.18, 229.37], [567.21, 229.98], [575.06, 232.15], [576.84, 232.62], [579.86, 234.09], [581.92, 235.14], [582.79, 235.36], [587.28, 237.8], [589.58, 239.07], [591.01, 239.67], [594.65, 241.42], [595.76, 243.5], [596.87, 245.55], [598.64, 250.72], [600.4, 253.12], [602.27, 254.69], [603.77, 256.13], [605.62, 258.73], [609.06, 263.94], [609.45, 265.1], [610.29, 266.94], [612.03, 270.77], [612.1, 270.78], [614.89, 275.72], [615.53, 276.84], [615.65, 277.18], [615.77, 277.31], [619.64, 284.73], [619.95, 285.07], [620.26, 285.37], [620.96, 286.52]]}}, {"type": "Feature", "properties": {"rl": 126, "major": false}, "geometry": {"type": "LineString", "coordinates": [[523.73, 238.8], [523.26, 239.66], [518.65, 246.2], [519.24, 238.47], [518.21, 237.82], [518.37, 234.8], [516.51, 236.1], [512.78, 231.26], [514.91, 229.74]]}}, {"type": "Feature", "properties": {"rl": 126, "major": false}, "geometry": {"type": "LineString", "coordinates": [[531.09, 248.18], [530.94, 248.5], [522.92, 255.04], [519.68, 249.49], [525.62, 241.11]]}}, {"type": "Feature", "properties": {"rl": 126, "major": false}, "geometry": {"type": "LineString", "coordinates": [[630.75, 298.58], [633.98, 301.19], [634.82, 301.65], [637.13, 301.76]]}}, {"type": "Feature", "properties": {"rl": 126, "major": false}, "geometry": {"type": "LineString", "coordinates": [[639.89, 304.4], [642.12, 304.95]]}}, {"type": "Feature", "properties": {"rl": 126, "major": false}, "geometry": {"type": "LineString", "coordinates": [[642.87, 305.3], [643.5, 306.24], [644.56, 307.18], [647.23, 310.07]]}}, {"type": "Feature", "properties": {"rl": 126, "major": false}, "geometry": {"type": "LineString", "coordinates": [[584.19, 384.7], [583.61, 384.98], [583.27, 383.5], [581.58, 381.12], [580.99, 380.36], [580.86, 379.42], [573.17, 368.94], [569.86, 364.58], [569.76, 364.4], [569.68, 364.2], [568.8, 362.11], [567.74, 359.7], [567.71, 359.39], [567.43, 358.45], [564.48, 354.38], [564.35, 354.18], [558.41, 341.59], [558.4, 341.58], [558.39, 341.55], [558.37, 341.53], [558.31, 341.51], [558.21, 341.49], [558.02, 341.64], [552.92, 344.23], [551.68, 343.4], [551.36, 343.31], [550.88, 342.53], [551.78, 339.29], [547.13, 336.7], [545.46, 334.71], [540.64, 332.34], [538.97, 331.14], [538.52, 330.72], [533.64, 324.66], [527.8, 322.73], [526.94, 321.86], [523.45, 317.04], [523.45, 317.03], [522.55, 315.81], [519.91, 310.59], [519.52, 310.14], [517.1, 305.1], [516.47, 299.14], [516.27, 298.07], [516.41, 297.65], [516.91, 289.46], [517.07, 288.39], [517.08, 287.1], [518.35, 279.06], [519.1, 275.91], [521.66, 265.75], [523.25, 262.47], [525.59, 258.22], [528.34, 253.79], [531.24, 250.22], [531.34, 248.71], [531.45, 248.67], [531.33, 248.21]]}}, {"type": "Feature", "properties": {"rl": 126, "major": false}, "geometry": {"type": "LineString", "coordinates": [[509.16, 277.73], [509.2, 277.73], [514.38, 278.73], [513.67, 286.54], [507.64, 284.53], [507.61, 284.51], [505.0, 282.41], [503.82, 280.22], [505.43, 275.07], [509.16, 277.73]]}}, {"type": "Feature", "properties": {"rl": 127, "major": false}, "geometry": {"type": "LineString", "coordinates": [[518.5, 227.29], [521.04, 227.09], [525.62, 226.57], [527.32, 226.6], [528.36, 226.69], [528.62, 226.71], [528.79, 226.71], [533.71, 226.93], [534.06, 227.01], [535.57, 227.5], [537.44, 227.74], [539.35, 227.88], [540.42, 227.84], [545.13, 228.25], [545.68, 228.38], [545.8, 228.34], [550.65, 228.89], [551.15, 228.94], [551.79, 228.87], [552.68, 228.98], [556.29, 229.64], [556.83, 229.78], [561.33, 230.66], [562.51, 230.98], [566.34, 231.76], [576.28, 234.5], [576.33, 234.51], [576.4, 234.55], [580.43, 236.6], [582.13, 237.04], [587.94, 240.2], [588.7, 240.59], [589.56, 241.08], [593.67, 243.06], [594.43, 244.47], [595.18, 245.87], [597.59, 252.87], [599.97, 256.13], [600.93, 256.93], [601.7, 257.68], [602.65, 259.01], [604.93, 262.46], [607.34, 265.57], [609.56, 270.36], [610.13, 271.62], [610.34, 271.67], [610.89, 272.64], [610.19, 274.63], [609.92, 279.04], [610.07, 279.57], [610.07, 280.28], [612.13, 284.13]]}}, {"type": "Feature", "properties": {"rl": 127, "major": false}, "geometry": {"type": "LineString", "coordinates": [[523.57, 238.52], [523.0, 239.57], [519.15, 245.02], [519.64, 238.58], [518.47, 237.84], [518.65, 234.41], [516.55, 235.89], [513.15, 231.49], [515.1, 230.11]]}}, {"type": "Feature", "properties": {"rl": 127, "major": false}, "geometry": {"type": "LineString", "coordinates": [[531.21, 247.22], [530.78, 248.16], [523.4, 254.17], [520.42, 249.07], [525.89, 241.35]]}}, {"type": "Feature", "properties": {"rl": 127, "major": false}, "geometry": {"type": "LineString", "coordinates": [[621.75, 294.33], [624.23, 295.16], [627.62, 298.92], [628.37, 299.31], [630.0, 300.34], [631.21, 300.89], [633.06, 302.38], [637.06, 304.53], [637.82, 304.57]]}}, {"type": "Feature", "properties": {"rl": 127, "major": false}, "geometry": {"type": "LineString", "coordinates": [[638.72, 305.44], [639.84, 305.71], [640.79, 306.46], [642.41, 308.29], [645.19, 311.23], [644.6, 311.18], [643.86, 311.11], [645.46, 311.98], [645.6, 312.16]]}}, {"type": "Feature", "properties": {"rl": 127, "major": false}, "geometry": {"type": "LineString", "coordinates": [[586.46, 383.05], [584.85, 383.82], [584.06, 380.39], [583.99, 380.31], [583.6, 379.68], [571.37, 363.58], [570.92, 362.73], [570.54, 361.76], [569.36, 358.95], [569.04, 358.28], [568.79, 357.46], [567.0, 354.98], [566.51, 354.19], [561.92, 344.47], [561.19, 343.23], [560.2, 340.34], [558.21, 339.16], [552.65, 336.98], [551.14, 336.68], [548.38, 335.14], [545.39, 331.58], [543.22, 330.52], [540.59, 328.35], [535.26, 323.51], [535.19, 323.38], [535.11, 323.3], [535.0, 323.32], [528.41, 321.14], [528.44, 321.09], [528.29, 321.03], [524.45, 315.73], [524.44, 315.72], [524.14, 315.31], [521.2, 309.5], [521.06, 309.33], [520.19, 307.52], [519.97, 305.37], [518.89, 299.76], [519.63, 297.5], [519.98, 291.86], [520.38, 289.14], [520.41, 285.87], [521.37, 279.73], [523.11, 272.49], [523.97, 269.07], [525.59, 265.73], [527.52, 261.28], [528.64, 257.97], [531.88, 252.94], [531.7, 252.38], [531.94, 248.75], [532.26, 248.63], [531.9, 247.3]]}}, {"type": "Feature", "properties": {"rl": 127, "major": false}, "geometry": {"type": "LineString", "coordinates": [[508.58, 278.27], [508.64, 278.27], [512.27, 278.98], [511.77, 284.46], [507.54, 283.05], [507.49, 283.02], [505.67, 281.55], [504.84, 280.02], [505.97, 276.41], [508.58, 278.27]]}}, {"type": "Feature", "properties": {"rl": 128, "major": false}, "geometry": {"type": "LineString", "coordinates": [[520.48, 228.83], [523.36, 228.51], [526.55, 228.56], [526.97, 228.6], [529.11, 228.8], [530.51, 228.79], [532.67, 228.89], [533.39, 229.05], [536.53, 230.07], [536.61, 230.08], [536.95, 230.1], [539.82, 230.2], [544.72, 231.68], [545.37, 231.75], [547.27, 231.55], [547.42, 231.49], [547.52, 231.51], [549.97, 231.75], [553.17, 231.38], [555.24, 231.63], [557.53, 231.92], [560.44, 232.49], [560.84, 232.59], [565.47, 233.54], [571.34, 235.15], [575.7, 236.17], [577.35, 237.25], [578.95, 238.06], [581.46, 238.72], [585.63, 240.98], [587.9, 242.16], [590.51, 243.65], [592.69, 244.7], [593.09, 245.45], [593.5, 246.2], [596.53, 255.03], [599.54, 259.14], [599.59, 259.18], [599.63, 259.22], [599.68, 259.29], [599.81, 259.48], [605.66, 267.05], [606.9, 269.73], [608.18, 274.26], [608.27, 274.29], [608.11, 276.96], [608.77, 279.41], [608.81, 282.7], [610.18, 285.26]]}}, {"type": "Feature", "properties": {"rl": 128, "major": false}, "geometry": {"type": "LineString", "coordinates": [[518.58, 234.28], [516.59, 235.68], [513.53, 231.72], [515.28, 230.47]]}}, {"type": "Feature", "properties": {"rl": 128, "major": false}, "geometry": {"type": "LineString", "coordinates": [[523.42, 238.24], [522.74, 239.48], [519.65, 243.85], [520.04, 238.69], [518.74, 237.87], [518.91, 234.59], [518.95, 234.39]]}}, {"type": "Feature", "properties": {"rl": 128, "major": false}, "geometry": {"type": "LineString", "coordinates": [[531.33, 246.26], [530.62, 247.81], [523.88, 253.31], [521.16, 248.64], [526.15, 241.59]]}}, {"type": "Feature", "properties": {"rl": 128, "major": false}, "geometry": {"type": "LineString", "coordinates": [[615.99, 291.93], [619.15, 295.32], [620.63, 296.7], [622.97, 297.49], [624.89, 299.62], [626.41, 300.41], [629.75, 302.51], [632.11, 303.58], [632.26, 303.71], [637.16, 307.05], [639.32, 310.45], [639.85, 311.06], [640.07, 311.35], [642.73, 312.8], [643.09, 313.27]]}}, {"type": "Feature", "properties": {"rl": 128, "major": false}, "geometry": {"type": "LineString", "coordinates": [[588.74, 381.39], [586.09, 382.67], [585.38, 379.55], [585.01, 379.16], [582.96, 375.85], [572.89, 362.59], [572.07, 361.05], [571.4, 359.33], [570.99, 358.36], [570.25, 356.76], [570.16, 356.47], [569.51, 355.57], [568.66, 354.21], [565.43, 347.36], [563.98, 344.88], [562.0, 339.12], [558.06, 336.78], [549.48, 333.43], [549.3, 331.44], [546.57, 327.3], [543.54, 322.69], [542.92, 322.39], [542.41, 321.54], [537.98, 316.86], [532.34, 317.99], [530.36, 317.33], [531.19, 315.69], [528.5, 309.06], [528.11, 308.78], [528.11, 308.78], [527.94, 308.5], [522.22, 305.16], [521.51, 301.44], [522.85, 297.36], [523.04, 294.26], [523.68, 289.89], [523.73, 284.64], [524.4, 280.39], [526.23, 272.77], [526.73, 270.98], [529.32, 265.01], [531.99, 257.13], [533.31, 255.09], [532.33, 252.05], [532.54, 248.79], [533.07, 248.6], [532.47, 246.39]]}}, {"type": "Feature", "properties": {"rl": 128, "major": false}, "geometry": {"type": "LineString", "coordinates": [[508.0, 278.82], [508.07, 278.82], [510.16, 279.22], [509.87, 282.38], [507.44, 281.57], [507.38, 281.53], [506.33, 280.69], [505.86, 279.82], [506.51, 277.76], [508.0, 278.82]]}}, {"type": "Feature", "properties": {"rl": 129, "major": false}, "geometry": {"type": "LineString", "coordinates": [[526.33, 230.87], [529.93, 230.79], [530.22, 230.82], [530.43, 230.82], [530.51, 230.84], [533.28, 231.33], [534.17, 231.38], [537.39, 232.21], [538.8, 232.26], [540.92, 232.9], [544.83, 233.33], [546.42, 233.16], [548.47, 233.73], [549.2, 233.91], [549.68, 234.01], [550.2, 233.8], [550.86, 233.96], [553.77, 233.79], [554.23, 233.75], [554.75, 233.89], [559.7, 234.49], [562.4, 234.86], [564.61, 235.31], [566.24, 235.76], [575.07, 237.83], [577.35, 239.32], [578.36, 239.76], [580.8, 240.4], [583.31, 241.76], [587.1, 243.74], [591.46, 246.22], [591.71, 246.34], [591.76, 246.43], [591.81, 246.52], [595.47, 257.18], [595.67, 257.45], [597.82, 260.43], [603.08, 267.3], [603.78, 268.47], [605.64, 275.04], [606.27, 275.86], [606.75, 276.55], [607.48, 279.24], [607.54, 285.11], [608.23, 286.4]]}}, {"type": "Feature", "properties": {"rl": 129, "major": false}, "geometry": {"type": "LineString", "coordinates": [[518.4, 234.22], [516.62, 235.47], [513.9, 231.94], [515.46, 230.84]]}}, {"type": "Feature", "properties": {"rl": 129, "major": false}, "geometry": {"type": "LineString", "coordinates": [[523.26, 237.96], [522.47, 239.39], [520.15, 242.68], [520.45, 238.8], [519.01, 237.89], [519.16, 234.95], [519.25, 234.48]]}}, {"type": "Feature", "properties": {"rl": 129, "major": false}, "geometry": {"type": "LineString", "coordinates": [[531.45, 245.29], [530.47, 247.46], [524.36, 252.44], [521.89, 248.21], [526.42, 241.82]]}}, {"type": "Feature", "properties": {"rl": 129, "major": false}, "geometry": {"type": "LineString", "coordinates": [[611.01, 289.46], [612.5, 290.69], [617.33, 295.99], [617.85, 296.55], [621.15, 299.63], [621.71, 299.82], [622.16, 300.32], [624.46, 301.51], [629.5, 304.68], [630.36, 305.08], [634.5, 308.71], [635.23, 309.21], [635.55, 309.71], [637.12, 311.55], [637.78, 312.4], [640.0, 313.62], [640.57, 314.37]]}}, {"type": "Feature", "properties": {"rl": 129, "major": false}, "geometry": {"type": "LineString", "coordinates": [[591.01, 379.74], [587.33, 381.51], [586.69, 378.71], [586.02, 378.0], [582.32, 372.01], [574.4, 361.59], [573.23, 359.38], [572.61, 357.79], [571.86, 356.18], [571.62, 355.51], [570.82, 354.23], [568.94, 350.24], [566.77, 346.53], [563.81, 337.91], [557.9, 334.41], [550.35, 331.45], [549.68, 324.27], [548.44, 322.38], [546.71, 319.75], [544.36, 317.3], [548.94, 310.6], [548.92, 310.36], [548.91, 310.32], [548.35, 308.89], [544.55, 303.38], [535.96, 307.32], [534.88, 306.64], [532.61, 306.48], [529.27, 306.13], [525.45, 302.65], [524.83, 300.22], [525.67, 298.43], [526.07, 297.21], [526.1, 296.66], [526.99, 290.65], [527.06, 283.4], [527.43, 281.06], [528.44, 276.86], [529.95, 271.44], [531.12, 268.74], [533.82, 260.76], [534.91, 257.03], [535.36, 256.5], [534.42, 256.27], [532.95, 251.71], [533.14, 248.83], [533.88, 248.56], [533.04, 245.48]]}}, {"type": "Feature", "properties": {"rl": 129, "major": false}, "geometry": {"type": "LineString", "coordinates": [[507.42, 279.37], [507.5, 279.37], [508.05, 279.47], [507.97, 280.29], [507.34, 280.08], [507.26, 280.04], [507.0, 279.83], [506.88, 279.62], [507.04, 279.1], [507.42, 279.37]]}}, {"type": "Feature", "properties": {"rl": 130, "major": true}, "geometry": {"type": "LineString", "coordinates": [[527.26, 233.88], [528.89, 233.85], [533.66, 234.13], [534.82, 234.34], [537.37, 234.49], [538.14, 234.21], [538.56, 234.27], [544.29, 234.92], [545.37, 234.8], [546.77, 235.18], [548.68, 235.66], [549.95, 235.93], [551.29, 235.37], [552.34, 235.63], [552.76, 235.78], [554.16, 235.65], [557.05, 236.42], [559.12, 236.66], [561.71, 237.03], [563.45, 237.4], [565.16, 237.43], [567.93, 237.96], [574.44, 239.48], [575.57, 240.22], [579.31, 241.86], [580.14, 242.07], [580.99, 242.54], [586.3, 245.31], [589.55, 247.16], [589.56, 248.53], [590.11, 253.65], [590.38, 254.46], [593.91, 258.44], [594.88, 260.04], [596.01, 261.62], [598.52, 264.89], [601.44, 269.79], [602.44, 273.32], [604.4, 275.87], [605.91, 278.06], [606.18, 279.08], [606.27, 287.52], [606.28, 287.54]]}}, {"type": "Feature", "properties": {"rl": 130, "major": true}, "geometry": {"type": "LineString", "coordinates": [[518.22, 234.16], [516.66, 235.26], [514.28, 232.17], [515.64, 231.2]]}}, {"type": "Feature", "properties": {"rl": 130, "major": true}, "geometry": {"type": "LineString", "coordinates": [[523.1, 237.68], [523.09, 237.71], [523.05, 237.77], [522.21, 239.31], [520.65, 241.51], [520.85, 238.91], [519.27, 237.91], [519.41, 235.3], [519.55, 234.57]]}}, {"type": "Feature", "properties": {"rl": 130, "major": true}, "geometry": {"type": "LineString", "coordinates": [[531.58, 244.33], [530.31, 247.11], [524.83, 251.57], [522.63, 247.78], [526.68, 242.06]]}}, {"type": "Feature", "properties": {"rl": 130, "major": true}, "geometry": {"type": "LineString", "coordinates": [[547.5, 255.3], [546.61, 255.97]]}}, {"type": "Feature", "properties": {"rl": 130, "major": true}, "geometry": {"type": "LineString", "coordinates": [[606.33, 287.59], [611.07, 291.52], [615.09, 295.94], [617.3, 298.95], [619.12, 300.57], [621.46, 302.07], [622.51, 302.61], [625.72, 304.63], [628.81, 306.48], [630.35, 308.2], [633.53, 311.04], [634.39, 312.04], [635.49, 313.46], [637.27, 314.43], [638.06, 315.48]]}}, {"type": "Feature", "properties": {"rl": 130, "major": true}, "geometry": {"type": "LineString", "coordinates": [[593.29, 378.08], [588.57, 380.35], [588.0, 377.87], [587.03, 376.84], [581.68, 368.18], [575.92, 360.59], [574.38, 357.71], [574.21, 357.25], [573.99, 356.79], [573.2, 354.6], [572.98, 354.24], [572.45, 353.13], [569.55, 348.18], [565.61, 336.7], [557.74, 332.03], [551.22, 329.48], [550.17, 318.22], [550.09, 318.02], [549.55, 310.24], [549.31, 308.83], [546.75, 302.37], [546.28, 301.39], [545.44, 302.18], [537.94, 305.61], [535.53, 304.1], [530.44, 303.74], [530.31, 303.73], [530.16, 303.59], [530.1, 303.35], [530.18, 303.31], [529.98, 298.11], [529.15, 296.71], [530.25, 291.71], [530.3, 291.4], [530.38, 282.17], [530.45, 281.73], [530.64, 280.94], [531.98, 276.17], [532.94, 272.34], [532.77, 271.84], [533.06, 271.68], [532.74, 271.73], [533.64, 269.74], [536.9, 258.53], [538.8, 256.31], [534.85, 255.33], [533.57, 251.37], [533.73, 248.87], [534.69, 248.52], [533.62, 244.57]]}}, {"type": "Feature", "properties": {"rl": 131, "major": false}, "geometry": {"type": "LineString", "coordinates": [[551.91, 255.93], [551.56, 255.82]]}}, {"type": "Feature", "properties": {"rl": 131, "major": false}, "geometry": {"type": "LineString", "coordinates": [[535.67, 237.06], [535.94, 236.94], [536.82, 236.46], [538.6, 235.82], [540.71, 236.16], [543.75, 236.5], [544.32, 236.44], [545.06, 236.64], [548.16, 237.41], [550.21, 237.85], [552.39, 236.94], [552.41, 236.95], [553.24, 237.24], [554.01, 237.56], [554.29, 237.78], [556.78, 239.1], [559.1, 239.04], [562.11, 239.69], [566.6, 239.75], [573.79, 241.14], [573.8, 241.14], [578.86, 243.47], [580.15, 244.38], [581.28, 244.68], [585.5, 246.89], [587.19, 247.85], [587.23, 250.8], [587.28, 251.24], [588.27, 254.12], [588.9, 255.09], [590.16, 257.21], [592.31, 259.63], [594.1, 262.59], [594.22, 262.81], [594.28, 262.85], [595.9, 265.73], [599.1, 271.11], [599.24, 271.6], [602.52, 275.89], [604.39, 278.6], [604.39, 278.6]]}}, {"type": "Feature", "properties": {"rl": 131, "major": false}, "geometry": {"type": "LineString", "coordinates": [[518.03, 234.11], [516.7, 235.05], [514.65, 232.4], [515.82, 231.57]]}}, {"type": "Feature", "properties": {"rl": 131, "major": false}, "geometry": {"type": "LineString", "coordinates": [[523.01, 237.43], [522.87, 237.76], [522.37, 238.44], [521.94, 239.22], [521.16, 240.34], [521.26, 239.02], [519.54, 237.93], [519.66, 235.66], [519.84, 234.66]]}}, {"type": "Feature", "properties": {"rl": 131, "major": false}, "geometry": {"type": "LineString", "coordinates": [[531.7, 243.37], [530.15, 246.76], [525.31, 250.7], [523.36, 247.36], [526.94, 242.3]]}}, {"type": "Feature", "properties": {"rl": 131, "major": false}, "geometry": {"type": "LineString", "coordinates": [[547.36, 255.03], [545.68, 256.29], [545.48, 256.43], [545.43, 256.6], [545.15, 256.82], [545.0, 257.31], [546.35, 257.86], [548.73, 257.94]]}}, {"type": "Feature", "properties": {"rl": 131, "major": false}, "geometry": {"type": "LineString", "coordinates": [[602.65, 286.12], [604.75, 287.36], [605.49, 288.61], [606.5, 289.74], [609.64, 292.35], [612.27, 295.23], [615.49, 299.62], [616.15, 300.69], [616.87, 301.32], [620.19, 303.48], [621.02, 304.28], [622.97, 305.03], [627.52, 307.75], [631.27, 311.93], [631.3, 312.28], [631.84, 312.77], [633.21, 314.52], [634.54, 315.25], [635.55, 316.58]]}}, {"type": "Feature", "properties": {"rl": 131, "major": false}, "geometry": {"type": "LineString", "coordinates": [[595.56, 376.42], [589.81, 379.2], [589.32, 377.03], [588.04, 375.68], [581.04, 364.34], [577.43, 359.59], [576.2, 357.27], [575.83, 356.62], [575.09, 354.58], [574.7, 353.86], [572.34, 349.83], [567.42, 335.49], [557.59, 329.66], [552.08, 327.5], [551.2, 318.01], [550.63, 316.54], [550.18, 310.13], [549.71, 307.34], [547.62, 302.06], [546.61, 299.99], [544.82, 301.66], [539.92, 303.9], [536.17, 301.55], [534.17, 301.41], [534.09, 299.3], [532.19, 296.11], [532.87, 293.04], [533.32, 291.65], [533.41, 285.88], [533.38, 281.16], [534.86, 275.3], [533.7, 271.96], [535.67, 270.86], [533.55, 271.2], [538.61, 259.91], [539.37, 259.59], [538.65, 259.76], [541.15, 256.25], [541.16, 256.19], [541.19, 256.1], [541.18, 256.02], [540.89, 255.78], [535.28, 254.4], [534.19, 251.03], [534.33, 248.91], [535.5, 248.48], [534.19, 243.66]]}}, {"type": "Feature", "properties": {"rl": 132, "major": false}, "geometry": {"type": "LineString", "coordinates": [[599.35, 284.17], [599.28, 284.51]]}}, {"type": "Feature", "properties": {"rl": 132, "major": false}, "geometry": {"type": "LineString", "coordinates": [[552.83, 255.74], [551.82, 255.41]]}}, {"type": "Feature", "properties": {"rl": 132, "major": false}, "geometry": {"type": "LineString", "coordinates": [[535.52, 239.37], [536.45, 238.95], [538.71, 237.71], [538.99, 237.66], [541.53, 237.83], [542.87, 238.04], [543.21, 238.08], [543.27, 238.07], [543.36, 238.1], [547.63, 239.16], [550.47, 239.76], [550.64, 239.69], [550.76, 239.74], [550.95, 239.89], [554.23, 240.98], [556.01, 241.13], [560.14, 241.93], [560.51, 241.92], [560.77, 241.97], [568.04, 242.08], [571.29, 242.7], [572.82, 242.66], [576.93, 244.56], [580.9, 247.36], [584.36, 248.28], [584.7, 248.46], [584.84, 248.54], [584.84, 248.81], [585.67, 251.8], [586.42, 253.98], [587.73, 256.0], [590.34, 260.41], [590.71, 260.83], [591.02, 261.34], [592.43, 264.08], [593.2, 264.55], [596.81, 270.95], [597.82, 272.48], [598.31, 272.84], [600.65, 275.91], [601.83, 277.61], [601.83, 277.62]]}}, {"type": "Feature", "properties": {"rl": 132, "major": false}, "geometry": {"type": "LineString", "coordinates": [[517.85, 234.05], [516.73, 234.83], [515.03, 232.62], [516.01, 231.93]]}}, {"type": "Feature", "properties": {"rl": 132, "major": false}, "geometry": {"type": "LineString", "coordinates": [[522.92, 237.18], [522.64, 237.8], [521.69, 239.11], [521.68, 239.13], [521.66, 239.16], [521.66, 239.13], [519.8, 237.95], [519.91, 236.01], [520.14, 234.75]]}}, {"type": "Feature", "properties": {"rl": 132, "major": false}, "geometry": {"type": "LineString", "coordinates": [[531.82, 242.41], [529.99, 246.41], [525.79, 249.83], [524.1, 246.93], [527.21, 242.54]]}}, {"type": "Feature", "properties": {"rl": 132, "major": false}, "geometry": {"type": "LineString", "coordinates": [[547.22, 254.75], [545.85, 255.78], [545.32, 256.15], [545.21, 256.59], [544.55, 257.1], [544.54, 257.13], [544.09, 258.44], [539.13, 259.57], [541.35, 256.45], [541.4, 256.23], [541.49, 255.85], [541.48, 255.55], [540.33, 254.61], [535.71, 253.47], [534.82, 250.7], [534.93, 248.95], [536.31, 248.45], [534.76, 242.76]]}}, {"type": "Feature", "properties": {"rl": 132, "major": false}, "geometry": {"type": "LineString", "coordinates": [[599.33, 284.88], [599.45, 285.05], [599.59, 285.01], [603.22, 287.16], [604.71, 289.67], [606.75, 291.96], [608.22, 293.18], [609.44, 294.52], [610.94, 296.56], [613.65, 300.93], [616.59, 303.52], [617.53, 304.13], [619.96, 306.47], [625.68, 308.69], [626.23, 309.02], [626.68, 309.52], [626.89, 311.54], [630.01, 314.41], [630.92, 315.58], [631.81, 316.07], [633.03, 317.68]]}}, {"type": "Feature", "properties": {"rl": 132, "major": false}, "geometry": {"type": "LineString", "coordinates": [[620.26, 363.2], [620.09, 363.23], [620.16, 363.28]]}}, {"type": "Feature", "properties": {"rl": 132, "major": false}, "geometry": {"type": "LineString", "coordinates": [[597.84, 374.77], [591.05, 378.04], [590.63, 376.19], [589.05, 374.52], [580.41, 360.51], [578.95, 358.59], [578.45, 357.66], [577.48, 355.92], [577.19, 355.13], [576.16, 353.23], [575.13, 351.48], [569.22, 334.28], [557.43, 327.28], [552.95, 325.53], [552.23, 317.8], [551.16, 315.05], [550.81, 310.01], [550.11, 305.84], [548.49, 301.75], [546.94, 298.58], [544.21, 301.14], [541.9, 302.19], [538.76, 300.22], [536.41, 297.5], [535.23, 295.51], [535.4, 294.72], [536.32, 291.87], [536.34, 291.06], [536.28, 280.21], [536.77, 278.26], [534.63, 272.07], [538.28, 270.05], [534.36, 270.67], [538.83, 260.68], [544.07, 258.48], [544.21, 258.55], [547.64, 259.94], [553.94, 260.18], [553.95, 260.17]]}}, {"type": "Feature", "properties": {"rl": 133, "major": false}, "geometry": {"type": "LineString", "coordinates": [[598.24, 279.36], [597.73, 282.03]]}}, {"type": "Feature", "properties": {"rl": 133, "major": false}, "geometry": {"type": "LineString", "coordinates": [[553.75, 255.55], [552.07, 255.01]]}}, {"type": "Feature", "properties": {"rl": 133, "major": false}, "geometry": {"type": "LineString", "coordinates": [[535.37, 241.68], [536.95, 240.96], [537.44, 240.7], [539.13, 240.41], [539.95, 240.46], [543.17, 240.3], [544.73, 240.44], [547.0, 240.94], [549.0, 241.7], [550.09, 242.01], [551.35, 242.2], [552.58, 242.6], [556.5, 242.93], [557.58, 243.13], [559.54, 243.33], [562.31, 243.7], [569.2, 244.26], [571.83, 244.18], [575.0, 245.65], [581.64, 250.34], [583.67, 250.88], [584.17, 252.69], [584.57, 253.85], [586.55, 256.92], [588.92, 260.92], [589.39, 262.46], [589.95, 264.01], [590.65, 265.35], [592.13, 266.25], [594.53, 270.51], [596.74, 273.87], [597.81, 274.66], [598.78, 275.93], [599.27, 276.63], [599.27, 276.64]]}}, {"type": "Feature", "properties": {"rl": 133, "major": false}, "geometry": {"type": "LineString", "coordinates": [[517.67, 234.0], [516.77, 234.62], [515.4, 232.85], [516.19, 232.29]]}}, {"type": "Feature", "properties": {"rl": 133, "major": false}, "geometry": {"type": "LineString", "coordinates": [[522.83, 236.93], [522.42, 237.85], [521.62, 238.95], [520.07, 237.97], [520.15, 236.37], [520.44, 234.84]]}}, {"type": "Feature", "properties": {"rl": 133, "major": false}, "geometry": {"type": "LineString", "coordinates": [[531.39, 242.66], [529.84, 246.06], [526.27, 248.97], [524.83, 246.5], [527.47, 242.78]]}}, {"type": "Feature", "properties": {"rl": 133, "major": false}, "geometry": {"type": "LineString", "coordinates": [[547.08, 254.48], [546.02, 255.28], [545.17, 255.87], [544.98, 256.58], [544.4, 257.03], [544.35, 257.25], [543.95, 258.39], [539.61, 259.38], [541.55, 256.64], [541.63, 256.27], [541.8, 255.61], [541.77, 255.08], [539.77, 253.43], [536.14, 252.54], [535.44, 250.36], [535.53, 248.99], [537.12, 248.41], [535.33, 241.85]]}}, {"type": "Feature", "properties": {"rl": 133, "major": false}, "geometry": {"type": "LineString", "coordinates": [[598.1, 285.03], [599.11, 286.4], [600.22, 286.09], [601.69, 286.96], [603.93, 290.74], [606.26, 293.35], [606.72, 294.06], [606.81, 294.18], [611.15, 301.17], [614.41, 304.05], [615.94, 305.84], [618.27, 308.08], [619.31, 308.99], [623.36, 311.75], [624.0, 312.34], [625.08, 313.2], [628.18, 316.05], [628.64, 316.64], [629.08, 316.89], [630.52, 318.79]]}}, {"type": "Feature", "properties": {"rl": 133, "major": false}, "geometry": {"type": "LineString", "coordinates": [[619.0, 362.49], [614.13, 363.17], [616.11, 364.58]]}}, {"type": "Feature", "properties": {"rl": 133, "major": false}, "geometry": {"type": "LineString", "coordinates": [[600.11, 373.11], [592.29, 376.88], [591.94, 375.35], [590.07, 373.36], [580.89, 358.49], [580.64, 357.85], [580.58, 357.77], [580.37, 357.4], [579.21, 355.32], [579.02, 355.03], [577.75, 352.75], [577.73, 352.64], [577.54, 352.03], [571.03, 333.07], [557.27, 324.91], [553.81, 323.56], [553.26, 317.59], [551.7, 313.57], [551.45, 309.9], [550.51, 304.35], [549.36, 301.45], [547.28, 297.18], [543.87, 300.37], [538.86, 294.99], [539.79, 292.44], [539.42, 290.28], [539.33, 281.93], [539.42, 278.97], [538.04, 279.35], [535.57, 272.19], [540.46, 269.47], [540.46, 269.47], [540.41, 269.31], [535.16, 270.15], [539.06, 261.46], [543.62, 259.54], [546.82, 261.17], [548.93, 262.03], [552.81, 262.17], [554.54, 260.41]]}}, {"type": "Feature", "properties": {"rl": 134, "major": false}, "geometry": {"type": "LineString", "coordinates": [[554.67, 255.35], [552.33, 254.61]]}}, {"type": "Feature", "properties": {"rl": 134, "major": false}, "geometry": {"type": "LineString", "coordinates": [[546.28, 243.18], [550.86, 245.19], [551.99, 244.78], [552.83, 244.17], [556.52, 244.42], [558.33, 244.6], [564.15, 245.37], [568.99, 245.76], [570.84, 245.71], [573.07, 246.74], [582.39, 253.32], [582.62, 253.38], [582.67, 253.59], [582.72, 253.72], [585.38, 257.83], [587.08, 260.71], [588.14, 264.2], [588.85, 266.14], [589.76, 267.17], [591.05, 267.95], [592.24, 270.07], [595.66, 275.25], [596.83, 276.12], [596.84, 276.13], [596.18, 279.56]]}}, {"type": "Feature", "properties": {"rl": 134, "major": false}, "geometry": {"type": "LineString", "coordinates": [[541.16, 242.7], [543.21, 242.6], [545.79, 242.83], [546.19, 242.95]]}}, {"type": "Feature", "properties": {"rl": 134, "major": false}, "geometry": {"type": "LineString", "coordinates": [[517.48, 233.94], [516.81, 234.41], [515.78, 233.08], [516.37, 232.66]]}}, {"type": "Feature", "properties": {"rl": 134, "major": false}, "geometry": {"type": "LineString", "coordinates": [[522.74, 236.68], [522.19, 237.9], [521.56, 238.77], [520.34, 237.99], [520.4, 236.72], [520.74, 234.93]]}}, {"type": "Feature", "properties": {"rl": 134, "major": false}, "geometry": {"type": "LineString", "coordinates": [[530.96, 242.92], [529.68, 245.71], [526.75, 248.1], [525.57, 246.07], [527.74, 243.01]]}}, {"type": "Feature", "properties": {"rl": 134, "major": false}, "geometry": {"type": "LineString", "coordinates": [[546.94, 254.2], [546.19, 254.77], [545.02, 255.59], [544.75, 256.58], [544.25, 256.96], [544.15, 257.36], [543.81, 258.34], [540.09, 259.18], [541.76, 256.84], [541.87, 256.3], [542.11, 255.36], [542.06, 254.6], [539.21, 252.25], [536.57, 251.6], [536.06, 250.02], [536.13, 249.02], [537.93, 248.37], [537.75, 247.72]]}}, {"type": "Feature", "properties": {"rl": 134, "major": false}, "geometry": {"type": "LineString", "coordinates": [[596.87, 285.17], [598.77, 287.74], [600.0, 287.41], [601.44, 290.18], [601.95, 291.16], [602.83, 292.36], [604.73, 295.28], [605.53, 296.39], [608.64, 301.41], [610.99, 303.47], [615.06, 308.25], [615.88, 309.04], [619.11, 311.87], [620.88, 313.07], [622.9, 314.94], [626.32, 317.67], [626.35, 317.7], [626.35, 317.7], [626.35, 317.7], [628.01, 319.89]]}}, {"type": "Feature", "properties": {"rl": 134, "major": false}, "geometry": {"type": "LineString", "coordinates": [[617.74, 361.77], [612.71, 362.47], [611.46, 365.45], [612.06, 365.88]]}}, {"type": "Feature", "properties": {"rl": 134, "major": false}, "geometry": {"type": "LineString", "coordinates": [[602.39, 371.46], [593.53, 375.73], [593.26, 374.51], [591.08, 372.2], [583.71, 360.26], [582.72, 357.62], [582.45, 357.33], [581.61, 355.79], [581.11, 354.89], [580.41, 353.82], [579.82, 352.77], [579.71, 352.18], [578.68, 348.88], [572.83, 331.86], [557.12, 322.54], [554.68, 321.58], [554.29, 317.38], [552.24, 312.09], [552.08, 309.78], [550.91, 302.86], [550.23, 301.14], [547.61, 295.77], [545.67, 297.59], [542.81, 294.53], [543.34, 293.07], [542.54, 288.34], [542.51, 286.32], [542.79, 277.42], [538.67, 278.57], [536.5, 272.3], [540.78, 269.93], [540.79, 269.93], [540.43, 268.91], [535.97, 269.62], [539.28, 262.23], [543.16, 260.6], [549.43, 263.8], [550.23, 264.12], [551.68, 264.17], [555.13, 260.65]]}}, {"type": "Feature", "properties": {"rl": 135, "major": true}, "geometry": {"type": "LineString", "coordinates": [[555.59, 255.16], [552.59, 254.21]]}}, {"type": "Feature", "properties": {"rl": 135, "major": true}, "geometry": {"type": "LineString", "coordinates": [[546.42, 247.46], [549.1, 248.64], [552.35, 247.46], [554.8, 245.69], [556.35, 245.8], [557.11, 245.88], [565.99, 247.03], [568.79, 247.26], [569.85, 247.23], [571.14, 247.83], [577.04, 251.99], [581.38, 254.59], [582.43, 256.01], [584.2, 258.74], [585.25, 260.51], [586.9, 265.95], [587.04, 266.35], [589.86, 269.52], [589.91, 269.72], [589.97, 269.75], [590.34, 270.21], [594.58, 276.64], [594.7, 276.73], [594.7, 276.73], [594.63, 277.08]]}}, {"type": "Feature", "properties": {"rl": 135, "major": true}, "geometry": {"type": "LineString", "coordinates": [[543.33, 245.04], [545.74, 245.69]]}}, {"type": "Feature", "properties": {"rl": 135, "major": true}, "geometry": {"type": "LineString", "coordinates": [[517.3, 233.88], [516.85, 234.2], [516.16, 233.3], [516.55, 233.02]]}}, {"type": "Feature", "properties": {"rl": 135, "major": true}, "geometry": {"type": "LineString", "coordinates": [[522.65, 236.43], [521.97, 237.94], [521.5, 238.58], [520.6, 238.01], [520.65, 237.08], [521.04, 235.02]]}}, {"type": "Feature", "properties": {"rl": 135, "major": true}, "geometry": {"type": "LineString", "coordinates": [[530.52, 243.17], [529.52, 245.36], [527.23, 247.23], [526.31, 245.65], [528.0, 243.25]]}}, {"type": "Feature", "properties": {"rl": 135, "major": true}, "geometry": {"type": "LineString", "coordinates": [[546.8, 253.93], [546.36, 254.26], [544.86, 255.3], [544.52, 256.57], [544.1, 256.89], [543.95, 257.47], [543.66, 258.29], [540.57, 258.99], [541.96, 257.04], [542.1, 256.34], [542.42, 255.11], [542.36, 254.13], [538.64, 251.07], [537.0, 250.67], [536.68, 249.69], [536.73, 249.06], [537.91, 248.64], [539.2, 249.34]]}}, {"type": "Feature", "properties": {"rl": 135, "major": true}, "geometry": {"type": "LineString", "coordinates": [[561.56, 266.55], [562.11, 266.88], [562.43, 266.73], [562.44, 266.09]]}}, {"type": "Feature", "properties": {"rl": 135, "major": true}, "geometry": {"type": "LineString", "coordinates": [[595.64, 285.32], [597.53, 287.86], [597.92, 289.15], [597.91, 289.19], [598.83, 290.96], [601.43, 294.49], [602.74, 296.5], [604.24, 298.59], [606.14, 301.65], [607.57, 302.9], [611.78, 307.85], [612.5, 308.97], [614.06, 310.5], [618.03, 313.97], [618.6, 314.54], [619.01, 315.0], [621.7, 317.5], [622.19, 317.86], [624.62, 319.84], [625.49, 320.99]]}}, {"type": "Feature", "properties": {"rl": 135, "major": true}, "geometry": {"type": "LineString", "coordinates": [[616.49, 361.05], [612.04, 361.67], [610.46, 365.41], [609.97, 365.57], [607.87, 367.86]]}}, {"type": "Feature", "properties": {"rl": 135, "major": true}, "geometry": {"type": "LineString", "coordinates": [[604.67, 369.8], [594.78, 374.57], [594.57, 373.67], [592.09, 371.04], [586.53, 362.04], [584.79, 357.39], [584.72, 357.32], [584.28, 356.56], [583.79, 355.74], [583.78, 355.73], [582.95, 354.32], [581.87, 352.7], [581.87, 352.68], [581.68, 351.72], [579.82, 345.74], [574.64, 330.65], [556.96, 320.16], [555.55, 319.61], [555.32, 317.17], [552.77, 310.61], [552.71, 309.67], [551.31, 301.37], [551.1, 300.84], [547.94, 294.37], [547.46, 294.82], [546.76, 294.06], [546.89, 293.7], [546.59, 291.9], [545.08, 288.52], [545.58, 285.09], [545.9, 277.4], [547.1, 274.96], [544.58, 276.32], [544.58, 276.32], [539.29, 277.8], [537.43, 272.42], [541.11, 270.38], [541.11, 270.38], [540.45, 268.51], [536.78, 269.09], [539.51, 263.0], [542.7, 261.66], [550.18, 265.47], [550.51, 265.85], [551.66, 266.7], [552.5, 266.02], [551.49, 265.21], [555.73, 260.9]]}}, {"type": "Feature", "properties": {"rl": 136, "major": false}, "geometry": {"type": "LineString", "coordinates": [[556.51, 254.97], [552.85, 253.81]]}}, {"type": "Feature", "properties": {"rl": 136, "major": false}, "geometry": {"type": "LineString", "coordinates": [[546.55, 251.75], [547.34, 252.1], [552.72, 250.14], [555.66, 248.02], [556.49, 247.99], [557.35, 247.4], [561.45, 247.87], [567.82, 248.7], [568.58, 248.76], [568.87, 248.76], [569.21, 248.92], [570.8, 250.04], [580.12, 255.61], [582.38, 258.65], [583.03, 259.66], [583.41, 260.31], [584.2, 262.92], [585.35, 266.25], [584.3, 267.11], [584.07, 274.2]]}}, {"type": "Feature", "properties": {"rl": 136, "major": false}, "geometry": {"type": "LineString", "coordinates": [[543.82, 248.04], [545.29, 248.43]]}}, {"type": "Feature", "properties": {"rl": 136, "major": false}, "geometry": {"type": "LineString", "coordinates": [[517.11, 233.83], [516.88, 233.99], [516.53, 233.53], [516.73, 233.39]]}}, {"type": "Feature", "properties": {"rl": 136, "major": false}, "geometry": {"type": "LineString", "coordinates": [[522.56, 236.18], [521.74, 237.99], [521.45, 238.4], [520.87, 238.03], [520.9, 237.43], [521.33, 235.11]]}}, {"type": "Feature", "properties": {"rl": 136, "major": false}, "geometry": {"type": "LineString", "coordinates": [[530.09, 243.43], [529.36, 245.02], [527.71, 246.36], [527.04, 245.22], [528.27, 243.49]]}}, {"type": "Feature", "properties": {"rl": 136, "major": false}, "geometry": {"type": "LineString", "coordinates": [[546.66, 253.65], [546.53, 253.75], [544.71, 255.02], [544.29, 256.56], [543.95, 256.82], [543.75, 257.59], [543.52, 258.24], [541.05, 258.8], [542.16, 257.24], [542.33, 256.38], [542.73, 254.87], [542.65, 253.66], [538.08, 249.9], [537.43, 249.74], [537.31, 249.35], [537.32, 249.1], [537.79, 248.93], [540.52, 250.43]]}}, {"type": "Feature", "properties": {"rl": 136, "major": false}, "geometry": {"type": "LineString", "coordinates": [[559.77, 267.86], [561.71, 269.01], [562.81, 268.49], [562.84, 266.26]]}}, {"type": "Feature", "properties": {"rl": 136, "major": false}, "geometry": {"type": "LineString", "coordinates": [[584.45, 275.5], [584.84, 275.75]]}}, {"type": "Feature", "properties": {"rl": 136, "major": false}, "geometry": {"type": "LineString", "coordinates": [[585.95, 276.9], [586.87, 278.05], [587.3, 278.16]]}}, {"type": "Feature", "properties": {"rl": 136, "major": false}, "geometry": {"type": "LineString", "coordinates": [[593.06, 284.01], [594.25, 285.96], [595.78, 290.58], [595.81, 290.66], [595.7, 290.77], [595.76, 290.86], [595.99, 291.14], [600.03, 296.62], [600.75, 297.73], [602.96, 300.8], [603.64, 301.89], [604.15, 302.33], [605.65, 304.1], [607.94, 307.66], [612.93, 312.57], [613.91, 313.43], [617.02, 316.54], [619.19, 319.05], [620.13, 319.91], [622.65, 321.79], [622.89, 321.98], [622.98, 322.1]]}}, {"type": "Feature", "properties": {"rl": 136, "major": false}, "geometry": {"type": "LineString", "coordinates": [[615.23, 360.33], [611.36, 360.87], [609.99, 364.12], [608.78, 364.53], [605.47, 368.14], [605.3, 368.15], [605.13, 368.16], [603.83, 369.14], [604.16, 369.48], [596.02, 373.41], [595.88, 372.83], [593.1, 369.88], [589.35, 363.81], [588.1, 360.47], [587.16, 357.98], [586.68, 356.83], [586.06, 355.75], [585.27, 354.45], [585.21, 354.29], [584.6, 353.26], [583.82, 352.08], [583.79, 351.96], [583.65, 351.26], [580.96, 342.59], [576.44, 329.44], [556.8, 317.79], [556.41, 317.63], [556.35, 316.96], [554.76, 312.86], [553.56, 309.28], [552.48, 301.87], [551.98, 300.03], [549.57, 295.03], [549.39, 293.81], [549.44, 292.93], [547.7, 290.49], [547.35, 289.7], [548.59, 281.23], [548.67, 279.33], [552.6, 271.33], [544.33, 275.79], [544.33, 275.79], [539.92, 277.02], [538.36, 272.54], [541.43, 270.84], [541.43, 270.84], [540.48, 268.11], [537.58, 268.57], [539.73, 263.77], [542.25, 262.71], [548.14, 265.71], [549.27, 267.06], [553.31, 270.03], [556.24, 267.65], [552.7, 264.82], [556.32, 261.14]]}}, {"type": "Feature", "properties": {"rl": 137, "major": false}, "geometry": {"type": "LineString", "coordinates": [[557.42, 254.78], [553.1, 253.41]]}}, {"type": "Feature", "properties": {"rl": 137, "major": false}, "geometry": {"type": "LineString", "coordinates": [[551.53, 253.38], [553.08, 252.82], [553.56, 252.48], [557.42, 252.36], [561.45, 249.6], [568.04, 250.35], [568.95, 251.11], [574.83, 254.22], [578.85, 256.63], [580.22, 258.47], [581.64, 260.2], [582.0, 261.12], [583.69, 266.05], [581.24, 268.08], [581.17, 270.33]]}}, {"type": "Feature", "properties": {"rl": 137, "major": false}, "geometry": {"type": "LineString", "coordinates": [[544.31, 251.04], [544.83, 251.18]]}}, {"type": "Feature", "properties": {"rl": 137, "major": false}, "geometry": {"type": "LineString", "coordinates": [[516.93, 233.77], [516.92, 233.78], [516.91, 233.76], [516.91, 233.75]]}}, {"type": "Feature", "properties": {"rl": 137, "major": false}, "geometry": {"type": "LineString", "coordinates": [[522.47, 235.93], [521.52, 238.03], [521.39, 238.21], [521.13, 238.05], [521.15, 237.79], [521.63, 235.2]]}}, {"type": "Feature", "properties": {"rl": 137, "major": false}, "geometry": {"type": "LineString", "coordinates": [[529.65, 243.69], [529.21, 244.67], [528.19, 245.5], [527.78, 244.79], [528.53, 243.73]]}}, {"type": "Feature", "properties": {"rl": 137, "major": false}, "geometry": {"type": "LineString", "coordinates": [[546.22, 253.58], [544.55, 254.74], [544.06, 256.56], [543.8, 256.76], [543.55, 257.7], [543.38, 258.19], [541.53, 258.61], [542.36, 257.44], [542.57, 256.42], [543.03, 254.62], [542.95, 253.19], [539.08, 250.0], [541.85, 251.52]]}}, {"type": "Feature", "properties": {"rl": 137, "major": false}, "geometry": {"type": "LineString", "coordinates": [[558.71, 268.26], [553.92, 264.43], [556.92, 261.38]]}}, {"type": "Feature", "properties": {"rl": 137, "major": false}, "geometry": {"type": "LineString", "coordinates": [[568.06, 270.82], [566.89, 271.56], [567.65, 272.33], [569.68, 272.08], [572.34, 272.22]]}}, {"type": "Feature", "properties": {"rl": 137, "major": false}, "geometry": {"type": "LineString", "coordinates": [[582.76, 275.83], [584.42, 276.86]]}}, {"type": "Feature", "properties": {"rl": 137, "major": false}, "geometry": {"type": "LineString", "coordinates": [[585.18, 277.65], [587.52, 280.59], [588.64, 280.86]]}}, {"type": "Feature", "properties": {"rl": 137, "major": false}, "geometry": {"type": "LineString", "coordinates": [[588.93, 281.15], [590.29, 284.73], [591.18, 286.75], [591.89, 288.78], [591.87, 288.87], [592.43, 290.48], [592.39, 290.52], [593.61, 292.39], [597.9, 297.77], [598.63, 298.75], [598.76, 298.95], [599.62, 300.14], [601.43, 303.32], [603.37, 306.35], [606.52, 309.45], [609.85, 313.07], [611.73, 314.96], [613.31, 316.42], [615.43, 318.54], [617.39, 320.8], [618.22, 321.73], [620.29, 322.99], [620.55, 326.76]]}}, {"type": "Feature", "properties": {"rl": 137, "major": false}, "geometry": {"type": "LineString", "coordinates": [[613.97, 359.61], [610.69, 360.07], [609.52, 362.83], [607.59, 363.48], [604.86, 366.46], [604.36, 366.5], [603.83, 366.53], [601.09, 368.61], [600.7, 368.64], [599.83, 368.91], [600.42, 369.9], [600.98, 370.46], [597.26, 372.25], [597.2, 371.99], [594.12, 368.72], [592.18, 365.58], [591.53, 363.85], [589.56, 358.64], [588.55, 356.25], [587.26, 353.98], [586.76, 353.15], [586.65, 352.86], [586.26, 352.21], [585.77, 351.47], [585.71, 351.24], [585.63, 350.8], [582.1, 339.44], [578.25, 328.23], [559.83, 317.3], [559.21, 316.48], [559.33, 315.9], [556.74, 313.79], [554.9, 308.28], [554.27, 303.98], [552.85, 298.81], [551.83, 296.69], [551.38, 293.67], [551.51, 291.47], [550.33, 289.83], [550.82, 287.67], [551.61, 281.55], [552.44, 278.77], [554.91, 273.68], [554.23, 270.85], [558.66, 268.89], [559.98, 270.35], [561.3, 271.14], [563.19, 270.25], [563.24, 266.42]]}}, {"type": "Feature", "properties": {"rl": 137, "major": false}, "geometry": {"type": "LineString", "coordinates": [[538.39, 268.04], [539.96, 264.54], [541.79, 263.77], [546.09, 265.96], [548.03, 268.27], [551.84, 271.06], [544.07, 275.25], [544.07, 275.25], [540.54, 276.24], [539.3, 272.65], [541.75, 271.29], [541.76, 271.29], [540.5, 267.7], [538.39, 268.04]]}}, {"type": "Feature", "properties": {"rl": 138, "major": false}, "geometry": {"type": "LineString", "coordinates": [[558.26, 255.32], [560.98, 256.88], [560.82, 254.98], [563.05, 253.5], [565.55, 251.79], [567.3, 251.99], [569.65, 253.95], [572.45, 255.43], [577.75, 258.2], [578.05, 257.89], [579.97, 260.22], [581.18, 263.34], [582.04, 265.85], [579.99, 267.54], [578.2, 268.09]]}}, {"type": "Feature", "properties": {"rl": 138, "major": false}, "geometry": {"type": "LineString", "coordinates": [[522.38, 235.68], [521.49, 237.66], [521.93, 235.29]]}}, {"type": "Feature", "properties": {"rl": 138, "major": false}, "geometry": {"type": "LineString", "coordinates": [[529.21, 243.95], [529.05, 244.32], [528.67, 244.63], [528.51, 244.36], [528.79, 243.97]]}}, {"type": "Feature", "properties": {"rl": 138, "major": false}, "geometry": {"type": "LineString", "coordinates": [[543.44, 252.68], [544.49, 252.88]]}}, {"type": "Feature", "properties": {"rl": 138, "major": false}, "geometry": {"type": "LineString", "coordinates": [[545.55, 253.65], [544.4, 254.46], [543.83, 256.55], [543.65, 256.69], [543.36, 257.81], [543.24, 258.14], [542.01, 258.42], [542.56, 257.64], [542.8, 256.46], [543.34, 254.38], [543.24, 252.71], [542.99, 252.5], [543.17, 252.6]]}}, {"type": "Feature", "properties": {"rl": 138, "major": false}, "geometry": {"type": "LineString", "coordinates": [[558.93, 267.08], [555.13, 264.04], [557.51, 261.62]]}}, {"type": "Feature", "properties": {"rl": 138, "major": false}, "geometry": {"type": "LineString", "coordinates": [[567.53, 270.13], [564.65, 271.95], [563.95, 272.1], [564.61, 272.37], [566.42, 274.2], [571.92, 273.54], [575.93, 273.75], [577.24, 272.69]]}}, {"type": "Feature", "properties": {"rl": 138, "major": false}, "geometry": {"type": "LineString", "coordinates": [[581.07, 276.16], [584.0, 277.98]]}}, {"type": "Feature", "properties": {"rl": 138, "major": false}, "geometry": {"type": "LineString", "coordinates": [[584.41, 278.4], [585.8, 280.14], [586.02, 282.18], [586.12, 282.21], [586.36, 282.76], [586.44, 283.03], [587.71, 284.83], [587.55, 284.91], [588.59, 286.68], [588.61, 286.66], [589.5, 289.97], [589.7, 290.79], [589.71, 291.0], [589.96, 291.63], [591.46, 293.91], [594.36, 297.54], [596.24, 300.2], [596.88, 301.28], [598.86, 304.86], [599.56, 306.05], [600.11, 306.59], [605.82, 312.81], [610.5, 317.49], [611.9, 318.78], [613.59, 320.26], [613.81, 320.49], [615.93, 322.85], [617.57, 323.86], [618.12, 331.86]]}}, {"type": "Feature", "properties": {"rl": 138, "major": false}, "geometry": {"type": "LineString", "coordinates": [[612.71, 358.89], [610.01, 359.27], [609.05, 361.54], [606.4, 362.44], [604.25, 364.78], [603.41, 364.86], [602.54, 364.9], [600.57, 366.4], [599.01, 366.51], [595.52, 367.58], [596.18, 368.68], [595.13, 367.56], [595.0, 367.35], [594.95, 367.23], [591.96, 359.3], [590.43, 355.66], [588.46, 352.21], [588.25, 351.86], [588.08, 351.42], [587.92, 351.16], [587.72, 350.85], [587.64, 350.51], [587.6, 350.34], [583.24, 336.29], [580.05, 327.02], [564.81, 317.98], [563.2, 315.83], [563.51, 314.32], [556.74, 308.8], [556.23, 307.28], [556.06, 306.09], [554.82, 301.59], [554.27, 297.26], [553.78, 296.28], [553.36, 293.53], [553.57, 290.01], [553.42, 289.8], [554.46, 285.17], [554.63, 283.91], [556.14, 278.85], [556.72, 277.27], [556.4, 277.05], [554.97, 271.09], [558.72, 269.43], [560.95, 271.9], [561.97, 273.4], [563.41, 272.09], [563.57, 272.01], [563.65, 266.58]]}}, {"type": "Feature", "properties": {"rl": 138, "major": false}, "geometry": {"type": "LineString", "coordinates": [[539.2, 267.51], [540.18, 265.31], [541.34, 264.83], [544.04, 266.2], [546.79, 269.48], [549.65, 271.58], [543.82, 274.72], [543.81, 274.72], [541.16, 275.46], [540.23, 272.77], [542.07, 271.75], [542.08, 271.75], [540.52, 267.3], [539.2, 267.51]]}}, {"type": "Feature", "properties": {"rl": 139, "major": false}, "geometry": {"type": "LineString", "coordinates": [[559.0, 256.7], [561.68, 258.23], [562.62, 258.49], [564.48, 257.85], [566.73, 259.07], [567.16, 259.3], [568.65, 261.55], [570.21, 263.27], [574.0, 261.17], [573.77, 258.52], [576.73, 260.07], [577.51, 259.28], [578.3, 260.24], [580.36, 265.57], [580.39, 265.65], [580.32, 265.7], [575.17, 267.28]]}}, {"type": "Feature", "properties": {"rl": 139, "major": false}, "geometry": {"type": "LineString", "coordinates": [[522.29, 235.43], [522.17, 235.68], [522.23, 235.38]]}}, {"type": "Feature", "properties": {"rl": 139, "major": false}, "geometry": {"type": "LineString", "coordinates": [[544.89, 253.73], [544.24, 254.18], [543.6, 256.55], [543.5, 256.62], [543.16, 257.93], [543.1, 258.09], [542.49, 258.23], [542.76, 257.84], [543.04, 256.49], [543.65, 254.13], [543.59, 253.16], [544.3, 253.29]]}}, {"type": "Feature", "properties": {"rl": 139, "major": false}, "geometry": {"type": "LineString", "coordinates": [[559.16, 265.89], [556.35, 263.65], [558.1, 261.86]]}}, {"type": "Feature", "properties": {"rl": 139, "major": false}, "geometry": {"type": "LineString", "coordinates": [[567.0, 269.44], [564.81, 270.82], [563.99, 270.99], [564.05, 266.75]]}}, {"type": "Feature", "properties": {"rl": 139, "major": false}, "geometry": {"type": "LineString", "coordinates": [[579.38, 276.49], [583.58, 279.1]]}}, {"type": "Feature", "properties": {"rl": 139, "major": false}, "geometry": {"type": "LineString", "coordinates": [[583.64, 279.16], [583.83, 279.4], [583.87, 279.74], [583.86, 279.78], [584.6, 283.51], [584.87, 283.89], [584.42, 284.12], [587.02, 288.54], [587.23, 288.9], [587.24, 288.93], [587.29, 289.05], [587.27, 288.92], [587.31, 288.89], [587.32, 288.95], [588.31, 292.91], [588.31, 292.95], [589.27, 295.33], [589.3, 295.42], [589.31, 295.44], [593.4, 301.19], [593.74, 301.78], [595.01, 303.99], [597.64, 308.28], [600.13, 310.75], [601.79, 312.56], [603.44, 314.2], [606.91, 318.28], [609.07, 319.43], [610.77, 320.93], [612.06, 322.22], [613.63, 323.98], [614.86, 324.73], [615.7, 336.97]]}}, {"type": "Feature", "properties": {"rl": 139, "major": false}, "geometry": {"type": "LineString", "coordinates": [[611.46, 358.18], [609.33, 358.47], [608.58, 360.25], [605.22, 361.39], [603.64, 363.11], [602.47, 363.21], [601.25, 363.28], [600.05, 364.19], [597.32, 364.38], [596.48, 364.64], [595.21, 362.22], [594.36, 359.96], [593.01, 356.76], [592.34, 355.02], [590.13, 351.09], [590.04, 350.74], [589.83, 349.93], [588.93, 347.81], [584.38, 333.15], [581.85, 325.81], [569.8, 318.65], [567.18, 315.19], [567.69, 312.74], [560.63, 306.98], [560.18, 305.17], [557.67, 304.27], [557.95, 300.64], [557.2, 294.78], [556.42, 293.22], [557.26, 292.22], [557.72, 290.68], [558.12, 288.59], [558.79, 284.39], [560.87, 280.05], [561.2, 279.17], [556.89, 276.22], [555.72, 271.33], [558.79, 269.97], [560.61, 271.99], [563.15, 275.71], [563.89, 275.04], [564.36, 275.24], [565.19, 276.08], [574.15, 274.99], [576.44, 275.11], [577.19, 274.51]]}}, {"type": "Feature", "properties": {"rl": 139, "major": false}, "geometry": {"type": "LineString", "coordinates": [[540.0, 266.99], [540.41, 266.08], [540.88, 265.88], [541.99, 266.45], [545.55, 270.68], [547.47, 272.09], [543.57, 274.19], [543.56, 274.19], [541.79, 274.69], [541.16, 272.88], [542.39, 272.2], [542.4, 272.2], [540.55, 266.9], [540.0, 266.99]]}}, {"type": "Feature", "properties": {"rl": 140, "major": true}, "geometry": {"type": "LineString", "coordinates": [[559.74, 258.07], [561.1, 258.84], [563.2, 259.44], [564.11, 259.12], [565.22, 259.72], [566.51, 260.41], [567.23, 261.5], [570.65, 265.27], [573.24, 263.82], [573.76, 265.97], [572.14, 266.47]]}}, {"type": "Feature", "properties": {"rl": 140, "major": true}, "geometry": {"type": "LineString", "coordinates": [[544.23, 253.8], [544.09, 253.9], [543.37, 256.54], [543.35, 256.55], [542.99, 257.95], [543.27, 256.53], [543.96, 253.89], [543.94, 253.67], [544.1, 253.7]]}}, {"type": "Feature", "properties": {"rl": 140, "major": true}, "geometry": {"type": "LineString", "coordinates": [[559.38, 264.71], [557.56, 263.26], [558.7, 262.11]]}}, {"type": "Feature", "properties": {"rl": 140, "major": true}, "geometry": {"type": "LineString", "coordinates": [[566.47, 268.75], [564.97, 269.69], [564.41, 269.81], [564.46, 266.91]]}}, {"type": "Feature", "properties": {"rl": 140, "major": true}, "geometry": {"type": "LineString", "coordinates": [[577.69, 276.82], [578.94, 277.6], [580.52, 280.58], [581.28, 285.15], [581.39, 285.66], [581.33, 285.72], [581.61, 286.21], [583.04, 291.27], [583.4, 292.14], [586.18, 295.19], [586.39, 295.88], [587.74, 297.97], [588.81, 299.47], [592.91, 306.67], [593.05, 306.92], [593.34, 307.39], [595.3, 310.02], [597.1, 311.82], [598.89, 314.14], [600.06, 315.42], [602.91, 318.77], [607.6, 321.27], [607.96, 321.6], [610.31, 323.95], [611.34, 325.1], [612.14, 325.59], [613.28, 342.07]]}}, {"type": "Feature", "properties": {"rl": 140, "major": true}, "geometry": {"type": "LineString", "coordinates": [[610.2, 357.46], [608.66, 357.67], [608.11, 358.97], [604.03, 360.35], [603.03, 361.43], [601.52, 361.56], [599.96, 361.65], [599.53, 361.98], [598.19, 362.07], [597.35, 360.48], [596.98, 359.97], [595.86, 357.79], [594.44, 354.11], [593.19, 351.89], [592.76, 350.16], [592.63, 349.65], [588.87, 340.79], [585.52, 330.0], [583.66, 324.6], [574.79, 319.33], [571.17, 314.54], [571.87, 311.17], [566.92, 307.12], [565.73, 302.38], [559.16, 300.04], [559.72, 292.86], [560.27, 291.55], [560.59, 290.3], [561.53, 284.41], [562.77, 283.96], [562.88, 283.47], [562.22, 283.39], [562.85, 281.28], [563.55, 281.0], [564.03, 278.71], [564.21, 277.99], [564.92, 278.18], [565.62, 278.23], [568.22, 277.44], [576.38, 276.44], [576.95, 276.48], [577.14, 276.32]]}}, {"type": "Feature", "properties": {"rl": 140, "major": true}, "geometry": {"type": "LineString", "coordinates": [[542.72, 272.66], [542.72, 272.66], [541.14, 268.12], [544.31, 271.89], [545.28, 272.6], [543.31, 273.66], [543.3, 273.66], [542.41, 273.91], [542.1, 273.0], [542.72, 272.66]]}}, {"type": "Feature", "properties": {"rl": 140, "major": true}, "geometry": {"type": "LineString", "coordinates": [[556.46, 271.58], [558.86, 270.52], [560.28, 272.09], [563.94, 277.45], [561.17, 277.98], [557.37, 275.39], [556.46, 271.58]]}}, {"type": "Feature", "properties": {"rl": 141, "major": false}, "geometry": {"type": "LineString", "coordinates": [[560.48, 259.44], [560.52, 259.46], [561.95, 259.87], [563.61, 260.43]]}}, {"type": "Feature", "properties": {"rl": 141, "major": false}, "geometry": {"type": "LineString", "coordinates": [[559.6, 263.53], [558.78, 262.87], [559.29, 262.35]]}}, {"type": "Feature", "properties": {"rl": 141, "major": false}, "geometry": {"type": "LineString", "coordinates": [[565.93, 268.05], [565.14, 268.56], [564.84, 268.62], [564.86, 267.07]]}}, {"type": "Feature", "properties": {"rl": 141, "major": false}, "geometry": {"type": "LineString", "coordinates": [[608.94, 356.74], [607.98, 356.87], [607.64, 357.68], [602.84, 359.3], [602.42, 359.76], [600.58, 359.92], [599.97, 359.95], [599.73, 359.62], [596.88, 354.06], [596.55, 353.2], [596.26, 352.69], [595.48, 349.58], [595.42, 349.37], [588.81, 333.77], [586.66, 326.85], [585.46, 323.39], [579.77, 320.01], [575.16, 313.9], [576.06, 309.59], [573.21, 307.26], [571.29, 299.58], [560.65, 295.8], [560.89, 292.82], [561.12, 292.27], [562.04, 288.69], [562.69, 284.59], [563.55, 284.28], [563.86, 282.87], [564.55, 280.13], [569.99, 281.51], [575.27, 281.88], [576.59, 281.47], [576.95, 282.14], [577.05, 282.79], [577.75, 285.78], [578.19, 287.46], [578.27, 287.81], [579.15, 290.4], [579.97, 293.46], [581.13, 294.72], [583.59, 297.14], [584.58, 298.7], [585.58, 301.39], [587.84, 305.55], [590.19, 309.59], [591.05, 310.44], [592.86, 312.75], [595.14, 314.9], [596.78, 317.01], [598.14, 318.5], [598.52, 319.4], [601.53, 320.95], [607.09, 324.21], [608.55, 325.68], [609.05, 326.23], [609.43, 326.46], [610.86, 347.17]]}}, {"type": "Feature", "properties": {"rl": 141, "major": false}, "geometry": {"type": "LineString", "coordinates": [[543.04, 273.11], [543.05, 273.11], [543.02, 273.04], [543.07, 273.1], [543.09, 273.11], [543.06, 273.13], [543.05, 273.13], [543.03, 273.13], [543.03, 273.12], [543.04, 273.11]]}}, {"type": "Feature", "properties": {"rl": 141, "major": false}, "geometry": {"type": "LineString", "coordinates": [[557.21, 271.82], [558.92, 271.06], [559.94, 272.19], [562.57, 276.03], [560.58, 276.42], [557.86, 274.55], [557.21, 271.82]]}}, {"type": "Feature", "properties": {"rl": 142, "major": false}, "geometry": {"type": "LineString", "coordinates": [[565.4, 267.36], [565.3, 267.43], [565.26, 267.43], [565.26, 267.23]]}}, {"type": "Feature", "properties": {"rl": 142, "major": false}, "geometry": {"type": "LineString", "coordinates": [[607.68, 356.02], [607.31, 356.07], [607.18, 356.39], [603.47, 357.64], [602.22, 354.3], [598.2, 351.08], [597.91, 349.12], [606.17, 329.52], [606.95, 330.77], [608.43, 352.27]]}}, {"type": "Feature", "properties": {"rl": 142, "major": false}, "geometry": {"type": "LineString", "coordinates": [[579.14, 313.25], [580.24, 308.01], [579.49, 307.4], [576.84, 296.79], [576.5, 296.67], [567.07, 291.98], [562.38, 291.35], [563.48, 287.07], [563.85, 284.77], [564.33, 284.59], [564.51, 283.8], [564.89, 282.26], [574.44, 284.68], [574.73, 285.39], [575.49, 289.97], [575.95, 292.03], [576.91, 296.74], [577.04, 296.83], [581.53, 301.88], [582.87, 305.65], [584.11, 308.24], [586.3, 311.32], [587.42, 313.66], [587.96, 314.34], [590.33, 317.78], [590.94, 318.36], [592.61, 319.44], [593.03, 320.42], [605.06, 326.62], [594.89, 341.25], [588.74, 326.76], [587.79, 323.7], [587.27, 322.17], [584.76, 320.68], [579.14, 313.25]]}}, {"type": "Feature", "properties": {"rl": 142, "major": false}, "geometry": {"type": "LineString", "coordinates": [[557.95, 272.07], [558.99, 271.6], [559.61, 272.29], [561.2, 274.62], [559.99, 274.85], [558.35, 273.72], [557.95, 272.07]]}}, {"type": "Feature", "properties": {"rl": 143, "major": false}, "geometry": {"type": "LineString", "coordinates": [[564.68, 286.41], [564.92, 285.46], [565.0, 284.95], [565.11, 284.91], [565.15, 284.73], [565.23, 284.39], [567.36, 284.93], [568.15, 286.88], [564.68, 286.41]]}}, {"type": "Feature", "properties": {"rl": 143, "major": false}, "geometry": {"type": "LineString", "coordinates": [[558.7, 272.31], [559.06, 272.15], [559.27, 272.39], [559.83, 273.2], [559.41, 273.28], [558.83, 272.88], [558.7, 272.31]]}}]}