x_local,y_local,utm_e,utm_n,lon,lat,rl
34.023,172.549,706140.950,953890.450,76.8732642,8.6249215,85.472
35.483,169.909,706142.410,953887.810,76.8732773,8.6248975,85.448
36.293,169.699,706143.220,953887.600,76.8732847,8.6248956,85.443
37.143,180.329,706144.070,953898.230,76.8732929,8.6249916,85.446
38.243,192.029,706145.170,953909.930,76.8733034,8.6250974,85.579
38.933,200.099,706145.860,953918.000,76.8733100,8.6251703,85.547
41.093,169.709,706148.020,953887.610,76.8733283,8.6248955,85.143
41.423,175.979,706148.350,953893.880,76.8733316,8.6249521,85.167
41.533,203.939,706148.460,953921.840,76.8733338,8.6252049,85.584
42.203,172.359,706149.130,953890.260,76.8733385,8.6249194,85.122
42.603,181.469,706149.530,953899.370,76.8733425,8.6250017,85.441
42.623,187.799,706149.550,953905.700,76.8733430,8.6250589,85.233
42.833,193.409,706149.760,953911.310,76.8733451,8.6251096,85.002
43.073,208.629,706150.000,953926.530,76.8733480,8.6252472,85.349
43.163,174.929,706150.090,953892.830,76.8733473,8.6249426,85.528
45.633,175.239,706152.560,953893.140,76.8733698,8.6249453,85.160
45.683,168.679,706152.610,953886.580,76.8733699,8.6248859,85.034
45.883,197.129,706152.810,953915.030,76.8733730,8.6251431,85.312
46.113,172.409,706153.040,953890.310,76.8733740,8.6249196,85.060
47.113,202.679,706154.040,953920.580,76.8733844,8.6251933,85.214
47.863,212.579,706154.790,953930.480,76.8733917,8.6252827,84.864
49.243,167.999,706156.170,953885.900,76.8734022,8.6248796,84.675
49.403,178.209,706156.330,953896.110,76.8734041,8.6249719,85.336
49.443,178.149,706156.370,953896.050,76.8734045,8.6249714,85.225
49.633,173.949,706156.560,953891.850,76.8734060,8.6249334,84.922
49.633,183.279,706156.560,953901.180,76.8734065,8.6250178,85.005
50.103,195.829,706157.030,953913.730,76.8734113,8.6251312,85.069
50.233,195.419,706157.160,953913.320,76.8734124,8.6251275,85.032
50.333,189.919,706157.260,953907.820,76.8734131,8.6250778,84.936
50.493,171.299,706157.420,953889.200,76.8734137,8.6249094,84.764
50.563,174.729,706157.490,953892.630,76.8734145,8.6249404,84.804
51.083,201.979,706158.010,953919.880,76.8734205,8.6251868,84.939
51.223,220.079,706158.150,953937.980,76.8734225,8.6253504,84.364
51.593,206.599,706158.520,953924.500,76.8734253,8.6252285,84.480
52.533,208.339,706159.460,953926.240,76.8734339,8.6252442,84.433
54.353,177.059,706161.280,953894.960,76.8734491,8.6249613,84.171
54.473,167.239,706161.400,953885.140,76.8734497,8.6248725,84.346
54.833,169.979,706161.760,953887.880,76.8734531,8.6248973,84.339
55.193,174.349,706162.120,953892.250,76.8734566,8.6249368,84.254
56.433,182.169,706163.360,953900.070,76.8734682,8.6250074,83.873
57.223,173.679,706164.150,953891.580,76.8734750,8.6249306,84.004
57.803,193.939,706164.730,953911.840,76.8734811,8.6251138,83.892
57.903,188.839,706164.830,953906.740,76.8734818,8.6250677,83.752
58.363,198.779,706165.290,953916.680,76.8734865,8.6251575,83.759
58.713,199.719,706165.640,953917.620,76.8734897,8.6251660,83.724
59.453,166.349,706166.380,953884.250,76.8734949,8.6248643,83.444
60.523,169.299,706167.450,953887.200,76.8735048,8.6248909,83.628
61.383,173.879,706168.310,953891.780,76.8735128,8.6249323,83.439
61.403,193.149,706168.330,953911.050,76.8735138,8.6251065,83.114
62.033,198.379,706168.960,953916.280,76.8735198,8.6251537,82.931
62.893,205.659,706169.820,953923.560,76.8735279,8.6252195,81.978
64.093,182.529,706171.020,953900.430,76.8735378,8.6250103,82.751
64.553,177.559,706171.480,953895.460,76.8735417,8.6249654,82.674
64.773,182.879,706171.700,953900.780,76.8735440,8.6250135,82.862
64.953,188.509,706171.880,953906.410,76.8735459,8.6250644,82.347
65.003,177.349,706171.930,953895.250,76.8735458,8.6249635,82.785
65.183,188.289,706172.110,953906.190,76.8735479,8.6250624,82.809
65.883,171.479,706172.810,953889.380,76.8735535,8.6249104,82.714
66.183,169.019,706173.110,953886.920,76.8735562,8.6248881,82.804
66.903,172.429,706173.830,953890.330,76.8735629,8.6249189,82.437
68.703,186.559,706175.630,953904.460,76.8735798,8.6250466,82.615
68.993,178.499,706175.920,953896.400,76.8735821,8.6249737,82.256
69.123,192.179,706176.050,953910.080,76.8735839,8.6250974,81.804
69.273,182.459,706176.200,953900.360,76.8735848,8.6250095,81.925
69.373,206.159,706176.300,953924.060,76.8735868,8.6252237,80.160
70.343,199.069,706177.270,953916.970,76.8735953,8.6251596,80.614
71.523,167.979,706178.450,953885.880,76.8736046,8.6248785,82.229
71.803,181.549,706178.730,953899.450,76.8736078,8.6250011,81.197
72.653,187.429,706179.580,953905.330,76.8736158,8.6250543,80.599
73.053,172.169,706179.980,953890.070,76.8736187,8.6249163,81.993
73.303,176.729,706180.230,953894.630,76.8736212,8.6249575,81.183
77.243,183.179,706184.170,953901.080,76.8736573,8.6250156,79.888
77.813,189.179,706184.740,953907.080,76.8736627,8.6250699,79.343
77.823,187.159,706184.750,953905.060,76.8736627,8.6250516,79.266
78.213,195.049,706185.140,953912.950,76.8736666,8.6251229,78.758
78.573,178.259,706185.500,953896.160,76.8736691,8.6249711,79.958
78.623,200.719,706185.550,953918.620,76.8736706,8.6251741,78.067
85.303,188.029,706192.230,953905.930,76.8737307,8.6250591,77.230
85.723,192.539,706192.650,953910.440,76.8737347,8.6250999,76.942
86.543,198.129,706193.470,953916.030,76.8737424,8.6251504,76.398
93.633,187.359,706200.560,953905.260,76.8738063,8.6250527,75.723
94.343,193.659,706201.270,953911.560,76.8738131,8.6251096,75.253
94.393,184.209,706201.320,953902.110,76.8738131,8.6250242,75.286
94.873,198.579,706201.800,953916.480,76.8738181,8.6251541,75.248
99.513,184.669,706206.440,953902.570,76.8738596,8.6250281,74.737
102.093,101.949,706209.020,953819.850,76.8738794,8.6242802,72.395
103.083,180.569,706210.010,953898.470,76.8738919,8.6249909,74.504
107.723,101.209,706214.650,953819.110,76.8739305,8.6242732,71.671
109.693,194.649,706216.620,953912.550,76.8739525,8.6251179,73.592
113.253,126.079,706220.180,953843.980,76.8739818,8.6244978,69.567
114.063,111.199,706220.990,953829.100,76.8739885,8.6243633,69.567
114.253,106.389,706221.180,953824.290,76.8739900,8.6243198,69.869
114.553,118.639,706221.480,953836.540,76.8739933,8.6244305,69.663
116.833,100.839,706223.760,953818.740,76.8740132,8.6242695,70.551
117.473,129.779,706224.400,953847.680,76.8740203,8.6245311,69.366
117.693,114.259,706224.620,953832.160,76.8740216,8.6243908,69.077
117.953,118.279,706224.880,953836.180,76.8740242,8.6244271,69.423
121.243,113.239,706228.170,953831.140,76.8740538,8.6243814,69.005
121.423,108.639,706228.350,953826.540,76.8740553,8.6243398,69.098
121.473,104.099,706228.400,953822.000,76.8740555,8.6242988,69.496
122.863,98.639,706229.790,953816.540,76.8740679,8.6242493,69.761
122.953,118.319,706229.880,953836.220,76.8740696,8.6244272,69.183
123.643,129.039,706230.570,953846.940,76.8740763,8.6245241,69.128
124.033,99.059,706230.960,953816.960,76.8740786,8.6242531,69.767
124.713,112.269,706231.640,953830.170,76.8740853,8.6243725,68.969
124.993,123.469,706231.920,953841.370,76.8740884,8.6244737,68.790
128.283,124.099,706235.210,953842.000,76.8741183,8.6244793,68.627
129.543,118.369,706236.470,953836.270,76.8741295,8.6244274,68.867
129.673,111.699,706236.600,953829.600,76.8741303,8.6243671,68.933
130.413,134.619,706237.340,953852.520,76.8741381,8.6245743,68.988
130.943,123.769,706237.870,953841.670,76.8741424,8.6244762,68.818
131.173,129.449,706238.100,953847.350,76.8741448,8.6245275,69.220
132.093,137.949,706239.020,953855.850,76.8741535,8.6246043,69.544
132.813,100.039,706239.740,953817.940,76.8741584,8.6242615,69.572
134.643,111.129,706241.570,953829.030,76.8741755,8.6243617,68.897
135.333,103.769,706242.260,953821.670,76.8741814,8.6242952,68.820
136.283,109.589,706243.210,953827.490,76.8741903,8.6243477,68.640
136.283,121.679,706243.210,953839.580,76.8741908,8.6244570,69.107
136.313,158.079,706243.240,953875.980,76.8741927,8.6247861,70.157
136.583,149.139,706243.510,953867.040,76.8741948,8.6247053,69.891
136.963,163.039,706243.890,953880.940,76.8741989,8.6248309,70.298
137.353,145.089,706244.280,953862.990,76.8742016,8.6246686,69.398
137.503,131.139,706244.430,953849.040,76.8742023,8.6245425,69.383
137.613,167.999,706244.540,953885.900,76.8742050,8.6248757,70.439
137.663,141.379,706244.590,953859.280,76.8742043,8.6246351,69.195
137.723,138.019,706244.650,953855.920,76.8742046,8.6246047,69.472
137.783,128.489,706244.710,953846.390,76.8742048,8.6245185,69.187
137.853,134.519,706244.780,953852.420,76.8742057,8.6245730,69.498
138.853,205.289,706245.780,953923.190,76.8742179,8.6252128,71.597
138.913,177.919,706245.840,953895.820,76.8742172,8.6249653,70.721
139.453,117.019,706246.380,953834.920,76.8742194,8.6244148,68.936
139.563,99.449,706246.490,953817.350,76.8742196,8.6242559,69.491
140.003,104.119,706246.930,953822.020,76.8742238,8.6242981,69.038
140.213,187.829,706247.140,953905.730,76.8742295,8.6250549,71.003
140.643,108.349,706247.570,953826.250,76.8742298,8.6243363,68.959
141.233,110.949,706248.160,953828.850,76.8742353,8.6243598,68.861
141.613,121.399,706248.540,953839.300,76.8742392,8.6244543,68.902
142.403,127.049,706249.330,953844.950,76.8742467,8.6245053,69.101
143.013,198.139,706249.940,953916.040,76.8742554,8.6251480,71.285
143.213,212.479,706250.140,953930.380,76.8742578,8.6252776,71.754
143.253,305.729,706250.180,954023.630,76.8742624,8.6261206,83.725
143.313,204.019,706250.240,953921.920,76.8742584,8.6252011,71.173
143.403,110.209,706250.330,953828.110,76.8742550,8.6243530,69.334
143.473,131.129,706250.400,953849.030,76.8742566,8.6245421,69.204
144.013,135.239,706250.940,953853.140,76.8742617,8.6245793,69.350
144.493,139.059,706251.420,953856.960,76.8742662,8.6246138,69.202
145.923,106.229,706252.850,953824.130,76.8742777,8.6243169,70.052
146.703,211.159,706253.630,953929.060,76.8742895,8.6252655,71.413
146.953,111.939,706253.880,953829.840,76.8742873,8.6243685,69.370
147.103,144.329,706254.030,953862.230,76.8742901,8.6246613,69.451
147.133,148.029,706254.060,953865.930,76.8742906,8.6246948,69.870
147.153,156.869,706254.080,953874.770,76.8742911,8.6247747,70.025
147.233,98.909,706254.160,953816.810,76.8742893,8.6242507,69.156
147.753,121.479,706254.680,953839.380,76.8742950,8.6244547,68.939
147.863,197.239,706254.790,953915.140,76.8742994,8.6251396,70.831
147.983,161.799,706254.910,953879.700,76.8742989,8.6248192,70.107
148.813,166.729,706255.740,953884.630,76.8743067,8.6248637,70.189
149.353,115.669,706256.280,953833.570,76.8743093,8.6244021,69.004
149.353,202.829,706256.280,953920.730,76.8743132,8.6251901,71.057
149.533,302.729,706256.460,954020.630,76.8743193,8.6260932,82.788
149.583,102.259,706256.510,953820.160,76.8743108,8.6242809,69.383
149.653,171.659,706256.580,953889.560,76.8743145,8.6249083,70.272
150.313,219.419,706257.240,953937.320,76.8743226,8.6253400,71.562
150.493,176.589,706257.420,953894.490,76.8743224,8.6249528,70.354
151.283,162.379,706258.210,953880.280,76.8743289,8.6248243,70.142
151.323,181.519,706258.250,953899.420,76.8743301,8.6249973,70.437
151.943,209.429,706258.870,953927.330,76.8743370,8.6252496,70.966
152.153,186.449,706259.080,953904.350,76.8743379,8.6250419,70.519
152.913,119.769,706259.840,953837.670,76.8743418,8.6244390,68.852
153.603,110.859,706260.530,953828.760,76.8743477,8.6243584,69.387
153.743,158.019,706260.670,953875.920,76.8743511,8.6247848,70.094
154.023,308.239,706260.950,954026.140,76.8743603,8.6261428,82.502
154.393,191.779,706261.320,953909.680,76.8743585,8.6250900,70.602
154.703,123.709,706261.630,953841.610,76.8743583,8.6244746,69.045
154.863,128.849,706261.790,953846.750,76.8743599,8.6245210,69.180
155.323,228.069,706262.250,953945.970,76.8743685,8.6254180,71.712
155.333,315.139,706262.260,954033.040,76.8743725,8.6262051,85.774
155.543,200.809,706262.470,953918.710,76.8743693,8.6251715,70.696
155.693,299.919,706262.620,954017.820,76.8743751,8.6260675,81.730
156.213,153.669,706263.140,953871.570,76.8743733,8.6247453,70.047
156.413,101.869,706263.340,953819.770,76.8743728,8.6242770,69.134
156.443,318.499,706263.370,954036.400,76.8743827,8.6262355,85.937
156.633,305.179,706263.560,954023.080,76.8743839,8.6261150,81.969
156.733,118.659,706263.660,953836.560,76.8743765,8.6244288,68.900
157.863,96.799,706264.790,953814.700,76.8743858,8.6242311,69.068
157.973,310.219,706264.900,954028.120,76.8743963,8.6261605,81.886
158.313,140.489,706265.240,953858.390,76.8743918,8.6246261,69.605
158.603,198.759,706265.530,953916.660,76.8743970,8.6251529,70.549
158.643,108.559,706265.570,953826.460,76.8743934,8.6243374,69.418
158.673,149.319,706265.600,953867.220,76.8743955,8.6247059,69.999
158.843,145.239,706265.770,953863.140,76.8743968,8.6246690,69.946
159.233,124.289,706266.160,953842.190,76.8743994,8.6244796,69.323
159.323,128.309,706266.250,953846.210,76.8744004,8.6245159,69.120
159.433,100.509,706266.360,953818.410,76.8744002,8.6242646,69.408
159.453,303.839,706266.380,954021.740,76.8744094,8.6261028,81.730
159.893,192.139,706266.820,953910.040,76.8744085,8.6250930,70.613
160.043,192.219,706266.970,953910.120,76.8744098,8.6250937,70.804
160.243,120.519,706267.170,953838.420,76.8744084,8.6244455,68.840
160.303,321.719,706267.230,954039.620,76.8744180,8.6262644,85.858
160.333,236.719,706267.260,953954.620,76.8744144,8.6254960,71.861
161.103,114.069,706268.030,953831.970,76.8744160,8.6243871,69.084
161.283,205.739,706268.210,953923.640,76.8744217,8.6252159,70.629
161.553,109.699,706268.480,953827.600,76.8744199,8.6243476,69.428
161.863,133.889,706268.790,953851.790,76.8744237,8.6245663,69.369
162.543,197.659,706269.470,953915.560,76.8744328,8.6251428,70.768
162.633,315.379,706269.560,954033.280,76.8744388,8.6262070,82.002
163.133,95.309,706270.060,953813.210,76.8744336,8.6242174,69.068
163.393,305.729,706270.320,954023.630,76.8744453,8.6261197,81.606
163.403,117.389,706270.330,953835.290,76.8744370,8.6244170,68.874
163.693,143.689,706270.620,953861.590,76.8744408,8.6246548,69.933
164.103,214.329,706271.030,953932.230,76.8744477,8.6252934,70.813
164.153,125.549,706271.080,953843.450,76.8744442,8.6244908,69.312
164.153,323.259,706271.080,954041.160,76.8744530,8.6262782,85.923
164.273,139.409,706271.200,953857.310,76.8744459,8.6246161,69.493
164.433,191.209,706271.360,953909.110,76.8744497,8.6250844,70.742
164.873,295.139,706271.800,954013.040,76.8744583,8.6260239,79.889
164.923,121.879,706271.850,953839.780,76.8744510,8.6244576,69.297
164.983,204.199,706271.910,953922.100,76.8744552,8.6252018,70.660
165.343,245.379,706272.270,953963.280,76.8744603,8.6255740,72.011
165.463,97.549,706272.390,953815.450,76.8744548,8.6242376,69.210
165.623,132.299,706272.550,953850.200,76.8744578,8.6245517,69.373
165.743,132.299,706272.670,953850.200,76.8744589,8.6245517,69.325
165.953,112.889,706272.880,953830.790,76.8744600,8.6243762,69.136
166.053,161.879,706272.980,953879.780,76.8744631,8.6248191,70.344
166.303,317.089,706273.230,954034.990,76.8744723,8.6262223,81.993
166.373,117.029,706273.300,953834.930,76.8744640,8.6244137,69.043
166.413,166.869,706273.340,953884.770,76.8744666,8.6248642,70.404
166.773,171.859,706273.700,953889.760,76.8744700,8.6249093,70.464
166.933,153.029,706273.860,953870.930,76.8744707,8.6247391,70.232
166.953,208.259,706273.880,953926.160,76.8744733,8.6252384,70.616
167.413,320.859,706274.340,954038.760,76.8744825,8.6262563,85.846
167.503,181.829,706274.430,953899.730,76.8744771,8.6249994,70.584
167.603,325.309,706274.530,954043.210,76.8744844,8.6262965,86.010
168.263,196.149,706275.190,953914.050,76.8744847,8.6251288,70.524
168.323,296.719,706275.250,954014.620,76.8744897,8.6260380,81.005
168.553,92.959,706275.480,953810.860,76.8744827,8.6241960,68.933
169.643,115.789,706276.570,953833.690,76.8744936,8.6244023,68.871
169.723,192.209,706276.650,953910.110,76.8744977,8.6250932,70.704
169.753,308.629,706276.680,954026.530,76.8745032,8.6261456,81.476
169.853,117.429,706276.780,953835.330,76.8744956,8.6244171,69.005
170.113,138.149,706277.040,953856.050,76.8744989,8.6246044,69.544
170.153,132.199,706277.080,953850.100,76.8744990,8.6245506,69.407
170.353,254.039,706277.280,953971.940,76.8745062,8.6256521,72.160
170.533,300.249,706277.460,954018.150,76.8745099,8.6260699,81.272
170.593,202.389,706277.520,953920.290,76.8745061,8.6251852,70.618
170.753,120.949,706277.680,953838.850,76.8745039,8.6244489,69.305
170.783,292.209,706277.710,954010.110,76.8745118,8.6259972,78.332
170.813,111.719,706277.740,953829.620,76.8745041,8.6243655,69.188
171.403,328.009,706278.330,954045.910,76.8745191,8.6263208,85.807
171.583,313.139,706278.510,954031.040,76.8745200,8.6261863,81.626
171.733,125.629,706278.660,953843.530,76.8745130,8.6244912,69.281
171.863,142.069,706278.790,953859.970,76.8745150,8.6246398,69.870
172.223,267.379,706279.150,953985.280,76.8745238,8.6257726,73.865
172.343,323.189,706279.270,954041.090,76.8745274,8.6262772,85.947
172.843,232.319,706279.770,953950.220,76.8745279,8.6254556,71.183
173.013,158.249,706279.940,953876.150,76.8745261,8.6247860,70.148
173.093,131.459,706280.020,953849.360,76.8745257,8.6245438,69.364
173.243,194.759,706280.170,953912.660,76.8745298,8.6251161,70.699
173.553,90.959,706280.480,953808.860,76.8745280,8.6241777,68.900
173.923,304.239,706280.850,954022.140,76.8745409,8.6261058,81.304
174.253,298.739,706281.180,954016.640,76.8745437,8.6260560,81.191
174.723,119.019,706281.650,953836.920,76.8745399,8.6244313,69.017
175.023,317.609,706281.950,954035.510,76.8745515,8.6262266,85.882
175.093,124.459,706282.020,953842.360,76.8745435,8.6244804,69.376
175.273,93.709,706282.200,953811.610,76.8745438,8.6242024,69.391
175.273,271.059,706282.200,953988.960,76.8745517,8.6258058,74.060
175.373,145.989,706282.300,953863.890,76.8745470,8.6246751,70.535
175.393,289.449,706282.320,954007.350,76.8745536,8.6259720,77.087
175.513,142.869,706282.440,953860.770,76.8745481,8.6246469,70.130
175.623,331.169,706282.550,954049.070,76.8745575,8.6263492,85.752
175.673,110.539,706282.600,953828.440,76.8745482,8.6243546,69.239
175.703,129.499,706282.630,953847.400,76.8745493,8.6245260,69.345
175.863,325.819,706282.790,954043.720,76.8745595,8.6263008,86.068
175.893,302.989,706282.820,954020.890,76.8745587,8.6260944,81.196
176.193,289.099,706283.120,954007.000,76.8745608,8.6259688,76.854
176.503,308.899,706283.430,954026.800,76.8745645,8.6261478,81.303
176.673,223.259,706283.600,953941.160,76.8745623,8.6253736,71.698
176.823,297.059,706283.750,954014.960,76.8745669,8.6260407,84.955
176.903,191.269,706283.830,953909.170,76.8745629,8.6250843,70.573
176.943,294.059,706283.870,954011.960,76.8745679,8.6260136,80.861
177.003,303.439,706283.930,954021.340,76.8745688,8.6260984,81.152
177.213,241.319,706284.140,953959.220,76.8745680,8.6255368,71.367
177.443,263.929,706284.370,953981.830,76.8745711,8.6257412,72.324
177.553,166.699,706284.480,953884.600,76.8745677,8.6248622,70.052
177.713,150.479,706284.640,953868.380,76.8745685,8.6247156,70.068
178.523,316.979,706285.450,954034.880,76.8745833,8.6262207,85.846
178.543,328.319,706285.470,954046.220,76.8745839,8.6263233,86.011
178.613,125.759,706285.540,953843.660,76.8745755,8.6244920,69.350
178.763,138.649,706285.690,953856.550,76.8745775,8.6246086,69.631
178.773,88.959,706285.700,953806.860,76.8745754,8.6241593,68.869
178.863,132.569,706285.790,953850.470,76.8745781,8.6245536,69.339
179.033,266.599,706285.960,953984.500,76.8745856,8.6257653,72.368
179.063,310.329,706285.990,954028.230,76.8745879,8.6261606,81.245
179.173,157.889,706286.100,953875.790,76.8745821,8.6247825,70.316
179.313,119.599,706286.240,953837.500,76.8745816,8.6244363,69.323
179.443,291.399,706286.370,954009.300,76.8745905,8.6259895,76.170
179.503,295.479,706286.430,954013.380,76.8745912,8.6260263,80.808
179.893,92.759,706286.820,953810.660,76.8745857,8.6241936,68.984
179.913,334.789,706286.840,954052.690,76.8745967,8.6263817,85.636
180.163,313.289,706287.090,954031.190,76.8745980,8.6261873,81.227
180.213,287.279,706287.140,954005.180,76.8745973,8.6259522,76.094
180.343,307.059,706287.270,954024.960,76.8745993,8.6261310,81.163
180.473,321.779,706287.400,954039.680,76.8746012,8.6262641,85.865
180.503,115.149,706287.430,953833.050,76.8745922,8.6243960,69.591
180.533,109.359,706287.460,953827.260,76.8745923,8.6243437,69.291
180.773,195.539,706287.700,953913.440,76.8745983,8.6251228,70.552
180.853,203.849,706287.780,953921.750,76.8745994,8.6251979,70.632
180.893,208.179,706287.820,953926.080,76.8745999,8.6252370,70.934
181.133,276.609,706288.060,953994.510,76.8746052,8.6258557,74.056
181.143,286.929,706288.070,954004.830,76.8746057,8.6259490,75.970
181.353,104.429,706288.280,953822.330,76.8745995,8.6242991,69.215
181.563,301.499,706288.490,954019.400,76.8746102,8.6260807,81.069
181.573,298.209,706288.500,954016.110,76.8746101,8.6260509,81.095
181.583,298.179,706288.510,954016.080,76.8746102,8.6260507,82.195
181.893,144.899,706288.820,953862.800,76.8746062,8.6246649,70.391
181.953,223.309,706288.880,953941.210,76.8746102,8.6253738,71.393
182.063,325.219,706288.990,954043.120,76.8746158,8.6262951,85.862
182.263,331.199,706289.190,954049.100,76.8746179,8.6263491,85.863
182.493,212.919,706289.420,953930.820,76.8746147,8.6252798,71.236
182.603,96.959,706289.530,953814.860,76.8746105,8.6242315,69.100
182.623,189.409,706289.550,953907.310,76.8746148,8.6250673,70.610
182.853,335.969,706289.780,954053.870,76.8746234,8.6263922,85.723
182.863,310.549,706289.790,954028.450,76.8746224,8.6261624,81.088
182.963,136.749,706289.890,953854.650,76.8746155,8.6245912,69.880
183.003,127.689,706289.930,953845.590,76.8746155,8.6245093,69.783
183.213,263.409,706290.140,953981.310,76.8746235,8.6257362,71.782
183.383,288.779,706290.310,954006.680,76.8746261,8.6259656,75.810
183.403,116.659,706290.330,953834.560,76.8746186,8.6244096,69.426
183.483,318.919,706290.410,954036.820,76.8746284,8.6262381,81.197
183.523,200.239,706290.450,953918.140,76.8746235,8.6251651,70.612
183.633,296.699,706290.560,954014.600,76.8746288,8.6260372,75.853
183.653,141.969,706290.580,953859.870,76.8746220,8.6246384,69.879
183.893,169.829,706290.820,953887.730,76.8746255,8.6248902,70.419
184.093,217.659,706291.020,953935.560,76.8746294,8.6253226,71.537
184.183,328.439,706291.110,954046.340,76.8746352,8.6263241,85.757
184.353,164.419,706291.280,953882.320,76.8746294,8.6248413,70.272
184.363,157.429,706291.290,953875.330,76.8746292,8.6247781,70.438
184.563,87.009,706291.490,953804.910,76.8746279,8.6241415,68.866
184.583,304.979,706291.510,954022.880,76.8746378,8.6261120,81.040
184.813,174.749,706291.740,953892.650,76.8746340,8.6249347,70.543
184.983,313.189,706291.910,954031.090,76.8746418,8.6261862,79.837
185.023,340.279,706291.950,954058.180,76.8746433,8.6264311,82.741
185.283,285.259,706292.210,954003.160,76.8746432,8.6259337,75.549
185.313,101.159,706292.240,953819.060,76.8746353,8.6242693,69.216
185.723,179.659,706292.650,953897.560,76.8746425,8.6249790,70.667
185.733,292.769,706292.660,954010.670,76.8746477,8.6260016,75.604
185.793,231.369,706292.720,953949.270,76.8746455,8.6254465,71.520
185.923,333.949,706292.850,954051.850,76.8746512,8.6263738,85.676
185.993,272.019,706292.920,953989.920,76.8746491,8.6258140,72.570
186.013,285.019,706292.940,954002.920,76.8746499,8.6259315,75.301
186.033,323.099,706292.960,954041.000,76.8746517,8.6262757,81.230
186.193,281.569,706293.120,953999.470,76.8746513,8.6259003,74.355
186.603,316.369,706293.530,954034.270,76.8746566,8.6262149,78.726
187.003,258.889,706293.930,953976.790,76.8746577,8.6256952,71.720
187.003,307.889,706293.930,954025.790,76.8746599,8.6261382,81.132
187.283,83.619,706294.210,953801.520,76.8746524,8.6241107,68.830
187.343,223.219,706294.270,953941.120,76.8746592,8.6253727,71.866
187.433,441.789,706294.360,954159.690,76.8746698,8.6273487,87.785
187.443,441.789,706294.370,954159.690,76.8746698,8.6273487,87.185
187.543,199.499,706294.470,953917.400,76.8746600,8.6251583,70.905
187.543,300.869,706294.470,954018.770,76.8746645,8.6260747,75.850
187.593,303.929,706294.520,954021.830,76.8746651,8.6261024,80.931
187.713,329.009,706294.640,954046.910,76.8746673,8.6263291,81.287
187.713,442.379,706294.640,954160.280,76.8746723,8.6273540,86.620
187.943,145.309,706294.870,953863.210,76.8746612,8.6246684,70.853
188.013,286.749,706294.940,954004.650,76.8746681,8.6259470,75.279
188.093,184.979,706295.020,953902.880,76.8746643,8.6250270,70.791
188.113,254.949,706295.040,953972.850,76.8746676,8.6256595,71.829
188.123,319.869,706295.050,954037.770,76.8746706,8.6262464,78.630
188.183,264.899,706295.110,953982.800,76.8746687,8.6257495,71.762
188.373,283.549,706295.300,954001.450,76.8746712,8.6259181,75.062
188.493,425.599,706295.420,954143.500,76.8746787,8.6272023,87.786
188.703,337.289,706295.630,954055.190,76.8746766,8.6264039,81.851
188.733,85.489,706295.660,953803.390,76.8746657,8.6241275,68.855
188.863,151.629,706295.790,953869.530,76.8746698,8.6247255,70.532
188.923,310.839,706295.850,954028.740,76.8746775,8.6261648,78.490
189.073,444.139,706296.000,954162.040,76.8746848,8.6273699,85.985
189.153,268.459,706296.080,953986.360,76.8746777,8.6257816,71.984
189.333,145.299,706296.260,953863.200,76.8746738,8.6246682,70.774
189.503,443.109,706296.430,954161.010,76.8746886,8.6273605,86.275
189.533,188.339,706296.460,953906.240,76.8746775,8.6250573,70.931
189.613,274.809,706296.540,953992.710,76.8746821,8.6258390,72.718
189.703,459.269,706296.630,954177.170,76.8746912,8.6275066,84.294
189.763,445.069,706296.690,954162.970,76.8746911,8.6273782,86.229
189.803,255.699,706296.730,953973.600,76.8746830,8.6256662,72.242
189.803,271.539,706296.730,953989.440,76.8746837,8.6258094,71.799
189.823,460.679,706296.750,954178.580,76.8746923,8.6275193,83.599
189.863,271.569,706296.790,953989.470,76.8746842,8.6258097,71.937
189.873,435.779,706296.800,954153.680,76.8746917,8.6272942,86.134
190.063,262.559,706296.990,953980.460,76.8746857,8.6257283,71.675
190.153,91.919,706297.080,953809.820,76.8746789,8.6241856,69.203
190.153,443.479,706297.080,954161.380,76.8746945,8.6273638,86.047
190.163,119.669,706297.090,953837.570,76.8746802,8.6244365,69.516
190.203,292.649,706297.130,954010.550,76.8746883,8.6260003,75.488
190.283,324.639,706297.210,954042.540,76.8746904,8.6262895,78.709
190.363,455.949,706297.290,954173.850,76.8746970,8.6274766,84.943
190.383,149.589,706297.310,953867.490,76.8746835,8.6247069,70.727
190.483,445.949,706297.410,954163.850,76.8746976,8.6273862,85.688
190.533,305.959,706297.460,954023.860,76.8746919,8.6261206,80.898
190.593,459.399,706297.520,954177.300,76.8746992,8.6275077,84.224
190.653,125.619,706297.580,953843.520,76.8746849,8.6244902,69.487
190.703,161.499,706297.630,953879.400,76.8746870,8.6248146,70.499
190.773,161.539,706297.700,953879.440,76.8746876,8.6248150,70.435
190.823,460.829,706297.750,954178.730,76.8747014,8.6275207,83.584
190.853,107.649,706297.780,953825.550,76.8746859,8.6243278,69.384
190.853,427.139,706297.780,954145.040,76.8747002,8.6272161,85.909
190.853,438.809,706297.780,954156.710,76.8747007,8.6273216,86.311
190.873,284.249,706297.800,954002.150,76.8746940,8.6259243,75.195
190.883,255.619,706297.810,953973.520,76.8746928,8.6256655,71.686
190.933,314.009,706297.860,954031.910,76.8746959,8.6261933,78.538
190.973,344.229,706297.900,954062.130,76.8746976,8.6264665,82.753
190.993,137.579,706297.920,953855.480,76.8746885,8.6245983,69.963
191.053,332.759,706297.980,954050.660,76.8746978,8.6263628,81.156
191.093,455.569,706298.020,954173.470,76.8747036,8.6274731,84.751
191.113,463.749,706298.040,954181.650,76.8747042,8.6275470,82.890
191.233,114.629,706298.160,953832.530,76.8746897,8.6243909,69.697
191.233,132.459,706298.160,953850.360,76.8746905,8.6245520,69.548
191.233,142.379,706298.160,953860.280,76.8746909,8.6246417,70.742
191.333,461.399,706298.260,954179.300,76.8747061,8.6275258,83.548
191.493,455.889,706298.420,954173.790,76.8747073,8.6274760,84.593
191.663,84.539,706298.590,953802.440,76.8746923,8.6241188,68.880
191.713,447.859,706298.640,954165.760,76.8747089,8.6274034,85.279
191.733,152.639,706298.660,953870.540,76.8746959,8.6247345,70.477
191.823,309.189,706298.750,954027.090,76.8747037,8.6261497,78.443
191.913,417.149,706298.840,954135.050,76.8747094,8.6271257,85.938
191.963,204.199,706298.890,953922.100,76.8747003,8.6252006,71.234
192.083,450.629,706299.010,954168.530,76.8747124,8.6274284,85.102
192.103,289.389,706299.030,954007.290,76.8747054,8.6259707,75.360
192.113,448.929,706299.040,954166.830,76.8747126,8.6274130,85.157
192.133,451.509,706299.060,954169.410,76.8747129,8.6274363,85.163
192.153,144.459,706299.080,953862.360,76.8746994,8.6246605,70.795
192.193,450.089,706299.120,954167.990,76.8747134,8.6274235,85.123
192.193,450.099,706299.120,954168.000,76.8747134,8.6274236,85.124
192.263,267.449,706299.190,953985.350,76.8747059,8.6257724,71.874
192.393,257.979,706299.320,953975.880,76.8747066,8.6256867,71.799
192.423,199.149,706299.350,953917.050,76.8747043,8.6251549,71.017
192.493,305.309,706299.420,954023.210,76.8747096,8.6261146,75.872
192.613,330.019,706299.540,954047.920,76.8747118,8.6263380,79.038
192.823,208.209,706299.750,953926.110,76.8747083,8.6252368,71.249
192.923,318.489,706299.850,954036.390,76.8747141,8.6262338,78.588
192.933,191.809,706299.860,953909.710,76.8747086,8.6250885,70.835
193.003,449.789,706299.930,954167.690,76.8747207,8.6274208,84.813
193.043,249.509,706299.970,953967.410,76.8747121,8.6256101,71.680
193.053,253.059,706299.980,953970.960,76.8747124,8.6256422,71.539
193.073,300.849,706300.000,954018.750,76.8747147,8.6260743,75.662
193.203,449.749,706300.130,954167.650,76.8747225,8.6274204,84.826
193.283,245.449,706300.210,953963.350,76.8747141,8.6255734,71.588
193.293,100.389,706300.220,953818.290,76.8747078,8.6242620,69.284
193.563,408.839,706300.490,954126.740,76.8747240,8.6270505,85.446
193.593,348.449,706300.520,954066.350,76.8747216,8.6265046,82.936
193.683,156.619,706300.610,953874.520,76.8747138,8.6247704,70.267
193.693,279.159,706300.620,953997.060,76.8747194,8.6258782,72.738
193.773,279.199,706300.700,953997.100,76.8747201,8.6258785,73.340
193.793,314.019,706300.720,954031.920,76.8747218,8.6261933,78.501
193.823,242.129,706300.750,953960.030,76.8747189,8.6255434,71.676
194.123,465.549,706301.050,954183.450,76.8747316,8.6275632,82.246
194.243,378.849,706301.170,954096.750,76.8747288,8.6267794,87.930
194.303,156.649,706301.230,953874.550,76.8747194,8.6247706,70.176
194.313,237.219,706301.240,953955.120,76.8747231,8.6254990,71.731
194.323,398.909,706301.250,954116.810,76.8747304,8.6269607,85.329
194.473,296.289,706301.400,954014.190,76.8747272,8.6260330,75.498
194.623,184.629,706301.550,953902.530,76.8747236,8.6250235,70.730
194.823,286.879,706301.750,954004.780,76.8747300,8.6259479,75.209
195.013,323.199,706301.940,954041.100,76.8747333,8.6262762,78.627
195.123,145.859,706302.050,953863.760,76.8747264,8.6246730,70.597
195.153,393.259,706302.080,954111.160,76.8747377,8.6269096,85.586
195.183,212.619,706302.110,953930.520,76.8747299,8.6252766,71.264
195.273,194.989,706302.200,953912.890,76.8747300,8.6251172,70.954
195.283,378.759,706302.210,954096.660,76.8747383,8.6267785,86.993
195.333,244.929,706302.260,953962.830,76.8747327,8.6255686,71.582
195.423,396.789,706302.350,954114.690,76.8747403,8.6269415,85.385
195.443,437.389,706302.370,954155.290,76.8747423,8.6273085,84.774
195.473,307.759,706302.400,954025.660,76.8747368,8.6261366,78.444
195.583,317.469,706302.510,954035.370,76.8747382,8.6262244,78.588
195.633,291.689,706302.560,954009.590,76.8747376,8.6259914,75.430
195.683,408.079,706302.610,954125.980,76.8747432,8.6270436,84.041
195.683,465.359,706302.610,954183.260,76.8747458,8.6275614,81.931
195.763,282.959,706302.690,954000.860,76.8747383,8.6259124,74.243
195.973,89.619,706302.900,953807.520,76.8747316,8.6241645,68.905
195.993,93.829,706302.920,953811.730,76.8747320,8.6242026,69.123
196.003,305.249,706302.930,954023.150,76.8747415,8.6261139,75.605
196.133,425.539,706303.060,954143.440,76.8747481,8.6272014,84.397
196.233,159.499,706303.160,953877.400,76.8747371,8.6247963,70.362
196.293,386.199,706303.220,954104.100,76.8747478,8.6268457,85.758
196.363,435.239,706303.290,954153.140,76.8747506,8.6272891,84.541
196.433,332.619,706303.360,954050.520,76.8747466,8.6263613,80.229
196.463,447.539,706303.390,954165.440,76.8747520,8.6274003,83.512
196.523,382.189,706303.450,954100.090,76.8747497,8.6268095,85.811
196.573,470.609,706303.500,954188.510,76.8747541,8.6276088,82.886
196.643,82.549,706303.570,953800.450,76.8747374,8.6241006,68.900
196.863,434.249,706303.790,954152.150,76.8747551,8.6272801,84.430
196.883,328.779,706303.810,954046.680,76.8747506,8.6263266,78.801
196.943,342.909,706303.870,954060.810,76.8747517,8.6264543,82.556
196.953,443.159,706303.880,954161.060,76.8747563,8.6273606,83.979
197.113,427.349,706304.040,954145.250,76.8747570,8.6272177,84.353
197.153,364.059,706304.080,954081.960,76.8747546,8.6266455,86.404
197.333,312.429,706304.260,954030.330,76.8747539,8.6261788,78.600
197.393,317.989,706304.320,954035.890,76.8747547,8.6262290,78.635
197.523,99.259,706304.450,953817.160,76.8747461,8.6242516,69.238
197.543,217.029,706304.470,953934.930,76.8747516,8.6253163,71.278
197.583,417.389,706304.510,954135.290,76.8747609,8.6271276,84.250
197.653,188.559,706304.580,953906.460,76.8747513,8.6250589,71.030
197.653,421.909,706304.580,954139.810,76.8747617,8.6271685,84.270
197.723,105.049,706304.650,953822.950,76.8747482,8.6243040,69.475
197.793,447.229,706304.720,954165.130,76.8747641,8.6273974,83.463
197.803,447.259,706304.730,954165.160,76.8747642,8.6273977,83.453
197.883,377.589,706304.810,954095.490,76.8747618,8.6267678,85.435
197.943,409.139,706304.870,954127.040,76.8747638,8.6270530,83.757
198.043,352.419,706304.970,954070.320,76.8747622,8.6265403,82.681
198.063,321.849,706304.990,954039.750,76.8747610,8.6262639,78.646
198.103,163.929,706305.030,953881.830,76.8747543,8.6248362,70.465
198.103,381.889,706305.030,954099.790,76.8747640,8.6268067,85.583
198.113,163.939,706305.040,953881.840,76.8747544,8.6248363,69.916
198.113,172.769,706305.040,953890.670,76.8747548,8.6249162,70.492
198.293,455.539,706305.220,954173.440,76.8747690,8.6274725,81.685
198.343,177.769,706305.270,953895.670,76.8747571,8.6249614,70.595
198.363,148.349,706305.290,953866.250,76.8747560,8.6246954,70.556
198.383,451.089,706305.310,954168.990,76.8747696,8.6274323,82.529
198.633,414.799,706305.560,954132.700,76.8747703,8.6271042,83.752
198.653,308.639,706305.580,954026.540,76.8747657,8.6261445,75.320
198.663,115.629,706305.590,953833.530,76.8747572,8.6243996,69.532
198.763,155.529,706305.690,953873.430,76.8747599,8.6247603,70.378
198.773,296.899,706305.700,954014.800,76.8747663,8.6260383,75.374
198.883,272.759,706305.810,953990.660,76.8747662,8.6258201,71.806
198.983,370.049,706305.910,954087.950,76.8747715,8.6266996,85.479
198.993,291.229,706305.920,954009.130,76.8747681,8.6259870,75.156
199.003,407.229,706305.930,954125.130,76.8747733,8.6270357,83.261
199.033,347.379,706305.960,954065.280,76.8747709,8.6264947,82.702
199.133,159.089,706306.060,953876.990,76.8747634,8.6247924,70.361
199.193,285.719,706306.120,954003.620,76.8747696,8.6259372,74.268
199.263,363.289,706306.190,954081.190,76.8747737,8.6266385,85.400
199.273,250.209,706306.200,953968.110,76.8747688,8.6256162,71.968
199.283,166.809,706306.210,953884.710,76.8747651,8.6248622,70.361
199.283,459.809,706306.210,954177.710,76.8747782,8.6275111,81.122
199.423,316.149,706306.350,954034.050,76.8747731,8.6262123,78.637
199.453,92.769,706306.380,953810.670,76.8747634,8.6241929,68.966
199.503,143.949,706306.430,953861.850,76.8747661,8.6246556,70.741
199.603,387.539,706306.530,954105.440,76.8747779,8.6268577,84.520
199.803,336.619,706306.730,954054.520,76.8747774,8.6263974,82.421
200.113,183.159,706307.040,953901.060,76.8747734,8.6250100,70.698
200.193,353.089,706307.120,954070.990,76.8747817,8.6265462,82.685
200.213,265.199,706307.140,953983.100,76.8747780,8.6257517,71.737
200.343,382.719,706307.270,954100.620,76.8747844,8.6268141,84.378
200.363,111.279,706307.290,953829.180,76.8747725,8.6243602,69.470
200.383,326.439,706307.310,954044.340,76.8747822,8.6263053,78.712
200.383,361.599,706307.310,954079.500,76.8747838,8.6266232,83.806
200.413,361.409,706307.340,954079.310,76.8747841,8.6266214,84.607
200.643,401.839,706307.570,954119.740,76.8747880,8.6269869,82.390
200.743,330.289,706307.670,954048.190,76.8747857,8.6263401,79.185
200.903,341.639,706307.830,954059.540,76.8747877,8.6264427,82.518
201.063,320.559,706307.990,954038.460,76.8747882,8.6262521,78.694
201.113,84.369,706308.040,953802.270,76.8747781,8.6241169,68.974
201.383,98.899,706308.310,953816.800,76.8747812,8.6242482,69.066
201.423,80.749,706308.350,953798.650,76.8747807,8.6240841,68.963
201.713,222.419,706308.640,953940.320,76.8747897,8.6253649,71.295
201.793,231.059,706308.720,953948.960,76.8747908,8.6254430,71.396
201.883,303.889,706308.810,954021.790,76.8747949,8.6261014,75.092
201.903,474.589,706308.830,954192.490,76.8748027,8.6276446,83.441
202.003,333.079,706308.930,954050.980,76.8747973,8.6263653,77.965
202.013,373.539,706308.940,954091.440,76.8747992,8.6267310,83.971
202.103,154.209,706309.030,953872.110,76.8747902,8.6247482,70.433
202.183,226.559,706309.110,953944.460,76.8747941,8.6254023,71.316
202.183,370.629,706309.110,954088.530,76.8748006,8.6267047,83.437
202.233,132.369,706309.160,953850.270,76.8747904,8.6245507,70.500
202.303,288.599,706309.230,954006.500,76.8747980,8.6259631,74.104
202.383,294.659,706309.310,954012.560,76.8747990,8.6260179,75.156
202.413,114.989,706309.340,953832.890,76.8747913,8.6243936,69.364
202.453,346.779,706309.380,954064.680,76.8748020,8.6264891,82.574
202.493,336.319,706309.420,954054.220,76.8748019,8.6263945,77.956
202.503,368.369,706309.430,954086.270,76.8748034,8.6266843,83.359
202.613,358.429,706309.540,954076.330,76.8748039,8.6265944,82.687
202.633,137.349,706309.560,953855.250,76.8747943,8.6245957,70.592
202.703,397.979,706309.630,954115.880,76.8748065,8.6269519,81.926
202.713,300.079,706309.640,954017.980,76.8748022,8.6260669,75.182
202.773,167.179,706309.700,953885.080,76.8747969,8.6248654,70.403
202.803,235.959,706309.730,953953.860,76.8748002,8.6254872,71.477
202.813,281.659,706309.740,953999.560,76.8748023,8.6259004,72.737
202.823,396.919,706309.750,954114.820,76.8748076,8.6269424,81.622
202.993,118.189,706309.920,953836.090,76.8747967,8.6244225,69.760
203.003,122.239,706309.930,953840.140,76.8747969,8.6244591,70.070
203.023,261.249,706309.950,953979.150,76.8748033,8.6257158,71.619
203.043,257.199,706309.970,953975.100,76.8748033,8.6256792,71.771
203.273,126.579,706310.200,953844.480,76.8747996,8.6244984,70.385
203.323,159.949,706310.250,953877.850,76.8748015,8.6248000,70.241
203.373,314.929,706310.300,954032.830,76.8748089,8.6262011,75.356
203.573,356.999,706310.500,954074.900,76.8748126,8.6265814,82.667
203.653,195.489,706310.580,953913.390,76.8748061,8.6251213,71.190
203.803,325.009,706310.730,954042.910,76.8748133,8.6262922,78.638
203.813,240.859,706310.740,953958.760,76.8748096,8.6255315,71.557
203.923,147.819,706310.850,953865.720,76.8748064,8.6246903,70.360
203.933,84.689,706310.860,953802.590,76.8748037,8.6241196,68.864
203.973,166.169,706310.900,953884.070,76.8748077,8.6248562,70.224
204.073,401.929,706311.000,954119.830,76.8748191,8.6269876,80.467
204.253,161.439,706311.180,953879.340,76.8748100,8.6248135,70.342
204.553,460.429,706311.480,954178.330,76.8748261,8.6275164,80.144
204.593,142.739,706311.520,953860.640,76.8748123,8.6246444,70.684
204.653,391.519,706311.580,954109.420,76.8748239,8.6268935,81.169
204.673,383.629,706311.600,954101.530,76.8748238,8.6268221,81.401
204.703,430.319,706311.630,954148.220,76.8748261,8.6272442,80.020
204.763,307.689,706311.690,954025.590,76.8748212,8.6261356,75.262
204.823,245.749,706311.750,953963.650,76.8748190,8.6255756,71.638
204.973,331.789,706311.900,954049.690,76.8748242,8.6263535,77.175
205.023,421.319,706311.950,954139.220,76.8748286,8.6271628,79.770
205.183,440.299,706312.110,954158.200,76.8748309,8.6273344,80.879
205.193,341.319,706312.120,954059.220,76.8748266,8.6264396,77.951
205.473,153.559,706312.400,953871.460,76.8748208,8.6247422,70.545
205.503,88.419,706312.430,953806.320,76.8748181,8.6241533,69.215
205.553,412.159,706312.480,954130.060,76.8748330,8.6270800,79.192
205.633,328.959,706312.560,954046.860,76.8748301,8.6263278,78.300
205.683,304.719,706312.610,954022.620,76.8748294,8.6261087,75.239
205.713,297.779,706312.640,954015.680,76.8748294,8.6260460,74.979
205.723,200.999,706312.650,953918.900,76.8748252,8.6251710,71.063
205.783,449.619,706312.710,954167.520,76.8748368,8.6274187,80.413
205.863,388.189,706312.790,954106.090,76.8748348,8.6268633,81.040
205.883,375.239,706312.810,954093.140,76.8748344,8.6267462,81.235
205.963,217.919,706312.890,953935.820,76.8748281,8.6253240,71.451
205.983,402.279,706312.910,954120.180,76.8748365,8.6269907,79.233
206.203,189.049,706313.130,953906.950,76.8748290,8.6250630,70.760
206.243,343.819,706313.170,954061.720,76.8748363,8.6264622,78.349
206.283,318.509,706313.210,954036.410,76.8748355,8.6262333,75.330
206.433,158.739,706313.360,953876.640,76.8748297,8.6247890,70.237
206.473,290.749,706313.400,954008.650,76.8748360,8.6259824,74.066
206.523,222.289,706313.450,953940.190,76.8748334,8.6253635,71.146
206.593,334.349,706313.520,954052.250,76.8748390,8.6263765,77.005
206.793,358.739,706313.720,954076.640,76.8748419,8.6265970,81.814
207.063,279.089,706313.990,953996.990,76.8748408,8.6258769,72.597
207.103,483.309,706314.030,954201.210,76.8748503,8.6277232,85.398
207.123,92.169,706314.050,953810.070,76.8748330,8.6241871,69.196
207.183,78.109,706314.110,953796.010,76.8748329,8.6240600,69.049
207.263,216.869,706314.190,953934.770,76.8748399,8.6253144,71.629
207.283,161.349,706314.210,953879.250,76.8748376,8.6248125,70.346
207.303,184.399,706314.230,953902.300,76.8748388,8.6250209,70.811
207.413,470.149,706314.340,954188.050,76.8748525,8.6276042,82.863
207.503,346.279,706314.430,954064.180,76.8748478,8.6264843,78.586
207.563,368.409,706314.490,954086.310,76.8748493,8.6266844,80.509
207.663,195.669,706314.590,953913.570,76.8748425,8.6251228,71.117
207.673,84.309,706314.600,953802.210,76.8748377,8.6241160,68.949
207.713,167.939,706314.640,953885.840,76.8748418,8.6248721,70.445
207.753,165.179,706314.680,953883.080,76.8748420,8.6248471,70.484
207.803,377.909,706314.730,954095.810,76.8748519,8.6267703,81.095
207.993,146.919,706314.920,953864.820,76.8748434,8.6246820,70.503
208.013,254.869,706314.940,953972.770,76.8748484,8.6256579,71.781
208.033,226.049,706314.960,953943.950,76.8748473,8.6253974,71.358
208.053,280.989,706314.980,953998.890,76.8748499,8.6258941,72.808
208.143,203.179,706315.070,953921.080,76.8748472,8.6251906,71.043
208.243,174.409,706315.170,953892.310,76.8748469,8.6249305,70.649
208.363,481.099,706315.290,954199.000,76.8748616,8.6277031,84.633
208.453,366.849,706315.380,954084.750,76.8748574,8.6266703,79.856
208.493,471.409,706315.420,954189.310,76.8748624,8.6276155,82.940
208.563,364.969,706315.490,954082.870,76.8748583,8.6266533,80.242
208.573,302.819,706315.500,954020.720,76.8748556,8.6260914,75.065
208.593,280.939,706315.520,953998.840,76.8748548,8.6258936,72.857
208.603,393.629,706315.530,954111.530,76.8748599,8.6269124,78.180
208.633,301.729,706315.560,954019.630,76.8748561,8.6260815,74.928
208.773,141.889,706315.700,953859.790,76.8748502,8.6246365,70.637
208.773,348.479,706315.700,954066.380,76.8748594,8.6265042,78.859
208.903,196.059,706315.830,953913.960,76.8748538,8.6251262,70.933
208.953,388.099,706315.880,954106.000,76.8748628,8.6268623,78.365
209.073,152.349,706316.000,953870.250,76.8748534,8.6247311,70.550
209.173,104.149,706316.100,953822.050,76.8748522,8.6242953,69.315
209.173,358.769,706316.100,954076.670,76.8748635,8.6265972,79.744
209.233,339.069,706316.160,954056.970,76.8748632,8.6264191,76.940
209.273,179.299,706316.200,953897.200,76.8748564,8.6249747,70.733
209.413,112.769,706316.340,953830.670,76.8748547,8.6243732,70.023
209.503,368.649,706316.430,954086.550,76.8748670,8.6266865,80.308
209.563,310.089,706316.490,954027.990,76.8748649,8.6261571,75.237
209.673,301.729,706316.600,954019.630,76.8748655,8.6260815,74.910
209.833,294.209,706316.760,954012.110,76.8748667,8.6260135,73.802
209.843,361.799,706316.770,954079.700,76.8748698,8.6266245,74.396
210.053,277.709,706316.980,953995.610,76.8748679,8.6258643,72.385
210.273,366.629,706317.200,954084.530,76.8748739,8.6266682,79.989
210.313,210.749,706317.240,953928.650,76.8748673,8.6252590,71.193
210.403,359.689,706317.330,954077.590,76.8748748,8.6266054,78.174
210.463,286.579,706317.390,954004.480,76.8748720,8.6259445,72.964
210.493,278.619,706317.420,953996.520,76.8748720,8.6258725,72.464
210.563,231.529,706317.490,953949.430,76.8748705,8.6254468,71.621
210.623,109.239,706317.550,953827.140,76.8748656,8.6243413,69.914
210.623,449.619,706317.550,954167.520,76.8748808,8.6274184,79.203
210.743,90.179,706317.670,953808.080,76.8748658,8.6241690,69.477
210.743,322.009,706317.670,954039.910,76.8748762,8.6262648,75.429
210.753,341.349,706317.680,954059.250,76.8748771,8.6264396,76.949
210.813,261.259,706317.740,953979.160,76.8748741,8.6257156,71.981
210.873,236.519,706317.800,953954.420,76.8748735,8.6254919,71.603
210.983,456.059,706317.910,954173.960,76.8748843,8.6274766,79.067
211.063,158.199,706317.990,953876.100,76.8748718,8.6247839,70.201
211.233,91.429,706318.160,953809.330,76.8748703,8.6241802,69.107
211.243,359.869,706318.170,954077.770,76.8748824,8.6266070,77.899
211.353,256.499,706318.280,953974.400,76.8748788,8.6256725,71.831
211.443,323.399,706318.370,954041.300,76.8748826,8.6262773,77.398
211.453,195.149,706318.380,953913.050,76.8748770,8.6251179,71.069
211.473,292.409,706318.400,954010.310,76.8748815,8.6259972,73.186
211.493,162.389,706318.420,953880.290,76.8748759,8.6248217,70.653
211.653,323.689,706318.580,954041.590,76.8748845,8.6262799,77.401
211.683,485.769,706318.610,954203.670,76.8748920,8.6277452,85.173
211.763,184.589,706318.690,953902.490,76.8748793,8.6250224,70.816
212.003,307.569,706318.930,954025.470,76.8748870,8.6261342,74.840
212.213,325.919,706319.140,954043.820,76.8748897,8.6263001,77.103
212.293,344.399,706319.220,954062.300,76.8748912,8.6264671,77.108
212.303,357.399,706319.230,954075.300,76.8748919,8.6265847,77.160
212.333,326.129,706319.260,954044.030,76.8748908,8.6263020,77.151
212.423,146.589,706319.350,953864.490,76.8748836,8.6246788,70.640
212.433,225.429,706319.360,953943.330,76.8748872,8.6253916,71.775
212.503,459.859,706319.430,954177.760,76.8748983,8.6275109,79.300
212.543,200.269,706319.470,953918.170,76.8748871,8.6251641,71.154
212.583,190.939,706319.510,953908.840,76.8748870,8.6250798,71.186
212.613,124.849,706319.540,953842.750,76.8748844,8.6244823,69.890
212.643,376.029,706319.570,954093.930,76.8748958,8.6267531,77.875
212.673,476.519,706319.600,954194.420,76.8749006,8.6276615,83.780
212.713,75.829,706319.640,953793.730,76.8748831,8.6240391,69.120
212.783,120.139,706319.710,953838.040,76.8748857,8.6244397,69.893
212.953,159.779,706319.880,953877.680,76.8748890,8.6247981,70.377
213.063,130.199,706319.990,953848.100,76.8748887,8.6245306,69.976
213.113,151.519,706320.040,953869.420,76.8748901,8.6247234,70.752
213.143,265.569,706320.070,953983.470,76.8748954,8.6257544,72.007
213.213,260.329,706320.140,953978.230,76.8748958,8.6257071,71.973
213.233,252.799,706320.160,953970.700,76.8748957,8.6256390,71.717
213.233,396.799,706320.160,954114.700,76.8749021,8.6269408,77.322
213.243,252.799,706320.170,953970.700,76.8748958,8.6256390,71.716
213.263,280.479,706320.190,953998.380,76.8748972,8.6258892,72.808
213.363,115.389,706320.290,953833.290,76.8748907,8.6243967,69.977
213.433,99.979,706320.360,953817.880,76.8748907,8.6242574,69.179
213.433,276.759,706320.360,953994.660,76.8748986,8.6258556,72.554
213.463,305.929,706320.390,954023.830,76.8749002,8.6261193,74.947
213.463,314.329,706320.390,954032.230,76.8749005,8.6261952,75.289
213.503,478.489,706320.430,954196.390,76.8749082,8.6276793,84.037
213.513,304.829,706320.440,954022.730,76.8749006,8.6261094,75.039
213.543,81.299,706320.470,953799.200,76.8748909,8.6240886,69.079
213.553,80.979,706320.480,953798.880,76.8748909,8.6240857,69.061
213.623,409.859,706320.550,954127.760,76.8749062,8.6270589,77.608
213.703,288.869,706320.630,954006.770,76.8749016,8.6259651,73.039
213.793,203.659,706320.720,953921.560,76.8748986,8.6251947,71.283
213.863,331.469,706320.790,954049.370,76.8749049,8.6263502,76.930
213.923,243.479,706320.850,953961.380,76.8749015,8.6255547,71.644
214.103,88.039,706321.030,953805.940,76.8748963,8.6241495,68.999
214.263,288.949,706321.190,954006.850,76.8749067,8.6259658,73.070
214.303,268.739,706321.230,953986.640,76.8749061,8.6257830,71.937
214.303,373.639,706321.230,954091.540,76.8749108,8.6267314,76.938
214.393,228.629,706321.320,953946.530,76.8749052,8.6254204,71.739
214.443,293.589,706321.370,954011.490,76.8749085,8.6260077,73.191
214.443,348.279,706321.370,954066.180,76.8749109,8.6265021,77.669
214.543,420.619,706321.470,954138.520,76.8749151,8.6271561,77.842
214.633,309.069,706321.560,954026.970,76.8749109,8.6261476,74.982
214.643,363.579,706321.570,954081.480,76.8749134,8.6266404,75.837
214.693,369.019,706321.620,954086.920,76.8749141,8.6266896,76.832
214.703,391.979,706321.630,954109.880,76.8749153,8.6268972,77.304
214.743,264.579,706321.670,953982.480,76.8749099,8.6257454,71.979
214.773,402.839,706321.700,954120.740,76.8749164,8.6269953,77.380
214.793,297.249,706321.720,954015.150,76.8749118,8.6260408,73.463
214.793,413.099,706321.720,954131.000,76.8749170,8.6270881,77.602
214.943,157.739,706321.870,953875.640,76.8749070,8.6247795,70.210
214.993,431.399,706321.920,954149.300,76.8749196,8.6272535,77.910
215.193,315.949,706322.120,954033.850,76.8749163,8.6262098,75.374
215.353,464.109,706322.280,954182.010,76.8749244,8.6275492,80.026
215.363,107.519,706322.290,953825.420,76.8749086,8.6243255,69.977
215.393,422.189,706322.320,954140.090,76.8749229,8.6271702,77.809
215.403,288.649,706322.330,954006.550,76.8749170,8.6259630,72.699
215.493,161.349,706322.420,953879.250,76.8749121,8.6248121,69.858
215.523,360.519,706322.450,954078.420,76.8749213,8.6266127,76.173
215.903,134.969,706322.830,953852.870,76.8749147,8.6245736,70.036
215.993,454.699,706322.920,954172.600,76.8749298,8.6274641,78.560
216.043,166.419,706322.970,953884.320,76.8749174,8.6248580,70.367
216.173,481.089,706323.100,954198.990,76.8749326,8.6277027,84.112
216.313,430.079,706323.240,954147.980,76.8749316,8.6272415,77.909
216.363,151.229,706323.290,953869.130,76.8749196,8.6247206,70.868
216.513,318.959,706323.440,954036.860,76.8749284,8.6262370,75.377
216.523,275.969,706323.450,953993.870,76.8749266,8.6258483,74.625
216.533,283.979,706323.460,954001.880,76.8749271,8.6259207,72.539
216.543,271.989,706323.470,953989.890,76.8749266,8.6258123,71.992
216.613,189.569,706323.540,953907.470,76.8749236,8.6250672,71.198
216.663,279.219,706323.590,953997.120,76.8749280,8.6258777,72.769
216.673,169.489,706323.600,953887.390,76.8749232,8.6248857,70.509
216.803,111.269,706323.730,953829.170,76.8749218,8.6243593,69.986
216.813,337.869,706323.740,954055.770,76.8749320,8.6264079,76.918
216.823,301.259,706323.750,954019.160,76.8749305,8.6260769,74.208
216.873,357.849,706323.800,954075.750,76.8749334,8.6265885,75.627
216.913,203.529,706323.840,953921.430,76.8749269,8.6251934,71.325
216.923,182.929,706323.850,953900.830,76.8749261,8.6250072,70.865
216.923,323.959,706323.850,954041.860,76.8749324,8.6262821,76.310
216.983,302.229,706323.910,954020.130,76.8749320,8.6260857,74.320
216.993,491.449,706323.920,954209.350,76.8749405,8.6277963,85.663
217.003,185.129,706323.930,953903.030,76.8749269,8.6250271,70.906
217.023,262.529,706323.950,953980.430,76.8749306,8.6257268,71.863
217.033,234.699,706323.960,953952.600,76.8749294,8.6254752,71.769
217.043,270.569,706323.970,953988.470,76.8749311,8.6257995,71.828
217.043,283.479,706323.970,954001.380,76.8749317,8.6259162,72.787
217.043,353.209,706323.970,954071.110,76.8749348,8.6265466,77.130
217.053,270.589,706323.980,953988.490,76.8749312,8.6257997,71.853
217.073,174.399,706324.000,953892.300,76.8749271,8.6249301,70.577
217.173,484.679,706324.100,954202.580,76.8749418,8.6277351,84.235
217.243,296.799,706324.170,954014.700,76.8749341,8.6260366,73.275
217.273,238.769,706324.200,953956.670,76.8749318,8.6255120,71.796
217.413,252.099,706324.340,953970.000,76.8749336,8.6256325,72.016
217.453,128.819,706324.380,953846.720,76.8749285,8.6245180,70.175
217.523,291.669,706324.450,954009.570,76.8749364,8.6259902,73.142
217.553,199.399,706324.480,953917.300,76.8749326,8.6251560,71.148
217.613,73.469,706324.540,953791.370,76.8749275,8.6240176,69.196
217.623,437.609,706324.550,954155.510,76.8749438,8.6273096,78.148
217.683,287.699,706324.610,954005.600,76.8749377,8.6259543,72.895
217.743,91.609,706324.670,953809.510,76.8749295,8.6241816,69.275
217.743,95.859,706324.670,953813.760,76.8749297,8.6242200,69.297
217.793,314.129,706324.720,954032.030,76.8749399,8.6261932,75.080
217.803,79.809,706324.730,953797.710,76.8749295,8.6240749,69.226
217.903,321.049,706324.830,954038.950,76.8749412,8.6262558,75.651
218.023,265.459,706324.950,953983.360,76.8749398,8.6257532,71.903
218.043,354.389,706324.970,954072.290,76.8749439,8.6265572,77.373
218.073,315.319,706325.000,954033.220,76.8749424,8.6262040,75.139
218.093,89.529,706325.020,953807.430,76.8749326,8.6241628,69.163
218.223,177.869,706325.150,953895.770,76.8749377,8.6249614,70.902
218.243,190.599,706325.170,953908.500,76.8749384,8.6250765,70.987
218.273,323.239,706325.200,954041.140,76.8749446,8.6262756,76.085
218.373,117.829,706325.300,953835.730,76.8749364,8.6244186,70.149
218.393,219.739,706325.320,953937.640,76.8749411,8.6253399,71.629
218.393,223.399,706325.320,953941.300,76.8749413,8.6253730,71.539
218.403,107.029,706325.330,953824.930,76.8749362,8.6243209,70.056
218.453,213.579,706325.380,953931.480,76.8749414,8.6252842,71.649
218.503,314.659,706325.430,954032.560,76.8749463,8.6261980,75.223
218.523,256.339,706325.450,953974.240,76.8749439,8.6256708,71.968
218.573,156.799,706325.500,953874.700,76.8749399,8.6247709,70.247
218.633,276.969,706325.560,953994.870,76.8749458,8.6258573,72.739
218.653,138.999,706325.580,953856.900,76.8749399,8.6246100,70.829
218.653,227.969,706325.580,953945.870,76.8749438,8.6254143,71.405
218.713,329.229,706325.640,954047.130,76.8749489,8.6263297,76.744
218.783,325.949,706325.710,954043.850,76.8749494,8.6263001,76.339
218.813,193.169,706325.740,953911.070,76.8749437,8.6250997,71.174
218.823,401.659,706325.750,954119.560,76.8749531,8.6269845,77.166
218.833,193.139,706325.760,953911.040,76.8749439,8.6250994,71.151
218.993,240.789,706325.920,953958.690,76.8749475,8.6255302,71.378
219.013,344.069,706325.940,954061.970,76.8749523,8.6264639,77.087
219.013,358.559,706325.940,954076.460,76.8749529,8.6265948,75.964
219.033,441.229,706325.960,954159.130,76.8749568,8.6273422,78.331
219.043,240.829,706325.970,953958.730,76.8749479,8.6255305,71.520
219.063,277.579,706325.990,953995.480,76.8749498,8.6258628,72.709
219.153,308.529,706326.080,954026.430,76.8749520,8.6261426,74.570
219.183,84.729,706326.110,953802.630,76.8749422,8.6241193,69.158
219.183,469.879,706326.110,954187.780,76.8749594,8.6276012,80.360
219.353,312.399,706326.280,954030.300,76.8749539,8.6261775,74.734
219.383,205.629,706326.310,953923.530,76.8749495,8.6252123,71.161
219.563,305.859,706326.490,954023.760,76.8749556,8.6261184,74.185
219.603,497.859,706326.530,954215.760,76.8749645,8.6278541,86.813
219.613,351.949,706326.540,954069.850,76.8749581,8.6265351,77.105
219.653,181.709,706326.580,953899.610,76.8749508,8.6249960,71.105
219.713,160.149,706326.640,953878.050,76.8749504,8.6248011,70.553
219.713,181.649,706326.640,953899.550,76.8749514,8.6249955,70.558
219.743,316.749,706326.670,954034.650,76.8749577,8.6262168,75.271
219.893,77.129,706326.820,953795.030,76.8749484,8.6240506,68.881
219.893,444.169,706326.820,954162.070,76.8749647,8.6273688,78.378
220.063,89.789,706326.990,953807.690,76.8749505,8.6241650,69.731
220.083,317.309,706327.010,954035.210,76.8749608,8.6262219,75.285
220.113,134.179,706327.040,953852.080,76.8749529,8.6245663,70.332
220.153,123.469,706327.080,953841.370,76.8749528,8.6244695,70.282
220.153,380.319,706327.080,954098.220,76.8749642,8.6267915,76.866
220.153,470.739,706327.080,954188.640,76.8749683,8.6276089,80.352
220.433,317.689,706327.360,954035.590,76.8749640,8.6262253,75.294
220.463,286.159,706327.390,954004.060,76.8749629,8.6259403,72.919
220.503,188.899,706327.430,953906.800,76.8749589,8.6250610,71.355
220.523,305.489,706327.450,954023.390,76.8749643,8.6261150,74.157
220.623,290.319,706327.550,954008.220,76.8749645,8.6259779,73.093
220.633,168.549,706327.560,953886.450,76.8749592,8.6248770,70.727
220.693,144.069,706327.620,953861.970,76.8749586,8.6246557,71.011
220.813,367.529,706327.740,954085.430,76.8749697,8.6266759,76.178
220.893,318.079,706327.820,954035.980,76.8749682,8.6262288,75.275
220.913,321.309,706327.840,954039.210,76.8749685,8.6262580,75.477
220.963,295.319,706327.890,954013.220,76.8749678,8.6260230,73.152
221.003,480.119,706327.930,954198.020,76.8749764,8.6276937,83.349
221.053,203.439,706327.980,953921.340,76.8749645,8.6251924,71.223
221.063,302.189,706327.990,954020.090,76.8749690,8.6260852,74.081
221.183,336.499,706328.110,954054.400,76.8749716,8.6263953,76.796
221.263,84.859,706328.190,953802.760,76.8749611,8.6241204,69.377
221.283,450.069,706328.210,954167.970,76.8749776,8.6274220,78.516
221.373,318.319,706328.300,954036.220,76.8749726,8.6262310,75.237
221.473,367.359,706328.400,954085.260,76.8749757,8.6266743,76.261
221.483,173.839,706328.410,953891.740,76.8749671,8.6249248,70.762
221.493,290.669,706328.420,954008.570,76.8749724,8.6259810,73.149
221.503,207.859,706328.430,953925.760,76.8749688,8.6252323,71.327
221.613,103.189,706328.540,953821.090,76.8749651,8.6242861,70.127
221.623,318.359,706328.550,954036.260,76.8749748,8.6262313,75.234
221.673,380.629,706328.600,954098.530,76.8749781,8.6267943,76.709
221.783,318.539,706328.710,954036.440,76.8749763,8.6262329,75.202
221.883,84.659,706328.810,953802.560,76.8749668,8.6241186,69.280
222.003,184.599,706328.930,953902.500,76.8749723,8.6250220,71.312
222.063,318.479,706328.990,954036.380,76.8749788,8.6262324,75.180
222.173,279.779,706329.100,953997.680,76.8749781,8.6258825,72.594
222.213,448.799,706329.140,954166.700,76.8749860,8.6274105,78.498
222.353,257.809,706329.280,953975.710,76.8749788,8.6256839,71.788
222.413,487.399,706329.340,954205.300,76.8749896,8.6277595,84.037
222.433,480.809,706329.360,954198.710,76.8749894,8.6276999,83.382
222.473,318.569,706329.400,954036.470,76.8749826,8.6262332,75.135
222.563,272.449,706329.490,953990.350,76.8749813,8.6258162,72.133
222.623,79.539,706329.550,953797.440,76.8749733,8.6240722,69.204
222.633,252.089,706329.560,953969.990,76.8749811,8.6256322,71.983
222.653,79.579,706329.580,953797.480,76.8749735,8.6240726,69.198
222.683,381.769,706329.610,954099.670,76.8749873,8.6268045,76.624
222.873,461.079,706329.800,954178.980,76.8749926,8.6275215,78.801
222.923,451.789,706329.850,954169.690,76.8749926,8.6274375,78.775
222.993,275.099,706329.920,953993.000,76.8749853,8.6258402,72.456
223.013,159.379,706329.940,953877.280,76.8749804,8.6247940,70.529
223.023,497.699,706329.950,954215.600,76.8749956,8.6278526,86.592
223.063,190.119,706329.990,953908.020,76.8749822,8.6250719,71.342
223.123,276.539,706330.050,953994.440,76.8749866,8.6258532,72.579
223.213,349.039,706330.140,954066.940,76.8749906,8.6265086,77.207
223.273,318.239,706330.200,954036.140,76.8749898,8.6262302,75.112
223.293,70.929,706330.220,953788.830,76.8749790,8.6239944,69.391
223.333,76.429,706330.260,953794.330,76.8749796,8.6240441,69.063
223.343,327.089,706330.270,954044.990,76.8749908,8.6263102,75.337
223.353,460.139,706330.280,954178.040,76.8749969,8.6275130,78.828
223.463,321.419,706330.390,954039.320,76.8749917,8.6262589,75.160
223.483,89.969,706330.410,953807.870,76.8749815,8.6241665,69.962
223.593,342.119,706330.520,954060.020,76.8749938,8.6264460,76.913
223.623,420.139,706330.550,954138.040,76.8749975,8.6271514,77.534
223.713,321.169,706330.640,954039.070,76.8749939,8.6262566,75.144
223.723,411.649,706330.650,954129.550,76.8749981,8.6270746,77.281
223.763,301.139,706330.690,954019.040,76.8749935,8.6260755,74.187
223.873,317.999,706330.800,954035.900,76.8749953,8.6262280,75.050
223.883,125.999,706330.810,953843.900,76.8749868,8.6244922,70.752
224.013,428.529,706330.940,954146.430,76.8750015,8.6272272,77.867
224.063,120.999,706330.990,953838.900,76.8749882,8.6244470,70.648
224.083,310.919,706331.010,954028.820,76.8749968,8.6261639,74.204
224.183,401.369,706331.110,954119.270,76.8750018,8.6269816,76.850
224.213,238.909,706331.140,953956.810,76.8749948,8.6255129,71.703
224.233,115.999,706331.160,953833.900,76.8749895,8.6244018,70.544
224.363,307.829,706331.290,954025.730,76.8749993,8.6261360,74.109
224.413,110.999,706331.340,953828.900,76.8749909,8.6243566,70.440
224.523,218.599,706331.450,953936.500,76.8749967,8.6253293,71.629
224.573,196.699,706331.500,953914.600,76.8749962,8.6251313,71.284
224.573,262.869,706331.500,953980.770,76.8749992,8.6257295,71.996
224.573,288.529,706331.500,954006.430,76.8750003,8.6259615,73.049
224.583,106.009,706331.510,953823.910,76.8749923,8.6243114,70.336
224.643,85.219,706331.570,953803.120,76.8749919,8.6241235,69.841
224.733,476.049,706331.660,954193.950,76.8750101,8.6276568,81.503
224.773,322.899,706331.700,954040.800,76.8750037,8.6262722,75.377
224.783,322.919,706331.710,954040.820,76.8750037,8.6262724,75.375
224.813,99.349,706331.740,953817.250,76.8749940,8.6242512,70.197
224.813,236.099,706331.740,953954.000,76.8750001,8.6254875,71.637
224.863,202.709,706331.790,953920.610,76.8749991,8.6251856,71.330
224.933,413.529,706331.860,954131.430,76.8750091,8.6270915,77.501
224.973,167.789,706331.900,953885.690,76.8749985,8.6248699,70.934
225.063,323.099,706331.990,954041.000,76.8750063,8.6262740,75.260
225.083,392.079,706332.010,954109.980,76.8750096,8.6268976,76.616
225.093,247.049,706332.020,953964.950,76.8750032,8.6255865,71.968
225.113,418.589,706332.040,954136.490,76.8750110,8.6271373,77.403
225.263,131.389,706332.190,953849.290,76.8749996,8.6245409,70.856
225.353,394.869,706332.280,954112.770,76.8750121,8.6269228,76.694
225.463,222.809,706332.390,953940.710,76.8750055,8.6253673,71.662
225.633,81.479,706332.560,953799.380,76.8750007,8.6240896,69.874
225.663,279.269,706332.590,953997.170,76.8750098,8.6258777,72.523
225.733,272.199,706332.660,953990.100,76.8750101,8.6258138,72.355
225.853,188.349,706332.780,953906.250,76.8750075,8.6250558,71.361
225.903,237.219,706332.830,953955.120,76.8750101,8.6254976,71.276
225.933,477.759,706332.860,954195.660,76.8750211,8.6276722,81.518
225.953,384.579,706332.880,954102.480,76.8750171,8.6268298,76.501
226.113,436.009,706333.040,954153.910,76.8750209,8.6272947,78.083
226.123,291.309,706333.050,954009.210,76.8750145,8.6259866,72.909
226.223,398.989,706333.150,954116.890,76.8750202,8.6269600,76.884
226.253,398.969,706333.180,954116.870,76.8750205,8.6269598,76.730
226.263,398.939,706333.190,954116.840,76.8750206,8.6269596,76.736
226.293,78.909,706333.220,953796.810,76.8750066,8.6240664,69.936
226.313,78.909,706333.240,953796.810,76.8750068,8.6240664,69.911
226.313,202.969,706333.240,953920.870,76.8750123,8.6251879,71.353
226.333,334.049,706333.260,954051.950,76.8750183,8.6263729,75.378
226.403,433.399,706333.330,954151.300,76.8750234,8.6272711,78.223
226.413,172.889,706333.340,953890.790,76.8750119,8.6249160,71.195
226.433,214.689,706333.360,953932.590,76.8750139,8.6252939,71.787
226.683,310.599,706333.610,954028.500,76.8750205,8.6261609,74.222
226.683,452.059,706333.610,954169.960,76.8750268,8.6274398,78.693
226.723,240.539,706333.650,953958.440,76.8750177,8.6255276,71.732
226.753,346.929,706333.680,954064.830,76.8750227,8.6264894,77.002
226.813,367.819,706333.740,954085.720,76.8750242,8.6266782,75.935
226.873,376.139,706333.800,954094.040,76.8750251,8.6267534,76.247
226.913,457.989,706333.840,954175.890,76.8750291,8.6274934,78.901
226.973,191.339,706333.900,953909.240,76.8750178,8.6250828,71.578
227.013,267.479,706333.940,953985.380,76.8750215,8.6257711,71.898
227.023,487.709,706333.950,954205.610,76.8750314,8.6277621,83.555
227.053,192.759,706333.980,953910.660,76.8750186,8.6250956,71.153
227.213,501.839,706334.140,954219.740,76.8750338,8.6278898,87.584
227.313,275.729,706334.240,953993.630,76.8750246,8.6258457,72.424
227.613,178.659,706334.540,953896.560,76.8750230,8.6249681,71.436
227.663,494.819,706334.590,954212.720,76.8750376,8.6278263,85.424
227.703,466.489,706334.630,954184.390,76.8750367,8.6275702,79.254
227.703,466.709,706334.630,954184.610,76.8750367,8.6275722,79.252
227.783,347.659,706334.710,954065.560,76.8750321,8.6264959,75.502
227.793,460.129,706334.720,954178.030,76.8750372,8.6275127,78.987
227.813,296.659,706334.740,954014.560,76.8750301,8.6260349,74.217
227.883,151.069,706334.810,953868.970,76.8750242,8.6247187,71.681
227.893,338.179,706334.820,954056.080,76.8750327,8.6264102,75.386
228.013,95.509,706334.940,953813.410,76.8750229,8.6242164,70.268
228.053,73.839,706334.980,953791.740,76.8750223,8.6240205,69.826
228.063,503.469,706334.990,954221.370,76.8750416,8.6279045,87.677
228.123,323.029,706335.050,954040.930,76.8750341,8.6262732,75.233
228.193,276.039,706335.120,953993.940,76.8750326,8.6258484,72.440
228.253,347.809,706335.180,954065.710,76.8750364,8.6264973,74.271
228.283,382.269,706335.210,954100.170,76.8750382,8.6268088,76.432
228.293,243.009,706335.220,953960.910,76.8750321,8.6255498,71.581
228.323,208.779,706335.250,953926.680,76.8750308,8.6252404,71.526
228.383,259.329,706335.310,953977.230,76.8750336,8.6256974,71.867
228.593,480.619,706335.520,954198.520,76.8750454,8.6276979,82.038
228.683,286.599,706335.610,954004.500,76.8750375,8.6259439,72.778
228.703,234.879,706335.630,953952.780,76.8750354,8.6254763,71.680
228.753,358.069,706335.680,954075.970,76.8750414,8.6265900,75.838
228.793,69.189,706335.720,953787.090,76.8750289,8.6239784,69.701
228.903,204.179,706335.830,953922.080,76.8750359,8.6251988,71.167
229.033,277.839,706335.960,953995.740,76.8750403,8.6258647,72.535
229.053,503.479,706335.980,954221.380,76.8750506,8.6279045,88.004
229.203,267.699,706336.130,953985.600,76.8750414,8.6257730,71.993
229.323,252.139,706336.250,953970.040,76.8750418,8.6256323,72.118
229.383,440.339,706336.310,954158.240,76.8750508,8.6273337,78.574
229.393,440.339,706336.320,954158.240,76.8750509,8.6273337,78.572
229.413,252.239,706336.340,953970.140,76.8750426,8.6256332,72.162
229.443,444.239,706336.370,954162.140,76.8750515,8.6273690,78.562
229.513,411.459,706336.440,954129.360,76.8750507,8.6270726,77.970
229.523,134.139,706336.450,953852.040,76.8750384,8.6245655,71.374
229.593,218.509,706336.520,953936.410,76.8750428,8.6253283,71.698
229.653,195.549,706336.580,953913.450,76.8750423,8.6251207,71.285
229.683,323.179,706336.610,954041.080,76.8750483,8.6262745,75.255
229.703,352.649,706336.630,954070.550,76.8750498,8.6265409,75.384
229.733,71.799,706336.660,953789.700,76.8750375,8.6240019,69.708
229.793,355.699,706336.720,954073.600,76.8750507,8.6265685,75.800
229.853,318.049,706336.780,954035.950,76.8750496,8.6262281,74.716
229.893,174.349,706336.820,953892.250,76.8750435,8.6249290,71.904
229.913,312.859,706336.840,954030.760,76.8750499,8.6261812,74.499
230.023,313.849,706336.950,954031.750,76.8750509,8.6261902,74.529
230.033,476.759,706336.960,954194.660,76.8750583,8.6276629,80.114
230.123,368.859,706337.050,954086.760,76.8750543,8.6266875,76.418
230.153,421.679,706337.080,954139.580,76.8750569,8.6271650,78.363
230.233,313.469,706337.160,954031.370,76.8750528,8.6261867,74.628
230.283,344.919,706337.210,954062.820,76.8750547,8.6264710,75.400
230.313,221.819,706337.240,953939.720,76.8750495,8.6253582,71.370
230.363,120.559,706337.290,953838.460,76.8750454,8.6244427,70.527
230.363,483.929,706337.290,954201.830,76.8750616,8.6277277,82.320
230.373,403.529,706337.300,954121.430,76.8750581,8.6270009,77.574
230.403,246.059,706337.330,953963.960,76.8750514,8.6255773,71.640
230.413,429.889,706337.340,954147.790,76.8750597,8.6272392,78.692
230.433,375.819,706337.360,954093.720,76.8750574,8.6267504,76.306
230.503,382.069,706337.430,954099.970,76.8750583,8.6268069,76.558
230.603,329.109,706337.530,954047.010,76.8750569,8.6263281,75.346
230.673,75.989,706337.600,953793.890,76.8750462,8.6240398,70.156
230.793,234.059,706337.720,953951.960,76.8750544,8.6254688,71.640
230.843,508.459,706337.770,954226.360,76.8750671,8.6279495,88.509
230.883,427.719,706337.810,954145.620,76.8750638,8.6272196,79.202
230.903,299.139,706337.830,954017.040,76.8750583,8.6260571,74.218
230.933,388.149,706337.860,954106.050,76.8750625,8.6268618,77.091
230.983,482.629,706337.910,954200.530,76.8750672,8.6277160,82.116
231.003,482.599,706337.930,954200.500,76.8750674,8.6277157,82.117
231.033,181.109,706337.960,953899.010,76.8750542,8.6249901,71.557
231.053,80.979,706337.980,953798.880,76.8750499,8.6240849,70.221
231.083,432.939,706338.010,954150.840,76.8750659,8.6272667,79.336
231.093,145.509,706338.020,953863.410,76.8750531,8.6246683,71.600
231.123,262.959,706338.050,953980.860,76.8750587,8.6257300,72.174
231.173,490.729,706338.100,954208.630,76.8750693,8.6277892,83.867
231.213,412.819,706338.140,954130.720,76.8750662,8.6270848,78.777
231.383,188.399,706338.310,953906.300,76.8750577,8.6250560,71.470
231.383,450.879,706338.310,954168.780,76.8750694,8.6274289,78.660
231.443,85.959,706338.370,953803.860,76.8750537,8.6241299,70.286
231.453,357.399,706338.380,954075.300,76.8750659,8.6265838,76.029
231.543,274.809,706338.470,953992.710,76.8750630,8.6258372,72.368
231.563,320.159,706338.490,954038.060,76.8750652,8.6262471,74.755
231.583,470.529,706338.510,954188.430,76.8750721,8.6276065,79.376
231.673,243.259,706338.600,953961.160,76.8750628,8.6255519,71.592
231.693,71.409,706338.620,953789.310,76.8750553,8.6239983,70.091
231.743,311.559,706338.670,954029.460,76.8750665,8.6261694,74.324
231.793,353.589,706338.720,954071.490,76.8750688,8.6265494,75.752
231.823,90.949,706338.750,953808.850,76.8750573,8.6241750,70.351
232.033,320.139,706338.960,954038.040,76.8750695,8.6262469,74.653
232.053,295.019,706338.980,954012.920,76.8750685,8.6260198,74.255
232.263,404.039,706339.190,954121.940,76.8750753,8.6270054,79.159
232.293,225.669,706339.220,953943.570,76.8750676,8.6253929,71.283
232.333,313.529,706339.260,954031.430,76.8750719,8.6261872,74.334
232.493,106.259,706339.420,953824.160,76.8750641,8.6243134,70.309
232.493,320.219,706339.420,954038.120,76.8750737,8.6262476,74.653
232.543,225.829,706339.470,953943.730,76.8750699,8.6253943,71.240
232.563,143.399,706339.490,953861.300,76.8750664,8.6246491,71.721
232.593,203.119,706339.520,953921.020,76.8750693,8.6251890,71.131
232.653,156.079,706339.580,953873.980,76.8750678,8.6247637,71.804
232.693,164.039,706339.620,953881.940,76.8750685,8.6248357,71.641
232.713,437.199,706339.640,954155.100,76.8750809,8.6273052,78.927
232.733,291.879,706339.660,954009.780,76.8750746,8.6259914,73.996
232.743,240.699,706339.670,953958.600,76.8750724,8.6255287,71.634
232.773,515.299,706339.700,954233.200,76.8750849,8.6280112,91.744
232.893,469.109,706339.820,954187.010,76.8750839,8.6275936,79.408
232.933,502.039,706339.860,954219.940,76.8750858,8.6278913,87.012
232.993,320.209,706339.920,954038.110,76.8750782,8.6262475,74.616
233.123,242.169,706340.050,953960.070,76.8750759,8.6255420,71.584
233.283,173.239,706340.210,953891.140,76.8750743,8.6249188,71.779
233.303,511.949,706340.230,954229.850,76.8750896,8.6279809,89.372
233.313,457.609,706340.240,954175.510,76.8750872,8.6274897,78.751
233.433,393.799,706340.360,954111.700,76.8750855,8.6269128,77.361
233.483,254.759,706340.410,953972.660,76.8750797,8.6256558,71.849
233.543,206.739,706340.470,953924.640,76.8750781,8.6252217,71.474
233.553,322.099,706340.480,954040.000,76.8750834,8.6262646,75.307
233.563,184.009,706340.490,953901.910,76.8750773,8.6250162,71.595
233.603,275.499,706340.530,953993.400,76.8750817,8.6258433,72.375
233.603,320.279,706340.530,954038.180,76.8750837,8.6262481,74.617
233.613,441.689,706340.540,954159.590,76.8750893,8.6273457,79.095
233.653,629.409,706340.580,954347.310,76.8750980,8.6290428,100.000
233.713,215.929,706340.640,953933.830,76.8750801,8.6253048,71.559
233.753,196.629,706340.680,953914.530,76.8750796,8.6251303,71.227
233.793,266.659,706340.720,953984.560,76.8750831,8.6257634,72.294
233.803,452.189,706340.730,954170.090,76.8750914,8.6274406,78.985
233.893,343.419,706340.820,954061.320,76.8750874,8.6264573,74.862
234.113,101.019,706341.040,953818.920,76.8750786,8.6242659,70.478
234.113,320.519,706341.040,954038.420,76.8750884,8.6262503,74.615
234.173,239.259,706341.100,953957.160,76.8750853,8.6255157,71.645
234.233,627.199,706341.160,954345.100,76.8751032,8.6290228,100.074
234.293,244.209,706341.220,953962.110,76.8750866,8.6255604,71.500
234.513,320.889,706341.440,954038.790,76.8750920,8.6262536,74.570
234.543,443.269,706341.470,954161.170,76.8750978,8.6273600,79.612
234.553,335.269,706341.480,954053.170,76.8750930,8.6263836,75.266
234.683,503.459,706341.610,954221.360,76.8751017,8.6279041,87.354
234.793,309.339,706341.720,954027.240,76.8750941,8.6261492,74.275
234.833,156.949,706341.760,953874.850,76.8750876,8.6247715,72.089
234.863,354.359,706341.790,954072.260,76.8750967,8.6265562,75.285
234.873,210.859,706341.800,953928.760,76.8750904,8.6252589,71.700
234.993,470.969,706341.920,954188.870,76.8751031,8.6276104,79.522
235.013,191.499,706341.940,953909.400,76.8750908,8.6250838,72.101
235.033,168.329,706341.960,953886.230,76.8750900,8.6248744,73.365
235.053,364.509,706341.980,954082.410,76.8750989,8.6266479,76.386
235.133,232.139,706342.060,953950.040,76.8750937,8.6254512,71.623
235.183,350.939,706342.110,954068.840,76.8750995,8.6265252,75.260
235.303,188.819,706342.230,953906.720,76.8750933,8.6250596,71.591
235.483,476.289,706342.410,954194.190,76.8751078,8.6276584,79.455
235.493,448.689,706342.420,954166.590,76.8751066,8.6274089,79.347
235.523,291.919,706342.450,954009.820,76.8750999,8.6259917,74.043
235.603,310.279,706342.530,954028.180,76.8751015,8.6261576,74.313
235.653,470.649,706342.580,954188.550,76.8751091,8.6276074,79.351
235.893,239.759,706342.820,953957.660,76.8751010,8.6255201,71.649
236.093,628.839,706343.020,954346.740,76.8751201,8.6290375,100.118
236.153,258.649,706343.080,953976.550,76.8751042,8.6256909,71.956
236.203,357.109,706343.130,954075.010,76.8751090,8.6265810,77.223
236.273,161.269,706343.200,953879.170,76.8751009,8.6248105,72.377
236.273,516.119,706343.200,954234.020,76.8751167,8.6280185,90.344
236.333,144.059,706343.260,953861.960,76.8751007,8.6246549,72.223
236.363,346.469,706343.290,954064.370,76.8751100,8.6264848,74.645
236.383,146.319,706343.310,953864.220,76.8751012,8.6246753,72.041
236.453,148.799,706343.380,953866.700,76.8751020,8.6246978,71.910
236.583,461.789,706343.510,954179.690,76.8751171,8.6275273,79.104
236.613,381.449,706343.540,954099.350,76.8751138,8.6268010,79.044
236.663,177.359,706343.590,953895.260,76.8751052,8.6249559,71.912
236.723,491.639,706343.650,954209.540,76.8751197,8.6277972,83.178
236.753,251.539,706343.680,953969.440,76.8751093,8.6256266,71.781
236.793,246.919,706343.720,953964.820,76.8751095,8.6255848,71.691
236.823,273.829,706343.750,953991.730,76.8751109,8.6258281,72.287
236.973,467.699,706343.900,954185.600,76.8751209,8.6275807,79.138
237.003,386.599,706343.930,954104.500,76.8751176,8.6268475,76.910
237.023,152.129,706343.950,953870.030,76.8751073,8.6247278,72.038
237.023,250.989,706343.950,953968.890,76.8751117,8.6256216,71.865
237.053,155.419,706343.980,953873.320,76.8751077,8.6247576,73.248
237.053,319.459,706343.980,954037.360,76.8751150,8.6262406,74.602
237.063,316.969,706343.990,954034.870,76.8751150,8.6262181,74.428
237.123,225.049,706344.050,953942.950,76.8751115,8.6253871,71.361
237.203,218.829,706344.130,953936.730,76.8751119,8.6253308,71.311
237.303,458.259,706344.230,954176.160,76.8751235,8.6274954,80.109
237.313,272.289,706344.240,953990.190,76.8751153,8.6258141,72.464
237.333,260.489,706344.260,953978.390,76.8751150,8.6257074,71.869
237.383,366.919,706344.310,954084.820,76.8751202,8.6266696,77.597
237.393,297.339,706344.320,954015.240,76.8751172,8.6260406,74.082
237.413,454.789,706344.340,954172.690,76.8751244,8.6274640,80.079
237.413,496.959,706344.340,954214.860,76.8751262,8.6278452,84.934
237.523,487.839,706344.450,954205.740,76.8751268,8.6277628,81.394
237.533,277.719,706344.460,953995.620,76.8751175,8.6258632,72.455
237.543,499.939,706344.470,954217.840,76.8751276,8.6278722,85.306
237.623,306.899,706344.550,954024.800,76.8751197,8.6261270,74.161
237.703,370.339,706344.630,954088.240,76.8751232,8.6267005,76.208
237.713,418.419,706344.640,954136.320,76.8751255,8.6271352,78.961
237.813,254.699,706344.740,953972.600,76.8751191,8.6256551,71.660
238.083,432.759,706345.010,954150.660,76.8751295,8.6272648,79.708
238.103,231.149,706345.030,953949.050,76.8751206,8.6254422,71.836
238.163,172.369,706345.090,953890.270,76.8751186,8.6249108,73.301
238.163,214.999,706345.090,953932.900,76.8751205,8.6252962,71.588
238.273,413.649,706345.200,954131.550,76.8751303,8.6270920,78.695
238.283,510.419,706345.210,954228.320,76.8751347,8.6279669,88.512
238.403,326.569,706345.330,954044.470,76.8751276,8.6263048,75.355
238.513,357.629,706345.440,954075.530,76.8751300,8.6265856,75.217
238.613,241.819,706345.540,953959.720,76.8751258,8.6255386,71.666
238.613,475.419,706345.540,954193.320,76.8751362,8.6276504,79.559
238.643,345.779,706345.570,954063.680,76.8751307,8.6264784,74.713
238.723,407.199,706345.650,954125.100,76.8751341,8.6270337,77.684
238.883,160.579,706345.810,953878.480,76.8751246,8.6248041,73.268
238.913,245.639,706345.840,953963.540,76.8751287,8.6255731,71.597
238.933,253.849,706345.860,953971.750,76.8751292,8.6256473,71.737
238.983,266.599,706345.910,953984.500,76.8751302,8.6257626,72.166
239.103,181.709,706346.030,953899.610,76.8751275,8.6249952,71.943
239.193,488.009,706346.120,954205.910,76.8751420,8.6277642,80.850
239.243,185.839,706346.170,953903.740,76.8751290,8.6250325,72.014
239.283,309.149,706346.210,954027.050,76.8751348,8.6261473,74.249
239.293,415.259,706346.220,954133.160,76.8751397,8.6271065,78.132
239.373,631.729,706346.300,954349.630,76.8751501,8.6290635,100.177
239.413,338.269,706346.340,954056.170,76.8751373,8.6264105,75.473
239.613,239.769,706346.540,953957.670,76.8751347,8.6255200,71.640
239.673,464.889,706346.600,954182.790,76.8751453,8.6275552,79.359
239.913,263.449,706346.840,953981.350,76.8751385,8.6257341,71.891
239.933,260.469,706346.860,953978.370,76.8751386,8.6257071,71.645
239.933,411.519,706346.860,954129.420,76.8751453,8.6270727,78.081
239.943,465.079,706346.870,954182.980,76.8751478,8.6275569,80.482
240.013,284.029,706346.940,954001.930,76.8751404,8.6259201,73.497
240.033,256.999,706346.960,953974.900,76.8751393,8.6256758,71.661
240.123,628.689,706347.050,954346.590,76.8751567,8.6290360,100.108
240.173,429.689,706347.100,954147.590,76.8751483,8.6272370,78.772
240.213,204.389,706347.140,953922.290,76.8751386,8.6252001,71.897
240.233,165.029,706347.160,953882.930,76.8751370,8.6248443,73.944
240.273,454.819,706347.200,954172.720,76.8751503,8.6274641,79.522
240.373,304.369,706347.300,954022.270,76.8751445,8.6261040,74.684
240.483,174.809,706347.410,953892.710,76.8751398,8.6249327,73.108
240.573,347.059,706347.500,954064.960,76.8751483,8.6264899,74.857
240.583,421.669,706347.510,954139.570,76.8751517,8.6271644,78.583
240.633,350.189,706347.560,954068.090,76.8751489,8.6265182,74.830
240.743,319.849,706347.670,954037.750,76.8751486,8.6262439,74.390
240.873,315.479,706347.800,954033.380,76.8751496,8.6262044,74.612
241.123,254.759,706348.050,953972.660,76.8751491,8.6256555,71.511
241.133,268.699,706348.060,953986.600,76.8751498,8.6257815,71.944
241.203,231.419,706348.130,953949.320,76.8751488,8.6254445,71.666
241.253,155.579,706348.180,953873.480,76.8751459,8.6247588,76.168
241.313,66.779,706348.240,953784.680,76.8751425,8.6239561,70.175
241.343,147.169,706348.270,953865.070,76.8751463,8.6246828,72.595
241.433,380.569,706348.360,954098.470,76.8751576,8.6267928,74.579
241.453,470.189,706348.380,954188.090,76.8751617,8.6276030,79.196
241.513,254.699,706348.440,953972.600,76.8751527,8.6256549,71.578
241.533,337.839,706348.460,954055.740,76.8751566,8.6264065,74.795
241.593,170.889,706348.520,953888.790,76.8751497,8.6248972,75.502
241.593,189.529,706348.520,953907.430,76.8751505,8.6250657,72.084
241.703,212.729,706348.630,953930.630,76.8751525,8.6252755,72.057
241.743,177.239,706348.670,953895.140,76.8751513,8.6249546,73.415
241.753,282.969,706348.680,954000.870,76.8751561,8.6259105,73.432
241.773,522.269,706348.700,954240.170,76.8751670,8.6280738,90.754
241.803,164.079,706348.730,953881.980,76.8751513,8.6248357,76.246
241.853,484.309,706348.780,954202.210,76.8751660,8.6277307,79.582
241.913,244.459,706348.840,953962.360,76.8751559,8.6255623,71.673
242.023,271.619,706348.950,953989.520,76.8751581,8.6258079,72.080
242.163,401.159,706349.090,954119.060,76.8751651,8.6269789,77.322
242.173,287.239,706349.100,954005.140,76.8751601,8.6259491,74.007
242.233,364.259,706349.160,954082.160,76.8751641,8.6266453,75.820
242.333,371.769,706349.260,954089.670,76.8751653,8.6267132,76.014
242.343,262.329,706349.270,953980.230,76.8751606,8.6257239,71.614
242.393,520.949,706349.320,954238.850,76.8751725,8.6280619,90.807
242.453,238.639,706349.380,953956.540,76.8751605,8.6255097,71.683
242.573,422.489,706349.500,954140.390,76.8751698,8.6271718,78.754
242.633,434.809,706349.560,954152.710,76.8751709,8.6272831,79.163
242.643,282.539,706349.570,954000.440,76.8751642,8.6259065,73.843
242.653,622.339,706349.580,954340.240,76.8751794,8.6289785,99.214
242.773,185.479,706349.700,953903.380,76.8751610,8.6250291,72.842
242.973,198.919,706349.900,953916.820,76.8751634,8.6251506,71.677
242.993,166.419,706349.920,953884.320,76.8751622,8.6248568,73.983
243.133,279.279,706350.060,953997.180,76.8751685,8.6258771,72.331
243.163,494.509,706350.090,954212.410,76.8751784,8.6278228,82.267
243.203,382.259,706350.130,954100.160,76.8751737,8.6268080,78.200
243.253,241.699,706350.180,953959.600,76.8751679,8.6255373,71.570
243.253,336.529,706350.180,954054.430,76.8751721,8.6263946,74.761
243.463,268.509,706350.390,953986.410,76.8751710,8.6257797,71.775
243.503,307.139,706350.430,954025.040,76.8751731,8.6261289,74.047
243.533,324.949,706350.460,954042.850,76.8751742,8.6262899,74.507
243.533,424.159,706350.460,954142.060,76.8751786,8.6271868,79.273
243.573,461.199,706350.500,954179.100,76.8751806,8.6275217,79.545
243.613,461.139,706350.540,954179.040,76.8751810,8.6275211,79.564
243.793,234.339,706350.720,953952.240,76.8751725,8.6254708,71.554
243.843,417.539,706350.770,954135.440,76.8751811,8.6271269,78.679
243.843,436.669,706350.770,954154.570,76.8751820,8.6272999,79.224
243.903,218.819,706350.830,953936.720,76.8751728,8.6253304,72.082
244.033,284.869,706350.960,954002.770,76.8751769,8.6259276,73.820
244.033,500.519,706350.960,954218.420,76.8751865,8.6278771,84.443
244.063,336.009,706350.990,954053.910,76.8751795,8.6263899,74.717
244.153,359.469,706351.080,954077.370,76.8751813,8.6266020,75.012
244.223,302.219,706351.150,954020.120,76.8751794,8.6260844,73.835
244.253,180.049,706351.180,953897.950,76.8751742,8.6249799,73.392
244.273,275.319,706351.200,953993.220,76.8751787,8.6258412,71.994
244.353,163.739,706351.280,953881.640,76.8751744,8.6248325,77.521
244.393,189.539,706351.320,953907.440,76.8751759,8.6250657,72.134
244.393,330.979,706351.320,954048.880,76.8751822,8.6263444,75.360
244.413,204.179,706351.340,953922.080,76.8751768,8.6251981,71.894
244.473,452.449,706351.400,954170.350,76.8751884,8.6274425,80.321
244.483,243.319,706351.410,953961.220,76.8751791,8.6255519,71.723
244.533,253.669,706351.460,953971.570,76.8751801,8.6256455,71.703
244.623,339.779,706351.550,954057.680,76.8751847,8.6264239,74.555
244.773,513.029,706351.700,954230.930,76.8751938,8.6279902,88.720
244.833,335.319,706351.760,954053.220,76.8751864,8.6263836,74.816
244.853,289.889,706351.780,954007.790,76.8751846,8.6259729,73.739
244.873,277.339,706351.800,953995.240,76.8751842,8.6258594,72.013
244.873,289.899,706351.800,954007.800,76.8751848,8.6259730,74.296
244.883,402.499,706351.810,954120.400,76.8751899,8.6269909,77.458
245.123,495.369,706352.050,954213.270,76.8751962,8.6278305,81.830
245.133,331.829,706352.060,954049.730,76.8751890,8.6263520,74.738
245.153,323.999,706352.080,954041.900,76.8751888,8.6262813,74.666
245.263,334.559,706352.190,954052.460,76.8751903,8.6263767,74.697
245.273,175.239,706352.200,953893.140,76.8751833,8.6249364,74.070
245.313,314.739,706352.240,954032.640,76.8751899,8.6261975,74.475
245.443,332.299,706352.370,954050.200,76.8751918,8.6263563,74.712
245.453,373.999,706352.380,954091.900,76.8751938,8.6267333,74.184
245.513,333.899,706352.440,954051.800,76.8751925,8.6263707,74.772
245.563,633.269,706352.490,954351.170,76.8752064,8.6290772,100.324
245.583,332.719,706352.510,954050.620,76.8751931,8.6263601,74.742
245.643,333.209,706352.570,954051.110,76.8751937,8.6263645,74.805
245.693,440.219,706352.620,954158.120,76.8751989,8.6273319,79.494
245.723,266.389,706352.650,953984.290,76.8751914,8.6257604,71.752
245.743,281.489,706352.670,953999.390,76.8751923,8.6258969,72.739
245.773,256.449,706352.700,953974.350,76.8751915,8.6256705,71.534
245.793,313.929,706352.720,954031.830,76.8751942,8.6261902,74.025
245.793,322.579,706352.720,954040.480,76.8751946,8.6262684,74.425
245.933,190.799,706352.860,953908.700,76.8751900,8.6250770,72.922
245.933,299.639,706352.860,954017.540,76.8751948,8.6260610,73.843
245.953,145.859,706352.880,953863.760,76.8751882,8.6246708,73.024
246.263,346.839,706353.190,954064.740,76.8751999,8.6264877,74.561
246.263,365.939,706353.190,954083.840,76.8752008,8.6266604,74.961
246.293,211.749,706353.220,953929.650,76.8751942,8.6252664,71.901
246.293,392.169,706353.220,954110.070,76.8752022,8.6268975,76.929
246.353,355.939,706353.280,954073.840,76.8752012,8.6265699,78.066
246.363,246.109,706353.290,953964.010,76.8751963,8.6255770,71.764
246.413,486.829,706353.340,954204.730,76.8752075,8.6277532,79.641
246.443,475.569,706353.370,954193.470,76.8752073,8.6276514,79.449
246.473,169.809,706353.400,953887.710,76.8751939,8.6248873,77.702
246.483,526.379,706353.410,954244.280,76.8752099,8.6281108,90.986
246.513,154.799,706353.440,953872.700,76.8751936,8.6247516,77.902
246.563,462.039,706353.490,954179.940,76.8752078,8.6275291,80.423
246.573,278.549,706353.500,953996.450,76.8751997,8.6258703,71.866
246.623,402.499,706353.550,954120.400,76.8752057,8.6269909,76.516
246.633,481.899,706353.560,954199.800,76.8752093,8.6277087,79.814
246.673,273.859,706353.600,953991.760,76.8752004,8.6258279,71.691
246.713,159.259,706353.640,953877.160,76.8751957,8.6247919,78.140
246.733,353.109,706353.660,954071.010,76.8752045,8.6265443,74.715
246.753,224.119,706353.680,953942.020,76.8751989,8.6253782,72.158
246.813,517.669,706353.740,954235.570,76.8752126,8.6280320,89.751
246.933,151.589,706353.860,953869.490,76.8751973,8.6247225,73.403
247.023,232.219,706353.950,953950.120,76.8752017,8.6254514,71.601
247.173,445.969,706354.100,954163.870,76.8752126,8.6273838,79.418
247.263,324.359,706354.190,954042.260,76.8752080,8.6262844,74.504
247.293,225.919,706354.220,953943.820,76.8752039,8.6253945,72.884
247.303,225.899,706354.230,953943.800,76.8752040,8.6253943,71.387
247.503,637.209,706354.430,954355.110,76.8752242,8.6291127,100.399
247.563,239.349,706354.490,953957.250,76.8752069,8.6255159,71.726
247.753,305.909,706354.680,954023.810,76.8752116,8.6261176,73.948
247.893,247.989,706354.820,953965.890,76.8752103,8.6255940,71.895
248.023,446.649,706354.950,954164.550,76.8752204,8.6273899,79.944
248.043,636.489,706354.970,954354.390,76.8752290,8.6291062,100.442
248.133,339.169,706355.060,954057.070,76.8752166,8.6264183,74.575
248.133,510.759,706355.060,954228.660,76.8752242,8.6279695,87.206
248.143,385.079,706355.070,954102.980,76.8752187,8.6268333,74.647
248.563,635.769,706355.490,954353.670,76.8752337,8.6290996,100.335
248.653,310.109,706355.580,954028.010,76.8752200,8.6261555,74.041
248.653,314.709,706355.580,954032.610,76.8752202,8.6261971,73.754
248.663,514.589,706355.590,954232.490,76.8752292,8.6280041,88.269
248.743,630.419,706355.670,954348.320,76.8752351,8.6290512,98.202
248.753,264.389,706355.680,953982.290,76.8752189,8.6257422,72.201
248.783,195.829,706355.710,953913.730,76.8752161,8.6251224,72.369
248.783,325.409,706355.710,954043.310,76.8752219,8.6262938,74.718
248.823,308.949,706355.750,954026.850,76.8752215,8.6261450,74.231
248.853,433.249,706355.780,954151.150,76.8752273,8.6272688,79.596
248.903,391.949,706355.830,954109.850,76.8752259,8.6268954,77.031
249.093,422.239,706356.020,954140.140,76.8752290,8.6271692,79.158
249.113,518.329,706356.040,954236.230,76.8752335,8.6280379,88.736
249.113,518.339,706356.040,954236.240,76.8752335,8.6280380,89.236
249.143,184.459,706356.070,953902.360,76.8752189,8.6250196,74.158
249.233,331.359,706356.160,954049.260,76.8752262,8.6263476,74.551
249.273,65.539,706356.200,953783.440,76.8752147,8.6239445,73.149
249.283,189.739,706356.210,953907.640,76.8752204,8.6250673,75.240
249.483,75.539,706356.410,953793.440,76.8752171,8.6240349,74.189
249.483,285.009,706356.410,954002.910,76.8752264,8.6259286,72.623
249.493,490.669,706356.420,954208.570,76.8752357,8.6277878,79.835
249.533,441.139,706356.460,954159.040,76.8752338,8.6273400,79.665
249.533,450.139,706356.460,954168.040,76.8752342,8.6274214,79.522
249.573,478.919,706356.500,954196.820,76.8752359,8.6276816,79.513
249.693,85.539,706356.620,953803.440,76.8752194,8.6241253,75.228
249.743,531.129,706356.670,954249.030,76.8752398,8.6281536,91.488
249.753,214.399,706356.680,953932.300,76.8752257,8.6252902,71.917
249.833,366.959,706356.760,954084.860,76.8752333,8.6266694,73.954
249.983,166.899,706356.910,953884.800,76.8752257,8.6248608,78.082
249.993,468.839,706356.920,954186.740,76.8752393,8.6275904,79.808
250.003,162.279,706356.930,953880.180,76.8752257,8.6248190,78.284
250.033,473.939,706356.960,954191.840,76.8752399,8.6276366,79.314
250.103,247.839,706357.030,953965.740,76.8752304,8.6255925,71.896
250.193,154.379,706357.120,953872.280,76.8752270,8.6247476,78.921
250.253,237.329,706357.180,953955.230,76.8752313,8.6254975,71.685
250.383,626.099,706357.310,954344.000,76.8752498,8.6290121,97.805
250.453,385.009,706357.380,954102.910,76.8752397,8.6268326,79.513
250.493,230.869,706357.420,953948.770,76.8752332,8.6254391,72.037
250.523,327.049,706357.450,954044.950,76.8752377,8.6263086,74.474
250.543,458.639,706357.470,954176.540,76.8752438,8.6274982,80.663
250.563,508.929,706357.490,954226.830,76.8752462,8.6279529,85.584
250.603,243.199,706357.530,953961.100,76.8752347,8.6255505,71.712
250.653,267.489,706357.580,953985.390,76.8752363,8.6257701,71.999
250.843,362.679,706357.770,954080.580,76.8752422,8.6266307,74.686
250.873,279.239,706357.800,953997.140,76.8752388,8.6258763,72.176
250.903,251.039,706357.830,953968.940,76.8752378,8.6256214,71.907
250.943,502.409,706357.870,954220.310,76.8752494,8.6278939,82.812
251.093,198.619,706358.020,953916.520,76.8752372,8.6251475,73.016
251.283,398.219,706358.210,954116.120,76.8752478,8.6269520,75.968
251.353,252.829,706358.280,953970.730,76.8752420,8.6256376,71.848
251.623,351.489,706358.550,954069.390,76.8752488,8.6265295,74.634
251.653,209.849,706358.580,953927.750,76.8752428,8.6252490,71.900
251.683,359.059,706358.610,954076.960,76.8752497,8.6265979,74.649
251.763,533.399,706358.690,954251.300,76.8752582,8.6281740,88.396
251.853,509.479,706358.780,954227.380,76.8752580,8.6279578,85.480
251.903,414.119,706358.830,954132.020,76.8752542,8.6270957,78.677
251.993,269.219,706358.920,953987.120,76.8752485,8.6257857,72.311
252.073,150.299,706359.000,953868.200,76.8752439,8.6247106,81.443
252.103,488.019,706359.030,954205.920,76.8752593,8.6277637,79.938
252.303,211.919,706359.230,953929.820,76.8752488,8.6252677,71.949
252.393,173.779,706359.320,953891.680,76.8752479,8.6249229,78.221
252.613,372.969,706359.540,954090.870,76.8752588,8.6267236,74.496
252.683,620.519,706359.610,954338.420,76.8752705,8.6289616,98.195
252.743,350.679,706359.670,954068.580,76.8752590,8.6265221,74.566
252.773,328.629,706359.700,954046.530,76.8752583,8.6263228,74.477
252.873,478.199,706359.800,954196.100,76.8752658,8.6276749,79.906
252.873,478.209,706359.800,954196.110,76.8752658,8.6276750,79.895
252.883,516.539,706359.810,954234.440,76.8752676,8.6280215,87.437
252.903,516.579,706359.830,954234.480,76.8752678,8.6280219,87.434
252.923,155.069,706359.850,953872.970,76.8752519,8.6247537,81.253
252.923,256.299,706359.850,953974.200,76.8752564,8.6256689,71.867
252.993,343.749,706359.920,954061.650,76.8752609,8.6264595,74.496
253.063,638.689,706359.990,954356.590,76.8752747,8.6291258,100.449
253.103,308.489,706360.030,954026.390,76.8752604,8.6261407,73.710
253.113,220.869,706360.040,953938.770,76.8752565,8.6253486,72.077
253.123,201.699,706360.050,953919.600,76.8752558,8.6251753,72.604
253.313,422.439,706360.240,954140.340,76.8752673,8.6271708,79.862
253.623,506.639,706360.550,954224.540,76.8752739,8.6279320,83.069
253.653,523.879,706360.580,954241.780,76.8752750,8.6280879,89.090
253.673,386.819,706360.600,954104.720,76.8752690,8.6268488,74.970
253.683,207.389,706360.610,953925.290,76.8752611,8.6252267,73.152
253.713,161.309,706360.640,953879.210,76.8752593,8.6248101,80.478
253.713,241.939,706360.640,953959.840,76.8752629,8.6255390,71.913
253.833,196.979,706360.760,953914.880,76.8752620,8.6251326,73.814
253.873,359.999,706360.800,954077.900,76.8752696,8.6266063,74.692
253.903,527.919,706360.830,954245.820,76.8752774,8.6281244,90.017
253.923,391.289,706360.850,954109.190,76.8752715,8.6268892,75.323
253.983,513.119,706360.910,954231.020,76.8752775,8.6279906,85.671
254.033,272.019,706360.960,953989.920,76.8752672,8.6258109,71.603
254.093,168.869,706361.020,953886.770,76.8752631,8.6248784,80.438
254.133,236.289,706361.060,953954.190,76.8752665,8.6254879,72.445
254.203,340.209,706361.130,954058.110,76.8752718,8.6264274,74.471
254.213,228.319,706361.140,953946.220,76.8752669,8.6254159,72.129
254.213,340.209,706361.140,954058.110,76.8752719,8.6264274,74.741
254.243,189.079,706361.170,953906.980,76.8752654,8.6250611,77.559
254.453,243.819,706361.380,953961.720,76.8752697,8.6255560,73.372
254.483,513.149,706361.410,954231.050,76.8752820,8.6279908,85.692
254.533,60.449,706361.460,953778.350,76.8752623,8.6238982,73.150
254.543,294.629,706361.470,954012.530,76.8752728,8.6260153,72.763
254.713,179.259,706361.640,953897.160,76.8752692,8.6249723,78.594
254.833,542.389,706361.760,954260.290,76.8752865,8.6282552,93.215
255.003,194.989,706361.930,953912.890,76.8752726,8.6251145,74.254
255.253,323.499,706362.180,954041.400,76.8752806,8.6262763,74.361
255.303,338.279,706362.230,954056.180,76.8752817,8.6264099,74.437
255.383,622.999,706362.310,954340.900,76.8752951,8.6289839,98.329
255.573,384.669,706362.500,954102.570,76.8752862,8.6268293,75.919
255.583,358.449,706362.510,954076.350,76.8752851,8.6265922,74.639
255.773,164.419,706362.700,953882.320,76.8752782,8.6248381,81.074
255.803,527.089,706362.730,954244.990,76.8752946,8.6281168,89.257
256.033,196.729,706362.960,953914.630,76.8752820,8.6251302,74.125
256.193,331.199,706363.120,954049.100,76.8752894,8.6263459,74.530
256.193,426.269,706363.120,954144.170,76.8752937,8.6272053,80.767
256.253,199.219,706363.180,953917.120,76.8752841,8.6251527,73.632
256.293,634.849,706363.220,954352.750,76.8753039,8.6290910,98.101
256.303,281.659,706363.230,953999.560,76.8752882,8.6258980,72.163
256.313,377.389,706363.240,954095.290,76.8752926,8.6267634,74.452
256.343,377.309,706363.270,954095.210,76.8752929,8.6267627,74.506
256.433,357.209,706363.360,954075.110,76.8752928,8.6265810,74.607
256.433,423.689,706363.360,954141.590,76.8752957,8.6271820,79.253
256.463,508.909,706363.390,954226.810,76.8752998,8.6279524,82.914
256.493,239.949,706363.420,953957.850,76.8752881,8.6255209,72.365
256.493,409.529,706363.420,954127.430,76.8752957,8.6270540,78.306
256.543,418.659,706363.470,954136.560,76.8752965,8.6271365,79.993
256.633,640.829,706363.560,954358.730,76.8753073,8.6291450,100.476
256.653,167.959,706363.580,953885.860,76.8752863,8.6248701,80.902
256.653,384.399,706363.580,954102.300,76.8752960,8.6268268,74.869
256.653,535.209,706363.580,954253.110,76.8753027,8.6281902,88.314
256.713,217.319,706363.640,953935.220,76.8752891,8.6253163,71.952
256.763,524.129,706363.690,954242.030,76.8753032,8.6280900,88.325
257.043,433.019,706363.970,954150.920,76.8753017,8.6272663,79.702
257.153,70.099,706364.080,953788.000,76.8752865,8.6239854,74.600
257.163,439.229,706364.090,954157.130,76.8753031,8.6273224,79.928
257.233,298.799,706364.160,954016.700,76.8752974,8.6260529,72.929
257.273,385.569,706364.200,954103.470,76.8753017,8.6268373,75.424
257.293,207.149,706364.220,953925.050,76.8752939,8.6252243,72.922
257.303,304.629,706364.230,954022.530,76.8752983,8.6261056,74.312
257.303,417.519,706364.230,954135.420,76.8753034,8.6271262,78.927
257.323,247.589,706364.250,953965.490,76.8752960,8.6255899,72.783
257.433,522.809,706364.360,954240.710,76.8753093,8.6280780,87.686
257.503,226.269,706364.430,953944.170,76.8752967,8.6253972,72.185
257.573,501.579,706364.500,954219.480,76.8753096,8.6278861,80.431
257.643,389.049,706364.570,954106.950,76.8753052,8.6268688,76.514
257.723,154.449,706364.650,953872.350,76.8752955,8.6247479,81.864
257.863,173.299,706364.790,953891.200,76.8752976,8.6249183,80.063
257.873,375.949,706364.800,954093.850,76.8753067,8.6267503,77.823
258.033,233.759,706364.960,953951.660,76.8753018,8.6254649,72.259
258.063,465.229,706364.990,954183.130,76.8753124,8.6275575,81.005
258.073,334.859,706365.000,954052.760,76.8753067,8.6263789,74.462
258.103,338.469,706365.030,954056.370,76.8753071,8.6264115,74.367
258.103,509.479,706365.030,954227.380,76.8753147,8.6279575,82.309
258.143,629.759,706365.070,954347.660,76.8753205,8.6290449,97.630
258.223,342.869,706365.150,954060.770,76.8753084,8.6264513,74.380
258.233,344.239,706365.160,954062.140,76.8753086,8.6264636,74.417
258.253,527.979,706365.180,954245.880,76.8753169,8.6281247,88.525
258.293,527.929,706365.220,954245.830,76.8753173,8.6281243,88.274
258.313,306.989,706365.240,954024.890,76.8753076,8.6261269,73.890
258.573,403.539,706365.500,954121.440,76.8753143,8.6269997,79.385
258.823,366.539,706365.750,954084.440,76.8753149,8.6266652,74.326
258.873,521.269,706365.800,954239.170,76.8753223,8.6280640,86.137
258.883,250.409,706365.810,953968.310,76.8753103,8.6256154,72.751
258.893,544.039,706365.820,954261.940,76.8753235,8.6282699,88.322
258.913,250.449,706365.840,953968.350,76.8753105,8.6256157,72.723
258.953,321.959,706365.880,954039.860,76.8753141,8.6262622,74.386
258.963,306.579,706365.890,954024.480,76.8753135,8.6261232,74.365
259.003,642.019,706365.930,954359.920,76.8753288,8.6291557,100.553
259.023,447.789,706365.950,954165.690,76.8753203,8.6273997,80.935
259.033,386.489,706365.960,954104.390,76.8753177,8.6268456,76.333
259.213,203.789,706366.140,953921.690,76.8753112,8.6251939,73.547
259.213,333.299,706366.140,954051.200,76.8753170,8.6263647,74.456
259.263,294.819,706366.190,954012.720,76.8753157,8.6260168,72.577
259.333,520.389,706366.260,954238.290,76.8753264,8.6280561,85.891
259.343,178.159,706366.270,953896.060,76.8753112,8.6249622,80.555
259.473,159.219,706366.400,953877.120,76.8753116,8.6247909,81.661
259.513,525.369,706366.440,954243.270,76.8753283,8.6281011,87.332
259.543,386.309,706366.470,954104.210,76.8753223,8.6268439,74.899
259.573,360.849,706366.500,954078.750,76.8753215,8.6266137,74.551
259.733,500.279,706366.660,954218.180,76.8753291,8.6278742,80.462
259.783,303.859,706366.710,954021.760,76.8753208,8.6260985,72.511
259.973,441.839,706366.900,954159.740,76.8753287,8.6273459,80.081
259.993,183.579,706366.920,953901.480,76.8753174,8.6250111,80.431
260.063,198.219,706366.990,953916.120,76.8753187,8.6251435,74.200
260.063,316.839,706366.990,954034.740,76.8753240,8.6262159,74.451
260.073,404.799,706367.000,954122.700,76.8753280,8.6270111,79.378
260.253,327.079,706367.180,954044.980,76.8753261,8.6263084,74.571
260.443,246.529,706367.370,953964.430,76.8753243,8.6255802,72.608
260.693,341.579,706367.620,954059.480,76.8753308,8.6264395,74.403
260.713,238.589,706367.640,953956.490,76.8753264,8.6255084,72.413
260.893,166.139,706367.820,953884.040,76.8753248,8.6248534,81.523
260.903,224.419,706367.830,953942.320,76.8753275,8.6253803,72.182
260.913,519.909,706367.840,954237.810,76.8753407,8.6280517,85.049
261.003,337.879,706367.930,954055.780,76.8753334,8.6264060,74.325
261.093,191.039,706368.020,953908.940,76.8753277,8.6250785,79.926
261.133,200.249,706368.060,953918.150,76.8753285,8.6251618,74.093
261.243,215.789,706368.170,953933.690,76.8753302,8.6253023,73.164
261.243,317.919,706368.170,954035.820,76.8753347,8.6262256,74.451
261.253,406.279,706368.180,954124.180,76.8753388,8.6270244,77.632
261.353,305.689,706368.280,954023.590,76.8753352,8.6261150,73.048
261.403,549.339,706368.330,954267.240,76.8753465,8.6283177,88.206
261.443,619.709,706368.370,954337.610,76.8753500,8.6289539,96.657
261.573,523.129,706368.500,954241.030,76.8753469,8.6280807,86.070
261.583,532.579,706368.510,954250.480,76.8753474,8.6281662,88.274
261.663,203.549,706368.590,953921.450,76.8753334,8.6251916,73.821
261.673,42.679,706368.600,953760.580,76.8753264,8.6237373,72.210
261.743,232.649,706368.670,953950.550,76.8753355,8.6254547,72.407
261.773,272.659,706368.700,953990.560,76.8753375,8.6258164,72.237
261.793,318.449,706368.720,954036.350,76.8753397,8.6262303,74.448
261.793,394.699,706368.720,954112.600,76.8753431,8.6269197,75.654
261.823,186.639,706368.750,953904.540,76.8753341,8.6250387,80.631
261.823,498.639,706368.750,954216.540,76.8753481,8.6278593,80.379
261.893,541.509,706368.820,954259.410,76.8753506,8.6282469,88.263
261.903,323.529,706368.830,954041.430,76.8753410,8.6262763,74.377
261.973,255.269,706368.900,953973.170,76.8753386,8.6256592,72.810
262.003,193.649,706368.930,953911.550,76.8753361,8.6251021,79.690
262.043,479.749,706368.970,954197.650,76.8753492,8.6276885,81.088
262.043,504.189,706368.970,954222.090,76.8753503,8.6279095,80.557
262.113,507.059,706369.040,954224.960,76.8753511,8.6279354,80.456
262.123,521.449,706369.050,954239.350,76.8753518,8.6280655,84.631
262.163,158.569,706369.090,953876.470,76.8753360,8.6247849,82.439
262.213,357.919,706369.140,954075.820,76.8753453,8.6265871,74.513
262.293,348.209,706369.220,954066.110,76.8753456,8.6264994,74.405
262.363,188.599,706369.290,953906.500,76.8753391,8.6250564,80.635
262.373,220.829,706369.300,953938.730,76.8753407,8.6253478,72.656
262.423,331.249,706369.350,954049.150,76.8753460,8.6263460,74.448
262.443,425.749,706369.370,954143.650,76.8753504,8.6272003,81.900
262.463,640.289,706369.390,954358.190,76.8753602,8.6291399,98.368
262.493,367.719,706369.420,954085.620,76.8753483,8.6266757,78.148
262.563,352.089,706369.490,954069.990,76.8753482,8.6265344,74.353
262.753,422.459,706369.680,954140.360,76.8753531,8.6271706,81.874
262.773,215.749,706369.700,953933.650,76.8753441,8.6253018,73.104
262.783,643.799,706369.710,954361.700,76.8753633,8.6291716,100.592
262.853,313.179,706369.780,954031.080,76.8753491,8.6261826,74.993
262.923,258.669,706369.850,953976.570,76.8753473,8.6256899,72.811
262.933,340.069,706369.860,954057.970,76.8753511,8.6264257,74.350
262.933,348.959,706369.860,954066.860,76.8753515,8.6265061,74.557
262.993,414.779,706369.920,954132.680,76.8753549,8.6271011,80.977
263.053,420.339,706369.980,954138.240,76.8753557,8.6271514,81.073
263.093,321.829,706370.020,954039.730,76.8753517,8.6262608,74.496
263.143,404.339,706370.070,954122.240,76.8753558,8.6270068,77.572
263.153,393.209,706370.080,954111.110,76.8753554,8.6269061,79.136
263.153,489.029,706370.080,954206.930,76.8753597,8.6277724,80.001
263.173,489.019,706370.100,954206.920,76.8753599,8.6277723,80.204
263.253,240.619,706370.180,953958.520,76.8753495,8.6255267,72.571
263.293,425.409,706370.220,954143.310,76.8753581,8.6271972,83.310
263.353,291.949,706370.280,954009.850,76.8753527,8.6259907,72.623
263.773,163.749,706370.700,953881.650,76.8753508,8.6248317,82.404
264.053,236.979,706370.980,953954.880,76.8753566,8.6254937,72.491
264.133,415.489,706371.060,954133.390,76.8753653,8.6271075,82.089
264.163,513.499,706371.090,954231.400,76.8753700,8.6279936,81.418
264.203,216.969,706371.130,953934.870,76.8753571,8.6253128,73.767
264.213,415.319,706371.140,954133.220,76.8753660,8.6271060,82.287
264.233,414.989,706371.160,954132.890,76.8753662,8.6271030,82.042
264.253,518.639,706371.180,954236.540,76.8753710,8.6280400,83.248
264.333,222.659,706371.260,953940.560,76.8753585,8.6253642,72.409
264.433,627.459,706371.360,954345.360,76.8753775,8.6290238,97.178
264.453,213.239,706371.380,953931.140,76.8753592,8.6252791,73.586
264.483,500.359,706371.410,954218.260,76.8753723,8.6278748,80.611
264.493,505.099,706371.420,954223.000,76.8753726,8.6279176,80.716
264.503,350.449,706371.430,954068.350,76.8753658,8.6265195,74.361
264.513,316.479,706371.440,954034.380,76.8753644,8.6262124,74.110
264.533,244.329,706371.460,953962.230,76.8753613,8.6255601,72.611
264.553,230.319,706371.480,953948.220,76.8753609,8.6254335,72.387
264.553,261.759,706371.480,953979.660,76.8753623,8.6257177,72.751
264.603,266.979,706371.530,953984.880,76.8753630,8.6257649,72.890
264.653,191.019,706371.580,953908.920,76.8753600,8.6250782,80.910
264.793,186.459,706371.720,953904.360,76.8753611,8.6250370,81.832
264.853,256.709,706371.780,953974.610,76.8753648,8.6256720,72.707
264.973,311.029,706371.900,954028.930,76.8753683,8.6261631,73.594
265.013,267.229,706371.940,953985.130,76.8753667,8.6257671,72.967
265.073,253.119,706372.000,953971.020,76.8753666,8.6256396,72.761
265.113,204.049,706372.040,953921.950,76.8753648,8.6251960,74.486
265.173,196.109,706372.100,953914.010,76.8753650,8.6251242,79.653
265.203,546.349,706372.130,954264.250,76.8753809,8.6282905,88.245
265.253,52.019,706372.180,953769.920,76.8753593,8.6238216,73.572
265.353,249.859,706372.280,953967.760,76.8753690,8.6256101,72.775
265.403,283.789,706372.330,954001.690,76.8753710,8.6259168,72.564
265.483,530.469,706372.410,954248.370,76.8753827,8.6281469,87.634
265.493,348.539,706372.420,954066.440,76.8753747,8.6265022,74.331
265.503,329.249,706372.430,954047.150,76.8753739,8.6263278,74.419
265.553,556.719,706372.480,954274.620,76.8753845,8.6283842,87.694
265.593,471.819,706372.520,954189.720,76.8753811,8.6276167,81.348
265.593,539.039,706372.520,954256.940,76.8753841,8.6282244,88.238
265.673,521.939,706372.600,954239.840,76.8753841,8.6280698,85.680
265.673,645.129,706372.600,954363.030,76.8753896,8.6291835,100.603
265.703,299.519,706372.630,954017.420,76.8753744,8.6260590,72.429
265.833,270.359,706372.760,953988.260,76.8753743,8.6257954,72.721
265.833,454.139,706372.760,954172.040,76.8753825,8.6274569,81.866
265.843,218.509,706372.770,953936.410,76.8753721,8.6253267,73.267
265.843,616.699,706372.770,954334.600,76.8753898,8.6289265,97.203
265.843,616.719,706372.770,954334.620,76.8753898,8.6289266,95.941
265.883,408.939,706372.810,954126.840,76.8753809,8.6270482,79.740
266.033,194.729,706372.960,953912.630,76.8753727,8.6251117,80.537
266.073,318.769,706373.000,954036.670,76.8753786,8.6262330,74.207
266.183,520.129,706373.110,954238.030,76.8753886,8.6280534,82.996
266.293,521.239,706373.220,954239.140,76.8753897,8.6280634,83.315
266.323,554.889,706373.250,954272.790,76.8753914,8.6283676,88.305
266.523,346.619,706373.450,954064.520,76.8753840,8.6264848,74.437
266.593,492.769,706373.520,954210.670,76.8753911,8.6278060,80.993
266.603,215.089,706373.530,953932.990,76.8753788,8.6252957,74.230
266.683,520.699,706373.610,954238.600,76.8753932,8.6280585,82.793
266.763,363.539,706373.690,954081.440,76.8753869,8.6266377,74.386
266.813,282.589,706373.740,954000.490,76.8753837,8.6259059,72.358
266.843,512.149,706373.770,954230.050,76.8753943,8.6279812,80.946
266.853,334.329,706373.780,954052.230,76.8753864,8.6263737,74.251
267.073,220.299,706374.000,953938.200,76.8753833,8.6253428,73.281
267.113,502.639,706374.040,954220.540,76.8753963,8.6278953,80.720
267.133,235.369,706374.060,953953.270,76.8753845,8.6254790,72.456
267.133,395.009,706374.060,954112.910,76.8753917,8.6269222,75.926
267.173,562.069,706374.100,954279.970,76.8753995,8.6284325,92.441
267.243,645.819,706374.170,954363.720,76.8754039,8.6291897,100.626
267.373,207.479,706374.300,953925.380,76.8753855,8.6252269,74.794
267.543,643.699,706374.470,954361.600,76.8754065,8.6291705,99.059
267.613,76.309,706374.540,953794.210,76.8753818,8.6240410,76.441
267.713,227.529,706374.640,953945.430,76.8753895,8.6254081,72.524
267.723,260.959,706374.650,953978.860,76.8753910,8.6257103,72.585
267.783,263.629,706374.710,953981.530,76.8753917,8.6257345,72.594
267.783,341.819,706374.710,954059.720,76.8753952,8.6264413,74.470
267.793,188.579,706374.720,953906.480,76.8753885,8.6250560,81.932
267.833,35.629,706374.760,953753.530,76.8753820,8.6236733,71.262
267.833,319.979,706374.760,954037.880,76.8753947,8.6262439,75.369
267.953,373.119,706374.880,954091.020,76.8753981,8.6267243,73.784
267.983,626.639,706374.910,954344.540,76.8754097,8.6290162,96.856
268.013,71.329,706374.940,953789.230,76.8753852,8.6239960,75.938
268.023,608.919,706374.950,954326.820,76.8754093,8.6288560,95.812
268.053,210.719,706374.980,953928.620,76.8753918,8.6252561,74.752
268.223,386.669,706375.150,954104.570,76.8754012,8.6268468,73.974
268.263,301.199,706375.190,954019.100,76.8753977,8.6260741,72.657
268.303,323.709,706375.230,954041.610,76.8753991,8.6262776,74.420
268.403,146.949,706375.330,953864.850,76.8753921,8.6246796,85.155
268.423,66.349,706375.350,953784.250,76.8753887,8.6239510,75.436
268.443,201.139,706375.370,953919.040,76.8753949,8.6251695,79.078
268.623,162.719,706375.550,953880.620,76.8753948,8.6248222,84.115
268.723,197.169,706375.650,953915.070,76.8753973,8.6251336,80.852
268.723,355.419,706375.650,954073.320,76.8754043,8.6265643,74.441
268.823,61.359,706375.750,953779.260,76.8753921,8.6239058,74.934
268.843,165.709,706375.770,953883.610,76.8753970,8.6248492,84.214
268.913,401.039,706375.840,954118.940,76.8754081,8.6269767,77.216
268.923,190.639,706375.850,953908.540,76.8753988,8.6250746,81.971
269.003,327.199,706375.930,954045.100,76.8754056,8.6263091,74.340
269.143,535.409,706376.070,954253.310,76.8754162,8.6281914,87.655
269.143,560.489,706376.070,954278.390,76.8754173,8.6284181,88.283
269.243,407.259,706376.170,954125.160,76.8754114,8.6270329,80.697
269.283,363.359,706376.210,954081.260,76.8754098,8.6266360,74.344
269.343,525.849,706376.270,954243.750,76.8754176,8.6281050,83.445
269.383,493.319,706376.310,954211.220,76.8754165,8.6278109,82.386
269.443,186.009,706376.370,953903.910,76.8754033,8.6250327,83.112
269.473,640.469,706376.400,954358.370,76.8754239,8.6291412,98.469
269.483,185.759,706376.410,953903.660,76.8754037,8.6250304,83.294
269.493,327.659,706376.420,954045.560,76.8754101,8.6263133,76.110
269.503,518.859,706376.430,954236.760,76.8754187,8.6280418,82.790
269.663,544.109,706376.590,954262.010,76.8754213,8.6282700,87.843
269.743,410.839,706376.670,954128.740,76.8754161,8.6270652,81.452
269.773,558.699,706376.700,954276.600,76.8754230,8.6284019,88.697
269.783,558.689,706376.710,954276.590,76.8754230,8.6284018,88.702
270.023,217.729,706376.950,953935.630,76.8754100,8.6253194,74.486
270.033,257.239,706376.960,953975.140,76.8754119,8.6256766,72.848
270.033,647.039,706376.960,954364.940,76.8754293,8.6292006,100.673
270.073,646.929,706377.000,954364.830,76.8754296,8.6291996,99.994
270.093,210.239,706377.020,953928.140,76.8754103,8.6252517,75.405
270.133,349.789,706377.060,954067.690,76.8754169,8.6265133,74.614
270.143,327.409,706377.070,954045.310,76.8754160,8.6263110,73.932
270.183,225.769,706377.110,953943.670,76.8754118,8.6253921,73.162
270.223,514.169,706377.150,954232.070,76.8754251,8.6279994,81.170
270.243,349.779,706377.170,954067.680,76.8754179,8.6265132,74.615
270.243,489.449,706377.170,954207.350,76.8754241,8.6277759,81.519
270.253,489.439,706377.180,954207.340,76.8754242,8.6277758,81.510
270.303,337.649,706377.230,954055.550,76.8754179,8.6264035,74.570
270.453,349.589,706377.380,954067.490,76.8754198,8.6265115,74.566
270.483,332.029,706377.410,954049.930,76.8754193,8.6263527,74.202
270.523,346.019,706377.450,954063.920,76.8754203,8.6264792,74.461
270.583,358.899,706377.510,954076.800,76.8754214,8.6265956,74.508
270.633,306.299,706377.560,954024.200,76.8754195,8.6261201,72.892
270.723,287.359,706377.650,954005.260,76.8754195,8.6259489,72.453
270.863,635.549,706377.790,954353.450,76.8754363,8.6290966,97.787
270.923,569.199,706377.850,954287.100,76.8754339,8.6284968,93.033
270.953,319.199,706377.880,954037.100,76.8754230,8.6262367,74.115
271.033,45.099,706377.960,953763.000,76.8754115,8.6237587,72.698
271.063,233.549,706377.990,953951.450,76.8754202,8.6254624,72.371
271.123,242.689,706378.050,953960.590,76.8754211,8.6255450,72.849
271.183,294.809,706378.110,954012.710,76.8754240,8.6260162,72.489
271.213,127.459,706378.140,953845.360,76.8754168,8.6245033,85.194
271.263,443.659,706378.190,954161.560,76.8754314,8.6273619,81.249
271.493,414.149,706378.420,954132.050,76.8754321,8.6270951,82.723
271.503,194.229,706378.430,953912.130,76.8754224,8.6251069,81.390
271.683,359.129,706378.610,954077.030,76.8754314,8.6265977,74.139
271.853,502.159,706378.780,954220.060,76.8754393,8.6278907,80.890
271.933,205.209,706378.860,953923.110,76.8754268,8.6252062,77.266
271.953,316.599,706378.880,954034.500,76.8754320,8.6262132,73.284
272.013,280.239,706378.940,953998.140,76.8754309,8.6258845,72.135
272.103,237.439,706379.030,953955.340,76.8754298,8.6254975,72.859
272.123,523.909,706379.050,954241.810,76.8754427,8.6280873,85.201
272.143,235.929,706379.070,953953.830,76.8754301,8.6254839,73.479
272.173,249.609,706379.100,953967.510,76.8754310,8.6256075,72.814
272.173,469.809,706379.100,954187.710,76.8754408,8.6275982,80.813
272.193,523.659,706379.120,954241.560,76.8754434,8.6280851,83.859
272.213,516.609,706379.140,954234.510,76.8754432,8.6280213,82.774
272.263,507.439,706379.190,954225.340,76.8754433,8.6279384,80.966
272.393,630.229,706379.320,954348.130,76.8754499,8.6290485,97.335
272.443,550.659,706379.370,954268.560,76.8754468,8.6283291,88.130
272.483,328.689,706379.410,954046.590,76.8754373,8.6263224,74.204
272.493,523.859,706379.420,954241.760,76.8754461,8.6280869,82.887
272.603,500.389,706379.530,954218.290,76.8754461,8.6278747,81.179
272.653,264.569,706379.580,953982.470,76.8754360,8.6257428,72.053
272.693,515.169,706379.620,954233.070,76.8754475,8.6280083,81.337
272.713,230.159,706379.640,953948.060,76.8754350,8.6254317,73.057
272.903,222.229,706379.830,953940.130,76.8754364,8.6253600,74.511
272.963,355.979,706379.890,954073.880,76.8754429,8.6265691,74.491
272.973,418.969,706379.900,954136.870,76.8754458,8.6271386,83.846
272.983,490.499,706379.910,954208.400,76.8754491,8.6277852,81.946
272.993,333.769,706379.920,954051.670,76.8754422,8.6263683,74.382
273.043,195.659,706379.970,953913.560,76.8754365,8.6251198,81.993
273.063,297.769,706379.990,954015.670,76.8754412,8.6260429,72.602
273.123,604.449,706380.050,954322.350,76.8754554,8.6288154,94.592
273.243,541.299,706380.170,954259.200,76.8754537,8.6282445,87.749
273.253,289.839,706380.180,954007.740,76.8754426,8.6259712,72.227
273.363,255.949,706380.290,953973.850,76.8754421,8.6256648,72.780
273.363,372.269,706380.290,954090.170,76.8754472,8.6267164,73.398
273.373,372.279,706380.300,954090.180,76.8754473,8.6267165,73.537
273.403,274.599,706380.330,953992.500,76.8754433,8.6258334,72.002
273.423,192.799,706380.350,953910.700,76.8754398,8.6250939,82.507
273.503,235.479,706380.430,953953.380,76.8754424,8.6254797,72.585
273.863,230.949,706380.790,953948.850,76.8754455,8.6254388,73.255
273.973,530.629,706380.900,954248.530,76.8754599,8.6281480,83.173
274.093,208.919,706381.020,953926.820,76.8754466,8.6252396,76.517
274.093,371.799,706381.020,954089.700,76.8754539,8.6267121,73.689
274.113,241.679,706381.040,953959.580,76.8754482,8.6255358,72.759
274.213,324.229,706381.140,954042.130,76.8754528,8.6262820,74.128
274.243,54.579,706381.170,953772.480,76.8754411,8.6238443,74.135
274.333,212.139,706381.260,953930.040,76.8754489,8.6252687,74.855
274.503,350.959,706381.430,954068.860,76.8754566,8.6265237,74.445
274.513,341.799,706381.440,954059.700,76.8754563,8.6264409,74.503
274.693,601.919,706381.620,954319.820,76.8754696,8.6287924,94.030
274.813,130.929,706381.740,953848.830,76.8754496,8.6245345,85.673
274.873,333.219,706381.800,954051.120,76.8754592,8.6263633,74.235
274.883,627.099,706381.810,954345.000,76.8754724,8.6290201,96.859
275.013,570.539,706381.940,954288.440,76.8754711,8.6285087,88.411
275.143,363.819,706382.070,954081.720,76.8754630,8.6266399,74.528
275.223,321.499,706382.150,954039.400,76.8754619,8.6262573,74.085
275.243,267.719,706382.170,953985.620,76.8754597,8.6257711,72.074
275.263,316.629,706382.190,954034.530,76.8754620,8.6262133,74.141
275.283,282.549,706382.210,954000.450,76.8754607,8.6259052,71.994
275.343,423.969,706382.270,954141.870,76.8754675,8.6271837,84.695
275.343,576.749,706382.270,954294.650,76.8754744,8.6285649,93.196
275.453,494.679,706382.380,954212.580,76.8754717,8.6278229,82.024
275.503,247.229,706382.430,953965.130,76.8754611,8.6255859,72.773
275.503,443.929,706382.430,954161.830,76.8754699,8.6273641,82.910
275.533,361.509,706382.460,954079.410,76.8754665,8.6266190,74.639
275.563,521.839,706382.490,954239.740,76.8754739,8.6280685,82.917
275.593,226.159,706382.520,953944.060,76.8754610,8.6253954,74.452
275.603,375.359,706382.530,954093.260,76.8754677,8.6267442,73.658
275.623,555.339,706382.550,954273.240,76.8754759,8.6283713,88.356
275.693,422.569,706382.620,954140.470,76.8754707,8.6271710,84.167
275.743,214.729,706382.670,953932.630,76.8754618,8.6252920,74.829
275.783,496.449,706382.710,954214.350,76.8754748,8.6278389,81.883
275.813,505.889,706382.740,954223.790,76.8754755,8.6279242,80.975
275.823,424.069,706382.750,954141.970,76.8754719,8.6271846,82.762
275.923,313.789,706382.850,954031.690,76.8754679,8.6261876,73.162
275.933,416.969,706382.860,954134.870,76.8754726,8.6271204,83.794
276.203,217.039,706383.130,953934.940,76.8754661,8.6253129,74.737
276.233,579.449,706383.160,954297.350,76.8754826,8.6285892,93.977
276.353,450.299,706383.280,954168.200,76.8754779,8.6274217,82.952
276.383,328.479,706383.310,954046.380,76.8754727,8.6263204,74.250
276.393,277.359,706383.320,953995.260,76.8754705,8.6258582,71.849
276.413,627.849,706383.340,954345.750,76.8754864,8.6290268,97.755
276.423,277.359,706383.350,953995.260,76.8754708,8.6258582,71.850
276.423,324.079,706383.350,954041.980,76.8754729,8.6262806,74.281
276.433,325.829,706383.360,954043.730,76.8754731,8.6262964,74.279
276.483,322.919,706383.410,954040.820,76.8754734,8.6262701,74.209
276.503,323.269,706383.430,954041.170,76.8754736,8.6262733,74.222
276.513,323.799,706383.440,954041.700,76.8754737,8.6262781,74.274
276.513,331.099,706383.440,954049.000,76.8754740,8.6263440,74.386
276.623,322.609,706383.550,954040.510,76.8754746,8.6262673,74.091
276.623,455.949,706383.550,954173.850,76.8754806,8.6274727,85.034
276.703,141.079,706383.630,953858.980,76.8754673,8.6246262,86.308
276.773,513.259,706383.700,954231.160,76.8754845,8.6279908,82.699
277.013,512.199,706383.940,954230.100,76.8754866,8.6279812,81.302
277.033,512.319,706383.960,954230.220,76.8754868,8.6279823,81.320
277.043,322.329,706383.970,954040.230,76.8754784,8.6262647,74.263
277.073,220.499,706384.000,953938.400,76.8754742,8.6253442,74.704
277.093,417.469,706384.020,954135.370,76.8754831,8.6271248,84.216
277.133,294.759,706384.060,954012.660,76.8754780,8.6260155,72.526
277.183,198.269,706384.110,953916.170,76.8754742,8.6251432,82.389
277.183,417.139,706384.110,954135.040,76.8754839,8.6271219,83.811
277.283,250.549,706384.210,953968.450,76.8754774,8.6256158,72.716
277.333,355.629,706384.260,954073.530,76.8754826,8.6265658,74.449
277.363,322.199,706384.290,954040.100,76.8754813,8.6262635,74.013
277.373,322.199,706384.300,954040.100,76.8754814,8.6262635,74.263
277.423,284.519,706384.350,954002.420,76.8754802,8.6259229,71.954
277.443,64.049,706384.370,953781.950,76.8754706,8.6239298,75.572
277.523,239.359,706384.450,953957.260,76.8754791,8.6255146,72.806
277.563,37.919,706384.490,953755.820,76.8754705,8.6236935,71.676
277.703,512.409,706384.630,954230.310,76.8754929,8.6279831,82.362
277.753,304.819,706384.680,954022.720,76.8754841,8.6261064,73.110
277.753,321.959,706384.680,954039.860,76.8754849,8.6262614,74.263
277.783,547.919,706384.710,954265.820,76.8754952,8.6283041,87.545
277.833,481.639,706384.760,954199.540,76.8754927,8.6277049,81.837
277.843,73.209,706384.770,953791.110,76.8754746,8.6240126,76.486
277.853,405.489,706384.780,954123.390,76.8754895,8.6270165,81.126
277.883,271.629,706384.810,953989.530,76.8754838,8.6258064,72.397
278.033,361.789,706384.960,954079.690,76.8754892,8.6266214,74.758
278.103,289.689,706385.030,954007.590,76.8754866,8.6259696,72.405
278.113,321.769,706385.040,954039.670,76.8754881,8.6262596,74.266
278.123,223.549,706385.050,953941.450,76.8754838,8.6253717,74.646
278.153,367.049,706385.080,954084.950,76.8754905,8.6266690,73.864
278.193,234.829,706385.120,953952.730,76.8754850,8.6254737,73.970
278.223,528.429,706385.150,954246.330,76.8754984,8.6281279,83.042
278.423,254.819,706385.350,953972.720,76.8754880,8.6256544,72.847
278.443,589.089,706385.370,954306.990,76.8755031,8.6286763,92.493
278.493,321.579,706385.420,954039.480,76.8754916,8.6262579,74.254
278.573,539.219,706385.500,954257.120,76.8755020,8.6282254,83.631
278.713,621.859,706385.640,954339.760,76.8755070,8.6289725,95.950
278.723,335.999,706385.650,954053.900,76.8754943,8.6263882,74.250
278.783,195.639,706385.710,953913.540,76.8754886,8.6251193,83.061
278.823,321.289,706385.750,954039.190,76.8754946,8.6262553,74.253
278.833,409.399,706385.760,954127.300,76.8754986,8.6270518,81.578
278.853,583.429,706385.780,954301.330,76.8755065,8.6286251,92.075
278.863,400.159,706385.790,954118.060,76.8754985,8.6269683,77.384
278.963,311.029,706385.890,954028.930,76.8754954,8.6261625,73.152
278.983,518.919,706385.910,954236.820,76.8755048,8.6280419,82.877
279.033,548.469,706385.960,954266.370,76.8755066,8.6283090,87.561
279.263,342.029,706386.190,954059.930,76.8754995,8.6264427,74.474
279.413,616.799,706386.340,954334.700,76.8755131,8.6289268,94.972
279.653,551.139,706386.580,954269.040,76.8755124,8.6283332,87.687
279.773,359.399,706386.700,954077.300,76.8755049,8.6265997,74.421
279.973,460.809,706386.900,954178.710,76.8755112,8.6275165,82.963
280.053,347.629,706386.980,954065.530,76.8755069,8.6264933,74.528
280.123,378.809,706387.050,954096.710,76.8755089,8.6267752,73.744
280.233,624.099,706387.160,954342.000,76.8755209,8.6289927,96.045
280.303,502.639,706387.230,954220.540,76.8755161,8.6278947,82.586
280.313,564.599,706387.240,954282.500,76.8755190,8.6284548,88.341
280.963,577.309,706387.890,954295.210,76.8755254,8.6285697,88.735
281.023,337.429,706387.950,954055.330,76.8755153,8.6264011,74.367
281.023,490.069,706387.950,954207.970,76.8755221,8.6277810,82.253
281.093,393.559,706388.020,954111.460,76.8755184,8.6269085,74.833
281.123,277.989,706388.050,953995.890,76.8755135,8.6258637,72.011
281.143,339.799,706388.070,954057.700,76.8755165,8.6264225,74.357
281.273,411.919,706388.200,954129.820,76.8755209,8.6270745,83.443
281.273,545.539,706388.200,954263.440,76.8755268,8.6282825,85.501
281.343,291.699,706388.270,954009.600,76.8755161,8.6259876,72.690
281.363,526.049,706388.290,954243.950,76.8755268,8.6281063,83.055
281.373,545.129,706388.300,954263.030,76.8755277,8.6282787,84.240
281.383,163.429,706388.310,953881.330,76.8755108,8.6248280,87.187
281.413,544.689,706388.340,954262.590,76.8755281,8.6282748,84.241
281.453,147.709,706388.380,953865.610,76.8755107,8.6246859,85.703
281.493,586.239,706388.420,954304.140,76.8755306,8.6286504,91.300
281.533,472.319,706388.460,954190.220,76.8755259,8.6276205,81.870
281.563,319.719,706388.490,954037.620,76.8755194,8.6262409,74.216
281.593,517.839,706388.520,954235.740,76.8755285,8.6280320,82.766
281.643,345.019,706388.570,954062.920,76.8755212,8.6264697,74.538
281.753,199.609,706388.680,953917.510,76.8755158,8.6251551,83.014
281.793,248.619,706388.720,953966.520,76.8755183,8.6255982,72.965
281.793,412.109,706388.720,954130.010,76.8755256,8.6270762,83.524
281.823,412.069,706388.750,954129.970,76.8755259,8.6270758,83.520
281.923,365.259,706388.850,954083.160,76.8755247,8.6266526,73.562
282.013,546.609,706388.940,954264.510,76.8755336,8.6282921,85.576
282.093,211.599,706389.020,953929.500,76.8755194,8.6252635,79.865
282.173,511.829,706389.100,954229.730,76.8755335,8.6279777,81.561
282.183,166.329,706389.110,953884.230,76.8755182,8.6248542,87.224
282.223,392.489,706389.150,954110.390,76.8755286,8.6268988,75.379
282.243,281.529,706389.170,953999.430,76.8755239,8.6258957,72.028
282.393,243.899,706389.320,953961.800,76.8755235,8.6255555,73.487
282.393,257.029,706389.320,953974.930,76.8755241,8.6256742,72.987
282.543,333.109,706389.470,954051.010,76.8755289,8.6263619,74.269
282.583,307.949,706389.510,954025.850,76.8755281,8.6261345,73.191
282.603,272.759,706389.530,953990.660,76.8755267,8.6258164,72.190
282.613,414.379,706389.540,954132.280,76.8755332,8.6270967,84.247
282.643,367.529,706389.570,954085.430,76.8755313,8.6266731,73.691
282.653,302.599,706389.580,954020.500,76.8755285,8.6260861,73.176
282.653,422.829,706389.580,954140.730,76.8755339,8.6271730,85.996
282.673,588.989,706389.600,954306.890,76.8755415,8.6286752,92.150
282.753,74.149,706389.680,953792.050,76.8755192,8.6240208,76.759
282.773,203.059,706389.700,953920.960,76.8755252,8.6251862,82.106
282.783,371.359,706389.710,954089.260,76.8755328,8.6267077,73.596
282.823,589.049,706389.750,954306.950,76.8755429,8.6286757,92.138
283.073,585.089,706390.000,954302.990,76.8755449,8.6286399,91.615
283.163,377.659,706390.090,954095.560,76.8755365,8.6267647,73.574
283.333,315.799,706390.260,954033.700,76.8755353,8.6262054,73.999
283.363,390.449,706390.290,954108.350,76.8755389,8.6268803,74.425
283.373,215.319,706390.300,953933.220,76.8755312,8.6252970,80.141
283.423,466.809,706390.350,954184.710,76.8755428,8.6275706,82.944
283.473,593.879,706390.400,954311.780,76.8755490,8.6287194,92.222
283.493,335.429,706390.420,954053.330,76.8755376,8.6263829,74.357
283.533,374.969,706390.460,954092.870,76.8755397,8.6267403,73.569
283.613,618.749,706390.540,954336.650,76.8755514,8.6289442,95.335
283.733,551.289,706390.660,954269.190,76.8755494,8.6283343,88.263
283.753,535.519,706390.680,954253.420,76.8755489,8.6281918,83.416
283.893,580.209,706390.820,954298.110,76.8755522,8.6285958,90.862
283.943,228.009,706390.870,953945.910,76.8755369,8.6254117,77.065
283.943,354.759,706390.870,954072.660,76.8755426,8.6265576,74.490
284.323,198.309,706391.250,953916.210,76.8755390,8.6251432,83.512
284.433,407.509,706391.360,954125.410,76.8755494,8.6270345,81.972
284.453,426.879,706391.380,954144.780,76.8755504,8.6272096,82.888
284.463,601.299,706391.390,954319.200,76.8755583,8.6287864,92.722
284.553,560.729,706391.480,954278.630,76.8755573,8.6284196,87.989
284.563,621.999,706391.490,954339.900,76.8755601,8.6289735,96.151
284.623,362.869,706391.550,954080.770,76.8755491,8.6266309,73.569
284.633,515.129,706391.560,954233.030,76.8755560,8.6280074,81.532
284.683,623.339,706391.610,954341.240,76.8755613,8.6289856,96.424
285.013,200.469,706391.940,953918.370,76.8755454,8.6251627,83.984
285.013,591.599,706391.940,954309.500,76.8755629,8.6286987,92.915
285.133,548.649,706392.060,954266.550,76.8755620,8.6283104,84.603
285.173,376.159,706392.100,954094.060,76.8755547,8.6267510,73.653
285.243,210.139,706392.170,953928.040,76.8755479,8.6252501,80.525
285.383,273.539,706392.310,953991.440,76.8755520,8.6258233,72.408
285.553,158.809,706392.480,953876.710,76.8755485,8.6247861,87.612
285.663,401.809,706392.590,954119.710,76.8755603,8.6269829,77.666
285.693,350.129,706392.620,954068.030,76.8755583,8.6265157,74.875
285.703,498.909,706392.630,954216.810,76.8755650,8.6278607,82.669
285.713,219.489,706392.640,953937.390,76.8755526,8.6253346,79.983
285.773,548.099,706392.700,954266.000,76.8755678,8.6283054,85.852
285.823,572.529,706392.750,954290.430,76.8755694,8.6285263,88.643
285.853,318.039,706392.780,954035.940,76.8755583,8.6262256,74.107
285.873,520.979,706392.800,954238.880,76.8755675,8.6280602,83.943
285.973,346.549,706392.900,954064.450,76.8755606,8.6264833,74.379
285.993,522.349,706392.920,954240.250,76.8755687,8.6280726,82.931
286.033,370.659,706392.960,954088.560,76.8755623,8.6267013,73.717
286.043,316.559,706392.970,954034.460,76.8755599,8.6262122,73.688
286.093,612.909,706393.020,954330.810,76.8755736,8.6288913,94.223
286.163,317.109,706393.090,954035.010,76.8755611,8.6262171,73.886
286.183,548.359,706393.110,954266.260,76.8755716,8.6283077,85.021
286.243,289.099,706393.170,954007.000,76.8755605,8.6259639,72.841
286.413,558.799,706393.340,954276.700,76.8755741,8.6284021,87.248
286.423,214.339,706393.350,953932.240,76.8755588,8.6252880,80.630
286.473,350.229,706393.400,954068.130,76.8755654,8.6265165,74.316
286.493,279.309,706393.420,953997.210,76.8755624,8.6258754,72.162
286.563,226.849,706393.490,953944.750,76.8755607,8.6254011,79.032
286.593,252.979,706393.520,953970.880,76.8755621,8.6256374,73.005
286.613,440.459,706393.540,954158.360,76.8755706,8.6273323,82.902
286.623,484.209,706393.550,954202.110,76.8755727,8.6277278,84.162
286.633,540.569,706393.560,954258.470,76.8755753,8.6282373,83.479
286.633,549.689,706393.560,954267.590,76.8755757,8.6283197,87.121
286.703,236.629,706393.630,953954.530,76.8755624,8.6254895,75.988
286.793,223.599,706393.720,953941.500,76.8755626,8.6253717,79.715
286.823,360.379,706393.750,954078.280,76.8755690,8.6266083,73.836
287.003,361.159,706393.930,954079.060,76.8755707,8.6266153,73.400
287.153,472.469,706394.080,954190.370,76.8755770,8.6276216,82.932
287.303,40.209,706394.230,953758.110,76.8755591,8.6237138,72.090
287.303,336.049,706394.230,954053.950,76.8755723,8.6263883,74.307
287.313,393.599,706394.240,954111.500,76.8755749,8.6269086,75.375
287.333,282.719,706394.260,954000.620,76.8755702,8.6259062,72.583
287.333,373.819,706394.260,954091.720,76.8755742,8.6267298,73.547
287.343,532.529,706394.270,954250.430,76.8755814,8.6281646,83.298
287.413,332.209,706394.340,954050.110,76.8755731,8.6263536,74.395
287.433,312.029,706394.360,954029.930,76.8755724,8.6261712,73.923
287.443,596.319,706394.370,954314.220,76.8755851,8.6287413,91.013
287.463,262.969,706394.390,953980.870,76.8755705,8.6257276,72.901
287.473,512.619,706394.400,954230.520,76.8755817,8.6279846,82.236
287.693,303.469,706394.620,954021.370,76.8755743,8.6260938,73.127
287.703,540.659,706394.630,954258.560,76.8755850,8.6282381,83.751
287.713,580.239,706394.640,954298.140,76.8755869,8.6285959,90.210
287.743,626.939,706394.670,954344.840,76.8755892,8.6290181,97.223
287.863,348.469,706394.790,954066.370,76.8755779,8.6265006,74.680
287.963,270.959,706394.890,953988.860,76.8755754,8.6257998,72.760
287.993,589.069,706394.920,954306.970,76.8755898,8.6286757,92.049
288.043,481.699,706394.970,954199.600,76.8755855,8.6277050,83.092
288.053,358.139,706394.980,954076.040,76.8755801,8.6265880,73.601
288.113,147.699,706395.040,953865.600,76.8755712,8.6246855,87.331
288.113,421.109,706395.040,954139.010,76.8755834,8.6271573,86.036
288.123,322.249,706395.050,954040.150,76.8755791,8.6262635,74.304
288.283,297.089,706395.210,954014.990,76.8755794,8.6260361,72.981
288.303,351.149,706395.230,954069.050,76.8755820,8.6265248,74.435
288.303,379.399,706395.230,954097.300,76.8755833,8.6267802,73.784
288.343,315.789,706395.270,954033.690,76.8755808,8.6262051,74.103
288.363,364.739,706395.290,954082.640,76.8755832,8.6266476,73.606
288.473,221.529,706395.400,953939.430,76.8755778,8.6253530,73.204
288.473,428.049,706395.400,954145.950,76.8755870,8.6272200,82.881
288.653,310.879,706395.580,954028.780,76.8755834,8.6261607,73.860
288.763,354.069,706395.690,954071.970,76.8755863,8.6265512,74.566
288.803,209.689,706395.730,953927.590,76.8755802,8.6252459,81.516
288.823,417.329,706395.750,954135.230,76.8755897,8.6271231,85.566
288.833,375.879,706395.760,954093.780,76.8755879,8.6267483,73.439
288.863,201.069,706395.790,953918.970,76.8755804,8.6251680,84.076
288.993,326.139,706395.920,954044.040,76.8755872,8.6262987,74.243
289.213,353.499,706396.140,954071.400,76.8755904,8.6265460,74.480
289.213,448.499,706396.140,954166.400,76.8755946,8.6274048,81.621
289.623,218.459,706396.550,953936.360,76.8755881,8.6253252,81.099
289.663,271.009,706396.590,953988.910,76.8755908,8.6258002,72.661
289.923,414.469,706396.850,954132.370,76.8755996,8.6270971,84.246
290.003,163.119,706396.930,953881.020,76.8755891,8.6248248,87.788
290.053,554.179,706396.980,954272.080,76.8756070,8.6283602,85.102
290.093,446.699,706397.020,954164.600,76.8756025,8.6273885,82.952
290.153,350.339,706397.080,954068.240,76.8755988,8.6265174,75.398
290.203,475.479,706397.130,954193.380,76.8756048,8.6276487,82.930
290.233,544.679,706397.160,954262.580,76.8756082,8.6282743,84.163
290.343,517.889,706397.270,954235.790,76.8756080,8.6280321,82.736
290.343,584.149,706397.270,954302.050,76.8756109,8.6286311,89.411
290.393,567.339,706397.320,954285.240,76.8756106,8.6284791,88.153
290.463,365.369,706397.390,954083.270,76.8756023,8.6266532,73.616
290.583,130.589,706397.510,953848.490,76.8755929,8.6245307,86.402
290.583,358.599,706397.510,954076.500,76.8756031,8.6265920,73.584
290.623,565.549,706397.550,954283.450,76.8756127,8.6284629,87.002
290.713,537.979,706397.640,954255.880,76.8756122,8.6282137,83.589
290.783,371.129,706397.710,954089.030,76.8756054,8.6267053,73.484
290.863,366.549,706397.790,954084.450,76.8756060,8.6266639,73.777
290.893,277.749,706397.820,953995.650,76.8756023,8.6258611,73.155
290.923,537.399,706397.850,954255.300,76.8756141,8.6282084,83.600
290.933,271.609,706397.860,953989.510,76.8756024,8.6258056,72.882
290.973,261.899,706397.900,953979.800,76.8756023,8.6257178,72.892
291.013,245.649,706397.940,953963.550,76.8756019,8.6255709,74.910
291.053,287.649,706397.980,954005.550,76.8756042,8.6259506,72.837
291.223,300.139,706398.150,954018.040,76.8756063,8.6260635,73.094
291.253,424.609,706398.180,954142.510,76.8756121,8.6271888,86.653
291.333,320.849,706398.260,954038.750,76.8756082,8.6262507,74.462
291.393,528.209,706398.320,954246.110,76.8756180,8.6281253,83.177
291.623,362.409,706398.550,954080.310,76.8756127,8.6266264,73.465
291.693,414.319,706398.620,954132.220,76.8756156,8.6270957,84.290
291.793,334.939,706398.720,954052.840,76.8756130,8.6263781,74.280
291.823,393.949,706398.750,954111.850,76.8756159,8.6269116,74.890
291.833,393.889,706398.760,954111.790,76.8756160,8.6269110,74.908
292.163,344.969,706399.090,954062.870,76.8756168,8.6264687,74.502
292.243,524.299,706399.170,954242.200,76.8756255,8.6280900,83.932
292.293,581.219,706399.220,954299.120,76.8756285,8.6286045,89.621
292.383,375.179,706399.310,954093.080,76.8756202,8.6267418,73.578
292.443,279.329,706399.370,953997.230,76.8756164,8.6258753,72.781
292.503,402.749,706399.430,954120.650,76.8756225,8.6269911,77.810
292.513,517.559,706399.440,954235.460,76.8756277,8.6280290,82.662
292.533,482.019,706399.460,954199.920,76.8756263,8.6277077,86.270
292.553,282.419,706399.480,954000.320,76.8756176,8.6259032,72.514
292.553,342.109,706399.480,954060.010,76.8756202,8.6264429,74.449
292.563,518.169,706399.490,954236.070,76.8756282,8.6280345,82.870
292.583,527.939,706399.510,954245.840,76.8756288,8.6281228,84.254
292.673,410.119,706399.600,954128.020,76.8756243,8.6270577,82.745
292.703,368.639,706399.630,954086.540,76.8756228,8.6266827,73.633
292.823,212.939,706399.750,953930.840,76.8756169,8.6252751,83.422
292.963,228.709,706399.890,953946.610,76.8756189,8.6254177,73.138
292.963,293.019,706399.890,954010.920,76.8756218,8.6259991,73.103
293.203,560.309,706400.130,954278.210,76.8756359,8.6284155,85.219
293.253,218.219,706400.180,953936.120,76.8756211,8.6253228,82.412
293.353,454.569,706400.280,954172.470,76.8756325,8.6274595,83.048
293.523,589.799,706400.450,954307.700,76.8756401,8.6286820,89.424
293.583,596.489,706400.510,954314.390,76.8756409,8.6287425,89.890
293.613,570.849,706400.540,954288.750,76.8756401,8.6285107,88.443
293.623,550.979,706400.550,954268.880,76.8756393,8.6283311,84.659
293.683,368.229,706400.610,954086.130,76.8756317,8.6266790,73.642
293.683,424.679,706400.610,954142.580,76.8756342,8.6271893,86.988
293.723,278.189,706400.650,953996.090,76.8756280,8.6258650,73.038
293.803,364.989,706400.730,954082.890,76.8756326,8.6266497,73.660
293.903,208.049,706400.830,953925.950,76.8756265,8.6252309,84.432
293.923,511.799,706400.850,954229.700,76.8756402,8.6279769,83.257
294.033,354.549,706400.960,954072.450,76.8756342,8.6265553,73.603
294.083,371.249,706401.010,954089.150,76.8756354,8.6267062,73.666
294.123,348.149,706401.050,954066.050,76.8756348,8.6264974,75.181
294.143,165.929,706401.070,953883.830,76.8756268,8.6248501,88.106
294.153,234.359,706401.080,953952.260,76.8756299,8.6254687,72.823
294.283,452.569,706401.210,954170.470,76.8756409,8.6274414,84.324
294.383,516.039,706401.310,954233.940,76.8756446,8.6280152,82.379
294.553,540.869,706401.480,954258.770,76.8756473,8.6282396,83.784
294.703,306.949,706401.630,954024.850,76.8756382,8.6261249,73.915
294.723,317.859,706401.650,954035.760,76.8756389,8.6262235,74.415
294.733,293.989,706401.660,954011.890,76.8756379,8.6260077,72.652
294.753,460.929,706401.680,954178.830,76.8756455,8.6275170,83.140
294.793,300.009,706401.720,954017.910,76.8756387,8.6260622,73.224
294.913,268.309,706401.840,953986.210,76.8756384,8.6257756,72.211
295.033,276.489,706401.960,953994.390,76.8756398,8.6258495,72.318
295.103,277.739,706402.030,953995.640,76.8756405,8.6258608,72.913
295.123,525.089,706402.050,954242.990,76.8756517,8.6280970,83.140
295.273,234.689,706402.200,953952.590,76.8756401,8.6254716,72.907
295.323,254.679,706402.250,953972.580,76.8756415,8.6256523,73.833
295.533,278.539,706402.460,953996.440,76.8756445,8.6258680,72.209
295.633,238.909,706402.560,953956.810,76.8756436,8.6255098,72.972
295.743,430.679,706402.670,954148.580,76.8756532,8.6272434,82.936
295.793,336.979,706402.720,954054.880,76.8756494,8.6263963,74.342
295.813,459.579,706402.740,954177.480,76.8756551,8.6275047,83.085
295.853,283.109,706402.780,954001.010,76.8756476,8.6259093,73.163
295.863,488.919,706402.790,954206.820,76.8756568,8.6277699,86.395
295.903,533.819,706402.830,954251.720,76.8756592,8.6281759,83.564
295.923,261.229,706402.850,953979.130,76.8756472,8.6257115,72.883
295.993,37.889,706402.920,953755.790,76.8756379,8.6236924,72.254
296.033,393.989,706402.960,954111.890,76.8756541,8.6269117,75.010
296.083,532.999,706403.010,954250.900,76.8756608,8.6281684,83.548
296.113,590.839,706403.040,954308.740,76.8756637,8.6286913,88.710
296.223,333.419,706403.150,954051.320,76.8756532,8.6263641,74.497
296.253,457.009,706403.180,954174.910,76.8756590,8.6274814,84.361
296.263,568.669,706403.190,954286.570,76.8756640,8.6284909,87.698
296.273,288.669,706403.200,954006.570,76.8756516,8.6259596,73.440
296.453,419.149,706403.380,954137.050,76.8756591,8.6271392,85.817
296.583,146.509,706403.510,953864.410,76.8756481,8.6246744,86.893
296.613,523.499,706403.540,954241.400,76.8756652,8.6280825,83.142
296.673,288.969,706403.600,954006.870,76.8756553,8.6259623,73.446
296.693,485.469,706403.620,954203.370,76.8756642,8.6277387,84.358
296.773,578.569,706403.700,954296.470,76.8756691,8.6285804,87.141
296.783,571.949,706403.710,954289.850,76.8756689,8.6285205,88.387
296.883,574.509,706403.810,954292.410,76.8756699,8.6285437,88.598
296.943,318.989,706403.870,954036.890,76.8756591,8.6262337,74.307
296.943,477.109,706403.870,954195.010,76.8756661,8.6276631,86.297
296.983,518.529,706403.910,954236.430,76.8756683,8.6280376,82.678
297.043,370.899,706403.970,954088.800,76.8756623,8.6267029,73.472
297.233,583.029,706404.160,954300.930,76.8756735,8.6286207,88.930
297.283,315.349,706404.210,954033.250,76.8756620,8.6262007,74.328
297.313,532.849,706404.240,954250.750,76.8756720,8.6281670,83.490
297.363,288.889,706404.290,954006.790,76.8756615,8.6259615,72.029
297.453,233.379,706404.380,953951.280,76.8756599,8.6254597,73.313
297.513,338.279,706404.440,954056.180,76.8756651,8.6264080,74.594
297.603,355.009,706404.530,954072.910,76.8756667,8.6265593,73.668
297.663,339.789,706404.590,954057.690,76.8756665,8.6264217,74.399
297.703,283.699,706404.630,954001.600,76.8756644,8.6259146,72.082
297.753,556.999,706404.680,954274.900,76.8756770,8.6283853,85.141
297.813,309.599,706404.740,954027.500,76.8756666,8.6261487,74.370
297.853,564.949,706404.780,954282.850,76.8756783,8.6284572,86.236
297.893,354.859,706404.820,954072.760,76.8756693,8.6265579,73.713
297.983,289.019,706404.910,954006.920,76.8756672,8.6259627,73.392
298.003,345.119,706404.930,954063.020,76.8756699,8.6264698,75.263
298.033,324.649,706404.960,954042.550,76.8756692,8.6262848,74.342
298.103,413.319,706405.030,954131.220,76.8756738,8.6270864,82.902
298.103,421.139,706405.030,954139.040,76.8756742,8.6271571,86.020
298.253,464.689,706405.180,954182.590,76.8756775,8.6275508,83.185
298.363,241.289,706405.290,953959.190,76.8756685,8.6255312,72.737
298.513,531.659,706405.440,954249.560,76.8756828,8.6281562,84.244
298.583,485.639,706405.510,954203.540,76.8756814,8.6277402,86.150
298.593,168.939,706405.520,953886.840,76.8756674,8.6248771,88.448
298.663,304.729,706405.590,954022.630,76.8756741,8.6261047,73.833
298.833,426.199,706405.760,954144.100,76.8756810,8.6272028,87.084
298.863,165.899,706405.790,953883.800,76.8756697,8.6248496,88.326
298.873,536.969,706405.800,954254.870,76.8756863,8.6282042,83.834
298.883,545.379,706405.810,954263.280,76.8756868,8.6282802,84.254
298.943,359.389,706405.870,954077.290,76.8756790,8.6265988,73.377
298.953,306.259,706405.880,954024.160,76.8756768,8.6261185,73.754
299.083,521.279,706406.010,954239.180,76.8756875,8.6280623,82.809
299.123,162.909,706406.050,953880.810,76.8756719,8.6248225,88.206
299.123,233.819,706406.050,953951.720,76.8756751,8.6254636,73.634
299.193,494.139,706406.120,954212.040,76.8756873,8.6278170,86.343
299.203,306.089,706406.130,954023.990,76.8756790,8.6261169,73.700
299.213,430.229,706406.140,954148.130,76.8756847,8.6272392,83.126
299.213,484.069,706406.140,954201.970,76.8756871,8.6277259,87.416
299.393,571.829,706406.320,954289.730,76.8756926,8.6285193,87.134
299.533,464.999,706406.460,954182.900,76.8756891,8.6275535,84.385
299.593,94.439,706406.520,953812.340,76.8756731,8.6242035,82.742
299.623,566.719,706406.550,954284.620,76.8756945,8.6284731,87.705
299.653,137.849,706406.580,953855.750,76.8756756,8.6245960,86.670
299.663,305.909,706406.590,954023.810,76.8756832,8.6261153,73.731
299.733,275.529,706406.660,953993.430,76.8756825,8.6258406,72.336
299.773,367.679,706406.700,954085.580,76.8756869,8.6266737,73.449
299.813,313.299,706406.740,954031.200,76.8756849,8.6261821,74.235
299.903,305.879,706406.830,954023.780,76.8756854,8.6261150,73.722
299.943,323.819,706406.870,954041.720,76.8756865,8.6262772,74.224
299.963,573.009,706406.890,954290.910,76.8756978,8.6285300,88.287
299.973,512.419,706406.900,954230.320,76.8756952,8.6279822,84.331
300.183,307.409,706407.110,954025.310,76.8756880,8.6261288,74.267
300.243,435.699,706407.170,954153.600,76.8756943,8.6272886,82.962
300.293,305.949,706407.220,954023.850,76.8756889,8.6261156,73.813
300.303,506.429,706407.230,954224.330,76.8756980,8.6279280,84.667
300.363,483.529,706407.290,954201.430,76.8756975,8.6277210,86.353
300.403,404.579,706407.330,954122.480,76.8756943,8.6270073,77.788
300.413,319.899,706407.340,954037.800,76.8756906,8.6262417,74.293
300.453,468.449,706407.380,954186.350,76.8756976,8.6275847,83.297
300.493,296.309,706407.420,954014.210,76.8756903,8.6260285,73.795
300.653,336.679,706407.580,954054.580,76.8756936,8.6263934,74.322
300.673,306.089,706407.600,954023.990,76.8756924,8.6261169,73.801
300.723,474.039,706407.650,954191.940,76.8757003,8.6276352,85.754
300.753,342.409,706407.680,954060.310,76.8756947,8.6264452,75.170
300.883,417.549,706407.810,954135.450,76.8756993,8.6271245,84.562
301.023,246.929,706407.950,953964.830,76.8756929,8.6255820,72.737
301.033,306.379,706407.960,954024.280,76.8756957,8.6261195,73.767
301.043,361.999,706407.970,954079.900,76.8756982,8.6266223,73.497
301.263,306.579,706408.190,954024.480,76.8756978,8.6261213,73.822
301.383,390.279,706408.310,954108.180,76.8757026,8.6268780,74.542
301.493,306.859,706408.420,954024.760,76.8756999,8.6261238,73.826
301.523,290.219,706408.450,954008.120,76.8756994,8.6259734,72.615
301.573,298.899,706408.500,954016.800,76.8757002,8.6260518,73.886
301.743,501.149,706408.670,954219.050,76.8757108,8.6278802,85.611
301.753,501.149,706408.680,954219.050,76.8757109,8.6278802,85.613
301.833,501.129,706408.760,954219.030,76.8757116,8.6278801,85.634
301.933,573.199,706408.860,954291.100,76.8757157,8.6285316,87.445
302.063,537.329,706408.990,954255.230,76.8757153,8.6282073,84.281
302.193,528.439,706409.120,954246.340,76.8757161,8.6281269,83.669
302.233,240.059,706409.160,953957.960,76.8757036,8.6255199,73.647
302.393,574.519,706409.320,954292.420,76.8757200,8.6285435,85.429
302.433,350.319,706409.360,954068.220,76.8757103,8.6265167,73.816
302.503,532.919,706409.430,954250.820,76.8757191,8.6281674,83.923
302.513,191.689,706409.440,953909.590,76.8757040,8.6250826,87.388
302.533,298.119,706409.460,954016.020,76.8757089,8.6260447,73.125
302.543,394.989,706409.470,954112.890,76.8757133,8.6269205,75.448
302.643,561.179,706409.570,954279.080,76.8757217,8.6284229,86.190
302.693,473.719,706409.620,954191.620,76.8757182,8.6276322,86.467
302.703,551.499,706409.630,954269.400,76.8757218,8.6283354,84.761
302.853,499.359,706409.780,954217.260,76.8757208,8.6278640,86.358
302.883,317.969,706409.810,954035.870,76.8757130,8.6262242,74.307
302.973,536.809,706409.900,954254.710,76.8757236,8.6282026,83.666
303.243,309.179,706410.170,954027.080,76.8757159,8.6261447,74.139
303.293,268.609,706410.220,953986.510,76.8757145,8.6257779,72.218
303.353,321.529,706410.280,954039.430,76.8757174,8.6262563,74.217
303.373,441.819,706410.300,954159.720,76.8757230,8.6273438,83.055
303.383,515.929,706410.310,954233.830,76.8757264,8.6280138,84.404
303.463,339.639,706410.390,954057.540,76.8757192,8.6264201,74.709
303.473,371.609,706410.400,954089.510,76.8757207,8.6267091,73.667
303.503,325.459,706410.430,954043.360,76.8757189,8.6262919,74.487
303.553,254.289,706410.480,953972.190,76.8757162,8.6256485,72.909
303.593,472.319,706410.520,954190.220,76.8757263,8.6276195,86.344
303.653,489.799,706410.580,954207.700,76.8757276,8.6277776,86.594
303.673,283.549,706410.600,954001.450,76.8757186,8.6259130,72.176
303.683,542.029,706410.610,954259.930,76.8757302,8.6282497,84.284
303.873,111.359,706410.800,953829.260,76.8757128,8.6243563,83.086
303.873,509.509,706410.800,954227.410,76.8757305,8.6279557,84.537
303.913,472.129,706410.840,954190.030,76.8757292,8.6276178,86.211
303.943,472.179,706410.870,954190.080,76.8757295,8.6276182,86.974
304.133,116.659,706411.060,953834.560,76.8757154,8.6244042,83.660
304.203,273.939,706411.130,953991.840,76.8757230,8.6258261,72.171
304.243,565.489,706411.170,954283.390,76.8757364,8.6284618,87.364
304.343,590.289,706411.270,954308.190,76.8757384,8.6286860,89.552
304.363,305.819,706411.290,954023.720,76.8757259,8.6261143,73.959
304.513,250.069,706411.440,953967.970,76.8757248,8.6256103,73.971
304.563,302.889,706411.490,954020.790,76.8757276,8.6260878,73.242
304.573,260.589,706411.500,953978.490,76.8757258,8.6257054,73.837
304.583,497.889,706411.510,954215.790,76.8757365,8.6278506,86.482
304.763,134.019,706411.690,953851.920,76.8757219,8.6245611,85.777
304.873,448.739,706411.800,954166.640,76.8757369,8.6274063,83.191
304.933,187.319,706411.860,953905.220,76.8757258,8.6250430,87.800
305.013,584.929,706411.940,954302.830,76.8757442,8.6286375,87.672
305.113,165.659,706412.040,953883.560,76.8757264,8.6248471,88.305
305.283,331.999,706412.210,954049.900,76.8757354,8.6263509,74.312
305.303,232.859,706412.230,953950.760,76.8757312,8.6254546,75.603
305.373,312.509,706412.300,954030.410,76.8757354,8.6261747,74.111
305.403,480.289,706412.330,954198.190,76.8757431,8.6276915,86.167
305.433,247.559,706412.360,953965.460,76.8757330,8.6255875,73.751
305.443,170.649,706412.370,953888.550,76.8757297,8.6248922,88.582
305.543,390.469,706412.470,954108.370,76.8757404,8.6268795,74.557
305.603,578.759,706412.530,954296.660,76.8757493,8.6285817,86.407
305.613,506.599,706412.540,954224.500,76.8757462,8.6279293,85.572
305.813,428.649,706412.740,954146.550,76.8757445,8.6272246,87.408
305.943,284.849,706412.870,954002.750,76.8757393,8.6259246,72.313
306.063,260.479,706412.990,953978.380,76.8757393,8.6257043,72.867
306.083,315.759,706413.010,954033.660,76.8757420,8.6262041,73.870
306.093,320.149,706413.020,954038.050,76.8757422,8.6262437,74.141
306.093,379.919,706413.020,954097.820,76.8757449,8.6267841,73.460
306.093,507.829,706413.020,954225.730,76.8757506,8.6279404,84.537
306.213,306.439,706413.140,954024.340,76.8757427,8.6261198,73.477
306.663,536.969,706413.590,954254.870,76.8757571,8.6282039,84.346
306.703,480.729,706413.630,954198.630,76.8757549,8.6276954,86.449
306.733,595.349,706413.660,954313.250,76.8757603,8.6287316,90.644
306.873,453.359,706413.800,954171.260,76.8757553,8.6274480,83.240
306.883,459.999,706413.810,954177.900,76.8757557,8.6275080,83.308
306.903,502.109,706413.830,954220.010,76.8757577,8.6278887,85.948
306.943,398.719,706413.870,954116.620,76.8757535,8.6269540,76.388
306.963,435.509,706413.890,954153.410,76.8757553,8.6272866,87.082
307.213,392.929,706414.140,954110.830,76.8757557,8.6269017,74.221
307.233,555.939,706414.160,954273.840,76.8757631,8.6283753,85.393
307.273,532.899,706414.200,954250.800,76.8757625,8.6281670,84.210
307.353,182.939,706414.280,953900.840,76.8757476,8.6250033,88.212
307.443,423.409,706414.370,954141.310,76.8757591,8.6271772,86.571
307.693,345.499,706414.620,954063.400,76.8757579,8.6264728,73.922
307.703,470.949,706414.630,954188.850,76.8757636,8.6276070,86.743
307.743,241.099,706414.670,953959.000,76.8757537,8.6255290,75.452
307.753,329.469,706414.680,954047.370,76.8757577,8.6263279,74.362
307.813,256.439,706414.740,953974.340,76.8757550,8.6256677,73.916
307.823,495.809,706414.750,954213.710,76.8757658,8.6278317,86.586
307.933,323.039,706414.860,954040.940,76.8757591,8.6262698,74.358
307.933,545.939,706414.860,954263.840,76.8757690,8.6282849,84.676
308.013,309.619,706414.940,954027.520,76.8757592,8.6261485,73.359
308.053,573.549,706414.980,954291.450,76.8757714,8.6285345,84.925
308.253,325.829,706415.180,954043.730,76.8757621,8.6262950,74.371
308.333,146.109,706415.260,953864.010,76.8757548,8.6246703,86.447
308.363,269.399,706415.290,953987.300,76.8757606,8.6257848,72.857
308.523,522.739,706415.450,954240.640,76.8757734,8.6280751,84.610
308.593,515.589,706415.520,954233.490,76.8757737,8.6280105,84.662
308.733,418.649,706415.660,954136.550,76.8757706,8.6271341,85.058
308.763,499.759,706415.690,954217.660,76.8757745,8.6278674,86.231
308.783,284.409,706415.710,954002.310,76.8757651,8.6259205,72.908
308.843,485.729,706415.770,954203.630,76.8757746,8.6277405,86.583
308.963,534.649,706415.890,954252.550,76.8757779,8.6281828,84.352
309.093,318.619,706416.020,954036.520,76.8757694,8.6262298,74.062
309.133,353.959,706416.060,954071.860,76.8757714,8.6265493,73.271
309.153,422.989,706416.080,954140.890,76.8757746,8.6271733,86.694
309.193,47.279,706416.120,953765.180,76.8757582,8.6237768,73.062
309.203,447.219,706416.130,954165.120,76.8757762,8.6273924,86.536
309.223,247.459,706416.150,953965.360,76.8757674,8.6255865,75.243
309.313,274.859,706416.240,953992.760,76.8757695,8.6258342,73.157
309.393,404.519,706416.320,954122.420,76.8757760,8.6270063,78.059
309.513,567.229,706416.440,954285.130,76.8757843,8.6284773,85.309
309.783,315.149,706416.710,954033.050,76.8757755,8.6261984,73.927
309.853,507.819,706416.780,954225.720,76.8757848,8.6279402,86.958
309.923,505.389,706416.850,954223.290,76.8757853,8.6279182,85.666
309.943,334.729,706416.870,954052.630,76.8757779,8.6263754,74.766
310.013,357.359,706416.940,954075.260,76.8757795,8.6265800,73.424
310.013,389.429,706416.940,954107.330,76.8757809,8.6268699,74.139
310.023,380.369,706416.950,954098.270,76.8757806,8.6267880,73.546
310.113,326.569,706417.040,954044.470,76.8757790,8.6263016,74.241
310.513,451.149,706417.440,954169.050,76.8757882,8.6274278,86.344
310.583,337.449,706417.510,954055.350,76.8757838,8.6263999,73.783
310.593,265.059,706417.520,953982.960,76.8757807,8.6257455,73.875
310.593,294.769,706417.520,954012.670,76.8757820,8.6260141,76.073
310.593,451.259,706417.520,954169.160,76.8757890,8.6274288,86.753
310.653,441.119,706417.580,954159.020,76.8757891,8.6273372,87.424
310.723,235.869,706417.650,953953.770,76.8757805,8.6254816,78.863
310.893,376.009,706417.820,954093.910,76.8757883,8.6267485,73.532
310.903,321.729,706417.830,954039.630,76.8757860,8.6262578,74.063
310.953,415.789,706417.880,954133.690,76.8757907,8.6271081,83.676
310.973,331.919,706417.900,954049.820,76.8757871,8.6263499,74.610
311.153,588.389,706418.080,954306.290,76.8758002,8.6286685,88.833
311.163,431.449,706418.090,954149.350,76.8757933,8.6272497,88.273
311.203,477.309,706418.130,954195.210,76.8757957,8.6276643,86.730
311.243,505.439,706418.170,954223.340,76.8757973,8.6279186,87.097
311.283,462.689,706418.210,954180.590,76.8757957,8.6275321,83.426
311.353,361.879,706418.280,954079.780,76.8757919,8.6266208,73.321
311.473,253.279,706418.400,953971.180,76.8757881,8.6256390,75.482
311.503,581.499,706418.430,954299.400,76.8758030,8.6286062,86.939
311.533,453.949,706418.460,954171.850,76.8757976,8.6274531,86.236
311.583,352.369,706418.510,954070.270,76.8757935,8.6265348,73.064
311.813,513.239,706418.740,954231.140,76.8758028,8.6279891,85.091
311.823,342.299,706418.750,954060.200,76.8757953,8.6264437,74.035
311.993,557.409,706418.920,954275.310,76.8758064,8.6283884,86.563
312.003,323.549,706418.930,954041.450,76.8757961,8.6262742,73.892
312.013,537.609,706418.940,954255.510,76.8758057,8.6282094,84.673
312.133,282.859,706419.060,954000.760,76.8757954,8.6259064,73.161
312.333,240.919,706419.260,953958.820,76.8757954,8.6255272,78.574
312.383,492.579,706419.310,954210.480,76.8758071,8.6278023,86.793
312.453,551.089,706419.380,954268.990,76.8758103,8.6283312,85.246
312.563,265.419,706419.490,953983.320,76.8757986,8.6257487,74.830
312.643,521.139,706419.570,954239.040,76.8758107,8.6280605,84.929
312.663,366.259,706419.590,954084.160,76.8758040,8.6266603,73.823
312.773,511.229,706419.700,954229.130,76.8758114,8.6279709,85.501
312.963,447.849,706419.890,954165.750,76.8758103,8.6273979,87.197
312.973,373.039,706419.900,954090.940,76.8758071,8.6267216,73.606
313.023,323.089,706419.950,954040.990,76.8758053,8.6262700,73.879
313.113,355.469,706420.040,954073.370,76.8758076,8.6265627,73.057
313.173,419.859,706420.100,954137.760,76.8758110,8.6271448,85.222
313.233,511.839,706420.160,954229.740,76.8758157,8.6279764,87.295
313.273,328.559,706420.200,954046.460,76.8758078,8.6263195,73.992
313.353,383.139,706420.280,954101.040,76.8758110,8.6268129,73.474
313.413,481.339,706420.340,954199.240,76.8758159,8.6277006,86.761
313.453,56.329,706420.380,953774.230,76.8757973,8.6238584,74.097
313.573,467.829,706420.500,954185.730,76.8758168,8.6275785,86.827
313.583,522.219,706420.510,954240.120,76.8758193,8.6280702,84.985
313.613,335.709,706420.540,954053.610,76.8758112,8.6263841,73.670
313.613,337.389,706420.540,954055.290,76.8758113,8.6263993,73.876
313.743,391.729,706420.670,954109.630,76.8758149,8.6268905,74.065
313.763,593.289,706420.690,954311.190,76.8758241,8.6287127,89.843
313.843,434.909,706420.770,954152.810,76.8758178,8.6272809,89.535
313.873,528.739,706420.800,954246.640,76.8758222,8.6281291,84.872
314.033,544.759,706420.960,954262.660,76.8758244,8.6282739,85.421
314.133,359.559,706421.060,954077.460,76.8758170,8.6265997,73.304
314.173,349.589,706421.100,954067.490,76.8758170,8.6265095,73.534
314.393,551.899,706421.320,954269.800,76.8758280,8.6283385,86.050
314.523,273.609,706421.450,953991.510,76.8758167,8.6258226,74.657
314.633,573.599,706421.560,954291.500,76.8758311,8.6285346,84.365
314.663,539.259,706421.590,954257.160,76.8758299,8.6282242,84.377
314.753,550.769,706421.680,954268.670,76.8758312,8.6283283,85.850
314.793,179.989,706421.720,953897.890,76.8758150,8.6249763,89.198
314.863,160.099,706421.790,953878.000,76.8758148,8.6247964,87.794
315.153,251.069,706422.080,953968.970,76.8758215,8.6256188,78.464
315.353,518.249,706422.280,954236.150,76.8758352,8.6280342,85.083
315.373,293.289,706422.300,954011.190,76.8758253,8.6260005,77.547
315.503,571.789,706422.430,954289.690,76.8758389,8.6285182,84.359
315.743,305.629,706422.670,954023.530,76.8758293,8.6261120,76.096
315.753,342.749,706422.680,954060.650,76.8758310,8.6264476,74.013
315.773,496.309,706422.700,954214.210,76.8758380,8.6278359,86.648
315.803,321.089,706422.730,954038.990,76.8758305,8.6262518,73.360
315.833,370.529,706422.760,954088.430,76.8758330,8.6266988,73.569
315.843,214.089,706422.770,953931.990,76.8758261,8.6252845,92.142
315.863,456.839,706422.790,954174.740,76.8758371,8.6274790,87.034
315.873,482.059,706422.800,954199.960,76.8758383,8.6277070,87.898
315.873,501.659,706422.800,954219.560,76.8758392,8.6278842,87.396
315.913,543.059,706422.840,954260.960,76.8758414,8.6282585,85.325
315.993,436.289,706422.920,954154.190,76.8758374,8.6272933,89.900
316.093,231.349,706423.020,953949.250,76.8758291,8.6254405,82.217
316.093,494.719,706423.020,954212.620,76.8758409,8.6278215,86.578
316.123,230.839,706423.050,953948.740,76.8758294,8.6254359,82.216
316.313,464.779,706423.240,954182.680,76.8758415,8.6275508,86.494
316.313,492.009,706423.240,954209.910,76.8758427,8.6277970,86.600
316.373,338.129,706423.300,954056.030,76.8758364,8.6264058,74.156
316.643,219.429,706423.570,953937.330,76.8758336,8.6253327,92.562
316.653,209.159,706423.580,953927.060,76.8758332,8.6252399,91.722
316.703,473.559,706423.630,954191.460,76.8758455,8.6276302,86.924
316.753,257.999,706423.680,953975.900,76.8758363,8.6256814,78.391
317.013,585.599,706423.940,954303.500,76.8758533,8.6286430,87.044
317.073,380.289,706424.000,954098.190,76.8758447,8.6267869,73.825
317.093,516.199,706424.020,954234.100,76.8758509,8.6280156,87.107
317.103,424.869,706424.030,954142.770,76.8758469,8.6271900,86.862
317.183,330.099,706424.110,954048.000,76.8758434,8.6263332,73.601
317.213,383.589,706424.140,954101.490,76.8758461,8.6268168,73.656
317.223,353.169,706424.150,954071.070,76.8758448,8.6265418,73.421
317.253,332.239,706424.180,954050.140,76.8758442,8.6263525,73.800
317.413,515.859,706424.340,954233.760,76.8758538,8.6280125,87.416
317.423,559.849,706424.350,954277.750,76.8758559,8.6284102,84.450
317.423,601.329,706424.350,954319.230,76.8758577,8.6287852,90.946
317.493,237.039,706424.420,953954.940,76.8758421,8.6254919,82.490
317.523,526.669,706424.450,954244.570,76.8758553,8.6281103,85.029
317.533,364.269,706424.460,954082.170,76.8758481,8.6266421,73.480
317.693,407.679,706424.620,954125.580,76.8758515,8.6270345,78.286
317.723,65.369,706424.650,953783.270,76.8758365,8.6239399,75.132
317.743,578.309,706424.670,954296.210,76.8758596,8.6285771,84.898
317.753,433.059,706424.680,954150.960,76.8758532,8.6272640,88.699
317.873,418.009,706424.800,954135.910,76.8758536,8.6271279,83.947
317.893,507.469,706424.820,954225.370,76.8758578,8.6279367,87.776
317.913,534.729,706424.840,954252.630,76.8758592,8.6281831,85.028
318.163,432.889,706425.090,954150.790,76.8758569,8.6272624,88.875
318.263,199.289,706425.190,953917.190,76.8758474,8.6251506,90.882
318.323,239.469,706425.250,953957.370,76.8758497,8.6255138,82.631
318.393,487.259,706425.320,954205.160,76.8758614,8.6277539,86.881
318.413,263.109,706425.340,953981.010,76.8758516,8.6257275,78.581
318.433,551.739,706425.360,954269.640,76.8758647,8.6283369,86.178
318.453,335.789,706425.380,954053.690,76.8758552,8.6263846,74.103
318.513,439.879,706425.440,954157.780,76.8758604,8.6273256,88.680
318.543,359.149,706425.470,954077.050,76.8758571,8.6265958,73.475
318.593,448.949,706425.520,954166.850,76.8758615,8.6274076,85.232
318.633,346.429,706425.560,954064.330,76.8758573,8.6264808,73.484
318.883,429.529,706425.810,954147.430,76.8758633,8.6272320,87.878
318.893,469.269,706425.820,954187.170,76.8758652,8.6275913,86.998
318.943,441.949,706425.870,954159.850,76.8758644,8.6273443,87.442
318.973,465.699,706425.900,954183.600,76.8758657,8.6275590,86.994
319.043,421.649,706425.970,954139.550,76.8758644,8.6271608,85.372
319.073,372.069,706426.000,954089.970,76.8758625,8.6267125,73.527
319.073,477.509,706426.000,954195.410,76.8758672,8.6276658,86.905
319.093,328.599,706426.020,954046.500,76.8758607,8.6263196,73.945
319.223,376.079,706426.150,954093.980,76.8758640,8.6267488,73.821
319.233,368.039,706426.160,954085.940,76.8758637,8.6266761,73.589
319.273,556.249,706426.200,954274.150,76.8758725,8.6283776,85.879
319.303,555.799,706426.230,954273.700,76.8758728,8.6283735,86.169
319.513,545.599,706426.440,954263.500,76.8758742,8.6282813,85.797
319.583,562.219,706426.510,954280.120,76.8758756,8.6284315,84.204
319.743,537.939,706426.670,954255.840,76.8758760,8.6282120,85.139
319.773,246.189,706426.700,953964.090,76.8758632,8.6255745,82.560
319.783,246.199,706426.710,953964.100,76.8758633,8.6255746,82.608
319.833,246.249,706426.760,953964.150,76.8758638,8.6255750,82.605
320.003,500.109,706426.930,954218.010,76.8758766,8.6278700,88.164
320.113,357.309,706427.040,954075.210,76.8758713,8.6265791,73.473
320.123,452.039,706427.050,954169.940,76.8758756,8.6274355,88.168
320.143,291.819,706427.070,954009.720,76.8758686,8.6259870,79.021
320.143,523.549,706427.070,954241.450,76.8758789,8.6280819,85.213
320.253,398.419,706427.180,954116.320,76.8758744,8.6269507,75.815
320.313,270.509,706427.240,953988.410,76.8758692,8.6257943,78.581
320.373,351.519,706427.300,954069.420,76.8758734,8.6265267,73.034
320.543,531.499,706427.470,954249.400,76.8758829,8.6281538,85.235
320.583,552.479,706427.510,954270.380,76.8758842,8.6283435,86.207
320.793,382.979,706427.720,954100.880,76.8758786,8.6268111,73.709
320.853,599.049,706427.780,954316.950,76.8758888,8.6287644,89.852
320.903,363.089,706427.830,954080.990,76.8758787,8.6266313,73.648
321.063,380.279,706427.990,954098.180,76.8758809,8.6267867,76.236
321.073,99.359,706428.000,953817.260,76.8758685,8.6242470,81.144
321.163,250.839,706428.090,953968.740,76.8758760,8.6256165,82.785
321.293,383.969,706428.220,954101.870,76.8758832,8.6268200,73.885
321.403,367.049,706428.330,954084.950,76.8758834,8.6266671,73.508
321.413,379.589,706428.340,954097.490,76.8758841,8.6267804,73.656
321.493,380.689,706428.420,954098.590,76.8758848,8.6267904,73.683
321.613,279.159,706428.540,953997.060,76.8758814,8.6258725,78.361
321.673,512.289,706428.600,954230.190,76.8758923,8.6279801,87.798
321.783,345.099,706428.710,954063.000,76.8758859,8.6264686,73.422
321.873,119.909,706428.800,953837.810,76.8758766,8.6244328,82.349
321.883,253.139,706428.810,953971.040,76.8758827,8.6256372,82.811
321.903,523.449,706428.830,954241.350,76.8758949,8.6280809,85.378
321.983,74.419,706428.910,953792.320,76.8758756,8.6240215,76.167
322.093,565.439,706429.020,954283.340,76.8758985,8.6284605,84.193
322.223,369.859,706429.150,954087.760,76.8758910,8.6266924,73.649
322.223,372.739,706429.150,954090.640,76.8758911,8.6267185,73.641
322.243,541.729,706429.170,954259.630,76.8758988,8.6282462,85.926
322.293,521.379,706429.220,954239.280,76.8758984,8.6280622,87.434
322.303,497.449,706429.230,954215.350,76.8758974,8.6278459,88.985
322.563,522.579,706429.490,954240.480,76.8759009,8.6280731,87.385
322.703,581.269,706429.630,954299.170,76.8759048,8.6286036,85.366
322.843,230.319,706429.770,953948.220,76.8758904,8.6254309,84.445
322.863,546.479,706429.790,954264.380,76.8759047,8.6282891,85.983
322.903,379.179,706429.830,954097.080,76.8758976,8.6267766,74.738
323.013,491.549,706429.940,954209.450,76.8759036,8.6277925,86.581
323.033,494.839,706429.960,954212.740,76.8759039,8.6278223,88.118
323.043,361.359,706429.970,954079.260,76.8758981,8.6266155,73.567
323.143,446.749,706430.070,954164.650,76.8759028,8.6273875,87.491
323.143,590.519,706430.070,954308.420,76.8759092,8.6286872,87.444
323.273,383.999,706430.200,954101.900,76.8759011,8.6268202,73.518
323.313,236.729,706430.240,953954.630,76.8758949,8.6254888,84.855
323.413,469.949,706430.340,954187.850,76.8759063,8.6275972,87.072
323.563,385.249,706430.490,954103.150,76.8759038,8.6268315,73.786
323.573,462.019,706430.500,954179.920,76.8759074,8.6275255,87.312
323.653,317.259,706430.580,954035.160,76.8759016,8.6262168,75.809
323.663,347.919,706430.590,954065.820,76.8759031,8.6264940,73.577
323.803,535.229,706430.730,954253.130,76.8759127,8.6281874,85.358
323.863,482.769,706430.790,954200.670,76.8759109,8.6277131,87.073
323.873,436.029,706430.800,954153.930,76.8759089,8.6272906,88.992
323.923,336.129,706430.850,954054.030,76.8759049,8.6263874,73.379
323.933,260.629,706430.860,953978.530,76.8759016,8.6257049,82.956
323.953,495.089,706430.880,954212.990,76.8759123,8.6278245,86.896
323.973,495.139,706430.900,954213.040,76.8759125,8.6278249,86.799
324.023,553.479,706430.950,954271.380,76.8759155,8.6283523,84.766
324.033,258.989,706430.960,953976.890,76.8759025,8.6256900,83.055
324.033,497.159,706430.960,954215.060,76.8759131,8.6278432,89.408
324.103,250.509,706431.030,953968.410,76.8759027,8.6256134,91.372
324.213,338.189,706431.140,954056.090,76.8759076,8.6264060,74.250
324.293,528.289,706431.220,954246.190,76.8759169,8.6281246,85.204
324.293,550.969,706431.220,954268.870,76.8759179,8.6283296,85.762
324.373,448.399,706431.300,954166.300,76.8759140,8.6274024,87.587
324.503,586.409,706431.430,954304.310,76.8759214,8.6286500,86.550
324.533,242.779,706431.460,953960.680,76.8759063,8.6255435,85.237
324.543,448.659,706431.470,954166.560,76.8759156,8.6274047,87.512
324.583,342.539,706431.510,954060.440,76.8759112,8.6264453,74.971
324.593,548.319,706431.520,954266.220,76.8759205,8.6283057,85.893
324.603,426.639,706431.530,954144.540,76.8759151,8.6272056,87.133
324.673,431.939,706431.600,954149.840,76.8759160,8.6272535,88.123
324.703,557.779,706431.630,954275.680,76.8759219,8.6283912,84.406
324.753,570.619,706431.680,954288.520,76.8759229,8.6285073,84.403
324.803,94.959,706431.730,953812.860,76.8759022,8.6242071,79.484
324.883,439.789,706431.810,954157.690,76.8759183,8.6273245,88.108
325.003,423.249,706431.930,954141.150,76.8759186,8.6271750,85.361
325.013,579.099,706431.940,954297.000,76.8759257,8.6285839,85.195
325.073,302.029,706432.000,954019.930,76.8759138,8.6260791,78.834
325.183,501.709,706432.110,954219.610,76.8759238,8.6278843,89.343
325.223,337.529,706432.150,954055.430,76.8759168,8.6264000,73.460
325.263,551.739,706432.190,954269.640,76.8759267,8.6283366,84.606
325.453,593.959,706432.380,954311.860,76.8759303,8.6287182,87.742
325.463,351.659,706432.390,954069.560,76.8759196,8.6265277,73.565
325.503,472.769,706432.430,954190.670,76.8759254,8.6276226,87.138
325.513,596.599,706432.440,954314.500,76.8759310,8.6287421,88.766
325.693,390.719,706432.620,954108.620,76.8759234,8.6268809,73.897
325.713,376.319,706432.640,954094.220,76.8759230,8.6267507,74.585
325.763,268.059,706432.690,953985.960,76.8759186,8.6257720,82.905
325.903,267.099,706432.830,953985.000,76.8759198,8.6257633,82.833
325.923,559.679,706432.850,954277.580,76.8759331,8.6284083,85.740
326.123,105.359,706433.050,953823.260,76.8759146,8.6243011,80.568
326.133,601.359,706433.060,954319.260,76.8759368,8.6287851,89.522
326.213,470.069,706433.140,954187.970,76.8759317,8.6275982,88.143
326.263,170.619,706433.190,953888.520,76.8759188,8.6248910,88.306
326.263,170.629,706433.190,953888.530,76.8759188,8.6248911,87.755
326.293,370.129,706433.220,954088.030,76.8759280,8.6266947,73.689
326.393,122.059,706433.320,953839.960,76.8759178,8.6244520,82.355
326.393,388.469,706433.320,954106.370,76.8759297,8.6268605,73.813
326.403,341.329,706433.330,954059.230,76.8759277,8.6264343,74.236
326.413,251.129,706433.340,953969.030,76.8759237,8.6256189,85.166
326.443,518.439,706433.370,954236.340,76.8759359,8.6280355,87.663
326.593,208.069,706433.520,953925.970,76.8759235,8.6252296,91.363
326.763,435.659,706433.690,954153.560,76.8759352,8.6272871,87.200
326.783,571.119,706433.710,954289.020,76.8759414,8.6285117,84.490
326.983,274.069,706433.910,953991.970,76.8759299,8.6258262,82.753
327.033,467.969,706433.960,954185.870,76.8759391,8.6275792,87.209
327.063,325.319,706433.990,954043.220,76.8759330,8.6262895,75.787
327.123,355.439,706434.050,954073.340,76.8759348,8.6265618,73.582
327.173,590.719,706434.100,954308.620,76.8759458,8.6286889,87.741
327.423,527.059,706434.350,954244.960,76.8759452,8.6281133,87.459
327.653,473.569,706434.580,954191.470,76.8759449,8.6276298,88.225
327.733,373.919,706434.660,954091.820,76.8759412,8.6267289,74.594
327.743,484.649,706434.670,954202.550,76.8759462,8.6277299,86.775
327.783,507.139,706434.710,954225.040,76.8759476,8.6279332,88.522
327.833,499.129,706434.760,954217.030,76.8759477,8.6278608,92.977
327.923,257.779,706434.850,953975.680,76.8759378,8.6256789,85.540
327.983,281.909,706434.910,953999.810,76.8759394,8.6258971,82.163
328.023,528.829,706434.950,954246.730,76.8759508,8.6281293,87.402
328.033,581.779,706434.960,954299.680,76.8759532,8.6286080,86.871
328.073,532.519,706435.000,954250.420,76.8759514,8.6281627,85.524
328.313,276.019,706435.240,953993.920,76.8759421,8.6258438,82.418
328.333,457.149,706435.260,954175.050,76.8759504,8.6274813,87.666
328.403,494.429,706435.330,954212.330,76.8759527,8.6278183,90.648
328.523,367.899,706435.450,954085.800,76.8759481,8.6266744,73.828
328.573,228.819,706435.500,953946.720,76.8759424,8.6254171,86.552
328.633,420.739,706435.560,954138.640,76.8759515,8.6271521,83.962
328.773,471.179,706435.700,954189.080,76.8759550,8.6276081,87.284
328.803,487.499,706435.730,954205.400,76.8759560,8.6277556,86.456
328.853,259.999,706435.780,953977.900,76.8759463,8.6256990,85.335
328.923,379.289,706435.850,954097.190,76.8759523,8.6267774,74.632
329.023,427.279,706435.950,954145.180,76.8759553,8.6272112,86.496
329.023,427.419,706435.950,954145.320,76.8759553,8.6272125,86.919
329.023,559.739,706435.950,954277.640,76.8759612,8.6284087,83.962
329.273,235.009,706436.200,953952.910,76.8759490,8.6254730,87.062
329.323,599.819,706436.250,954317.720,76.8759657,8.6287710,88.134
329.333,383.139,706436.260,954101.040,76.8759562,8.6268122,74.625
329.333,423.199,706436.260,954141.100,76.8759579,8.6271743,84.442
329.413,101.599,706436.340,953819.500,76.8759443,8.6242669,79.968
329.763,289.709,706436.690,954007.610,76.8759559,8.6259675,81.525
329.783,612.539,706436.710,954330.440,76.8759705,8.6288860,90.406
329.823,363.249,706436.750,954081.150,76.8759597,8.6266323,73.713
329.833,447.059,706436.760,954164.960,76.8759636,8.6273900,87.650
329.843,447.079,706436.770,954164.980,76.8759636,8.6273902,87.800
329.923,547.799,706436.850,954265.700,76.8759689,8.6283007,84.770
329.953,478.379,706436.880,954196.280,76.8759660,8.6276731,87.308
329.993,543.959,706436.920,954261.860,76.8759693,8.6282660,86.524
330.053,608.589,706436.980,954326.490,76.8759728,8.6288503,89.484
330.093,431.929,706437.020,954149.830,76.8759652,8.6272532,86.291
330.163,328.729,706437.090,954046.630,76.8759613,8.6263202,74.769
330.163,577.709,706437.090,954295.610,76.8759724,8.6285711,85.040
330.323,444.509,706437.250,954162.410,76.8759679,8.6273669,87.769
330.403,265.819,706437.330,953983.720,76.8759606,8.6257515,85.216
330.403,283.549,706437.330,954001.450,76.8759614,8.6259118,82.262
330.563,418.589,706437.490,954136.490,76.8759689,8.6271326,82.359
330.583,343.579,706437.510,954061.480,76.8759658,8.6264545,74.312
330.603,523.899,706437.530,954241.800,76.8759740,8.6280846,87.648
330.643,523.899,706437.570,954241.800,76.8759743,8.6280846,87.620
330.733,369.829,706437.660,954087.730,76.8759683,8.6266918,74.567
330.823,269.059,706437.750,953986.960,76.8759646,8.6257808,89.541
330.883,510.849,706437.810,954228.750,76.8759759,8.6279666,93.232
330.893,391.079,706437.820,954108.980,76.8759707,8.6268839,73.910
330.913,124.199,706437.840,953842.100,76.8759590,8.6244712,82.362
330.953,363.339,706437.880,954081.240,76.8759700,8.6266331,73.481
331.023,413.639,706437.950,954131.540,76.8759729,8.6270878,80.057
331.033,510.889,706437.960,954228.790,76.8759773,8.6279670,89.535
331.163,454.349,706438.090,954172.250,76.8759760,8.6274558,87.227
331.243,510.699,706438.170,954228.600,76.8759792,8.6279653,93.254
331.313,541.129,706438.240,954259.030,76.8759812,8.6282404,87.414
331.333,271.249,706438.260,953989.150,76.8759693,8.6258005,85.265
331.333,380.379,706438.260,954098.280,76.8759742,8.6267871,74.704
331.713,460.939,706438.640,954178.840,76.8759813,8.6275154,86.992
331.793,500.849,706438.720,954218.750,76.8759838,8.6278762,88.087
332.083,464.749,706439.010,954182.650,76.8759848,8.6275498,87.387
332.083,601.949,706439.010,954319.850,76.8759909,8.6287902,88.290
332.093,248.199,706439.020,953966.100,76.8759752,8.6255921,87.607
332.133,384.629,706439.060,954102.530,76.8759817,8.6268255,75.485
332.223,277.989,706439.150,953995.890,76.8759777,8.6258614,84.843
332.423,514.969,706439.350,954232.870,76.8759901,8.6280038,88.227
332.433,373.759,706439.360,954091.660,76.8759839,8.6267272,74.601
332.443,552.959,706439.370,954270.860,76.8759920,8.6283473,84.144
332.583,509.899,706439.510,954227.800,76.8759913,8.6279580,93.155
332.603,492.619,706439.530,954210.520,76.8759908,8.6278018,91.881
332.883,228.479,706439.810,953946.380,76.8759815,8.6254138,88.427
332.903,515.249,706439.830,954233.150,76.8759945,8.6280063,88.956
332.913,475.849,706439.840,954193.750,76.8759928,8.6276501,87.326
333.013,515.599,706439.940,954233.500,76.8759955,8.6280095,87.703
333.043,216.989,706439.970,953934.890,76.8759824,8.6253099,92.242
333.053,495.709,706439.980,954213.610,76.8759950,8.6278297,92.910
333.113,117.099,706440.040,953835.000,76.8759786,8.6244069,81.416
333.213,533.079,706440.140,954250.980,76.8759981,8.6281675,87.492
333.373,564.599,706440.300,954282.500,76.8760010,8.6284525,84.290
333.423,629.669,706440.350,954347.570,76.8760043,8.6290407,94.048
333.473,564.649,706440.400,954282.550,76.8760019,8.6284529,84.302
333.483,540.819,706440.410,954258.720,76.8760009,8.6282375,87.303
333.613,394.109,706440.540,954112.010,76.8759955,8.6269111,74.091
333.683,542.869,706440.610,954260.770,76.8760028,8.6282560,86.776
333.703,231.499,706440.630,953949.400,76.8759891,8.6254411,88.745
333.833,254.349,706440.760,953972.250,76.8759913,8.6256477,87.970
333.843,372.529,706440.770,954090.430,76.8759967,8.6267160,74.576
333.903,619.879,706440.830,954337.780,76.8760082,8.6289522,92.095
334.013,103.539,706440.940,953821.440,76.8759862,8.6242843,80.007
334.183,111.589,706441.110,953829.490,76.8759881,8.6243570,81.295
334.193,450.499,706441.120,954168.400,76.8760033,8.6274209,87.620
334.243,467.719,706441.170,954185.620,76.8760045,8.6275766,87.339
334.403,260.289,706441.330,953978.190,76.8759967,8.6257013,87.596
334.403,298.439,706441.330,954016.340,76.8759984,8.6260462,81.571
334.453,365.689,706441.380,954083.590,76.8760019,8.6266542,74.656
334.463,346.519,706441.390,954064.420,76.8760011,8.6264809,74.306
334.473,459.229,706441.400,954177.130,76.8760062,8.6274998,86.981
334.543,383.209,706441.470,954101.110,76.8760035,8.6268126,74.672
334.553,383.169,706441.480,954101.070,76.8760036,8.6268122,74.870
334.573,612.059,706441.500,954329.960,76.8760140,8.6288815,90.089
334.593,487.939,706441.520,954205.840,76.8760086,8.6277594,86.369
334.603,518.909,706441.530,954236.810,76.8760101,8.6280393,88.903
334.663,567.279,706441.590,954285.180,76.8760128,8.6284766,84.781
334.783,587.989,706441.710,954305.890,76.8760148,8.6286638,87.775
334.853,635.369,706441.780,954353.270,76.8760176,8.6290922,94.862
334.873,345.059,706441.800,954062.960,76.8760048,8.6264677,73.650
334.933,193.039,706441.860,953910.940,76.8759985,8.6250933,89.469
334.983,520.959,706441.910,954238.860,76.8760136,8.6280579,87.542
335.013,488.329,706441.940,954206.230,76.8760125,8.6277629,86.476
335.063,488.369,706441.990,954206.270,76.8760129,8.6277632,88.515
335.143,454.339,706442.070,954172.240,76.8760121,8.6274556,88.855
335.253,237.989,706442.180,953955.890,76.8760035,8.6254997,89.156
335.433,185.319,706442.360,953903.220,76.8760027,8.6250235,88.704
335.443,185.289,706442.370,953903.190,76.8760028,8.6250232,88.704
335.483,488.419,706442.410,954206.320,76.8760167,8.6277637,92.762
335.563,441.509,706442.490,954159.410,76.8760154,8.6273396,87.952
335.623,488.509,706442.550,954206.410,76.8760180,8.6277645,94.620
335.633,488.509,706442.560,954206.410,76.8760181,8.6277645,94.518
335.683,481.289,706442.610,954199.190,76.8760182,8.6276992,86.437
335.713,487.669,706442.640,954205.570,76.8760188,8.6277569,87.932
336.063,425.229,706442.990,954143.130,76.8760192,8.6271924,84.662
336.073,266.319,706443.000,953984.220,76.8760122,8.6257558,87.461
336.113,555.329,706443.040,954273.230,76.8760254,8.6283685,84.239
336.193,445.649,706443.120,954163.550,76.8760213,8.6273770,89.299
336.423,530.449,706443.350,954248.350,76.8760271,8.6281436,87.510
336.533,508.109,706443.460,954226.010,76.8760271,8.6279416,93.148
336.553,405.369,706443.480,954123.270,76.8760227,8.6270128,76.235
336.563,405.329,706443.490,954123.230,76.8760228,8.6270124,76.030
336.563,656.239,706443.490,954374.140,76.8760340,8.6292808,100.099
336.613,552.309,706443.540,954270.210,76.8760298,8.6283412,84.943
336.643,322.439,706443.570,954040.340,76.8760199,8.6262631,77.629
336.983,595.039,706443.910,954312.940,76.8760351,8.6287275,88.067
337.293,490.459,706444.220,954208.360,76.8760333,8.6277820,93.201
337.333,246.959,706444.260,953964.860,76.8760228,8.6255807,89.512
337.443,119.599,706444.370,953837.500,76.8760181,8.6244293,81.597
337.473,472.019,706444.400,954189.920,76.8760341,8.6276153,87.370
337.533,390.579,706444.460,954108.480,76.8760310,8.6268791,76.236
337.683,545.329,706444.610,954263.230,76.8760393,8.6282781,86.446
337.713,547.189,706444.640,954265.090,76.8760396,8.6282949,86.081
337.843,523.489,706444.770,954241.390,76.8760397,8.6280806,89.099
337.843,538.909,706444.770,954256.810,76.8760404,8.6282200,87.672
337.883,372.339,706444.810,954090.240,76.8760333,8.6267141,74.764
337.933,578.469,706444.860,954296.370,76.8760430,8.6285776,86.208
337.963,227.519,706444.890,953945.420,76.8760276,8.6254049,90.107
337.973,275.329,706444.900,953993.230,76.8760298,8.6258371,86.939
337.973,492.909,706444.900,954210.810,76.8760395,8.6278041,92.857
338.063,459.849,706444.990,954177.750,76.8760389,8.6275053,86.910
338.163,332.249,706445.090,954050.150,76.8760341,8.6263517,76.852
338.303,490.969,706445.230,954208.870,76.8760425,8.6277866,95.095
338.623,105.479,706445.550,953823.380,76.8760282,8.6243016,80.046
338.673,647.759,706445.600,954365.660,76.8760528,8.6292040,98.644
338.843,386.709,706445.770,954104.610,76.8760427,8.6268440,74.633
338.853,350.369,706445.780,954068.270,76.8760412,8.6265155,74.426
338.863,539.589,706445.790,954257.490,76.8760497,8.6282261,88.822
338.943,466.329,706445.870,954184.230,76.8760472,8.6275638,86.672
338.953,369.449,706445.880,954087.350,76.8760429,8.6266880,74.752
339.113,289.039,706446.040,954006.940,76.8760408,8.6259610,85.775
339.273,254.559,706446.200,953972.460,76.8760407,8.6256493,89.753
339.373,539.549,706446.300,954257.450,76.8760543,8.6282257,88.975
339.383,572.349,706446.310,954290.250,76.8760559,8.6285222,84.899
339.423,526.989,706446.350,954244.890,76.8760542,8.6281122,88.721
339.423,538.099,706446.350,954256.000,76.8760547,8.6282126,89.245
339.473,483.209,706446.400,954201.110,76.8760527,8.6277164,86.421
339.533,483.159,706446.460,954201.060,76.8760533,8.6277159,86.901
339.563,666.749,706446.490,954384.650,76.8760617,8.6293757,101.210
339.573,388.869,706446.500,954106.770,76.8760494,8.6268635,74.311
339.573,521.829,706446.500,954239.730,76.8760554,8.6280655,88.905
339.613,428.759,706446.540,954146.660,76.8760516,8.6272241,85.813
339.683,418.629,706446.610,954136.530,76.8760518,8.6271325,80.450
339.773,452.589,706446.700,954170.490,76.8760541,8.6274396,88.930
339.823,560.009,706446.750,954277.910,76.8760593,8.6284107,84.752
339.883,236.189,706446.810,953954.090,76.8760454,8.6254832,90.738
340.033,576.329,706446.960,954294.230,76.8760620,8.6285582,85.972
340.203,259.949,706447.130,953977.850,76.8760494,8.6256980,89.883
340.323,376.399,706447.250,954094.300,76.8760557,8.6267507,74.532
340.323,438.209,706447.250,954156.110,76.8760585,8.6273095,87.714
340.333,477.489,706447.260,954195.390,76.8760603,8.6276646,86.278
340.353,448.129,706447.280,954166.030,76.8760592,8.6273992,87.899
340.353,635.029,706447.280,954352.930,76.8760675,8.6290889,94.853
340.383,656.019,706447.310,954373.920,76.8760687,8.6292786,100.777
340.433,587.229,706447.360,954305.130,76.8760661,8.6286567,87.815
340.443,551.439,706447.370,954269.340,76.8760646,8.6283332,85.617
340.473,472.449,706447.400,954190.350,76.8760613,8.6276191,86.225
340.503,667.799,706447.430,954385.700,76.8760703,8.6293851,101.052
340.533,610.489,706447.460,954328.390,76.8760680,8.6288670,88.759
340.733,225.259,706447.660,953943.160,76.8760527,8.6253844,90.531
340.913,261.919,706447.840,953979.820,76.8760559,8.6257158,89.502
340.933,618.629,706447.860,954336.530,76.8760720,8.6289406,89.536
340.983,618.609,706447.910,954336.510,76.8760725,8.6289404,89.849
341.043,338.319,706447.970,954056.220,76.8760605,8.6264065,75.779
341.123,433.529,706448.050,954151.430,76.8760655,8.6272672,89.737
341.233,627.479,706448.160,954345.380,76.8760752,8.6290206,91.975
341.333,355.679,706448.260,954073.580,76.8760639,8.6265634,75.394
341.353,460.779,706448.280,954178.680,76.8760688,8.6275135,87.411
341.383,535.729,706448.310,954253.630,76.8760724,8.6281911,87.819
341.433,320.999,706448.360,954038.900,76.8760633,8.6262499,78.550
341.453,355.769,706448.380,954073.670,76.8760650,8.6265642,76.339
341.473,357.289,706448.400,954075.190,76.8760653,8.6265779,74.695
341.523,596.599,706448.450,954314.500,76.8760764,8.6287414,88.068
341.613,243.679,706448.540,953961.580,76.8760615,8.6255508,91.226
341.633,503.759,706448.560,954221.660,76.8760733,8.6279021,93.319
342.033,267.799,706448.960,953985.700,76.8760664,8.6257689,89.026
342.073,380.089,706449.000,954097.990,76.8760718,8.6267840,74.674
342.203,468.179,706449.130,954186.080,76.8760769,8.6275804,88.235
342.333,560.589,706449.260,954278.490,76.8760822,8.6284158,85.028
342.383,350.519,706449.310,954068.420,76.8760733,8.6265167,74.214
342.433,310.389,706449.360,954028.290,76.8760719,8.6261539,80.709
342.443,268.639,706449.370,953986.540,76.8760701,8.6257765,88.904
342.503,227.029,706449.430,953944.930,76.8760688,8.6254003,90.874
342.733,247.669,706449.660,953965.570,76.8760718,8.6255869,91.209
342.813,494.669,706449.740,954212.570,76.8760836,8.6278198,88.450
343.033,232.489,706449.960,953950.390,76.8760739,8.6254496,91.193
343.193,479.439,706450.120,954197.340,76.8760864,8.6276821,86.673
343.233,107.419,706450.160,953825.320,76.8760701,8.6243189,80.084
343.343,576.249,706450.270,954294.150,76.8760920,8.6285573,86.109
343.393,545.049,706450.320,954262.950,76.8760911,8.6282753,88.403
343.423,601.549,706450.350,954319.450,76.8760939,8.6287860,88.317
343.503,495.279,706450.430,954213.180,76.8760899,8.6278253,95.461
343.593,157.929,706450.520,953875.830,76.8760756,8.6247755,88.249
343.593,494.669,706450.520,954212.570,76.8760907,8.6278198,88.915
343.643,545.409,706450.570,954263.310,76.8760934,8.6282785,87.979
343.643,551.279,706450.570,954269.180,76.8760937,8.6283316,86.468
343.673,377.339,706450.600,954095.240,76.8760862,8.6267591,74.892
343.753,508.239,706450.680,954226.140,76.8760927,8.6279425,93.151
343.813,274.449,706450.740,953992.350,76.8760828,8.6258289,88.370
343.813,647.259,706450.740,954365.160,76.8760995,8.6291993,98.441
343.823,274.519,706450.750,953992.420,76.8760829,8.6258296,88.444
343.863,609.019,706450.790,954326.920,76.8760982,8.6288536,88.803
343.963,238.529,706450.890,953956.430,76.8760826,8.6255042,91.556
344.003,356.339,706450.930,954074.240,76.8760882,8.6265692,74.468
344.103,197.029,706451.030,953914.930,76.8760820,8.6251290,89.504
344.383,434.829,706451.310,954152.730,76.8760952,8.6272788,87.388
344.543,532.459,706451.470,954250.360,76.8761010,8.6281614,88.671
344.553,499.579,706451.480,954217.480,76.8760996,8.6278641,93.222
344.553,533.779,706451.480,954251.680,76.8761011,8.6281733,91.849
344.833,569.039,706451.760,954286.940,76.8761053,8.6284921,85.593
344.873,256.989,706451.800,953974.890,76.8760917,8.6256710,91.007
345.033,535.469,706451.960,954253.370,76.8761056,8.6281886,91.801
345.133,472.829,706452.060,954190.730,76.8761037,8.6276223,86.291
345.233,621.799,706452.160,954339.700,76.8761112,8.6289690,90.646
345.333,532.389,706452.260,954250.290,76.8761082,8.6281607,91.346
345.373,445.799,706452.300,954163.700,76.8761047,8.6273779,87.848
345.383,433.389,706452.310,954151.290,76.8761042,8.6272657,87.207
345.383,433.399,706452.310,954151.300,76.8761042,8.6272658,87.200
345.423,470.399,706452.350,954188.300,76.8761062,8.6276003,86.354
345.433,470.329,706452.360,954188.230,76.8761063,8.6275997,87.184
345.493,618.299,706452.420,954336.200,76.8761135,8.6289374,89.262
345.503,532.399,706452.430,954250.300,76.8761097,8.6281608,92.577
345.743,245.089,706452.670,953962.990,76.8760991,8.6255634,91.915
345.773,353.879,706452.700,954071.780,76.8761042,8.6265469,74.476
345.843,629.429,706452.770,954347.330,76.8761171,8.6290380,93.081
345.853,548.399,706452.780,954266.300,76.8761136,8.6283054,87.714
345.923,280.299,706452.850,953998.200,76.8761023,8.6258817,87.658
346.003,655.209,706452.930,954373.110,76.8761197,8.6292710,99.434
346.063,478.109,706452.990,954196.010,76.8761124,8.6276700,94.483
346.223,319.559,706453.150,954037.460,76.8761068,8.6262366,79.471
346.273,467.949,706453.200,954185.850,76.8761138,8.6275781,87.476
346.293,262.669,706453.220,953980.570,76.8761048,8.6257223,90.598
346.363,361.739,706453.290,954079.640,76.8761099,8.6266179,75.006
346.413,476.199,706453.340,954194.100,76.8761155,8.6276527,86.762
346.463,497.629,706453.390,954215.530,76.8761169,8.6278464,93.911
346.473,205.909,706453.400,953923.810,76.8761040,8.6252092,90.645
346.483,476.229,706453.410,954194.130,76.8761161,8.6276530,87.655
346.693,457.379,706453.620,954175.280,76.8761172,8.6274825,87.608
346.703,658.439,706453.630,954376.340,76.8761262,8.6293002,99.746
346.863,265.469,706453.790,953983.370,76.8761102,8.6257476,90.237
346.903,437.399,706453.830,954155.300,76.8761182,8.6273019,87.557
347.053,466.379,706453.980,954184.280,76.8761208,8.6275639,88.101
347.173,569.589,706454.100,954287.490,76.8761265,8.6284970,86.642
347.203,147.209,706454.130,953865.110,76.8761080,8.6246785,83.916
347.203,393.099,706454.130,954111.000,76.8761189,8.6269014,74.389
347.283,286.669,706454.210,954004.570,76.8761149,8.6259392,86.657
347.433,268.769,706454.360,953986.670,76.8761155,8.6257774,89.850
347.513,584.749,706454.440,954302.650,76.8761303,8.6286340,87.885
347.523,445.659,706454.450,954163.560,76.8761242,8.6273766,87.751
347.673,256.659,706454.600,953974.560,76.8761171,8.6256679,91.535
347.683,563.789,706454.610,954281.690,76.8761309,8.6284445,85.946
347.813,448.609,706454.740,954166.510,76.8761270,8.6274032,87.566
347.833,448.609,706454.760,954166.510,76.8761271,8.6274032,87.246
347.913,651.129,706454.840,954369.030,76.8761369,8.6292341,98.967
347.953,384.179,706454.880,954102.080,76.8761254,8.6268207,74.261
348.093,559.119,706455.020,954277.020,76.8761344,8.6284023,86.036
348.333,625.939,706455.260,954343.840,76.8761396,8.6290063,91.057
348.343,423.629,706455.270,954141.530,76.8761307,8.6271774,80.844
348.373,504.189,706455.300,954222.090,76.8761345,8.6279057,93.213
348.433,637.589,706455.360,954355.490,76.8761410,8.6291116,95.743
348.683,199.029,706455.610,953916.930,76.8761237,8.6251469,89.521
348.773,331.969,706455.700,954049.870,76.8761305,8.6263487,77.909
348.783,247.699,706455.710,953965.600,76.8761268,8.6255869,92.388
348.873,440.229,706455.800,954158.130,76.8761362,8.6273274,87.546
348.933,244.719,706455.860,953962.620,76.8761280,8.6255599,92.726
348.983,232.019,706455.910,953949.920,76.8761279,8.6254451,91.956
349.033,439.099,706455.960,954157.000,76.8761376,8.6273172,87.318
349.073,413.829,706456.000,954131.730,76.8761368,8.6270887,79.402
349.213,550.609,706456.140,954268.510,76.8761442,8.6283253,88.191
349.243,225.369,706456.170,953943.270,76.8761300,8.6253850,91.508
349.373,293.659,706456.300,954011.560,76.8761342,8.6260023,85.506
349.493,262.419,706456.420,953980.320,76.8761339,8.6257199,91.132
349.603,540.459,706456.530,954258.360,76.8761473,8.6282335,91.862
349.733,274.289,706456.660,953992.190,76.8761366,8.6258272,89.399
349.773,126.249,706456.700,953844.150,76.8761304,8.6244889,82.212
349.823,465.759,706456.750,954183.660,76.8761460,8.6275582,87.572
350.003,412.039,706456.930,954129.940,76.8761452,8.6270725,79.195
350.073,657.789,706457.000,954375.690,76.8761568,8.6292942,99.832
350.123,543.529,706457.050,954261.430,76.8761522,8.6282612,90.543
350.153,451.709,706457.080,954169.610,76.8761484,8.6274311,87.679
350.173,451.749,706457.100,954169.650,76.8761485,8.6274315,87.447
350.173,542.499,706457.100,954260.400,76.8761526,8.6282519,90.407
350.213,538.649,706457.140,954256.550,76.8761528,8.6282171,91.073
350.253,238.519,706457.180,953956.420,76.8761397,8.6255038,92.447
350.543,364.569,706457.470,954082.470,76.8761480,8.6266433,74.892
350.583,481.929,706457.510,954199.830,76.8761536,8.6277043,95.699
350.623,325.449,706457.550,954043.350,76.8761470,8.6262897,80.199
350.733,480.259,706457.660,954198.160,76.8761549,8.6276892,88.372
350.823,539.419,706457.750,954257.320,76.8761584,8.6282240,92.249
350.843,381.199,706457.770,954099.100,76.8761515,8.6267937,74.375
350.903,267.279,706457.830,953985.180,76.8761469,8.6257638,90.713
350.913,267.499,706457.840,953985.400,76.8761470,8.6257658,90.672
350.963,434.369,706457.890,954152.270,76.8761549,8.6272743,84.566
351.023,434.369,706457.950,954152.270,76.8761555,8.6272743,85.114
351.183,364.869,706458.110,954082.770,76.8761538,8.6266460,74.909
351.213,396.609,706458.140,954114.510,76.8761555,8.6269330,74.554
351.353,454.839,706458.280,954172.740,76.8761594,8.6274594,87.792
351.413,555.449,706458.340,954273.350,76.8761644,8.6283689,87.587
351.563,593.169,706458.490,954311.070,76.8761675,8.6287099,88.121
351.643,574.339,706458.570,954292.240,76.8761674,8.6285397,87.922
351.753,540.919,706458.680,954258.820,76.8761669,8.6282376,91.069
351.783,346.979,706458.710,954064.880,76.8761585,8.6264843,76.412
351.793,271.079,706458.720,953988.980,76.8761552,8.6257981,90.085
351.843,417.499,706458.770,954135.400,76.8761622,8.6271218,77.716
351.863,417.499,706458.790,954135.400,76.8761624,8.6271218,77.723
352.043,502.869,706458.970,954220.770,76.8761678,8.6278936,94.766
352.133,323.689,706459.060,954041.590,76.8761606,8.6262737,81.326
352.173,244.419,706459.100,953962.320,76.8761574,8.6255571,93.185
352.273,663.149,706459.200,954381.050,76.8761770,8.6293425,99.681
352.503,324.599,706459.430,954042.500,76.8761640,8.6262819,82.556
352.513,546.789,706459.440,954264.690,76.8761740,8.6282906,89.793
352.603,280.149,706459.530,953998.050,76.8761629,8.6258801,88.537
352.643,302.409,706459.570,954020.310,76.8761643,8.6260813,84.050
352.663,250.749,706459.590,953968.650,76.8761622,8.6256143,93.133
352.803,397.379,706459.730,954115.280,76.8761700,8.6269399,74.797
353.063,231.389,706459.990,953949.290,76.8761650,8.6254392,92.371
353.223,616.249,706460.150,954334.150,76.8761836,8.6289185,90.272
353.243,404.329,706460.170,954122.230,76.8761743,8.6270027,74.639
353.253,404.299,706460.180,954122.200,76.8761744,8.6270024,74.758
353.313,256.519,706460.240,953974.420,76.8761683,8.6256664,92.903
353.353,542.219,706460.280,954260.120,76.8761815,8.6282492,92.285
353.363,255.319,706460.290,953973.220,76.8761687,8.6256556,92.933
353.383,414.649,706460.310,954132.550,76.8761760,8.6270960,77.367
353.423,636.249,706460.350,954354.150,76.8761863,8.6290993,94.700
353.443,414.669,706460.370,954132.570,76.8761766,8.6270961,77.358
353.653,262.939,706460.580,953980.840,76.8761717,8.6257244,91.781
353.663,277.399,706460.590,953995.300,76.8761725,8.6258552,89.288
353.823,307.209,706460.750,954025.110,76.8761752,8.6261246,83.263
353.933,285.129,706460.860,954003.030,76.8761753,8.6259250,87.467
354.173,259.669,706461.100,953977.570,76.8761763,8.6256948,92.246
354.373,361.759,706461.300,954079.660,76.8761827,8.6266178,76.234
354.453,262.829,706461.380,953980.730,76.8761790,8.6257234,91.783
354.673,280.549,706461.600,953998.450,76.8761818,8.6258836,88.884
354.803,477.359,706461.730,954195.260,76.8761917,8.6276628,87.947
355.003,627.669,706461.930,954345.570,76.8762003,8.6290217,91.787
355.073,551.049,706462.000,954268.950,76.8761975,8.6283290,89.494
355.093,547.859,706462.020,954265.760,76.8761975,8.6283002,90.213
355.103,392.209,706462.030,954110.110,76.8761907,8.6268930,74.742
355.423,483.589,706462.350,954201.490,76.8761976,8.6277191,88.922
355.483,483.559,706462.410,954201.460,76.8761982,8.6277188,90.615
355.583,250.159,706462.510,953968.060,76.8761887,8.6256088,93.148
355.623,555.279,706462.550,954273.180,76.8762027,8.6283672,88.814
355.623,638.289,706462.550,954356.190,76.8762064,8.6291176,94.489
355.703,649.669,706462.630,954367.570,76.8762076,8.6292205,97.089
355.723,462.339,706462.650,954180.240,76.8761994,8.6275270,87.775
355.843,398.999,706462.770,954116.900,76.8761977,8.6269544,74.411
356.073,581.699,706463.000,954299.600,76.8762079,8.6286060,87.860
356.263,399.319,706463.190,954117.220,76.8762015,8.6269572,74.568
356.423,356.989,706463.350,954074.890,76.8762011,8.6265746,75.057
356.433,614.499,706463.360,954332.400,76.8762127,8.6289025,90.111
356.583,292.859,706463.510,954010.760,76.8761997,8.6259948,85.771
356.643,486.949,706463.570,954204.850,76.8762089,8.6277494,96.023
356.953,601.009,706463.880,954318.910,76.8762168,8.6287806,88.286
357.003,317.169,706463.930,954035.070,76.8762046,8.6262145,81.257
357.003,428.629,706463.930,954146.530,76.8762095,8.6272222,81.238
357.033,572.519,706463.960,954290.420,76.8762162,8.6285230,89.847
357.123,355.659,706464.050,954073.560,76.8762074,8.6265625,74.922
357.123,633.829,706464.050,954351.730,76.8762198,8.6290773,93.160
357.223,440.649,706464.150,954158.550,76.8762121,8.6273308,89.704
357.273,230.309,706464.200,953948.210,76.8762031,8.6254293,92.536
357.393,223.709,706464.320,953941.610,76.8762039,8.6253696,92.200
357.603,476.069,706464.530,954193.970,76.8762171,8.6276510,92.503
357.873,361.829,706464.800,954079.730,76.8762145,8.6266182,74.501
357.983,376.089,706464.910,954093.990,76.8762161,8.6267472,74.625
357.993,657.379,706464.920,954375.280,76.8762288,8.6292901,97.252
358.053,262.379,706464.980,953980.280,76.8762117,8.6257192,92.530
358.103,237.979,706465.030,953955.880,76.8762110,8.6254986,93.073
358.103,252.029,706465.030,953969.930,76.8762117,8.6256256,93.761
358.123,256.329,706465.050,953974.230,76.8762120,8.6256645,93.430
358.153,246.389,706465.080,953964.290,76.8762119,8.6255746,93.842
358.163,244.379,706465.090,953962.280,76.8762119,8.6255564,93.508
358.353,265.159,706465.280,953983.060,76.8762145,8.6257443,92.063
358.413,590.959,706465.340,954308.860,76.8762296,8.6286896,88.082
358.433,462.619,706465.360,954180.520,76.8762241,8.6275294,85.929
358.433,551.129,706465.360,954269.030,76.8762280,8.6283296,91.228
358.443,462.659,706465.370,954180.560,76.8762241,8.6275298,86.555
358.483,231.509,706465.410,953949.410,76.8762142,8.6254401,92.475
358.493,253.459,706465.420,953971.360,76.8762153,8.6256385,93.738
358.593,455.919,706465.520,954173.820,76.8762252,8.6274688,90.486
358.673,387.669,706465.600,954105.570,76.8762229,8.6268518,74.633
358.713,225.539,706465.640,953943.440,76.8762160,8.6253861,91.953
358.823,250.119,706465.750,953968.020,76.8762181,8.6256083,93.775
358.983,611.079,706465.910,954328.980,76.8762357,8.6288715,88.866
359.053,296.199,706465.980,954014.100,76.8762223,8.6260249,85.488
359.123,268.479,706466.050,953986.380,76.8762217,8.6257743,91.469
359.183,274.649,706466.110,953992.550,76.8762225,8.6258300,90.338
359.193,389.689,706466.120,954107.590,76.8762277,8.6268701,74.632
359.223,285.229,706466.150,954003.130,76.8762233,8.6259257,88.106
359.243,262.359,706466.170,953980.260,76.8762225,8.6257189,92.476
359.253,414.039,706466.180,954131.940,76.8762293,8.6270902,75.397
359.293,209.139,706466.220,953927.040,76.8762206,8.6252378,90.593
359.293,614.099,706466.220,954332.000,76.8762386,8.6288988,90.795
359.333,444.889,706466.260,954162.790,76.8762314,8.6273691,88.828
359.383,340.489,706466.310,954058.390,76.8762272,8.6264253,78.348
359.483,563.979,706466.410,954281.880,76.8762381,8.6284457,88.540
359.533,617.729,706466.460,954335.630,76.8762410,8.6289316,90.665
359.603,556.499,706466.530,954274.400,76.8762389,8.6283781,89.386
359.663,301.999,706466.590,954019.900,76.8762281,8.6260773,84.633
359.793,404.399,706466.720,954122.300,76.8762338,8.6270030,74.516
359.803,475.159,706466.730,954193.060,76.8762371,8.6276427,92.327
360.113,391.769,706467.040,954109.670,76.8762362,8.6268888,74.749
360.143,645.669,706467.070,954363.570,76.8762478,8.6291842,96.745
360.263,407.829,706467.190,954125.730,76.8762382,8.6270340,74.682
360.273,191.069,706467.200,953908.970,76.8762286,8.6250744,91.792
360.283,191.069,706467.210,953908.970,76.8762287,8.6250744,91.794
360.373,324.109,706467.300,954042.010,76.8762355,8.6262771,80.678
360.643,195.459,706467.570,953913.360,76.8762322,8.6251141,90.188
360.823,413.859,706467.750,954131.760,76.8762436,8.6270885,75.499
360.853,364.929,706467.780,954082.830,76.8762417,8.6266461,74.286
360.873,443.959,706467.800,954161.860,76.8762454,8.6273606,90.085
360.903,625.999,706467.830,954343.900,76.8762538,8.6290063,91.082
360.973,599.639,706467.900,954317.540,76.8762532,8.6287680,88.415
361.003,224.509,706467.930,953942.410,76.8762368,8.6253767,92.060
361.073,305.349,706468.000,954023.250,76.8762410,8.6261075,84.050
361.103,632.079,706468.030,954349.980,76.8762559,8.6290613,92.368
361.283,308.079,706468.210,954025.980,76.8762430,8.6261322,83.345
361.603,192.089,706468.530,953909.990,76.8762408,8.6250836,88.356
361.763,56.439,706468.690,953774.340,76.8762362,8.6238572,74.037
361.873,639.249,706468.800,954357.150,76.8762632,8.6291261,95.268
361.883,651.209,706468.810,954369.110,76.8762638,8.6292342,96.960
362.143,361.199,706469.070,954079.100,76.8762532,8.6266124,75.228
362.203,403.419,706469.130,954121.320,76.8762557,8.6269940,74.884
362.293,615.819,706469.220,954333.720,76.8762660,8.6289142,91.635
362.443,388.659,706469.370,954106.560,76.8762572,8.6268606,74.655
362.483,358.899,706469.410,954076.800,76.8762562,8.6265916,75.248
362.663,386.229,706469.590,954104.130,76.8762591,8.6268386,74.544
362.853,642.579,706469.780,954360.480,76.8762722,8.6291561,96.590
362.893,408.119,706469.820,954126.020,76.8762621,8.6270365,74.954
362.983,313.649,706469.910,954031.550,76.8762587,8.6261825,82.254
363.013,313.549,706469.940,954031.450,76.8762590,8.6261815,82.246
363.123,385.589,706470.050,954103.490,76.8762632,8.6268328,74.600
363.303,608.769,706470.230,954326.670,76.8762748,8.6288504,88.968
363.313,236.139,706470.240,953954.040,76.8762583,8.6254817,93.165
363.373,311.539,706470.300,954029.440,76.8762622,8.6261634,82.871
363.523,563.349,706470.450,954281.250,76.8762748,8.6284398,90.487
363.553,379.699,706470.480,954097.600,76.8762669,8.6267795,74.496
364.043,442.809,706470.970,954160.710,76.8762741,8.6273501,87.040
364.063,639.929,706470.990,954357.830,76.8762831,8.6291321,95.983
364.073,197.659,706471.000,953915.560,76.8762635,8.6251338,88.366
364.163,245.939,706471.090,953963.840,76.8762664,8.6255703,94.038
364.443,363.219,706471.370,954081.120,76.8762742,8.6266305,75.296
364.463,425.069,706471.390,954142.970,76.8762772,8.6271897,80.274
364.543,261.889,706471.470,953979.790,76.8762706,8.6257145,93.259
364.563,223.799,706471.490,953941.700,76.8762691,8.6253701,92.700
364.613,658.839,706471.540,954376.740,76.8762890,8.6293030,97.186
364.623,465.149,706471.550,954183.050,76.8762804,8.6275520,90.624
364.643,252.629,706471.570,953970.530,76.8762711,8.6256307,94.041
364.643,442.939,706471.570,954160.840,76.8762796,8.6273512,84.525
364.743,392.689,706471.670,954110.590,76.8762783,8.6268969,74.593
364.763,475.399,706471.690,954193.300,76.8762821,8.6276447,91.534
364.773,212.809,706471.700,953930.710,76.8762705,8.6252707,93.127
364.823,289.019,706471.750,954006.920,76.8762744,8.6259597,88.087
364.923,443.119,706471.850,954161.020,76.8762821,8.6273528,84.610
364.983,570.759,706471.910,954288.660,76.8762884,8.6285067,91.256
365.013,264.879,706471.940,953982.780,76.8762750,8.6257415,92.822
365.023,259.429,706471.950,953977.330,76.8762748,8.6256922,93.434
365.023,570.759,706471.950,954288.660,76.8762887,8.6285067,91.152
365.073,620.609,706472.000,954338.510,76.8762914,8.6289574,91.845
365.283,423.749,706472.210,954141.650,76.8762845,8.6271777,80.042
365.473,157.959,706472.400,953875.860,76.8762744,8.6247748,88.970
365.473,230.479,706472.400,953948.380,76.8762776,8.6254305,92.512
365.603,147.059,706472.530,953864.960,76.8762751,8.6246763,88.578
365.623,209.679,706472.550,953927.580,76.8762781,8.6252424,89.520
365.663,469.179,706472.590,954187.080,76.8762900,8.6275884,89.761
365.673,433.619,706472.600,954151.520,76.8762885,8.6272669,81.632
365.713,322.149,706472.640,954040.050,76.8762839,8.6262592,81.136
365.763,641.089,706472.690,954358.990,76.8762986,8.6291425,96.456
365.963,163.479,706472.890,953881.380,76.8762791,8.6248247,89.205
366.013,381.929,706472.940,954099.830,76.8762893,8.6267996,74.499
366.393,368.009,706473.320,954085.910,76.8762921,8.6266737,74.929
366.453,158.059,706473.380,953875.960,76.8762833,8.6247757,89.423
366.473,465.719,706473.400,954183.620,76.8762972,8.6275571,89.332
366.723,388.589,706473.650,954106.490,76.8762961,8.6268598,74.803
367.053,288.749,706473.980,954006.650,76.8762946,8.6259572,88.641
367.053,401.409,706473.980,954119.310,76.8762996,8.6269757,74.926
367.313,626.639,706474.240,954344.540,76.8763120,8.6290118,91.920
367.333,367.939,706474.260,954085.840,76.8763007,8.6266731,75.398
367.333,486.289,706474.260,954204.190,76.8763060,8.6277430,92.587
367.563,248.629,706474.490,953966.530,76.8762974,8.6255944,93.960
367.983,283.489,706474.910,954001.390,76.8763028,8.6259096,89.907
368.163,391.059,706475.090,954108.960,76.8763092,8.6268820,74.895
368.283,470.579,706475.210,954188.480,76.8763139,8.6276009,88.606
368.353,652.209,706475.280,954370.110,76.8763226,8.6292429,96.996
368.383,351.879,706475.310,954069.780,76.8763095,8.6265278,77.546
368.593,396.569,706475.520,954114.470,76.8763134,8.6269318,74.281
368.873,102.339,706475.800,953820.240,76.8763028,8.6242719,81.091
369.183,294.999,706476.110,954012.900,76.8763142,8.6260136,87.321
369.223,465.459,706476.150,954183.360,76.8763222,8.6275546,88.296
369.253,366.899,706476.180,954084.800,76.8763181,8.6266636,75.559
369.473,370.239,706476.400,954088.140,76.8763202,8.6266938,74.998
369.483,382.419,706476.410,954100.320,76.8763209,8.6268039,74.571
369.633,498.859,706476.560,954216.760,76.8763274,8.6278565,95.814
369.853,236.279,706476.780,953954.180,76.8763177,8.6254827,93.276
369.923,161.329,706476.850,953879.230,76.8763150,8.6248051,90.050
369.993,86.279,706476.920,953804.180,76.8763123,8.6241266,77.751
370.033,416.609,706476.960,954134.510,76.8763274,8.6271129,75.568
370.073,364.859,706477.000,954082.760,76.8763254,8.6266451,75.502
370.123,195.129,706477.050,953913.030,76.8763183,8.6251107,87.870
370.533,389.289,706477.460,954107.190,76.8763307,8.6268659,74.814
370.663,251.689,706477.590,953969.590,76.8763257,8.6256220,94.581
370.683,258.819,706477.610,953976.720,76.8763262,8.6256864,94.311
370.743,267.119,706477.670,953985.020,76.8763272,8.6257615,93.489
370.753,391.139,706477.680,954109.040,76.8763328,8.6268826,74.976
370.803,223.699,706477.730,953941.600,76.8763258,8.6253689,91.391
370.883,411.029,706477.810,954128.930,76.8763348,8.6270625,75.253
370.893,275.899,706477.820,953993.800,76.8763289,8.6258408,91.766
371.033,214.819,706477.960,953932.720,76.8763275,8.6252886,89.712
371.073,261.909,706478.000,953979.810,76.8763299,8.6257143,94.193
371.193,400.879,706478.120,954118.780,76.8763372,8.6269707,74.969
371.273,264.919,706478.200,953982.820,76.8763319,8.6257415,93.872
371.323,157.499,706478.250,953875.400,76.8763275,8.6247704,90.050
371.483,70.089,706478.410,953787.990,76.8763251,8.6239802,75.432
371.753,477.109,706478.680,954195.010,76.8763457,8.6276598,90.449
371.763,482.809,706478.690,954200.710,76.8763460,8.6277113,91.621
372.083,472.189,706479.010,954190.090,76.8763485,8.6276153,89.058
372.143,651.529,706479.070,954369.430,76.8763570,8.6292366,96.953
372.153,96.049,706479.080,953813.950,76.8763323,8.6242149,80.093
372.203,65.299,706479.130,953783.200,76.8763314,8.6239369,75.160
372.393,374.299,706479.320,954092.200,76.8763469,8.6267303,75.063
372.453,495.349,706479.380,954213.250,76.8763529,8.6278247,96.374
372.523,488.069,706479.450,954205.970,76.8763532,8.6277589,91.905
372.643,382.779,706479.570,954100.680,76.8763496,8.6268070,74.520
372.853,391.199,706479.780,954109.100,76.8763519,8.6268831,74.784
373.073,204.089,706480.000,953921.990,76.8763455,8.6251915,88.419
373.113,288.489,706480.040,954006.390,76.8763496,8.6259545,89.441
373.123,300.369,706480.050,954018.270,76.8763503,8.6260619,86.554
373.303,376.299,706480.230,954094.200,76.8763553,8.6267484,75.210
373.453,242.249,706480.380,953960.150,76.8763507,8.6255365,94.096
373.573,659.289,706480.500,954377.190,76.8763704,8.6293067,97.254
373.693,377.069,706480.620,954094.970,76.8763589,8.6267553,75.160
373.713,371.939,706480.640,954089.840,76.8763588,8.6267089,75.749
373.723,223.489,706480.650,953941.390,76.8763523,8.6253669,91.052
373.843,207.329,706480.770,953925.230,76.8763526,8.6252208,88.742
373.863,211.529,706480.790,953929.430,76.8763530,8.6252588,94.751
373.873,462.219,706480.800,954180.120,76.8763643,8.6275251,87.065
373.883,229.949,706480.810,953947.850,76.8763540,8.6254253,92.043
373.933,469.199,706480.860,954187.100,76.8763651,8.6275882,88.109
374.183,485.279,706481.110,954203.180,76.8763681,8.6277336,91.231
374.263,370.609,706481.190,954088.510,76.8763637,8.6266969,75.742
374.333,438.619,706481.260,954156.520,76.8763674,8.6273117,82.026
374.463,306.009,706481.390,954023.910,76.8763627,8.6261129,84.984
374.503,248.439,706481.430,953966.340,76.8763605,8.6255924,94.815
374.593,306.169,706481.520,954024.070,76.8763639,8.6261143,85.002
374.823,450.739,706481.750,954168.640,76.8763724,8.6274213,87.402
375.343,196.759,706482.270,953914.660,76.8763658,8.6251252,88.291
375.363,203.479,706482.290,953921.380,76.8763663,8.6251859,88.443
375.723,380.899,706482.650,954098.800,76.8763775,8.6267899,75.026
375.883,345.269,706482.810,954063.170,76.8763773,8.6264677,79.845
375.993,327.979,706482.920,954045.880,76.8763776,8.6263114,82.195
376.333,288.319,706483.260,954006.220,76.8763789,8.6259529,89.853
376.393,451.699,706483.320,954169.600,76.8763867,8.6274299,86.990
376.403,260.519,706483.330,953978.420,76.8763783,8.6257015,94.928
376.513,464.749,706483.440,954182.650,76.8763884,8.6275479,87.016
376.523,481.869,706483.450,954199.770,76.8763892,8.6277026,90.399
376.543,386.209,706483.470,954104.110,76.8763852,8.6268378,75.059
376.713,358.719,706483.640,954076.620,76.8763855,8.6265893,79.250
376.713,446.089,706483.640,954163.990,76.8763894,8.6273792,84.116
376.743,446.109,706483.670,954164.010,76.8763896,8.6273793,84.197
376.853,78.649,706483.780,953796.550,76.8763742,8.6240573,77.478
376.953,393.569,706483.880,954111.470,76.8763892,8.6269043,75.441
377.033,385.319,706483.960,954103.220,76.8763896,8.6268298,75.146
377.113,283.579,706484.040,954001.480,76.8763857,8.6259100,91.242
377.263,269.409,706484.190,953987.310,76.8763865,8.6257819,93.892
377.403,222.769,706484.330,953940.670,76.8763857,8.6253602,91.193
377.573,264.389,706484.500,953982.290,76.8763891,8.6257365,94.695
377.783,398.629,706484.710,954116.530,76.8763970,8.6269500,75.354
377.793,471.399,706484.720,954189.300,76.8764003,8.6276079,88.168
377.873,375.599,706484.800,954093.500,76.8763968,8.6267418,75.838
377.893,481.199,706484.820,954199.100,76.8764017,8.6276965,88.812
378.163,382.339,706485.090,954100.240,76.8763997,8.6268028,75.545
378.343,311.659,706485.270,954029.560,76.8763982,8.6261638,86.926
378.493,68.889,706485.420,953786.790,76.8763887,8.6239690,75.176
378.773,492.319,706485.700,954210.220,76.8764101,8.6277970,91.682
379.083,411.939,706486.010,954129.840,76.8764094,8.6270703,75.609
379.143,312.359,706486.070,954030.260,76.8764055,8.6261701,84.248
379.163,380.109,706486.090,954098.010,76.8764087,8.6267826,75.929
379.213,404.969,706486.140,954122.870,76.8764102,8.6270073,74.921
379.333,259.039,706486.260,953976.940,76.8764048,8.6256880,95.015
379.463,459.939,706486.390,954177.840,76.8764150,8.6275042,86.261
379.503,212.889,706486.430,953930.790,76.8764043,8.6252708,89.722
379.513,207.119,706486.440,953925.020,76.8764041,8.6252186,89.158
379.663,235.299,706486.590,953953.200,76.8764068,8.6254734,93.216
379.763,241.589,706486.690,953959.490,76.8764079,8.6255303,94.230
380.433,420.319,706487.360,954138.220,76.8764220,8.6271460,76.115
380.633,276.389,706487.560,953994.290,76.8764174,8.6258448,92.953
380.713,198.509,706487.640,953916.410,76.8764147,8.6251408,88.644
380.823,489.809,706487.750,954207.710,76.8764287,8.6277742,90.890
380.913,479.079,706487.840,954196.980,76.8764290,8.6276772,88.265
381.123,456.269,706488.050,954174.170,76.8764299,8.6274710,85.712
381.153,491.879,706488.080,954209.780,76.8764317,8.6277929,91.227
381.183,300.469,706488.110,954018.370,76.8764235,8.6260625,87.468
381.383,251.329,706488.310,953969.230,76.8764231,8.6256182,95.684
381.713,377.289,706488.640,954095.190,76.8764317,8.6267569,75.877
381.863,216.849,706488.790,953934.750,76.8764259,8.6253065,90.254
381.883,380.069,706488.810,954097.970,76.8764334,8.6267821,75.899
381.913,256.749,706488.840,953974.650,76.8764282,8.6256672,95.600
381.993,256.479,706488.920,953974.380,76.8764289,8.6256648,95.645
382.133,228.719,706489.060,953946.620,76.8764289,8.6254138,92.216
382.493,469.539,706489.420,954187.440,76.8764429,8.6275909,87.484
382.513,493.309,706489.440,954211.210,76.8764442,8.6278058,91.990
382.703,260.139,706489.630,953978.040,76.8764355,8.6256978,95.617
382.713,222.659,706489.640,953940.560,76.8764339,8.6253590,91.523
382.753,108.389,706489.680,953826.290,76.8764292,8.6243259,83.041
382.763,487.279,706489.690,954205.180,76.8764462,8.6277513,90.585
382.823,264.689,706489.750,953982.590,76.8764368,8.6257390,95.282
382.903,67.439,706489.830,953785.340,76.8764287,8.6239557,74.874
382.963,465.129,706489.890,954183.030,76.8764470,8.6275510,86.787
382.993,86.539,706489.920,953804.440,76.8764304,8.6241284,79.281
383.003,432.499,706489.930,954150.400,76.8764459,8.6272560,80.817
383.203,263.679,706490.130,953981.580,76.8764402,8.6257298,95.387
383.253,306.239,706490.180,954024.140,76.8764425,8.6261146,86.162
383.383,338.659,706490.310,954056.560,76.8764452,8.6264076,82.143
383.663,75.949,706490.590,953793.850,76.8764360,8.6240326,76.900
383.713,491.469,706490.640,954209.370,76.8764550,8.6277891,90.952
383.823,124.949,706490.750,953842.850,76.8764396,8.6244756,86.817
383.833,221.559,706490.760,953939.460,76.8764440,8.6253490,91.285
384.053,60.729,706490.980,953778.630,76.8764388,8.6238950,74.136
384.133,270.169,706491.060,953988.070,76.8764489,8.6257884,94.700
384.193,462.309,706491.120,954180.210,76.8764580,8.6275255,85.007
384.233,283.809,706491.160,954001.710,76.8764504,8.6259117,92.147
384.233,429.449,706491.160,954147.350,76.8764569,8.6272284,80.946
384.243,429.459,706491.170,954147.360,76.8764570,8.6272285,80.906
384.253,485.709,706491.180,954203.610,76.8764596,8.6277370,88.590
384.303,474.779,706491.230,954192.680,76.8764596,8.6276382,88.228
384.363,374.249,706491.290,954092.150,76.8764557,8.6267293,78.358
384.543,487.399,706491.470,954205.300,76.8764623,8.6277523,89.594
384.893,352.979,706491.820,954070.880,76.8764595,8.6265370,82.999
384.953,493.549,706491.880,954211.450,76.8764663,8.6278078,91.810
385.023,213.889,706491.950,953931.790,76.8764545,8.6252796,90.746
385.353,222.499,706492.280,953940.400,76.8764579,8.6253574,91.764
385.413,436.659,706492.340,954154.560,76.8764680,8.6272935,81.377
385.673,289.029,706492.600,954006.930,76.8764638,8.6259589,91.197
385.703,402.079,706492.630,954119.980,76.8764691,8.6269809,75.246
385.913,314.059,706492.840,954031.960,76.8764670,8.6261851,84.341
385.993,199.409,706492.920,953917.310,76.8764627,8.6251487,89.776
386.103,403.409,706493.030,954121.310,76.8764728,8.6269929,75.224
386.243,458.329,706493.170,954176.230,76.8764765,8.6274894,83.963
386.273,247.979,706493.200,953965.880,76.8764674,8.6255877,95.770
386.363,167.329,706493.290,953885.230,76.8764646,8.6248586,94.169
386.383,203.379,706493.310,953921.280,76.8764664,8.6251845,90.084
386.403,470.669,706493.330,954188.570,76.8764785,8.6276009,87.127
386.763,385.469,706493.690,954103.370,76.8764780,8.6268307,75.891
387.523,399.389,706494.450,954117.290,76.8764855,8.6269565,75.486
387.523,455.179,706494.450,954173.080,76.8764880,8.6274608,85.731
387.583,481.079,706494.510,954198.980,76.8764897,8.6276950,88.157
387.773,258.499,706494.700,953976.400,76.8764815,8.6256828,96.175
387.893,66.259,706494.820,953784.160,76.8764740,8.6239448,74.565
388.003,295.269,706494.930,954013.170,76.8764852,8.6260152,89.674
388.173,467.959,706495.100,954185.860,76.8764944,8.6275764,86.734
388.183,306.619,706495.110,954024.520,76.8764873,8.6261178,89.493
388.343,193.989,706495.270,953911.890,76.8764838,8.6250996,90.013
388.463,261.719,706495.390,953979.620,76.8764879,8.6257119,96.079
388.563,422.929,706495.490,954140.830,76.8764960,8.6271692,76.808
388.603,371.609,706495.530,954089.510,76.8764941,8.6267053,80.840
388.763,394.529,706495.690,954112.430,76.8764965,8.6269125,75.264
388.773,300.109,706495.700,954018.010,76.8764924,8.6260589,88.215
389.073,234.509,706496.000,953952.410,76.8764922,8.6254658,93.837
389.143,94.419,706496.070,953812.320,76.8764866,8.6241994,81.085
389.143,306.439,706496.070,954024.340,76.8764961,8.6261161,86.528
389.203,277.349,706496.130,953995.250,76.8764953,8.6258531,93.872
389.343,382.179,706496.270,954100.080,76.8765012,8.6268008,78.014
389.443,478.729,706496.370,954196.630,76.8765065,8.6276737,87.759
389.563,488.679,706496.490,954206.580,76.8765080,8.6277636,89.603
389.663,124.219,706496.590,953842.120,76.8764926,8.6244687,86.631
389.663,241.769,706496.590,953959.670,76.8764979,8.6255314,95.193
390.043,249.829,706496.970,953967.730,76.8765017,8.6256043,96.150
390.103,395.799,706497.030,954113.700,76.8765088,8.6269239,75.309
390.123,454.089,706497.050,954171.990,76.8765115,8.6274509,83.319
390.453,392.829,706497.380,954110.730,76.8765118,8.6268970,75.449
390.563,256.099,706497.490,953974.000,76.8765067,8.6256610,96.458
390.623,228.709,706497.550,953946.610,76.8765060,8.6254133,94.058
390.763,221.129,706497.690,953939.030,76.8765070,8.6253448,92.593
390.883,332.039,706497.810,954049.940,76.8765130,8.6263475,84.442
391.013,466.029,706497.940,954183.930,76.8765202,8.6275588,84.914
391.083,313.739,706498.010,954031.640,76.8765140,8.6261820,89.621
391.093,184.829,706498.020,953902.730,76.8765083,8.6250166,89.826
391.253,259.899,706498.180,953977.800,76.8765131,8.6256953,96.502
391.373,108.909,706498.300,953826.810,76.8765075,8.6243303,84.197
391.393,488.679,706498.320,954206.580,76.8765246,8.6277635,88.589
391.483,84.699,706498.410,953802.600,76.8765074,8.6241114,78.925
391.673,448.099,706498.600,954166.000,76.8765254,8.6273967,82.742
391.753,212.529,706498.680,953930.430,76.8765156,8.6252670,92.087
391.843,474.729,706498.770,954192.630,76.8765281,8.6276374,86.771
392.043,478.719,706498.970,954196.620,76.8765301,8.6276735,87.570
392.103,409.509,706499.030,954127.410,76.8765275,8.6270478,76.059
392.123,260.779,706499.050,953978.680,76.8765211,8.6257032,96.373
392.133,317.469,706499.060,954035.370,76.8765237,8.6262157,85.589
392.243,402.519,706499.170,954120.420,76.8765285,8.6269846,75.530
392.853,368.969,706499.780,954086.870,76.8765325,8.6266812,83.321
392.873,462.289,706499.800,954180.190,76.8765369,8.6275249,83.819
392.963,176.549,706499.890,953894.450,76.8765250,8.6249417,89.420
393.073,471.429,706500.000,954189.330,76.8765391,8.6276075,86.467
393.093,347.249,706500.020,954065.150,76.8765338,8.6264849,86.747
393.253,204.679,706500.180,953922.580,76.8765288,8.6251960,91.681
393.323,450.129,706500.250,954168.030,76.8765404,8.6274149,81.432
393.403,395.369,706500.330,954113.270,76.8765387,8.6269199,75.450
393.413,137.229,706500.340,953855.130,76.8765273,8.6245862,91.025
393.433,379.289,706500.360,954097.190,76.8765383,8.6267745,80.137
393.483,430.309,706500.410,954148.210,76.8765410,8.6272357,79.250
393.563,244.469,706500.490,953962.370,76.8765334,8.6255557,99.621
393.803,238.379,706500.730,953956.280,76.8765353,8.6255006,95.171
393.833,74.979,706500.760,953792.880,76.8765283,8.6240234,76.764
393.963,172.379,706500.890,953890.280,76.8765339,8.6249039,89.549
394.133,271.769,706501.060,953989.670,76.8765398,8.6258025,95.527
394.233,245.699,706501.160,953963.600,76.8765396,8.6255668,96.195
394.263,121.289,706501.190,953839.190,76.8765343,8.6244421,87.805
394.573,283.589,706501.500,954001.490,76.8765444,8.6259093,93.204
394.603,442.009,706501.530,954159.910,76.8765517,8.6273415,83.422
394.703,468.709,706501.630,954186.610,76.8765538,8.6275828,85.019
394.823,446.609,706501.750,954164.510,76.8765539,8.6273830,80.610
394.863,133.239,706501.790,953851.140,76.8765403,8.6245501,89.235
394.923,397.879,706501.850,954115.780,76.8765526,8.6269425,75.894
394.963,196.069,706501.890,953913.970,76.8765440,8.6251181,91.371
395.483,396.329,706502.410,954114.230,76.8765577,8.6269285,76.369
395.503,123.689,706502.430,953841.590,76.8765457,8.6244637,87.910
395.543,457.699,706502.470,954175.600,76.8765609,8.6274833,83.336
395.583,305.679,706502.510,954023.580,76.8765545,8.6261090,86.936
395.753,490.389,706502.680,954208.290,76.8765643,8.6277788,88.541
395.833,278.269,706502.760,953996.170,76.8765556,8.6258611,94.533
395.883,261.589,706502.810,953979.490,76.8765553,8.6257103,97.183
396.073,438.909,706503.000,954156.810,76.8765649,8.6273134,83.434
396.123,261.019,706503.050,953978.920,76.8765574,8.6257052,96.782
396.123,491.549,706503.050,954209.450,76.8765677,8.6277893,89.632
396.243,187.909,706503.170,953905.810,76.8765553,8.6250442,91.382
396.663,295.049,706503.590,954012.950,76.8765639,8.6260128,90.178
396.673,452.839,706503.600,954170.740,76.8765710,8.6274393,81.108
396.693,220.859,706503.620,953938.760,76.8765608,8.6253421,93.626
396.733,282.659,706503.660,954000.560,76.8765639,8.6259008,93.234
396.773,282.609,706503.700,954000.510,76.8765643,8.6259003,93.543
396.913,220.409,706503.840,953938.310,76.8765628,8.6253380,93.542
396.973,217.049,706503.900,953934.950,76.8765632,8.6253076,93.630
397.403,113.469,706504.330,953831.370,76.8765625,8.6243712,84.148
397.513,376.399,706504.440,954094.300,76.8765752,8.6267482,82.260
397.673,65.669,706504.600,953783.570,76.8765628,8.6239391,74.603
397.723,65.659,706504.650,953783.560,76.8765632,8.6239390,74.604
397.753,179.839,706504.680,953897.740,76.8765686,8.6249712,90.969
397.763,213.009,706504.690,953930.910,76.8765702,8.6252711,93.453
397.853,312.569,706504.780,954030.470,76.8765754,8.6261711,86.395
398.053,466.339,706504.980,954184.240,76.8765841,8.6275613,83.876
398.103,425.949,706505.030,954143.850,76.8765828,8.6271961,77.500
398.193,290.879,706505.120,954008.780,76.8765776,8.6259750,91.268
398.363,462.649,706505.290,954180.550,76.8765868,8.6275279,87.149
398.383,325.429,706505.310,954043.330,76.8765808,8.6262874,86.740
398.513,392.809,706505.440,954110.710,76.8765850,8.6268965,76.446
398.903,205.449,706505.830,953923.350,76.8765802,8.6252027,93.165
398.983,63.319,706505.910,953781.220,76.8765746,8.6239178,73.996
399.183,300.089,706506.110,954017.990,76.8765870,8.6260583,88.439
399.433,172.959,706506.360,953890.860,76.8765836,8.6249089,90.537
399.453,390.809,706506.380,954108.710,76.8765935,8.6268784,77.530
399.503,136.659,706506.430,953854.560,76.8765826,8.6245808,91.703
399.693,416.009,706506.620,954133.910,76.8765968,8.6271062,76.895
399.763,128.709,706506.690,953846.610,76.8765846,8.6245089,89.227
399.823,132.639,706506.750,953850.540,76.8765853,8.6245444,89.281
400.033,447.099,706506.960,954165.000,76.8766013,8.6273872,79.939
400.303,197.629,706507.230,953915.530,76.8765926,8.6251319,92.865
400.303,292.419,706507.230,954010.320,76.8765968,8.6259889,90.834
400.613,229.109,706507.540,953947.010,76.8765968,8.6254165,95.899
400.693,464.439,706507.620,954182.340,76.8766080,8.6275440,82.844
401.043,306.279,706507.970,954024.180,76.8766041,8.6261141,86.381
401.273,341.509,706508.200,954059.410,76.8766078,8.6264326,90.495
401.663,108.629,706508.590,953826.530,76.8766010,8.6243273,85.198
401.683,122.199,706508.610,953840.100,76.8766017,8.6244499,88.299
401.853,189.039,706508.780,953906.940,76.8766063,8.6250542,92.787
402.083,364.599,706509.010,954082.500,76.8766162,8.6266413,87.806
402.113,364.579,706509.040,954082.480,76.8766165,8.6266411,87.812
402.243,463.569,706509.170,954181.470,76.8766221,8.6275360,82.220
402.483,459.389,706509.410,954177.290,76.8766241,8.6274982,81.624
402.753,454.039,706509.680,954171.940,76.8766263,8.6274499,85.226
402.933,448.399,706509.860,954166.300,76.8766277,8.6273989,79.991
403.203,249.269,706510.130,953967.170,76.8766212,8.6255986,98.121
403.403,298.969,706510.330,954016.870,76.8766253,8.6260479,88.722
403.503,211.199,706510.430,953929.100,76.8766222,8.6252545,94.861
403.683,388.149,706510.610,954106.050,76.8766318,8.6268542,79.335
403.713,372.009,706510.640,954089.910,76.8766313,8.6267082,85.486
403.833,237.879,706510.760,953955.780,76.8766264,8.6254956,97.073
404.083,460.289,706511.010,954178.190,76.8766386,8.6275063,81.358
404.443,440.909,706511.370,954158.810,76.8766410,8.6273311,82.894
404.463,175.199,706511.390,953893.100,76.8766294,8.6249290,91.954
404.513,444.169,706511.440,954162.070,76.8766418,8.6273606,78.792
404.533,223.159,706511.460,953941.060,76.8766321,8.6253625,95.699
404.653,182.199,706511.580,953900.100,76.8766314,8.6249922,92.490
404.683,120.939,706511.610,953838.840,76.8766289,8.6244384,88.202
404.763,135.469,706511.690,953853.370,76.8766303,8.6245698,91.761
404.793,132.029,706511.720,953849.930,76.8766304,8.6245387,89.327
405.033,136.579,706511.960,953854.480,76.8766328,8.6245798,91.894
405.093,115.209,706512.020,953833.110,76.8766324,8.6243866,86.862
405.093,206.409,706512.020,953924.310,76.8766365,8.6252111,94.784
405.103,115.289,706512.030,953833.190,76.8766325,8.6243873,86.312
405.173,455.539,706512.100,954173.440,76.8766483,8.6274633,80.773
405.223,477.299,706512.150,954195.200,76.8766497,8.6276600,83.600
405.293,402.899,706512.220,954120.800,76.8766471,8.6269874,76.957
405.383,387.079,706512.310,954104.980,76.8766472,8.6268444,80.057
405.553,301.719,706512.480,954019.620,76.8766449,8.6260727,88.435
405.623,219.209,706512.550,953937.110,76.8766419,8.6253268,95.683
405.863,204.569,706512.790,953922.470,76.8766434,8.6251944,94.558
406.423,166.599,706513.350,953884.500,76.8766468,8.6248511,97.558
406.513,62.839,706513.440,953780.740,76.8766430,8.6239131,74.067
406.573,470.099,706513.500,954188.000,76.8766617,8.6275949,82.732
406.713,211.549,706513.640,953929.450,76.8766514,8.6252575,95.347
406.713,455.189,706513.640,954173.090,76.8766623,8.6274601,79.795
406.893,209.149,706513.820,953927.050,76.8766529,8.6252358,95.226
407.073,386.019,706514.000,954103.920,76.8766625,8.6268347,80.779
407.203,483.549,706514.130,954201.450,76.8766680,8.6277164,85.109
407.293,422.519,706514.220,954140.420,76.8766661,8.6271647,77.730
407.413,451.749,706514.340,954169.650,76.8766685,8.6274290,79.994
407.583,64.149,706514.510,953782.050,76.8766527,8.6239249,74.109
407.633,428.959,706514.560,954146.860,76.8766695,8.6272229,78.193
407.643,476.589,706514.570,954194.490,76.8766717,8.6276535,83.131
407.733,440.159,706514.660,954158.060,76.8766709,8.6273242,78.527
407.803,441.569,706514.730,954159.470,76.8766716,8.6273369,78.496
408.013,155.599,706514.940,953873.500,76.8766607,8.6247516,95.888
408.073,155.649,706515.000,953873.550,76.8766613,8.6247521,95.873
408.153,149.579,706515.080,953867.480,76.8766617,8.6246972,94.594
408.223,125.669,706515.150,953843.570,76.8766613,8.6244810,88.847
408.433,203.769,706515.360,953921.670,76.8766667,8.6251871,94.968
408.463,358.109,706515.390,954076.010,76.8766739,8.6265824,90.301
408.583,266.199,706515.510,953984.100,76.8766708,8.6257515,97.809
408.593,464.729,706515.520,954182.630,76.8766798,8.6275462,81.408
408.903,120.619,706515.830,953838.520,76.8766673,8.6244353,88.141
408.943,60.639,706515.870,953778.540,76.8766649,8.6238931,73.812
408.983,107.739,706515.910,953825.640,76.8766674,8.6243189,85.298
408.983,381.709,706515.910,954099.610,76.8766796,8.6267957,82.724
409.013,260.139,706515.940,953978.040,76.8766745,8.6256967,98.471
409.043,285.099,706515.970,954003.000,76.8766759,8.6259223,92.881
409.263,143.969,706516.190,953861.870,76.8766716,8.6246464,93.359
409.283,406.679,706516.210,954124.580,76.8766835,8.6270214,78.012
409.463,64.359,706516.390,953782.260,76.8766698,8.6239267,74.330
409.603,106.889,706516.530,953824.790,76.8766730,8.6243112,83.246
409.613,106.899,706516.540,953824.800,76.8766731,8.6243113,83.246
409.743,479.409,706516.670,954197.310,76.8766909,8.6276789,83.670
409.753,131.419,706516.680,953849.320,76.8766755,8.6245329,89.373
409.763,447.669,706516.690,954165.570,76.8766897,8.6273920,79.442
409.803,196.529,706516.730,953914.430,76.8766788,8.6251216,94.847
410.023,146.799,706516.950,953864.700,76.8766786,8.6246720,93.984
410.053,117.689,706516.980,953835.590,76.8766776,8.6244088,87.673
410.293,404.369,706517.220,954122.270,76.8766925,8.6270005,76.357
410.323,109.799,706517.250,953827.700,76.8766797,8.6243375,85.714
410.353,206.169,706517.280,953924.070,76.8766842,8.6252087,102.035
410.553,163.819,706517.480,953881.720,76.8766842,8.6248258,96.969
410.613,229.499,706517.540,953947.400,76.8766876,8.6254196,97.740
410.763,458.429,706517.690,954176.330,76.8766992,8.6274892,80.226
410.913,115.759,706517.840,953833.660,76.8766853,8.6243913,86.687
410.983,254.479,706517.910,953972.380,76.8766921,8.6256454,99.132
410.983,451.019,706517.910,954168.920,76.8767009,8.6274222,79.839
411.203,189.989,706518.130,953907.890,76.8766912,8.6250624,94.728
411.773,384.399,706518.700,954102.300,76.8767051,8.6268199,82.144
411.773,474.419,706518.700,954192.320,76.8767091,8.6276337,82.558
412.023,91.199,706518.950,953809.100,76.8766943,8.6241692,80.010
412.143,121.469,706519.070,953839.370,76.8766967,8.6244429,88.114
412.173,89.709,706519.100,953807.610,76.8766956,8.6241558,79.860
412.183,89.709,706519.110,953807.610,76.8766957,8.6241558,79.859
412.203,121.629,706519.130,953839.530,76.8766973,8.6244443,87.895
412.263,135.769,706519.190,953853.670,76.8766985,8.6245722,91.761
412.283,335.319,706519.210,954053.220,76.8767075,8.6263762,94.799
412.323,314.869,706519.250,954032.770,76.8767070,8.6261913,90.550
412.463,443.239,706519.390,954161.140,76.8767140,8.6273518,78.872
412.493,470.749,706519.420,954188.650,76.8767155,8.6276005,81.671
412.583,183.399,706519.510,953901.300,76.8767035,8.6250027,94.602
412.663,300.159,706519.590,954018.060,76.8767094,8.6260583,89.862
412.673,295.349,706519.600,954013.250,76.8767093,8.6260148,90.159
413.203,154.799,706520.130,953872.700,76.8767078,8.6247442,96.020
413.373,177.109,706520.300,953895.010,76.8767104,8.6249458,94.469
413.543,155.039,706520.470,953872.940,76.8767109,8.6247463,96.038
413.613,272.559,706520.540,953990.460,76.8767168,8.6258087,97.047
413.623,135.319,706520.550,953853.220,76.8767108,8.6245680,91.531
413.663,470.439,706520.590,954188.340,76.8767261,8.6275976,82.642
413.803,83.999,706520.730,953801.900,76.8767101,8.6241041,78.983
413.813,408.579,706520.740,954126.480,76.8767247,8.6270384,76.711
413.963,60.799,706520.890,953778.700,76.8767105,8.6238943,73.939
413.983,60.779,706520.910,953778.680,76.8767107,8.6238941,73.814
414.233,452.479,706521.160,954170.380,76.8767305,8.6274353,79.801
414.343,64.729,706521.270,953782.630,76.8767142,8.6239298,73.902
414.353,64.749,706521.280,953782.650,76.8767143,8.6239300,73.902
414.363,440.759,706521.290,954158.660,76.8767311,8.6273293,78.893
414.373,64.739,706521.300,953782.640,76.8767145,8.6239299,74.150
414.373,383.949,706521.300,954101.850,76.8767287,8.6268157,82.401
414.383,249.729,706521.310,953967.630,76.8767228,8.6256023,99.734
414.413,125.019,706521.340,953842.920,76.8767175,8.6244749,89.060
414.413,413.769,706521.340,954131.670,76.8767304,8.6270853,76.953
414.443,77.049,706521.370,953794.950,76.8767156,8.6240412,76.998
414.563,123.849,706521.490,953841.750,76.8767188,8.6244643,88.564
414.573,217.509,706521.500,953935.410,76.8767231,8.6253110,97.605
414.693,149.979,706521.620,953867.880,76.8767212,8.6247005,94.929
414.703,445.189,706521.630,954163.090,76.8767344,8.6273693,79.637
414.713,130.809,706521.640,953848.710,76.8767205,8.6245272,89.419
414.733,169.749,706521.660,953887.650,76.8767224,8.6248792,97.972
414.783,61.909,706521.710,953779.810,76.8767180,8.6239043,74.113
414.793,61.909,706521.720,953779.810,76.8767181,8.6239043,73.568
415.073,374.919,706522.000,954092.820,76.8767347,8.6267340,86.326
415.143,65.919,706522.070,953783.820,76.8767215,8.6239406,75.121
415.213,453.069,706522.140,954170.970,76.8767394,8.6274405,79.853
415.233,64.209,706522.160,953782.110,76.8767222,8.6239251,74.095
415.253,306.079,706522.180,954023.980,76.8767332,8.6261117,98.094
415.413,236.839,706522.340,953954.740,76.8767316,8.6254857,99.451
415.483,114.339,706522.410,953832.240,76.8767267,8.6243783,86.493
415.693,394.969,706522.620,954112.870,76.8767412,8.6269153,79.800
415.713,211.149,706522.640,953929.050,76.8767332,8.6252535,97.546
415.823,118.079,706522.750,953835.980,76.8767300,8.6244121,87.352
416.053,326.939,706522.980,954044.840,76.8767414,8.6263002,92.341
416.073,69.189,706523.000,953787.090,76.8767301,8.6239701,75.366
416.083,178.169,706523.010,953896.070,76.8767350,8.6249553,94.885
416.303,207.459,706523.230,953925.360,76.8767384,8.6252201,97.444
416.303,411.769,706523.230,954129.670,76.8767475,8.6270671,76.952
416.383,140.639,706523.310,953858.540,76.8767361,8.6246160,92.948
416.393,352.019,706523.320,954069.920,76.8767456,8.6265270,92.795
416.693,458.989,706523.620,954176.890,76.8767531,8.6274940,80.190
416.803,134.289,706523.730,953852.190,76.8767396,8.6245586,91.355
416.843,266.139,706523.770,953984.040,76.8767459,8.6257505,98.546
416.973,220.409,706523.900,953938.310,76.8767450,8.6253371,98.412
417.153,466.859,706524.080,954184.760,76.8767577,8.6275651,82.726
417.163,394.289,706524.090,954112.190,76.8767545,8.6269091,79.940
417.243,277.769,706524.170,953995.670,76.8767500,8.6258557,95.440
417.323,287.059,706524.250,954004.960,76.8767512,8.6259397,92.482
417.433,60.389,706524.360,953778.290,76.8767421,8.6238905,74.049
417.563,399.579,706524.490,954117.480,76.8767584,8.6269569,78.850
417.623,447.939,706524.550,954165.840,76.8767611,8.6273941,79.845
417.963,123.399,706524.890,953841.300,76.8767497,8.6244601,88.550
418.253,198.339,706525.180,953916.240,76.8767557,8.6251375,97.258
418.523,119.239,706525.450,953837.140,76.8767546,8.6244224,87.610
418.643,101.679,706525.570,953819.580,76.8767549,8.6242637,83.477
418.723,333.949,706525.650,954051.850,76.8767660,8.6263635,98.129
418.863,403.239,706525.790,954121.140,76.8767703,8.6269899,78.180
419.033,432.559,706525.960,954150.460,76.8767732,8.6272550,79.020
419.213,96.149,706526.140,953814.050,76.8767598,8.6242137,82.157
419.423,60.109,706526.350,953778.010,76.8767601,8.6238878,73.959
419.673,130.209,706526.600,953848.110,76.8767655,8.6245216,89.465
419.903,189.789,706526.830,953907.690,76.8767703,8.6250602,96.813
420.213,63.059,706527.140,953780.960,76.8767674,8.6239145,74.127
420.513,79.369,706527.440,953797.270,76.8767709,8.6240619,78.401
420.603,229.889,706527.530,953947.790,76.8767784,8.6254227,99.582
420.643,463.279,706527.570,954181.180,76.8767892,8.6275326,82.811
420.753,217.989,706527.680,953935.890,76.8767792,8.6253151,98.857
421.253,90.019,706528.180,953807.920,76.8767781,8.6241582,80.260
421.333,137.319,706528.260,953855.220,76.8767809,8.6245858,92.397
421.423,64.779,706528.350,953782.680,76.8767785,8.6239300,75.180
421.483,210.919,706528.410,953928.820,76.8767856,8.6252511,98.708
421.523,75.279,706528.450,953793.180,76.8767799,8.6240249,77.288
421.913,67.879,706528.840,953785.780,76.8767831,8.6239580,75.294
422.023,59.389,706528.950,953777.290,76.8767837,8.6238812,73.936
422.043,118.349,706528.970,953836.250,76.8767865,8.6244142,87.588
422.093,59.499,706529.020,953777.400,76.8767843,8.6238822,73.838
422.283,181.549,706529.210,953899.450,76.8767915,8.6249856,95.974
422.663,403.899,706529.590,954121.800,76.8768049,8.6269957,78.139
422.763,368.519,706529.690,954086.420,76.8768042,8.6266758,89.928
422.913,202.859,706529.840,953920.760,76.8767982,8.6251782,98.613
422.913,320.489,706529.840,954038.390,76.8768034,8.6262416,94.467
422.963,123.339,706529.890,953841.240,76.8767951,8.6244593,88.537
423.103,381.169,706530.030,954099.070,76.8768079,8.6267902,84.479
423.353,329.329,706530.280,954047.230,76.8768078,8.6263215,94.410
423.383,62.039,706530.310,953779.940,76.8767962,8.6239051,74.097
423.663,276.769,706530.590,953994.670,76.8768083,8.6258463,95.443
423.853,247.179,706530.780,953965.080,76.8768087,8.6255788,101.137
423.903,59.699,706530.830,953777.600,76.8768008,8.6238839,74.128
423.903,310.919,706530.830,954028.820,76.8768120,8.6261551,93.896
423.973,113.019,706530.900,953830.920,76.8768038,8.6243660,86.781
424.263,271.669,706531.190,953989.570,76.8768135,8.6258002,97.654
424.333,345.939,706531.260,954063.840,76.8768175,8.6264716,95.289
424.603,57.769,706531.530,953775.670,76.8768071,8.6238665,73.717
424.633,57.789,706531.560,953775.690,76.8768073,8.6238666,73.490
424.643,129.599,706531.570,953847.500,76.8768106,8.6245158,89.511
424.683,290.659,706531.610,954008.560,76.8768182,8.6259719,92.473
424.723,81.549,706531.650,953799.450,76.8768092,8.6240814,78.922
424.913,195.899,706531.840,953913.800,76.8768160,8.6251152,98.158
424.943,299.599,706531.870,954017.500,76.8768210,8.6260527,92.867
425.113,180.059,706532.040,953897.960,76.8768172,8.6249720,96.219
425.163,134.019,706532.090,953851.920,76.8768156,8.6245558,91.259
425.293,424.769,706532.220,954142.670,76.8768297,8.6271843,79.148
426.003,325.259,706532.930,954043.160,76.8768317,8.6262846,99.869
426.133,217.849,706533.060,953935.750,76.8768281,8.6253136,100.120
426.143,188.879,706533.070,953906.780,76.8768269,8.6250517,97.548
426.273,220.009,706533.200,953937.910,76.8768295,8.6253331,100.349
426.283,377.469,706533.210,954095.370,76.8768366,8.6267566,85.241
426.473,158.979,706533.400,953876.880,76.8768286,8.6247814,97.617
426.653,59.529,706533.580,953777.430,76.8768258,8.6238823,74.008
426.903,63.669,706533.830,953781.570,76.8768282,8.6239197,75.161
426.983,73.599,706533.910,953791.500,76.8768294,8.6240095,76.984
427.023,117.859,706533.950,953835.760,76.8768317,8.6244096,87.565
427.133,212.699,706534.060,953930.600,76.8768370,8.6252670,99.866
427.223,224.479,706534.150,953942.380,76.8768383,8.6253735,100.616
427.273,183.239,706534.200,953901.140,76.8768369,8.6250006,96.913
427.363,96.139,706534.290,953814.040,76.8768339,8.6242132,82.302
427.623,263.439,706534.550,953981.340,76.8768437,8.6257257,100.058
427.763,102.299,706534.690,953820.200,76.8768378,8.6242689,83.787
427.823,60.149,706534.750,953778.050,76.8768364,8.6238878,74.030
427.843,60.139,706534.770,953778.040,76.8768366,8.6238877,74.133
427.943,164.719,706534.870,953882.620,76.8768422,8.6248332,98.814
427.963,123.289,706534.890,953841.190,76.8768405,8.6244586,88.523
428.093,203.139,706535.020,953921.040,76.8768453,8.6251805,103.421
428.343,151.099,706535.270,953869.000,76.8768452,8.6247100,95.540
428.693,66.259,706535.620,953784.160,76.8768446,8.6239430,75.421
428.733,203.589,706535.660,953921.490,76.8768511,8.6251845,99.391
428.943,88.749,706535.870,953806.650,76.8768479,8.6241463,80.712
429.023,175.449,706535.950,953893.350,76.8768525,8.6249301,100.597
429.023,321.879,706535.950,954039.780,76.8768590,8.6262539,96.242
429.073,321.869,706536.000,954039.770,76.8768595,8.6262538,96.942
429.143,316.209,706536.070,954034.110,76.8768598,8.6262027,96.203
429.263,176.579,706536.190,953894.480,76.8768547,8.6249403,101.131
429.553,278.039,706536.480,953995.940,76.8768619,8.6258576,95.734
429.593,60.489,706536.520,953778.390,76.8768525,8.6238908,73.952
429.733,76.269,706536.660,953794.170,76.8768545,8.6240335,78.131
429.933,55.309,706536.860,953773.210,76.8768554,8.6238440,73.856
430.023,143.009,706536.950,953860.910,76.8768601,8.6246368,93.809
430.093,300.149,706537.020,954018.050,76.8768678,8.6260574,94.541
430.453,110.729,706537.380,953828.630,76.8768626,8.6243450,85.725
430.583,66.709,706537.510,953784.610,76.8768618,8.6239470,75.480
430.593,230.279,706537.520,953948.180,76.8768692,8.6254258,101.423
430.603,131.129,706537.530,953849.030,76.8768648,8.6245294,90.063
430.613,195.469,706537.540,953913.370,76.8768678,8.6251111,98.776
430.803,291.149,706537.730,954009.050,76.8768738,8.6259760,93.869
430.993,71.539,706537.920,953789.440,76.8768657,8.6239907,76.834
431.453,134.689,706538.380,953852.590,76.8768727,8.6245615,91.313
431.653,62.739,706538.580,953780.640,76.8768713,8.6239111,75.260
431.753,75.059,706538.680,953792.960,76.8768728,8.6240225,77.875
431.883,59.879,706538.810,953777.780,76.8768733,8.6238852,74.358
431.993,117.369,706538.920,953835.270,76.8768769,8.6244049,87.542
432.023,188.029,706538.950,953905.930,76.8768803,8.6250437,98.170
432.073,63.389,706539.000,953781.290,76.8768752,8.6239169,75.555
432.083,63.409,706539.010,953781.310,76.8768753,8.6239171,75.631
432.083,63.419,706539.010,953781.320,76.8768753,8.6239172,75.630
432.213,46.559,706539.140,953764.460,76.8768757,8.6237648,73.574
432.383,173.219,706539.310,953891.120,76.8768829,8.6249098,100.205
432.533,215.599,706539.460,953933.500,76.8768861,8.6252930,100.852
432.673,111.869,706539.600,953829.770,76.8768828,8.6243552,85.840
432.723,52.569,706539.650,953770.470,76.8768806,8.6238191,73.717
432.863,386.319,706539.790,954104.220,76.8768968,8.6268363,85.883
432.933,215.469,706539.860,953933.370,76.8768898,8.6252918,100.797
432.963,123.239,706539.890,953841.140,76.8768859,8.6244580,88.509
433.083,169.149,706540.010,953887.050,76.8768891,8.6248730,99.888
433.083,224.029,706540.010,953941.930,76.8768915,8.6253691,106.389
433.523,71.179,706540.450,953789.080,76.8768887,8.6239873,76.697
433.643,416.779,706540.570,954134.680,76.8769052,8.6271116,79.285
433.693,327.049,706540.620,954044.950,76.8769017,8.6263005,97.975
433.753,361.109,706540.680,954079.010,76.8769037,8.6266084,94.327
433.783,208.769,706540.710,953926.670,76.8768972,8.6252312,100.570
433.873,42.169,706540.800,953760.070,76.8768906,8.6237250,73.406
433.883,350.979,706540.810,954068.880,76.8769045,8.6265168,97.395
433.923,115.269,706540.850,953833.170,76.8768943,8.6243859,86.817
433.963,78.719,706540.890,953796.620,76.8768930,8.6240554,78.868
434.043,115.279,706540.970,953833.180,76.8768954,8.6243860,86.942
434.063,129.039,706540.990,953846.940,76.8768962,8.6245103,89.584
434.363,208.259,706541.290,953926.160,76.8769024,8.6252265,100.501
434.383,44.989,706541.310,953762.890,76.8768953,8.6237505,73.340
434.503,271.559,706541.430,953989.460,76.8769065,8.6257988,98.838
434.543,96.159,706541.470,953814.060,76.8768991,8.6242131,82.430
434.603,102.099,706541.530,953820.000,76.8768999,8.6242668,83.587
434.743,316.529,706541.670,954034.430,76.8769107,8.6262053,98.102
434.763,128.129,706541.690,953846.030,76.8769025,8.6245021,89.544
434.923,339.269,706541.850,954057.170,76.8769134,8.6264109,98.181
435.183,66.009,706542.110,953783.910,76.8769035,8.6239405,75.596
435.293,86.739,706542.220,953804.640,76.8769055,8.6241279,80.177
435.313,57.589,706542.240,953775.490,76.8769043,8.6238644,74.060
435.463,346.669,706542.390,954064.570,76.8769186,8.6264777,97.983
435.523,62.959,706542.450,953780.860,76.8769065,8.6239129,75.324
435.773,366.949,706542.700,954084.850,76.8769223,8.6266611,90.740
435.903,223.639,706542.830,953941.540,76.8769171,8.6253655,102.045
436.143,48.429,706543.070,953766.330,76.8769115,8.6237815,73.291
436.233,74.719,706543.160,953792.620,76.8769135,8.6240192,77.645
436.263,408.309,706543.190,954126.210,76.8769286,8.6270350,82.895
436.383,202.449,706543.310,953920.350,76.8769205,8.6251739,105.271
436.383,250.239,706543.310,953968.140,76.8769227,8.6256059,103.186
436.403,293.119,706543.330,954011.020,76.8769248,8.6259936,96.040
436.553,202.369,706543.480,953920.270,76.8769221,8.6251732,100.354
436.653,63.079,706543.580,953780.980,76.8769168,8.6239139,75.485
436.683,283.339,706543.610,954001.240,76.8769269,8.6259052,96.084
436.703,43.359,706543.630,953761.260,76.8769163,8.6237356,73.106
436.943,237.539,706543.870,953955.440,76.8769272,8.6254911,103.070
437.053,111.759,706543.980,953829.660,76.8769226,8.6243540,85.777
437.203,70.039,706544.130,953787.940,76.8769221,8.6239768,76.320
437.233,202.509,706544.160,953920.410,76.8769283,8.6251744,100.287
437.483,183.819,706544.410,953901.720,76.8769297,8.6250054,98.274
437.673,378.329,706544.600,954096.230,76.8769401,8.6267639,87.304
437.773,174.919,706544.700,953892.820,76.8769319,8.6249250,100.904
437.793,172.429,706544.720,953890.330,76.8769320,8.6249024,100.498
437.833,270.409,706544.760,953988.310,76.8769367,8.6257882,99.285
438.093,69.309,706545.020,953787.210,76.8769301,8.6239702,76.069
438.313,108.709,706545.240,953826.610,76.8769339,8.6243264,85.823
438.443,347.479,706545.370,954065.380,76.8769457,8.6264849,98.189
438.533,401.679,706545.460,954119.580,76.8769490,8.6269749,83.651
438.573,37.169,706545.500,953755.070,76.8769331,8.6236796,73.012
438.623,262.669,706545.550,953980.570,76.8769436,8.6257182,101.811
438.693,166.959,706545.620,953884.860,76.8769399,8.6248530,99.234
438.853,216.439,706545.780,953934.340,76.8769436,8.6253003,101.683
438.923,218.829,706545.850,953936.730,76.8769443,8.6253219,101.910
438.943,277.769,706545.870,953995.670,76.8769472,8.6258547,97.764
438.993,199.089,706545.920,953916.990,76.8769441,8.6251434,100.306
439.393,127.459,706546.320,953845.360,76.8769445,8.6244958,89.556
439.413,210.949,706546.340,953928.850,76.8769484,8.6252506,101.528
439.603,505.669,706546.530,954223.570,76.8769633,8.6279150,90.784
439.683,161.479,706546.610,953879.380,76.8769487,8.6248034,97.887
439.723,25.009,706546.650,953742.910,76.8769430,8.6235696,73.415
439.723,319.369,706546.650,954037.270,76.8769561,8.6262308,100.175
439.733,222.929,706546.660,953940.830,76.8769519,8.6253589,102.639
439.953,184.389,706546.880,953902.290,76.8769522,8.6250105,98.542
440.013,262.579,706546.940,953980.480,76.8769562,8.6257173,102.285
440.093,312.569,706547.020,954030.470,76.8769592,8.6261693,99.680
440.353,72.769,706547.280,953790.670,76.8769508,8.6240014,77.264
440.483,196.919,706547.410,953914.820,76.8769575,8.6251237,100.284
440.583,230.679,706547.510,953948.580,76.8769599,8.6254289,103.264
440.743,48.019,706547.670,953765.920,76.8769532,8.6237776,73.234
440.763,359.209,706547.690,954077.110,76.8769673,8.6265909,96.331
440.803,42.029,706547.730,953759.930,76.8769535,8.6237234,73.231
440.823,31.369,706547.750,953749.270,76.8769532,8.6236271,72.973
440.863,411.349,706547.790,954129.250,76.8769706,8.6270622,83.095
440.933,207.049,706547.860,953924.950,76.8769621,8.6252153,101.473
440.973,63.039,706547.900,953780.940,76.8769560,8.6239134,75.489
441.043,117.039,706547.970,953834.940,76.8769591,8.6244016,87.508
441.103,155.179,706548.030,953873.080,76.8769613,8.6247464,96.147
441.143,326.209,706548.070,954044.110,76.8769693,8.6262925,100.348
441.343,108.599,706548.270,953826.500,76.8769614,8.6243252,86.235
441.373,94.849,706548.300,953812.750,76.8769611,8.6242009,82.413
441.873,303.859,706548.800,954021.760,76.8769749,8.6260904,99.077
442.003,149.109,706548.930,953867.010,76.8769692,8.6246914,94.280
442.023,89.439,706548.950,953807.340,76.8769667,8.6241520,81.437
442.103,63.399,706549.030,953781.300,76.8769663,8.6239166,74.731
442.113,63.399,706549.040,953781.300,76.8769664,8.6239166,74.745
442.433,57.139,706549.360,953775.040,76.8769690,8.6238600,74.174
442.513,136.819,706549.440,953854.720,76.8769733,8.6245803,91.629
442.583,421.719,706549.510,954139.620,76.8769866,8.6271559,80.723
442.693,391.869,706549.620,954109.770,76.8769863,8.6268860,86.735
442.743,17.389,706549.670,953735.290,76.8769700,8.6235006,73.597
442.853,361.389,706549.780,954079.290,76.8769864,8.6266105,98.750
442.953,85.429,706549.880,953803.330,76.8769750,8.6241157,80.265
442.973,101.669,706549.900,953819.570,76.8769759,8.6242625,84.091
443.053,403.249,706549.980,954121.150,76.8769901,8.6269889,84.401
443.133,250.989,706550.060,953968.890,76.8769840,8.6256124,104.273
443.333,81.539,706550.260,953799.440,76.8769783,8.6240805,79.565
443.463,334.529,706550.390,954052.430,76.8769907,8.6263676,100.790
443.513,114.519,706550.440,953832.420,76.8769814,8.6243787,87.125
443.523,129.699,706550.450,953847.600,76.8769821,8.6245159,90.007
443.693,340.679,706550.620,954058.580,76.8769931,8.6264232,99.784
443.723,97.739,706550.650,953815.640,76.8769825,8.6242270,83.209
443.733,123.549,706550.660,953841.450,76.8769838,8.6244603,88.484
443.793,191.979,706550.720,953909.880,76.8769874,8.6250789,100.169
443.893,111.289,706550.820,953829.190,76.8769847,8.6243494,86.269
443.923,117.249,706550.850,953835.150,76.8769852,8.6244033,87.574
443.973,106.869,706550.900,953824.770,76.8769852,8.6243095,86.072
444.133,355.179,706551.060,954073.080,76.8769978,8.6265543,98.659
444.183,272.909,706551.110,953990.810,76.8769945,8.6258105,100.664
444.243,349.939,706551.170,954067.840,76.8769985,8.6265069,98.806
444.253,38.669,706551.180,953756.570,76.8769847,8.6236929,73.254
444.383,77.169,706551.310,953795.070,76.8769876,8.6240410,78.770
444.463,170.569,706551.390,953888.470,76.8769925,8.6248853,100.617
444.493,221.539,706551.420,953939.440,76.8769951,8.6253461,103.229
444.623,108.039,706551.550,953825.940,76.8769912,8.6243200,86.215
444.643,95.039,706551.570,953812.940,76.8769908,8.6242025,82.166
444.643,175.799,706551.570,953893.700,76.8769944,8.6249326,101.636
444.653,95.039,706551.580,953812.940,76.8769909,8.6242025,82.155
444.693,9.079,706551.620,953726.980,76.8769874,8.6234254,73.725
444.783,217.999,706551.710,953935.900,76.8769975,8.6253141,102.541
444.803,62.819,706551.730,953780.720,76.8769908,8.6239112,75.332
444.813,221.209,706551.740,953939.110,76.8769980,8.6253431,103.147
445.053,25.359,706551.980,953743.260,76.8769914,8.6235726,73.030
445.243,215.959,706552.170,953933.860,76.8770016,8.6252956,102.576
445.303,360.029,706552.230,954077.930,76.8770086,8.6265981,98.371
445.323,200.059,706552.250,953917.960,76.8770016,8.6251519,101.287
445.323,216.119,706552.250,953934.020,76.8770024,8.6252971,102.681
445.713,43.289,706552.640,953761.190,76.8769982,8.6237346,73.206
445.733,122.619,706552.660,953840.520,76.8770019,8.6244518,90.202
445.943,280.529,706552.870,953998.430,76.8770109,8.6258793,99.536
446.023,104.569,706552.950,953822.470,76.8770037,8.6242886,85.058
446.583,38.789,706553.510,953756.690,76.8770059,8.6236939,73.151
446.583,209.849,706553.510,953927.750,76.8770135,8.6252403,102.477
446.613,156.999,706553.540,953874.900,76.8770114,8.6247626,97.373
446.663,209.149,706553.590,953927.050,76.8770142,8.6252340,102.480
446.703,22.409,706553.630,953740.310,76.8770062,8.6235458,73.053
446.743,72.249,706553.670,953790.150,76.8770088,8.6239964,77.111
446.813,386.989,706553.740,954104.890,76.8770235,8.6268417,88.973
446.913,-5.571,706553.840,953712.330,76.8770069,8.6232929,74.557
447.043,313.999,706553.970,954031.900,76.8770224,8.6261819,102.181
447.133,353.909,706554.060,954071.810,76.8770249,8.6265427,98.834
447.423,242.899,706554.350,953960.800,76.8770226,8.6255391,104.897
447.443,170.199,706554.370,953888.100,76.8770196,8.6248819,100.706
447.443,327.859,706554.370,954045.760,76.8770266,8.6263072,104.925
447.463,186.189,706554.390,953904.090,76.8770205,8.6250264,99.767
447.513,322.879,706554.440,954040.780,76.8770270,8.6262621,102.674
447.803,384.949,706554.730,954102.850,76.8770324,8.6268233,88.144
448.003,34.209,706554.930,953752.110,76.8770186,8.6236524,73.114
448.243,129.979,706555.170,953847.880,76.8770250,8.6245182,90.636
448.463,370.379,706555.390,954088.280,76.8770378,8.6266915,94.995
448.573,374.079,706555.500,954091.980,76.8770389,8.6267250,95.569
448.793,17.759,706555.720,953735.660,76.8770250,8.6235037,73.971
448.803,57.159,706555.730,953775.060,76.8770269,8.6238599,74.125
448.843,264.399,706555.770,953982.300,76.8770365,8.6257334,103.882
449.013,404.699,706555.940,954122.600,76.8770443,8.6270018,84.747
449.023,509.029,706555.950,954226.930,76.8770490,8.6279449,90.466
449.273,16.119,706556.200,953734.020,76.8770293,8.6234888,73.626
449.293,95.579,706556.220,953813.480,76.8770330,8.6242072,83.090
449.363,141.549,706556.290,953859.450,76.8770357,8.6246228,93.656
449.433,249.469,706556.360,953967.370,76.8770412,8.6255984,105.678
449.493,51.099,706556.420,953769.000,76.8770329,8.6238051,73.661
449.523,194.509,706556.450,953912.410,76.8770395,8.6251015,101.062
449.533,374.089,706556.460,954091.990,76.8770477,8.6267250,94.606
449.643,63.319,706556.570,953781.220,76.8770348,8.6239155,75.291
449.693,397.019,706556.620,954114.920,76.8770501,8.6269323,87.269
449.723,364.199,706556.650,954082.100,76.8770489,8.6266356,98.319
449.733,113.309,706556.660,953831.210,76.8770378,8.6243674,87.499
450.073,203.659,706557.000,953921.560,76.8770449,8.6251842,102.275
450.093,106.849,706557.020,953824.750,76.8770408,8.6243090,86.358
450.303,107.219,706557.230,953825.120,76.8770427,8.6243124,86.506
450.323,265.809,706557.250,953983.710,76.8770500,8.6257461,103.715
450.423,413.439,706557.350,954131.340,76.8770575,8.6270807,83.497
450.473,60.309,706557.400,953778.210,76.8770422,8.6238883,74.428
450.503,76.999,706557.430,953794.900,76.8770432,8.6240392,78.620
450.503,288.969,706557.430,954006.870,76.8770527,8.6259554,100.122
450.523,118.329,706557.450,953836.230,76.8770452,8.6244128,88.372
450.753,275.729,706557.680,953993.630,76.8770543,8.6258357,101.916
451.143,420.779,706558.070,954138.680,76.8770644,8.6271470,82.184
451.293,380.929,706558.220,954098.830,76.8770639,8.6267868,90.722
451.353,103.029,706558.280,953820.930,76.8770521,8.6242744,85.235
451.403,80.709,706558.330,953798.610,76.8770515,8.6240727,79.751
451.413,170.909,706558.340,953888.810,76.8770557,8.6248881,101.357
451.443,352.999,706558.370,954070.900,76.8770641,8.6265343,99.030
451.483,319.219,706558.410,954037.120,76.8770629,8.6262289,104.223
451.493,166.819,706558.420,953884.720,76.8770562,8.6248511,99.413
451.763,129.669,706558.690,953847.570,76.8770570,8.6245153,91.671
451.763,367.059,706558.690,954084.960,76.8770676,8.6266614,98.237
451.783,9.139,706558.710,953727.040,76.8770518,8.6234256,73.860
451.783,88.179,706558.710,953806.080,76.8770553,8.6241402,81.648
452.013,190.619,706558.940,953908.520,76.8770620,8.6250663,100.640
452.063,431.059,706558.990,954148.960,76.8770732,8.6272399,83.570
452.193,228.499,706559.120,953946.400,76.8770653,8.6254087,104.600
452.203,311.069,706559.130,954028.970,76.8770691,8.6261552,103.755
452.223,20.819,706559.150,953738.720,76.8770563,8.6235312,73.200
452.443,214.029,706559.370,953931.930,76.8770669,8.6252779,103.242
452.483,49.099,706559.410,953767.000,76.8770599,8.6237868,73.713
452.503,500.969,706559.430,954218.870,76.8770803,8.6278719,88.935
452.593,219.169,706559.520,953937.070,76.8770685,8.6253243,103.984
452.623,231.479,706559.550,953949.380,76.8770694,8.6254356,105.179
452.703,56.839,706559.630,953774.740,76.8770623,8.6238568,74.178
452.853,329.349,706559.780,954047.250,76.8770758,8.6263204,104.299
453.303,39.929,706560.230,953757.830,76.8770670,8.6237039,73.742
453.393,257.489,706560.320,953975.390,76.8770775,8.6256707,105.990
453.413,198.169,706560.340,953916.070,76.8770750,8.6251344,102.135
453.453,352.069,706560.380,954069.970,76.8770823,8.6265258,99.101
453.463,301.759,706560.390,954019.660,76.8770801,8.6260709,103.013
453.473,357.489,706560.400,954075.390,76.8770827,8.6265748,99.142
453.773,293.959,706560.700,954011.860,76.8770826,8.6260004,101.691
453.783,99.659,706560.710,953817.560,76.8770740,8.6242439,84.642
453.783,382.779,706560.710,954100.680,76.8770866,8.6268034,90.900
453.813,378.349,706560.740,954096.250,76.8770867,8.6267633,93.714
453.913,92.739,706560.840,953810.640,76.8770749,8.6241813,82.988
453.993,211.019,706560.920,953928.920,76.8770809,8.6252506,103.362
454.113,187.659,706561.040,953905.560,76.8770809,8.6250394,100.587
454.533,335.679,706561.460,954053.580,76.8770914,8.6263775,102.773
454.543,-4.291,706561.470,953713.610,76.8770763,8.6233041,74.318
454.903,88.179,706561.830,953806.080,76.8770837,8.6241400,81.673
454.913,346.819,706561.840,954064.720,76.8770953,8.6264782,99.357
454.983,278.019,706561.910,953995.920,76.8770929,8.6258563,104.000
455.003,15.019,706561.930,953732.920,76.8770813,8.6234786,73.574
455.073,149.689,706562.000,953867.590,76.8770880,8.6246961,96.641
455.113,92.759,706562.040,953810.660,76.8770858,8.6241814,82.860
455.393,29.649,706562.320,953747.550,76.8770855,8.6236109,73.400
455.553,427.479,706562.480,954145.380,76.8771047,8.6272074,83.654
455.753,417.959,706562.680,954135.860,76.8771061,8.6271213,83.132
455.813,362.909,706562.740,954080.810,76.8771042,8.6266237,98.964
455.833,44.229,706562.760,953762.130,76.8770902,8.6237427,73.686
455.893,304.169,706562.820,954022.070,76.8771023,8.6260926,111.750
455.993,398.409,706562.920,954116.310,76.8771074,8.6269446,88.117
456.053,188.049,706562.980,953905.950,76.8770986,8.6250428,101.003
456.123,72.989,706563.050,953790.890,76.8770941,8.6240027,76.716
456.223,36.089,706563.150,953753.990,76.8770933,8.6236691,73.210
456.353,87.599,706563.280,953805.500,76.8770968,8.6241347,81.472
456.363,116.229,706563.290,953834.130,76.8770982,8.6243935,88.906
456.493,335.659,706563.420,954053.560,76.8771092,8.6263773,106.236
456.513,115.829,706563.440,953833.730,76.8770995,8.6243899,88.424
456.833,205.099,706563.760,953923.000,76.8771064,8.6251969,103.208
456.833,378.129,706563.760,954096.030,76.8771141,8.6267612,93.457
456.923,249.899,706563.850,953967.800,76.8771092,8.6256020,107.145
457.043,128.619,706563.970,953846.520,76.8771049,8.6245055,91.871
457.333,193.969,706564.260,953911.870,76.8771105,8.6250963,102.059
457.393,266.249,706564.320,953984.150,76.8771142,8.6257497,106.097
457.713,65.529,706564.640,953783.430,76.8771082,8.6239351,75.246
457.803,96.699,706564.730,953814.600,76.8771104,8.6242169,84.048
457.823,307.889,706564.750,954025.790,76.8771200,8.6261262,105.672
457.833,118.789,706564.760,953836.690,76.8771117,8.6244166,89.358
457.853,365.839,706564.780,954083.740,76.8771229,8.6266501,98.932
457.883,104.509,706564.810,953822.410,76.8771115,8.6242875,86.299
457.893,236.009,706564.820,953953.910,76.8771174,8.6254763,106.430
457.923,391.839,706564.850,954109.740,76.8771247,8.6268851,88.474
458.043,143.749,706564.970,953861.650,76.8771147,8.6246423,95.368
458.133,108.679,706565.060,953826.580,76.8771139,8.6243252,86.564
458.173,56.739,706565.100,953774.640,76.8771120,8.6238557,73.933
458.443,512.379,706565.370,954230.280,76.8771348,8.6279748,90.147
458.453,134.929,706565.380,953852.830,76.8771180,8.6245625,93.444
458.753,374.199,706565.680,954092.100,76.8771314,8.6267256,97.574
458.773,374.199,706565.700,954092.100,76.8771316,8.6267256,98.279
458.843,80.069,706565.770,953797.970,76.8771191,8.6240665,79.349
459.033,61.659,706565.960,953779.560,76.8771200,8.6239001,74.536
459.103,223.409,706566.030,953941.310,76.8771279,8.6253624,105.492
459.183,30.739,706566.110,953748.640,76.8771200,8.6236206,73.475
459.353,215.279,706566.280,953933.180,76.8771298,8.6252889,104.621
459.603,211.809,706566.530,953929.710,76.8771319,8.6252575,104.302
459.733,10.229,706566.660,953728.130,76.8771241,8.6234351,73.518
459.733,259.289,706566.660,953977.190,76.8771352,8.6256867,107.672
459.753,415.219,706566.680,954133.120,76.8771423,8.6270964,84.382
459.773,174.569,706566.700,953892.470,76.8771318,8.6249208,102.891
460.143,373.809,706567.070,954091.710,76.8771440,8.6267220,98.283
460.163,198.619,706567.090,953916.520,76.8771364,8.6251382,108.245
460.313,165.099,706567.240,953883.000,76.8771362,8.6248352,100.969
460.423,292.339,706567.350,954010.240,76.8771429,8.6259855,104.158
460.543,91.869,706567.470,953809.770,76.8771351,8.6241731,83.145
460.633,338.649,706567.560,954056.550,76.8771469,8.6264041,104.058
460.743,401.579,706567.670,954119.480,76.8771507,8.6269730,88.385
460.783,355.409,706567.710,954073.310,76.8771490,8.6265556,99.250
461.093,159.249,706568.020,953877.150,76.8771431,8.6247823,99.818
461.123,100.439,706568.050,953818.340,76.8771407,8.6242506,85.029
461.193,51.369,706568.120,953769.270,76.8771392,8.6238070,73.750
461.433,25.449,706568.360,953743.350,76.8771402,8.6235726,73.341
461.443,207.519,706568.370,953925.420,76.8771484,8.6252186,104.298
461.463,25.529,706568.390,953743.430,76.8771405,8.6235734,73.332
461.473,128.059,706568.400,953845.960,76.8771451,8.6245003,91.541
461.803,10.929,706568.730,953728.830,76.8771429,8.6234414,73.670
461.873,150.999,706568.800,953868.900,76.8771498,8.6247076,97.630
461.953,198.819,706568.880,953916.720,76.8771526,8.6251399,103.208
461.973,87.929,706568.900,953805.830,76.8771479,8.6241375,81.554
462.073,-0.161,706569.000,953717.740,76.8771449,8.6233411,74.458
462.153,176.779,706569.080,953894.680,76.8771535,8.6249407,103.756
462.553,120.879,706569.480,953838.780,76.8771546,8.6244353,90.499
462.713,422.119,706569.640,954140.020,76.8771695,8.6271586,83.790
462.763,48.479,706569.690,953766.380,76.8771533,8.6237808,73.526
462.763,134.699,706569.690,953852.600,76.8771571,8.6245602,93.691
462.803,375.699,706569.730,954093.600,76.8771683,8.6267390,97.826
463.143,142.859,706570.070,953860.760,76.8771610,8.6246340,95.669
463.153,514.059,706570.080,954231.960,76.8771776,8.6279898,89.988
463.173,189.859,706570.100,953907.760,76.8771633,8.6250589,101.717
463.673,79.919,706570.600,953797.820,76.8771630,8.6240650,79.124
464.033,126.449,706570.960,953844.350,76.8771683,8.6244856,91.403
464.063,270.739,706570.990,953988.640,76.8771750,8.6257900,107.875
464.103,267.129,706571.030,953985.030,76.8771752,8.6257574,108.388
464.153,7.649,706571.080,953725.550,76.8771641,8.6234116,74.125
464.363,340.969,706571.290,954058.870,76.8771809,8.6264249,104.781
464.433,104.179,706571.360,953822.080,76.8771710,8.6242843,86.011
464.443,304.009,706571.370,954021.910,76.8771800,8.6260908,107.418
464.493,320.919,706571.420,954038.820,76.8771812,8.6262437,108.546
464.513,541.899,706571.440,954259.800,76.8771912,8.6282414,94.337
464.653,44.419,706571.580,953762.320,76.8771703,8.6237440,73.594
464.763,250.519,706571.690,953968.420,76.8771805,8.6256072,108.714
464.813,121.699,706571.740,953839.600,76.8771752,8.6244426,90.822
465.003,220.019,706571.930,953937.920,76.8771813,8.6253315,105.928
465.103,367.609,706572.030,954085.510,76.8771888,8.6266657,101.079
465.133,340.999,706572.060,954058.900,76.8771879,8.6264252,104.928
465.163,180.379,706572.090,953898.280,76.8771810,8.6249731,104.297
465.173,227.199,706572.100,953945.100,76.8771832,8.6253964,106.760
465.493,16.619,706572.420,953734.520,76.8771767,8.6234926,73.618
465.683,358.649,706572.610,954076.550,76.8771937,8.6265847,99.426
465.803,85.699,706572.730,953803.600,76.8771826,8.6241171,80.929
465.893,29.829,706572.820,953747.730,76.8771809,8.6236120,73.734
465.903,204.519,706572.830,953922.420,76.8771888,8.6251913,104.448
465.913,75.039,706572.840,953792.940,76.8771831,8.6240208,77.039
466.013,385.099,706572.940,954103.000,76.8771978,8.6268238,91.688
466.053,396.109,706572.980,954114.010,76.8771987,8.6269233,90.189
466.103,113.609,706573.030,953831.510,76.8771865,8.6243694,88.499
466.243,92.019,706573.170,953809.920,76.8771869,8.6241742,83.033
466.503,295.199,706573.430,954013.100,76.8771983,8.6260111,106.978
466.563,236.749,706573.490,953954.650,76.8771962,8.6254826,108.034
466.673,507.199,706573.600,954225.100,76.8772093,8.6279276,88.686
466.763,2.099,706573.690,953720.000,76.8771876,8.6233613,74.583
466.783,88.349,706573.710,953806.250,76.8771916,8.6241410,81.965
466.993,39.279,706573.920,953757.180,76.8771913,8.6236974,73.449
467.043,260.669,706573.970,953978.570,76.8772016,8.6256989,109.513
467.173,79.369,706574.100,953797.270,76.8771947,8.6240598,78.789
467.193,11.269,706574.120,953729.170,76.8771919,8.6234442,73.994
467.203,34.479,706574.130,953752.380,76.8771930,8.6236540,73.207
467.243,68.999,706574.170,953786.900,76.8771949,8.6239661,75.570
467.293,408.939,706574.220,954126.840,76.8772105,8.6270393,87.055
467.393,196.039,706574.320,953913.940,76.8772019,8.6251146,103.156
467.473,511.079,706574.400,954228.980,76.8772167,8.6279627,90.476
467.733,6.309,706574.660,953724.210,76.8771966,8.6233993,74.460
467.743,524.429,706574.670,954242.330,76.8772198,8.6280833,92.033
468.213,368.339,706575.140,954086.240,76.8772171,8.6266722,101.174
468.493,191.089,706575.420,953908.990,76.8772117,8.6250698,102.553
468.603,61.539,706575.530,953779.440,76.8772069,8.6238986,74.642
468.683,306.869,706575.610,954024.770,76.8772186,8.6261165,114.465
468.883,284.719,706575.810,954002.620,76.8772194,8.6259162,107.739
469.123,277.729,706576.050,953995.630,76.8772213,8.6258530,108.909
469.223,531.419,706576.150,954249.320,76.8772335,8.6281465,92.588
469.363,344.289,706576.290,954062.190,76.8772265,8.6264547,105.571
469.593,97.949,706576.520,953815.850,76.8772175,8.6242277,84.482
469.593,537.799,706576.520,954255.700,76.8772372,8.6282041,92.862
469.623,53.699,706576.550,953771.600,76.8772158,8.6238277,73.804
469.703,123.089,706576.630,953840.990,76.8772197,8.6244550,90.937
469.753,547.829,706576.680,954265.730,76.8772391,8.6282948,93.688
469.903,101.149,706576.830,953819.050,76.8772205,8.6242566,85.778
469.953,502.169,706576.880,954220.070,76.8772389,8.6278820,86.996
469.963,211.489,706576.890,953929.390,76.8772260,8.6252541,105.497
470.053,253.889,706576.980,953971.790,76.8772287,8.6256374,110.124
470.493,346.179,706577.420,954064.080,76.8772368,8.6264718,105.259
470.553,269.069,706577.480,953986.970,76.8772339,8.6257747,110.342
470.653,484.309,706577.580,954202.210,76.8772444,8.6277205,80.846
470.753,402.679,706577.680,954120.580,76.8772417,8.6269825,88.541
470.893,74.559,706577.820,953792.460,76.8772283,8.6240162,77.031
470.913,512.819,706577.840,954230.720,76.8772481,8.6279782,88.659
471.093,395.949,706578.020,954113.850,76.8772445,8.6269217,90.050
471.093,524.879,706578.020,954242.780,76.8772502,8.6280872,91.029
471.283,16.939,706578.210,953734.840,76.8772293,8.6234953,73.605
471.393,374.449,706578.320,954092.350,76.8772462,8.6267273,98.662
471.553,267.449,706578.480,953985.350,76.8772429,8.6257600,110.564
471.623,110.879,706578.550,953828.780,76.8772366,8.6243445,87.663
471.673,47.269,706578.600,953765.170,76.8772342,8.6237694,73.673
471.693,4.579,706578.620,953722.480,76.8772325,8.6233835,74.784
471.713,507.369,706578.640,954225.270,76.8772551,8.6279289,87.384
471.853,12.939,706578.780,953730.840,76.8772343,8.6234591,73.799
471.873,196.539,706578.800,953914.440,76.8772427,8.6251189,109.215
472.123,388.199,706579.050,954106.100,76.8772535,8.6268516,92.055
472.173,79.219,706579.100,953797.120,76.8772401,8.6240583,78.454
472.173,545.379,706579.100,954263.280,76.8772610,8.6282725,93.099
472.403,478.619,706579.330,954196.520,76.8772601,8.6276690,80.132
472.533,7.709,706579.460,953725.610,76.8772402,8.6234118,74.685
472.623,84.549,706579.550,953802.450,76.8772445,8.6241064,79.931
472.633,383.639,706579.560,954101.540,76.8772579,8.6268103,96.246
472.713,546.129,706579.640,954264.030,76.8772659,8.6282793,93.105
472.753,41.499,706579.680,953759.400,76.8772437,8.6237172,73.636
472.763,102.869,706579.690,953820.770,76.8772466,8.6242720,85.819
472.783,89.749,706579.710,953807.650,76.8772462,8.6241534,80.396
472.893,200.539,706579.820,953918.440,76.8772521,8.6251550,104.378
473.063,517.469,706579.990,954235.370,76.8772678,8.6280202,89.701
473.203,366.839,706580.130,954084.740,76.8772623,8.6266584,101.859
473.443,221.259,706580.370,953939.160,76.8772580,8.6253423,107.280
473.453,381.439,706580.380,954099.340,76.8772653,8.6267904,96.103
473.483,320.179,706580.410,954038.080,76.8772628,8.6262366,111.067
473.503,198.909,706580.430,953916.810,76.8772576,8.6251402,109.087
473.503,228.299,706580.430,953946.200,76.8772589,8.6254059,108.285
473.653,70.929,706580.580,953788.830,76.8772532,8.6239833,77.003
473.653,405.199,706580.580,954123.100,76.8772681,8.6270052,89.173
473.683,36.389,706580.610,953754.290,76.8772520,8.6236710,73.159
473.753,96.019,706580.680,953813.920,76.8772553,8.6242101,80.210
473.753,192.769,706580.680,953910.670,76.8772596,8.6250847,103.056
473.973,491.199,706580.900,954209.100,76.8772749,8.6277826,81.288
474.123,347.769,706581.050,954065.670,76.8772699,8.6264860,105.758
474.133,260.119,706581.060,953978.020,76.8772660,8.6256936,111.451
474.223,246.429,706581.150,953964.330,76.8772662,8.6255698,110.445
474.293,504.639,706581.220,954222.540,76.8772784,8.6279041,86.248
474.763,191.749,706581.690,953909.650,76.8772687,8.6250755,107.107
474.823,32.859,706581.750,953750.760,76.8772622,8.6236390,73.199
474.893,235.549,706581.820,953953.450,76.8772718,8.6254714,109.262
474.933,317.839,706581.860,954035.740,76.8772759,8.6262154,111.727
475.163,57.389,706582.090,953775.290,76.8772663,8.6238608,75.791
475.263,142.139,706582.190,953860.040,76.8772710,8.6246269,96.085
475.433,207.669,706582.360,953925.570,76.8772755,8.6252194,105.668
475.453,208.329,706582.380,953926.230,76.8772757,8.6252253,105.613
475.463,208.349,706582.390,953926.250,76.8772758,8.6252255,105.608
475.513,524.069,706582.440,954241.970,76.8772904,8.6280797,89.725
475.673,510.949,706582.600,954228.850,76.8772912,8.6279611,87.165
475.693,292.359,706582.620,954010.260,76.8772816,8.6259850,118.936
475.823,322.469,706582.750,954040.370,76.8772842,8.6262572,111.160
475.873,74.089,706582.800,953791.990,76.8772735,8.6240117,77.022
476.153,18.259,706583.080,953736.160,76.8772736,8.6235070,73.754
476.183,535.079,706583.110,954252.980,76.8772969,8.6281792,90.926
476.203,304.809,706583.130,954022.710,76.8772868,8.6260975,112.285
476.313,27.859,706583.240,953745.760,76.8772755,8.6235938,73.451
476.563,364.969,706583.490,954082.870,76.8772928,8.6266414,102.842
476.593,22.699,706583.520,953740.600,76.8772778,8.6235471,73.630
476.603,500.639,706583.530,954218.540,76.8772992,8.6278679,83.826
476.633,484.959,706583.560,954202.860,76.8772988,8.6277261,80.975
476.853,114.779,706583.780,953832.680,76.8772842,8.6243795,89.148
476.883,408.719,706583.810,954126.620,76.8772976,8.6270369,90.113
476.943,571.219,706583.870,954289.120,76.8773054,8.6285059,95.444
476.993,12.669,706583.920,953730.570,76.8772810,8.6234564,73.808
477.023,315.669,706583.950,954033.570,76.8772948,8.6261956,112.568
477.173,79.069,706584.100,953796.970,76.8772856,8.6240567,78.119
477.203,509.109,706584.130,954227.010,76.8773050,8.6279444,86.354
477.443,156.549,706584.370,953874.450,76.8772915,8.6247571,98.984
477.633,202.489,706584.560,953920.390,76.8772952,8.6251724,109.773
477.643,6.149,706584.570,953724.050,76.8772866,8.6233974,75.042
477.743,241.809,706584.670,953959.710,76.8772980,8.6255279,110.766
477.833,497.449,706584.760,954215.350,76.8773102,8.6278390,82.406
477.873,295.079,706584.800,954012.980,76.8773016,8.6260095,112.294
477.943,377.769,706584.870,954095.670,76.8773059,8.6267570,97.700
478.263,250.959,706585.190,953968.860,76.8773031,8.6256106,112.034
478.293,103.729,706585.220,953821.630,76.8772968,8.6242796,86.016
478.313,97.349,706585.240,953815.250,76.8772967,8.6242219,80.279
478.373,160.009,706585.300,953877.910,76.8773001,8.6247884,99.623
478.393,539.569,706585.320,954257.470,76.8773172,8.6282197,90.658
478.483,49.149,706585.410,953767.050,76.8772961,8.6237861,75.540
478.493,491.059,706585.420,954208.960,76.8773159,8.6277812,80.997
478.513,354.229,706585.440,954072.130,76.8773100,8.6265442,106.750
478.623,211.119,706585.550,953929.020,76.8773046,8.6252504,106.587
478.653,109.829,706585.580,953827.730,76.8773004,8.6243347,87.427
478.703,118.559,706585.630,953836.460,76.8773012,8.6244136,90.273
478.733,36.229,706585.660,953754.130,76.8772978,8.6236693,75.263
478.763,211.299,706585.690,953929.200,76.8773059,8.6252520,106.579
478.803,198.209,706585.730,953916.110,76.8773057,8.6251337,104.523
478.823,71.459,706585.750,953789.360,76.8773002,8.6239878,77.020
479.083,194.449,706586.010,953912.350,76.8773081,8.6250997,104.081
479.203,491.769,706586.130,954209.670,76.8773224,8.6277876,81.707
479.213,33.749,706586.140,953751.650,76.8773021,8.6236469,75.302
479.283,227.219,706586.210,953945.120,76.8773113,8.6253959,109.183
479.443,328.019,706586.370,954045.920,76.8773173,8.6263072,110.906
479.553,121.799,706586.480,953839.700,76.8773091,8.6244429,90.972
479.593,21.529,706586.520,953739.430,76.8773050,8.6235364,74.580
479.623,404.029,706586.550,954121.930,76.8773223,8.6269943,91.093
479.753,371.999,706586.680,954089.900,76.8773221,8.6267048,100.207
479.753,392.069,706586.680,954109.970,76.8773230,8.6268862,93.888
479.953,523.729,706586.880,954241.630,76.8773307,8.6280765,88.303
480.183,346.829,706587.110,954064.730,76.8773249,8.6264772,107.662
480.193,221.579,706587.120,953939.480,76.8773194,8.6253449,108.655
480.243,91.909,706587.170,953809.810,76.8773140,8.6241726,80.275
480.273,285.989,706587.200,954003.890,76.8773230,8.6259272,112.576
480.283,21.519,706587.210,953739.420,76.8773112,8.6235363,74.676
480.533,65.339,706587.460,953783.240,76.8773155,8.6239324,76.529
480.533,388.489,706587.460,954106.390,76.8773299,8.6268538,95.831
480.643,198.679,706587.570,953916.580,76.8773224,8.6251379,109.585
480.703,204.349,706587.630,953922.250,76.8773232,8.6251891,105.977
480.743,278.739,706587.670,953996.640,76.8773269,8.6258616,113.293
480.763,270.879,706587.690,953988.780,76.8773267,8.6257906,113.452
480.763,564.519,706587.690,954282.420,76.8773399,8.6284452,94.224
480.773,182.379,706587.700,953900.280,76.8773229,8.6249905,104.930
480.883,177.059,706587.810,953894.960,76.8773236,8.6249424,103.279
480.923,143.029,706587.850,953860.930,76.8773225,8.6246347,95.914
481.093,28.139,706588.020,953746.040,76.8773189,8.6235961,75.212
481.093,516.499,706588.020,954234.400,76.8773407,8.6280110,86.147
481.173,184.939,706588.100,953902.840,76.8773266,8.6250136,105.949
481.183,362.379,706588.110,954080.280,76.8773346,8.6266177,103.749
481.453,84.699,706588.380,953802.600,76.8773247,8.6241074,80.068
481.533,28.379,706588.460,953746.280,76.8773229,8.6235982,75.217
481.573,176.339,706588.500,953894.240,76.8773299,8.6249358,103.276
481.683,12.669,706588.610,953730.570,76.8773236,8.6234562,75.307
481.733,498.379,706588.660,954216.280,76.8773457,8.6278472,82.140
481.853,10.369,706588.780,953728.270,76.8773250,8.6234354,75.049
481.863,48.419,706588.790,953766.320,76.8773268,8.6237794,75.537
481.903,316.999,706588.830,954034.900,76.8773392,8.6262075,116.484
481.913,56.839,706588.840,953774.740,76.8773276,8.6238555,75.857
481.953,178.449,706588.880,953896.350,76.8773334,8.6249549,103.535
482.163,165.119,706589.090,953883.020,76.8773347,8.6248344,100.442
482.163,180.599,706589.090,953898.500,76.8773354,8.6249743,104.544
482.203,160.139,706589.130,953878.040,76.8773349,8.6247894,99.203
482.243,20.499,706589.170,953738.400,76.8773290,8.6235270,75.217
482.443,400.879,706589.370,954118.780,76.8773478,8.6269657,92.651
482.483,317.269,706589.410,954035.170,76.8773444,8.6262099,112.241
482.563,180.619,706589.490,953898.520,76.8773391,8.6249745,104.519
482.723,303.239,706589.650,954021.140,76.8773460,8.6260830,114.666
482.883,43.149,706589.810,953761.050,76.8773358,8.6237317,75.143
482.953,160.619,706589.880,953878.520,76.8773417,8.6247937,99.008
483.113,8.629,706590.040,953726.530,76.8773364,8.6234196,75.264
483.223,111.369,706590.150,953829.270,76.8773420,8.6243484,88.393
483.373,234.639,706590.300,953952.540,76.8773488,8.6254628,111.045
483.393,294.909,706590.320,954012.810,76.8773517,8.6260077,114.690
483.793,344.699,706590.720,954062.600,76.8773576,8.6264578,108.714
483.813,37.219,706590.740,953755.120,76.8773440,8.6236780,75.253
483.823,334.879,706590.750,954052.780,76.8773574,8.6263690,110.352
483.823,502.159,706590.750,954220.060,76.8773649,8.6278813,82.339
483.853,312.269,706590.780,954030.170,76.8773567,8.6261646,114.722
483.913,368.359,706590.840,954086.260,76.8773597,8.6266717,102.248
484.053,182.909,706590.980,953900.810,76.8773527,8.6249951,104.734
484.193,208.489,706591.120,953926.390,76.8773551,8.6252264,106.972
484.323,286.079,706591.250,954003.980,76.8773598,8.6259278,114.772
484.393,195.569,706591.320,953913.470,76.8773563,8.6251096,104.721
484.483,56.539,706591.410,953774.440,76.8773510,8.6238527,75.834
484.583,533.589,706591.510,954251.490,76.8773732,8.6281654,88.643
484.603,506.119,706591.530,954224.020,76.8773721,8.6279170,82.811
484.623,359.109,706591.550,954077.010,76.8773657,8.6265880,105.675
484.643,108.779,706591.570,953826.680,76.8773547,8.6243249,87.288
484.883,262.849,706591.810,953980.750,76.8773638,8.6257178,114.623
484.943,121.289,706591.870,953839.190,76.8773580,8.6244380,90.461
484.963,115.569,706591.890,953833.470,76.8773580,8.6243863,89.060
485.163,66.449,706592.090,953784.350,76.8773576,8.6239422,76.256
485.293,73.739,706592.220,953791.640,76.8773591,8.6240081,77.008
485.363,29.459,706592.290,953747.360,76.8773577,8.6236078,75.156
485.393,61.089,706592.320,953778.990,76.8773594,8.6238938,76.116
485.443,375.919,706592.370,954093.820,76.8773739,8.6267400,99.440
485.543,382.719,706592.470,954100.620,76.8773752,8.6268014,97.256
485.593,68.229,706592.520,953786.130,76.8773616,8.6239583,76.659
485.603,275.569,706592.530,953993.470,76.8773709,8.6258327,115.471
485.723,195.849,706592.650,953913.750,76.8773684,8.6251120,105.151
485.793,521.659,706592.720,954239.560,76.8773836,8.6280575,85.745
485.803,195.979,706592.730,953913.880,76.8773692,8.6251132,104.884
485.843,79.259,706592.770,953797.160,76.8773643,8.6240580,77.645
485.883,515.989,706592.810,954233.890,76.8773842,8.6280062,84.244
485.923,145.019,706592.850,953862.920,76.8773680,8.6246525,95.565
485.993,398.889,706592.920,954116.790,76.8773800,8.6269476,93.666
486.023,363.669,706592.950,954081.570,76.8773787,8.6266292,102.987
486.333,325.009,706593.260,954042.910,76.8773798,8.6262797,114.520
486.673,98.999,706593.600,953816.900,76.8773727,8.6242364,80.340
486.843,269.099,706593.770,953987.000,76.8773819,8.6257742,115.487
486.963,161.459,706593.890,953879.360,76.8773782,8.6248011,98.773
486.963,181.139,706593.890,953899.040,76.8773790,8.6249790,104.386
487.013,181.099,706593.940,953899.000,76.8773795,8.6249786,104.387
487.133,151.759,706594.060,953869.660,76.8773793,8.6247134,96.836
487.193,517.589,706594.120,954235.490,76.8773962,8.6280206,84.386
487.233,86.349,706594.160,953804.250,76.8773773,8.6241221,77.918
487.433,143.409,706594.360,953861.310,76.8773816,8.6246379,95.586
487.443,321.579,706594.370,954039.480,76.8773897,8.6262486,114.424
487.453,43.769,706594.380,953761.670,76.8773774,8.6237371,75.570
487.463,166.319,706594.390,953884.220,76.8773829,8.6248450,100.216
487.493,29.219,706594.420,953747.120,76.8773771,8.6236056,75.206
487.513,197.019,706594.440,953914.920,76.8773848,8.6251225,105.443
487.553,210.399,706594.480,953928.300,76.8773857,8.6252435,107.485
487.573,340.399,706594.500,954058.300,76.8773917,8.6264187,109.907
487.793,360.409,706594.720,954078.310,76.8773946,8.6265996,105.283
487.843,130.989,706594.770,953848.890,76.8773848,8.6245256,92.391
487.843,249.189,706594.770,953967.090,76.8773901,8.6255942,113.994
487.853,394.459,706594.780,954112.360,76.8773967,8.6269075,95.835
488.083,395.959,706595.010,954113.860,76.8773988,8.6269210,95.255
488.123,22.099,706595.050,953740.000,76.8773825,8.6235412,75.245
488.353,9.909,706595.280,953727.810,76.8773840,8.6234310,75.363
488.373,165.679,706595.300,953883.580,76.8773912,8.6248392,100.396
488.533,210.259,706595.460,953928.160,76.8773946,8.6252422,107.376
488.633,22.379,706595.560,953740.280,76.8773871,8.6235437,75.271
488.673,49.569,706595.600,953767.470,76.8773887,8.6237895,75.621
488.793,228.719,706595.720,953946.620,76.8773978,8.6254091,110.866
488.803,238.319,706595.730,953956.220,76.8773983,8.6254958,112.606
488.803,354.499,706595.730,954072.400,76.8774035,8.6265462,107.536
488.883,492.569,706595.810,954210.470,76.8774104,8.6277944,81.165
488.913,367.439,706595.840,954085.340,76.8774051,8.6266631,102.663
489.063,153.499,706595.990,953871.400,76.8773969,8.6247290,97.053
489.233,37.059,706596.160,953754.960,76.8773932,8.6236764,75.247
489.253,191.579,706596.180,953909.480,76.8774003,8.6250733,104.503
489.313,484.319,706596.240,954202.220,76.8774139,8.6277198,80.020
489.403,94.219,706596.330,953812.120,76.8773973,8.6241931,80.356
489.663,329.339,706596.590,954047.240,76.8774102,8.6263187,114.669
489.993,500.249,706596.920,954218.150,76.8774208,8.6278637,81.626
490.003,179.169,706596.930,953897.070,76.8774066,8.6249611,103.034
490.083,206.899,706597.010,953924.800,76.8774085,8.6252117,107.077
490.163,140.169,706597.090,953858.070,76.8774063,8.6246085,94.098
490.333,200.309,706597.260,953918.210,76.8774105,8.6251522,105.926
490.393,526.039,706597.320,954243.940,76.8774256,8.6280969,85.241
490.543,314.429,706597.470,954032.330,76.8774175,8.6261838,113.999
490.573,15.549,706597.500,953733.450,76.8774044,8.6234818,75.277
490.673,68.119,706597.600,953786.020,76.8774077,8.6239571,76.484
490.973,150.259,706597.900,953868.160,76.8774141,8.6246997,96.103
491.073,529.589,706598.000,954247.490,76.8774319,8.6281289,85.875
491.113,514.619,706598.040,954232.520,76.8774316,8.6279936,83.623
491.243,201.849,706598.170,953919.750,76.8774189,8.6251660,106.163
491.503,508.469,706598.430,954226.370,76.8774349,8.6279380,82.376
491.573,185.889,706598.500,953903.790,76.8774211,8.6250217,104.994
491.763,380.219,706598.690,954098.120,76.8774315,8.6267785,99.952
491.833,161.749,706598.760,953879.650,76.8774224,8.6248035,98.559
491.893,58.819,706598.820,953776.720,76.8774184,8.6238730,75.933
491.943,207.859,706598.870,953925.760,76.8774255,8.6252203,114.946
491.953,517.719,706598.880,954235.620,76.8774394,8.6280216,84.103
491.973,517.669,706598.900,954235.570,76.8774396,8.6280211,84.115
492.033,419.939,706598.960,954137.840,76.8774358,8.6271376,89.402
492.083,217.219,706599.010,953935.120,76.8774272,8.6253050,109.149
492.093,80.919,706599.020,953798.820,76.8774212,8.6240727,78.321
492.093,177.409,706599.020,953895.310,76.8774255,8.6249451,102.807
492.113,66.549,706599.040,953784.450,76.8774207,8.6239428,76.379
492.273,296.759,706599.200,954014.660,76.8774324,8.6260240,117.911
492.283,60.189,706599.210,953778.090,76.8774220,8.6238853,75.942
492.513,203.379,706599.440,953921.280,76.8774305,8.6251798,106.576
492.653,242.809,706599.580,953960.710,76.8774335,8.6255363,114.164
492.713,180.079,706599.640,953897.980,76.8774312,8.6249692,103.535
492.743,50.129,706599.670,953768.030,76.8774257,8.6237944,75.677
492.803,74.439,706599.730,953792.340,76.8774273,8.6240141,77.036
492.813,287.829,706599.740,954005.730,76.8774370,8.6259433,118.233
492.833,521.109,706599.760,954239.010,76.8774476,8.6280522,84.738
493.033,190.449,706599.960,953908.350,76.8774346,8.6250629,107.140
493.093,87.319,706600.020,953805.220,76.8774305,8.6241306,79.302
493.163,356.309,706600.090,954074.210,76.8774432,8.6265623,107.464
493.173,166.649,706600.100,953884.550,76.8774348,8.6248477,100.141
493.253,180.119,706600.180,953898.020,76.8774361,8.6249695,103.612
493.283,29.529,706600.210,953747.430,76.8774297,8.6236081,75.625
493.283,276.969,706600.210,953994.870,76.8774407,8.6258451,117.838
493.313,537.289,706600.240,954255.190,76.8774526,8.6281985,88.234
493.443,525.749,706600.370,954243.650,76.8774533,8.6280941,85.292
493.473,204.919,706600.400,953922.820,76.8774392,8.6251937,106.958
493.533,209.869,706600.460,953927.770,76.8774400,8.6252384,107.942
493.653,37.179,706600.580,953755.080,76.8774334,8.6236773,75.432
493.723,102.359,706600.650,953820.260,76.8774369,8.6242665,80.442
494.233,371.429,706601.160,954089.330,76.8774536,8.6266990,102.449
494.293,206.339,706601.220,953924.240,76.8774468,8.6252065,107.165
494.353,187.859,706601.280,953905.760,76.8774465,8.6250394,106.002
494.363,495.889,706601.290,954213.790,76.8774603,8.6278241,81.967
494.373,184.699,706601.300,953902.600,76.8774465,8.6250109,104.903
494.393,267.299,706601.320,953985.200,76.8774504,8.6257576,117.609
494.403,43.479,706601.330,953761.380,76.8774405,8.6237342,75.452
494.473,187.939,706601.400,953905.840,76.8774476,8.6250401,105.979
494.643,297.839,706601.570,954015.740,76.8774540,8.6260337,118.845
494.673,529.739,706601.600,954247.640,76.8774647,8.6281301,85.958
494.693,181.829,706601.620,953899.730,76.8774493,8.6249849,103.840
494.733,15.239,706601.660,953733.140,76.8774422,8.6234789,75.520
494.763,222.779,706601.690,953940.680,76.8774518,8.6253551,110.887
494.803,22.399,706601.730,953740.300,76.8774432,8.6235436,75.407
494.873,146.279,706601.800,953864.180,76.8774493,8.6246635,95.254
495.263,319.239,706602.190,954037.140,76.8774606,8.6262271,114.876
495.283,207.819,706602.210,953925.720,76.8774558,8.6252198,107.559
495.313,388.629,706602.240,954106.530,76.8774642,8.6268544,98.573
495.543,257.249,706602.470,953975.150,76.8774604,8.6256667,116.880
495.803,306.149,706602.730,954024.050,76.8774649,8.6261087,119.009
495.903,502.239,706602.830,954220.140,76.8774746,8.6278815,81.933
495.953,187.959,706602.880,953905.860,76.8774610,8.6250403,106.230
495.953,366.289,706602.880,954084.190,76.8774690,8.6266524,104.710
496.363,544.829,706603.290,954262.730,76.8774807,8.6282665,89.762
496.413,352.679,706603.340,954070.580,76.8774726,8.6265294,109.618
496.553,209.999,706603.480,953927.900,76.8774675,8.6252395,108.092
496.773,492.509,706603.700,954210.410,76.8774821,8.6277935,80.517
496.943,525.769,706603.870,954243.670,76.8774851,8.6280941,85.104
496.963,513.989,706603.890,954231.890,76.8774848,8.6279876,82.837
497.043,281.549,706603.970,953999.450,76.8774751,8.6258863,119.362
497.103,360.749,706604.030,954078.650,76.8774792,8.6266023,106.848
497.343,95.819,706604.270,953813.720,76.8774695,8.6242072,80.516
497.343,207.139,706604.270,953925.040,76.8774745,8.6252136,107.425
497.443,101.839,706604.370,953819.740,76.8774707,8.6242616,80.475
497.773,178.399,706604.700,953896.300,76.8774771,8.6249538,103.062
498.013,303.779,706604.940,954021.680,76.8774849,8.6260872,120.111
498.053,190.209,706604.980,953908.110,76.8774802,8.6250605,107.117
498.093,80.619,706605.020,953798.520,76.8774757,8.6240698,77.841
498.113,192.479,706605.040,953910.380,76.8774808,8.6250810,108.189
498.383,529.399,706605.310,954247.300,76.8774983,8.6281269,85.819
498.553,373.899,706605.480,954091.800,76.8774929,8.6267211,102.600
498.643,378.559,706605.570,954096.460,76.8774940,8.6267632,102.344
498.703,74.399,706605.630,953792.300,76.8774809,8.6240135,76.868
498.743,213.689,706605.670,953931.590,76.8774875,8.6252727,117.660
498.753,323.919,706605.680,954041.820,76.8774925,8.6262693,115.383
498.793,127.949,706605.720,953845.850,76.8774841,8.6244976,90.583
498.853,183.619,706605.780,953901.520,76.8774872,8.6250009,104.616
498.923,262.799,706605.850,953980.700,76.8774913,8.6257167,118.467
499.043,235.489,706605.970,953953.390,76.8774912,8.6254698,114.370
499.043,532.419,706605.970,954250.320,76.8775045,8.6281542,88.037
499.083,508.549,706606.010,954226.450,76.8775038,8.6279384,82.110
499.103,12.769,706606.030,953730.670,76.8774818,8.6234563,75.438
499.433,70.599,706606.360,953788.500,76.8774874,8.6239791,76.958
499.583,88.789,706606.510,953806.690,76.8774896,8.6241436,80.139
499.783,228.139,706606.710,953946.040,76.8774976,8.6254033,112.799
500.073,16.789,706607.000,953734.690,76.8774908,8.6234926,75.427
500.163,483.619,706607.090,954201.520,76.8775125,8.6277129,80.052
500.183,244.619,706607.110,953962.520,76.8775020,8.6255523,116.099
500.203,332.119,706607.130,954050.020,76.8775061,8.6263433,116.552
500.263,384.289,706607.190,954102.190,76.8775089,8.6268150,101.279
500.393,218.019,706607.320,953935.920,76.8775027,8.6253118,110.107
500.453,414.339,706607.380,954132.240,76.8775120,8.6270866,93.084
500.743,500.279,706607.670,954218.180,76.8775185,8.6278635,81.832
500.923,463.109,706607.850,954181.010,76.8775185,8.6275275,79.687
500.983,363.839,706607.910,954081.740,76.8775146,8.6266301,106.972
501.123,352.109,706608.050,954070.010,76.8775153,8.6265240,110.597
501.313,215.709,706608.240,953933.610,76.8775109,8.6252909,119.138
501.333,135.379,706608.260,953853.280,76.8775075,8.6245647,92.319
501.353,376.949,706608.280,954094.850,76.8775185,8.6267486,103.762
501.683,186.839,706608.610,953904.740,76.8775130,8.6250299,106.198
501.783,286.539,706608.710,954004.440,76.8775184,8.6259312,121.179
501.973,544.539,706608.900,954262.440,76.8775316,8.6282636,90.901
502.083,266.699,706609.010,953984.600,76.8775202,8.6257518,119.775
502.083,298.819,706609.010,954016.720,76.8775217,8.6260422,121.258
502.113,65.509,706609.040,953783.410,76.8775115,8.6239330,76.351
502.143,20.779,706609.070,953738.680,76.8775098,8.6235286,75.483
502.193,183.749,706609.120,953901.650,76.8775175,8.6250019,104.952
502.233,372.179,706609.160,954090.080,76.8775263,8.6267054,105.219
502.273,506.099,706609.200,954224.000,76.8775326,8.6279161,82.096
502.293,550.359,706609.220,954268.260,76.8775348,8.6283162,91.928
502.513,27.169,706609.440,953745.070,76.8775134,8.6235864,75.388
502.543,117.649,706609.470,953835.550,76.8775177,8.6244043,88.930
502.573,257.359,706609.500,953975.260,76.8775243,8.6256674,118.841
502.613,215.769,706609.540,953933.670,76.8775228,8.6252914,109.804
502.633,33.249,706609.560,953751.150,76.8775148,8.6236413,75.279
502.803,516.259,706609.730,954234.160,76.8775379,8.6280079,83.414
503.083,381.569,706610.010,954099.470,76.8775344,8.6267902,102.785
503.133,352.289,706610.060,954070.190,76.8775336,8.6265255,111.159
503.353,265.069,706610.280,953982.970,76.8775317,8.6257370,120.033
503.383,525.499,706610.310,954243.400,76.8775436,8.6280914,84.628
503.403,81.529,706610.330,953799.430,76.8775239,8.6240778,77.731
503.663,94.709,706610.590,953812.610,76.8775269,8.6241969,80.523
503.693,52.719,706610.620,953770.620,76.8775253,8.6238173,75.700
503.713,491.639,706610.640,954209.540,76.8775451,8.6277853,80.513
503.983,192.329,706610.910,953910.230,76.8775342,8.6250794,109.511
504.153,218.679,706611.080,953936.580,76.8775369,8.6253176,110.469
504.193,178.169,706611.120,953896.070,76.8775354,8.6249514,103.586
504.453,133.519,706611.380,953851.420,76.8775358,8.6245477,91.778
504.513,555.039,706611.440,954272.940,76.8775552,8.6283584,93.645
504.713,39.579,706611.640,953757.480,76.8775340,8.6236985,75.405
504.723,254.509,706611.650,953972.410,76.8775437,8.6256415,118.838
504.793,16.419,706611.720,953734.320,76.8775337,8.6234891,75.603
504.883,45.879,706611.810,953763.780,76.8775358,8.6237554,75.514
504.953,405.639,706611.880,954123.540,76.8775525,8.6270078,96.765
505.263,367.569,706612.190,954085.470,76.8775536,8.6266636,107.662
505.303,104.759,706612.230,953822.660,76.8775422,8.6242877,80.617
505.353,503.669,706612.280,954221.570,76.8775605,8.6278940,82.177
505.363,317.549,706612.290,954035.450,76.8775523,8.6262114,116.850
505.403,182.319,706612.330,953900.220,76.8775466,8.6249888,104.187
505.423,246.299,706612.350,953964.200,76.8775496,8.6255673,117.629
505.783,560.739,706612.710,954278.640,76.8775670,8.6284099,94.132
505.863,113.259,706612.790,953831.160,76.8775477,8.6243645,88.082
505.933,214.539,706612.860,953932.440,76.8775529,8.6252801,110.020
506.233,498.149,706613.160,954216.050,76.8775683,8.6278440,80.845
506.273,375.409,706613.200,954093.310,76.8775631,8.6267344,105.815
506.303,348.399,706613.230,954066.300,76.8775622,8.6264902,113.563
506.363,222.999,706613.290,953940.900,76.8775571,8.6253566,112.328
506.513,378.139,706613.440,954096.040,76.8775654,8.6267591,104.673
506.523,150.959,706613.450,953868.860,76.8775554,8.6247053,95.236
506.523,377.999,706613.450,954095.900,76.8775655,8.6267578,104.715
506.613,509.419,706613.540,954227.320,76.8775722,8.6279459,82.377
506.743,480.239,706613.670,954198.140,76.8775721,8.6276821,79.999
506.843,334.079,706613.770,954051.980,76.8775665,8.6263608,116.559
507.003,75.449,706613.930,953793.350,76.8775564,8.6240226,76.984
507.183,89.159,706614.110,953807.060,76.8775586,8.6241466,80.379
507.223,279.549,706614.150,953997.450,76.8775675,8.6258678,129.332
507.303,279.559,706614.230,953997.460,76.8775682,8.6258679,129.353
507.353,568.199,706614.280,954286.100,76.8775816,8.6284773,95.730
507.443,200.799,706614.370,953918.700,76.8775660,8.6251558,111.697
507.443,342.429,706614.370,954060.330,76.8775723,8.6264362,116.012
507.513,58.379,706614.440,953776.280,76.8775602,8.6238683,75.876
507.633,528.779,706614.560,954246.680,76.8775823,8.6281209,86.324
507.723,67.289,706614.650,953785.190,76.8775625,8.6239488,76.309
507.753,339.249,706614.680,954057.150,76.8775750,8.6264075,117.218
507.763,339.249,706614.690,954057.150,76.8775751,8.6264075,117.221
507.923,288.579,706614.850,954006.480,76.8775742,8.6259494,123.270
508.003,297.989,706614.930,954015.890,76.8775754,8.6260344,123.058
508.013,486.009,706614.940,954203.910,76.8775839,8.6277342,80.444
508.043,19.289,706614.970,953737.190,76.8775633,8.6235149,75.334
508.083,52.239,706615.010,953770.140,76.8775651,8.6238128,75.706
508.153,364.409,706615.080,954082.310,76.8775797,8.6266349,109.631
508.193,220.529,706615.120,953938.430,76.8775737,8.6253342,122.067
508.343,23.479,706615.270,953741.380,76.8775662,8.6235527,75.510
508.363,40.309,706615.290,953758.210,76.8775672,8.6237049,75.461
508.373,228.599,706615.300,953946.500,76.8775757,8.6254071,114.264
508.503,320.239,706615.430,954038.140,76.8775809,8.6262356,117.202
508.543,30.999,706615.470,953748.900,76.8775684,8.6236207,75.454
508.553,48.259,706615.480,953766.160,76.8775692,8.6237768,75.618
508.603,358.629,706615.530,954076.530,76.8775836,8.6265826,111.131
509.213,332.909,706616.140,954050.810,76.8775879,8.6263501,117.954
509.243,532.379,706616.170,954250.280,76.8775971,8.6281534,89.052
509.543,178.099,706616.470,953896.000,76.8775840,8.6249505,104.010
509.563,462.829,706616.490,954180.730,76.8775969,8.6275246,82.663
509.623,517.269,706616.550,954235.170,76.8775999,8.6280167,82.999
509.653,472.779,706616.580,954190.680,76.8775982,8.6276145,80.103
509.713,344.479,706616.640,954062.380,76.8775930,8.6264546,115.857
509.923,268.869,706616.850,953986.770,76.8775915,8.6257711,122.039
509.963,344.459,706616.890,954062.360,76.8775953,8.6264545,115.850
510.363,192.289,706617.290,953910.190,76.8775921,8.6250788,110.421
510.463,525.339,706617.390,954243.240,76.8776079,8.6280897,84.603
510.483,181.069,706617.410,953898.970,76.8775927,8.6249773,104.305
510.503,82.009,706617.430,953799.910,76.8775885,8.6240818,77.723
510.633,276.349,706617.560,953994.250,76.8775983,8.6258387,123.478
510.643,221.639,706617.570,953939.540,76.8775960,8.6253441,123.664
510.743,353.209,706617.670,954071.110,76.8776028,8.6265335,113.497
510.793,102.889,706617.720,953820.790,76.8775920,8.6242705,80.739
510.873,257.869,706617.800,953975.770,76.8775997,8.6256716,121.134
511.063,545.069,706617.990,954262.970,76.8776142,8.6282680,91.707
511.133,432.359,706618.060,954150.260,76.8776098,8.6272491,90.639
511.293,196.669,706618.220,953914.570,76.8776008,8.6251183,110.985
511.293,493.149,706618.220,954211.050,76.8776140,8.6277986,80.861
511.463,371.729,706618.390,954089.630,76.8776101,8.6267009,108.059
511.583,213.559,706618.510,953931.460,76.8776041,8.6252710,118.920
511.893,362.359,706618.820,954080.260,76.8776136,8.6266162,111.252
512.563,397.949,706619.490,954115.850,76.8776213,8.6269379,100.447
512.753,163.369,706619.680,953881.270,76.8776125,8.6248172,99.592
513.373,493.899,706620.300,954211.800,76.8776329,8.6278053,80.666
513.583,53.789,706620.510,953771.690,76.8776152,8.6238265,75.706
513.793,74.759,706620.720,953792.660,76.8776180,8.6240161,76.788
514.023,59.679,706620.950,953777.580,76.8776194,8.6238798,75.860
514.053,488.189,706620.980,954206.090,76.8776388,8.6277536,80.494
514.103,95.419,706621.030,953813.320,76.8776218,8.6242029,80.118
514.103,369.469,706621.030,954087.370,76.8776340,8.6266804,109.460
514.113,95.429,706621.040,953813.330,76.8776219,8.6242029,80.658
514.273,130.219,706621.200,953848.120,76.8776249,8.6245175,90.014
514.473,64.629,706621.400,953782.530,76.8776237,8.6239245,75.966
514.473,175.839,706621.400,953893.740,76.8776287,8.6249299,103.792
514.483,175.829,706621.410,953893.730,76.8776288,8.6249298,103.506
514.553,161.759,706621.480,953879.660,76.8776288,8.6248026,98.384
514.623,511.069,706621.550,954228.970,76.8776450,8.6279605,82.358
514.773,229.459,706621.700,953947.360,76.8776338,8.6254146,125.222
514.913,287.899,706621.840,954005.800,76.8776377,8.6259429,125.348
514.933,357.829,706621.860,954075.730,76.8776410,8.6265751,113.529
515.003,478.009,706621.930,954195.910,76.8776470,8.6276616,80.181
515.013,526.859,706621.940,954244.760,76.8776493,8.6281032,88.285
515.113,195.109,706622.040,953913.010,76.8776354,8.6251040,111.530
515.163,225.039,706622.090,953942.940,76.8776372,8.6253746,125.672
515.243,49.389,706622.170,953767.290,76.8776301,8.6237867,75.634
515.373,181.899,706622.300,953899.800,76.8776372,8.6249846,104.535
515.623,264.349,706622.550,953982.250,76.8776431,8.6257300,123.655
515.623,495.079,706622.550,954212.980,76.8776534,8.6278159,80.439
515.653,297.679,706622.580,954015.580,76.8776449,8.6260313,125.766
515.783,116.169,706622.710,953834.070,76.8776379,8.6243904,87.738
515.963,326.879,706622.890,954044.780,76.8776490,8.6262953,118.499
516.013,278.539,706622.940,953996.440,76.8776473,8.6258582,125.229
516.113,228.249,706623.040,953946.150,76.8776460,8.6254036,125.150
516.113,228.259,706623.040,953946.160,76.8776460,8.6254037,124.604
516.173,352.509,706623.100,954070.410,76.8776520,8.6265270,115.343
516.193,190.729,706623.120,953908.630,76.8776450,8.6250644,109.344
516.233,237.669,706623.160,953955.570,76.8776475,8.6254888,118.570
516.423,251.389,706623.350,953969.290,76.8776498,8.6256128,121.567
516.433,144.969,706623.360,953862.870,76.8776451,8.6246507,93.313
516.523,365.239,706623.450,954083.140,76.8776558,8.6266420,111.380
516.743,42.169,706623.670,953760.070,76.8776434,8.6237213,75.553
516.923,233.769,706623.850,953951.670,76.8776536,8.6254535,137.046
516.993,524.939,706623.920,954242.840,76.8776672,8.6280857,84.711
517.263,212.909,706624.190,953930.810,76.8776557,8.6252649,118.328
517.623,22.179,706624.550,953740.080,76.8776505,8.6235406,75.240
517.863,208.909,706624.790,953926.810,76.8776610,8.6252287,117.394
517.863,506.519,706624.790,954224.420,76.8776743,8.6279192,81.588
517.873,34.189,706624.800,953752.090,76.8776533,8.6236491,75.479
517.963,65.919,706624.890,953783.820,76.8776555,8.6239360,75.899
518.033,25.929,706624.960,953743.830,76.8776544,8.6235745,75.457
518.033,468.129,706624.960,954186.030,76.8776741,8.6275721,82.712
518.243,77.129,706625.170,953795.030,76.8776586,8.6240373,76.879
518.263,17.219,706625.190,953735.120,76.8776561,8.6234957,75.576
518.263,505.499,706625.190,954223.400,76.8776779,8.6279099,80.999
518.333,348.249,706625.260,954066.150,76.8776715,8.6264883,117.459
518.413,79.929,706625.340,953797.830,76.8776602,8.6240626,77.247
518.673,177.659,706625.600,953895.560,76.8776669,8.6249461,104.406
518.723,234.319,706625.650,953952.220,76.8776699,8.6254584,127.237
518.983,544.469,706625.910,954262.370,76.8776861,8.6282622,91.787
519.153,532.519,706626.080,954250.420,76.8776872,8.6281542,87.969
519.223,227.779,706626.150,953945.680,76.8776742,8.6253992,127.290
519.263,69.849,706626.190,953787.750,76.8776675,8.6239715,76.409
519.453,425.849,706626.380,954143.750,76.8776851,8.6271898,94.401
519.573,171.119,706626.500,953889.020,76.8776748,8.6248870,102.382
519.633,60.929,706626.560,953778.830,76.8776705,8.6238908,75.955
519.653,392.559,706626.580,954110.460,76.8776854,8.6268889,104.128
519.733,55.039,706626.660,953772.940,76.8776711,8.6238376,75.706
519.803,518.349,706626.730,954236.250,76.8776924,8.6280260,83.544
519.993,64.699,706626.920,953782.600,76.8776739,8.6239249,76.099
519.993,362.779,706626.920,954080.680,76.8776872,8.6266196,113.268
520.513,48.899,706627.440,953766.800,76.8776779,8.6237820,75.560
520.513,198.649,706627.440,953916.550,76.8776846,8.6251358,112.319
520.653,132.659,706627.580,953850.560,76.8776829,8.6245392,89.780
520.743,116.669,706627.670,953834.570,76.8776830,8.6243947,86.894
521.213,232.909,706628.140,953950.810,76.8776925,8.6254455,138.882
521.223,265.119,706628.150,953983.020,76.8776940,8.6257367,125.811
521.343,238.069,706628.270,953955.970,76.8776939,8.6254921,137.791
521.403,26.759,706628.330,953744.660,76.8776850,8.6235818,75.243
521.673,239.129,706628.600,953957.030,76.8776969,8.6255017,132.030
521.723,341.259,706628.650,954059.160,76.8777020,8.6264250,118.708
521.743,229.899,706628.670,953947.800,76.8776972,8.6254183,128.717
521.803,452.939,706628.730,954170.840,76.8777077,8.6274346,86.729
521.853,565.649,706628.780,954283.550,76.8777132,8.6284536,96.319
521.933,308.879,706628.860,954026.780,76.8777024,8.6261323,127.562
522.063,512.709,706628.990,954230.610,76.8777127,8.6279750,82.551
522.113,42.509,706629.040,953760.410,76.8776922,8.6237242,75.438
522.213,256.319,706629.140,953974.220,76.8777026,8.6256571,124.526
522.223,509.609,706629.150,954227.510,76.8777140,8.6279469,81.955
522.233,348.339,706629.160,954066.240,76.8777069,8.6264890,117.705
522.273,235.389,706629.200,953953.290,76.8777022,8.6254679,139.149
522.403,47.679,706629.330,953765.580,76.8776950,8.6237709,75.385
522.463,302.059,706629.390,954019.960,76.8777069,8.6260706,128.366
522.523,160.599,706629.450,953878.500,76.8777012,8.6247917,98.595
522.703,211.339,706629.630,953929.240,76.8777051,8.6252504,118.722
523.053,231.799,706629.980,953949.700,76.8777092,8.6254354,128.059
523.113,237.709,706630.040,953955.610,76.8777100,8.6254888,129.901
523.193,188.199,706630.120,953906.100,76.8777085,8.6250412,108.609
523.213,231.769,706630.140,953949.670,76.8777106,8.6254351,128.818
523.353,205.179,706630.280,953923.080,76.8777107,8.6251947,115.755
523.413,204.359,706630.340,953922.260,76.8777112,8.6251873,115.722
523.593,416.719,706630.520,954134.620,76.8777223,8.6271071,98.163
523.773,333.339,706630.700,954051.240,76.8777202,8.6263533,119.149
523.893,35.019,706630.820,953752.920,76.8777080,8.6236564,75.409
523.983,524.649,706630.910,954242.550,76.8777307,8.6280828,85.001
524.303,516.819,706631.230,954234.720,76.8777332,8.6280120,83.248
524.443,240.049,706631.370,953957.950,76.8777221,8.6255099,121.537
524.463,383.139,706631.390,954101.040,76.8777287,8.6268035,107.810
524.733,152.939,706631.660,953870.840,76.8777209,8.6247224,96.456
524.943,315.059,706631.870,954032.960,76.8777300,8.6261880,127.500
524.953,315.069,706631.880,954032.970,76.8777301,8.6261881,127.500
525.143,35.039,706632.070,953752.940,76.8777193,8.6236565,75.303
525.143,270.759,706632.070,953988.660,76.8777299,8.6257875,127.507
525.333,26.779,706632.260,953744.680,76.8777207,8.6235818,75.452
525.453,237.739,706632.380,953955.640,76.8777312,8.6254890,129.811
525.593,128.529,706632.520,953846.430,76.8777276,8.6245017,88.906
525.683,530.879,706632.610,954248.780,76.8777464,8.6281391,87.995
526.033,229.899,706632.960,953947.800,76.8777361,8.6254181,128.679
526.043,48.069,706632.970,953765.970,76.8777281,8.6237743,74.589
526.103,20.409,706633.030,953738.310,76.8777274,8.6235242,75.645
526.223,258.579,706633.150,953976.480,76.8777391,8.6256773,126.278
526.263,299.119,706633.190,954017.020,76.8777413,8.6260438,129.382
526.283,198.279,706633.210,953916.180,76.8777370,8.6251322,113.475
526.373,544.029,706633.300,954261.930,76.8777533,8.6282579,91.473
526.513,473.439,706633.440,954191.340,76.8777514,8.6276197,82.760
526.533,502.369,706633.460,954220.270,76.8777529,8.6278813,81.023
526.573,42.909,706633.500,953760.810,76.8777327,8.6237276,74.714
526.623,502.349,706633.550,954220.250,76.8777537,8.6278811,81.062
526.773,297.179,706633.700,954015.080,76.8777459,8.6260263,129.218
526.803,557.599,706633.730,954275.500,76.8777578,8.6283806,95.165
526.833,142.659,706633.760,953860.560,76.8777395,8.6246294,93.446
526.883,181.739,706633.810,953899.640,76.8777417,8.6249827,106.650
527.093,352.049,706634.020,954069.950,76.8777512,8.6265223,118.043
527.193,25.069,706634.120,953742.970,76.8777375,8.6235663,75.146
527.403,530.629,706634.330,954248.530,76.8777620,8.6281367,87.882
527.493,137.759,706634.420,953855.660,76.8777453,8.6245850,91.446
527.553,564.429,706634.480,954282.330,76.8777649,8.6284423,96.361
527.713,491.769,706634.640,954209.670,76.8777631,8.6277854,80.936
527.913,37.149,706634.840,953755.050,76.8777446,8.6236755,74.421
527.913,56.979,706634.840,953774.880,76.8777455,8.6238547,75.526
527.913,235.999,706634.840,953953.900,76.8777535,8.6254731,130.702
528.013,505.229,706634.940,954223.130,76.8777664,8.6279071,81.260
528.113,66.839,706635.040,953784.740,76.8777477,8.6239439,76.191
528.133,147.069,706635.060,953864.970,76.8777515,8.6246692,94.650
528.203,224.349,706635.130,953942.250,76.8777556,8.6253678,125.857
528.233,20.989,706635.160,953738.890,76.8777468,8.6235293,75.546
528.263,308.479,706635.190,954026.380,76.8777599,8.6261284,128.024
528.383,321.199,706635.310,954039.100,76.8777616,8.6262434,126.986
528.553,226.419,706635.480,953944.320,76.8777589,8.6253865,126.860
528.633,410.299,706635.560,954128.200,76.8777678,8.6270488,101.925
528.663,445.659,706635.590,954163.560,76.8777697,8.6273685,91.321
528.953,244.109,706635.880,953962.010,76.8777633,8.6255464,138.599
529.193,229.149,706636.120,953947.050,76.8777648,8.6254112,128.166
529.563,198.379,706636.490,953916.280,76.8777668,8.6251330,114.064
529.573,210.739,706636.500,953928.640,76.8777674,8.6252447,119.131
529.733,117.429,706636.660,953835.330,76.8777647,8.6244011,86.933
530.253,230.869,706637.180,953948.770,76.8777745,8.6254267,129.027
530.263,165.149,706637.190,953883.050,76.8777717,8.6248325,100.424
530.263,458.279,706637.190,954176.180,76.8777848,8.6274825,86.908
530.293,524.389,706637.220,954242.290,76.8777880,8.6280802,84.790
530.353,303.629,706637.280,954021.530,76.8777787,8.6260844,130.040
530.373,198.879,706637.300,953916.780,76.8777742,8.6251374,114.168
530.433,291.429,706637.360,954009.330,76.8777789,8.6259741,130.041
530.443,47.359,706637.370,953765.260,76.8777680,8.6237676,74.764
530.623,495.619,706637.550,954213.520,76.8777897,8.6278201,81.318
530.723,506.779,706637.650,954224.680,76.8777911,8.6279210,81.841
530.993,223.329,706637.920,953941.230,76.8777809,8.6253585,125.150
531.023,248.689,706637.950,953966.590,76.8777823,8.6255877,125.470
531.043,203.929,706637.970,953921.830,76.8777805,8.6251831,114.749
531.153,281.889,706638.080,953999.790,76.8777850,8.6258879,130.231
531.183,315.689,706638.110,954033.590,76.8777868,8.6261934,127.727
531.193,315.689,706638.120,954033.590,76.8777868,8.6261934,128.431
531.563,252.459,706638.490,953970.360,76.8777874,8.6256218,126.776
531.673,37.739,706638.600,953755.640,76.8777788,8.6236806,74.675
531.823,242.399,706638.750,953960.300,76.8777893,8.6255308,132.011
531.853,230.419,706638.780,953948.320,76.8777890,8.6254225,128.784
531.923,239.359,706638.850,953957.260,76.8777901,8.6255033,132.072
531.933,154.359,706638.860,953872.260,76.8777864,8.6247349,97.162
531.953,130.139,706638.880,953848.040,76.8777855,8.6245159,89.736
532.003,218.779,706638.930,953936.680,76.8777899,8.6253173,123.426
532.053,200.199,706638.980,953918.100,76.8777895,8.6251493,114.354
532.053,215.529,706638.980,953933.430,76.8777902,8.6252879,121.615
532.133,530.209,706639.060,954248.110,76.8778050,8.6281327,87.963
532.163,349.079,706639.090,954066.980,76.8777971,8.6264952,118.859
532.313,359.819,706639.240,954077.720,76.8777990,8.6265923,114.784
532.603,271.819,706639.530,953989.720,76.8777977,8.6257968,129.824
532.893,230.579,706639.820,953948.480,76.8777985,8.6254239,128.749
532.973,207.439,706639.900,953925.340,76.8777982,8.6252147,117.635
533.023,217.329,706639.950,953935.230,76.8777991,8.6253041,122.596
533.103,515.049,706640.030,954232.950,76.8778131,8.6279956,83.023
533.213,341.759,706640.140,954059.660,76.8778064,8.6264290,119.269
533.383,375.069,706640.310,954092.970,76.8778094,8.6267301,111.491
533.423,28.999,706640.350,953746.900,76.8777943,8.6236015,74.707
533.583,186.629,706640.510,953904.530,76.8778028,8.6250266,108.279
534.173,500.099,706641.100,954218.000,76.8778222,8.6278604,81.526
534.233,196.869,706641.160,953914.770,76.8778092,8.6251191,114.037
534.283,256.559,706641.210,953974.460,76.8778123,8.6256587,128.687
534.363,308.689,706641.290,954026.590,76.8778153,8.6261300,128.196
534.633,222.209,706641.560,953940.110,76.8778139,8.6253482,124.983
534.663,34.779,706641.590,953752.680,76.8778058,8.6236537,74.524
534.683,225.099,706641.610,953943.000,76.8778145,8.6253743,126.066
534.713,205.549,706641.640,953923.450,76.8778139,8.6251976,116.708
534.993,478.739,706641.920,954196.640,76.8778286,8.6276673,82.809
535.053,323.419,706641.980,954041.320,76.8778223,8.6262631,126.981
535.323,543.609,706642.250,954261.510,76.8778345,8.6282537,90.984
535.363,241.799,706642.290,953959.700,76.8778214,8.6255252,133.053
535.423,564.169,706642.350,954282.070,76.8778364,8.6284396,95.768
535.503,211.149,706642.430,953929.050,76.8778213,8.6252481,119.654
535.513,438.379,706642.440,954156.280,76.8778316,8.6273024,95.913
535.543,44.069,706642.470,953761.970,76.8778142,8.6237377,74.603
535.603,214.509,706642.530,953932.410,76.8778224,8.6252785,121.395
535.733,236.119,706642.660,953954.020,76.8778245,8.6254739,130.593
535.763,555.589,706642.690,954273.490,76.8778391,8.6283620,94.331
535.773,399.539,706642.700,954117.440,76.8778322,8.6269513,105.687
535.793,203.479,706642.720,953921.380,76.8778236,8.6251788,114.658
535.863,38.459,706642.790,953756.360,76.8778169,8.6236869,74.743
535.933,198.579,706642.860,953916.480,76.8778247,8.6251345,114.275
536.143,218.259,706643.070,953936.160,76.8778275,8.6253124,123.227
536.153,213.339,706643.080,953931.240,76.8778273,8.6252679,120.653
536.203,148.399,706643.130,953866.300,76.8778249,8.6246808,95.066
536.263,524.249,706643.190,954242.150,76.8778422,8.6280787,84.927
536.283,295.299,706643.210,954013.200,76.8778322,8.6260089,132.346
536.323,207.979,706643.250,953925.880,76.8778286,8.6252195,118.150
536.443,516.809,706643.370,954234.710,76.8778435,8.6280114,83.381
536.483,126.849,706643.410,953844.750,76.8778265,8.6244860,89.134
536.563,300.019,706643.490,954017.920,76.8778349,8.6260515,131.603
536.573,230.189,706643.500,953948.090,76.8778319,8.6254202,128.048
536.583,533.299,706643.510,954251.200,76.8778455,8.6281605,88.229
536.653,118.419,706643.580,953836.320,76.8778276,8.6244098,87.141
536.813,291.909,706643.740,954009.810,76.8778368,8.6259782,132.163
537.063,199.869,706643.990,953917.770,76.8778350,8.6251461,114.474
537.093,241.519,706644.020,953959.420,76.8778371,8.6255226,133.276
537.533,532.459,706644.460,954250.360,76.8778541,8.6281528,88.470
537.633,59.329,706644.560,953777.230,76.8778339,8.6238755,75.347
537.713,249.129,706644.640,953967.030,76.8778431,8.6255914,136.651
537.733,279.739,706644.660,953997.640,76.8778446,8.6258681,132.500
537.783,69.389,706644.710,953787.290,76.8778357,8.6239665,76.283
537.783,507.999,706644.710,954225.900,76.8778553,8.6279317,81.690
538.013,248.369,706644.940,953966.270,76.8778458,8.6255845,134.104
538.023,197.709,706644.950,953915.610,76.8778436,8.6251265,113.463
538.033,233.819,706644.960,953951.720,76.8778453,8.6254530,129.758
538.113,225.849,706645.040,953943.750,76.8778457,8.6253809,126.194
538.243,316.259,706645.170,954034.160,76.8778509,8.6261983,128.093
538.303,162.219,706645.230,953880.120,76.8778446,8.6248057,100.014
538.343,194.739,706645.270,953912.640,76.8778464,8.6250997,111.919
538.573,259.789,706645.500,953977.690,76.8778514,8.6256877,130.839
538.613,220.449,706645.540,953938.350,76.8778500,8.6253321,124.107
538.723,463.609,706645.650,954181.510,76.8778619,8.6275303,87.087
538.733,519.289,706645.660,954237.190,76.8778644,8.6280337,83.996
538.963,237.119,706645.890,953955.020,76.8778539,8.6254828,131.801
539.003,201.789,706645.930,953919.690,76.8778527,8.6251634,114.974
539.163,240.999,706646.090,953958.900,76.8778559,8.6255178,133.216
539.273,330.589,706646.200,954048.490,76.8778609,8.6263278,126.351
539.553,203.549,706646.480,953921.450,76.8778578,8.6251793,115.729
539.983,21.619,706646.910,953739.520,76.8778536,8.6235345,75.820
540.013,369.219,706646.940,954087.120,76.8778694,8.6266770,115.173
540.183,206.379,706647.110,953924.280,76.8778636,8.6252048,117.626
540.243,229.329,706647.170,953947.230,76.8778652,8.6254123,127.578
540.283,508.259,706647.210,954226.160,76.8778780,8.6279339,81.800
540.403,269.389,706647.330,953987.290,76.8778684,8.6257744,132.815
540.563,266.619,706647.490,953984.520,76.8778698,8.6257494,139.696
540.603,226.309,706647.530,953944.210,76.8778683,8.6253850,126.402
540.903,356.999,706647.830,954074.900,76.8778769,8.6265664,118.683
541.083,256.179,706648.010,953974.080,76.8778740,8.6256550,130.665
541.123,541.899,706648.050,954259.800,76.8778872,8.6282380,90.643
541.273,163.959,706648.200,953881.860,76.8778716,8.6248213,100.489
541.423,38.319,706648.350,953756.220,76.8778674,8.6236854,74.579
541.763,326.369,706648.690,954044.270,76.8778833,8.6262895,127.575
541.773,524.119,706648.700,954242.020,76.8778923,8.6280772,85.051
541.833,29.499,706648.760,953747.400,76.8778707,8.6236057,75.003
541.883,393.929,706648.810,954111.830,76.8778874,8.6269003,109.449
542.183,47.819,706649.110,953765.720,76.8778747,8.6237713,74.828
542.353,348.569,706649.280,954066.470,76.8778897,8.6264902,120.669
542.373,431.099,706649.300,954149.000,76.8778936,8.6272363,100.505
542.543,30.749,706649.470,953748.650,76.8778772,8.6236169,74.805
542.753,515.629,706649.680,954233.530,76.8779008,8.6280004,83.560
542.893,223.039,706649.820,953940.940,76.8778890,8.6253553,124.987
542.923,189.589,706649.850,953907.490,76.8778878,8.6250529,109.794
542.963,258.039,706649.890,953975.940,76.8778912,8.6256717,139.986
543.043,273.119,706649.970,953991.020,76.8778926,8.6258080,141.015
543.053,273.119,706649.980,953991.020,76.8778927,8.6258080,141.016
543.143,238.279,706650.070,953956.180,76.8778919,8.6254931,132.125
543.203,192.369,706650.130,953910.270,76.8778904,8.6250780,111.110
543.223,321.329,706650.150,954039.230,76.8778964,8.6262439,128.113
543.233,244.469,706650.160,953962.370,76.8778930,8.6255490,134.811
543.263,252.679,706650.190,953970.580,76.8778937,8.6256232,138.071
543.283,206.309,706650.210,953924.210,76.8778918,8.6252040,117.736
543.323,256.539,706650.250,953974.440,76.8778944,8.6256581,140.211
543.373,504.499,706650.300,954222.400,76.8779059,8.6278998,82.445
543.473,484.039,706650.400,954201.940,76.8779059,8.6277148,82.858
543.513,502.589,706650.440,954220.490,76.8779071,8.6278825,82.097
543.533,287.719,706650.460,954005.620,76.8778977,8.6259400,134.320
543.663,300.679,706650.590,954018.580,76.8778994,8.6260572,132.887
543.943,532.759,706650.870,954250.660,76.8779124,8.6281552,88.433
544.043,253.819,706650.970,953971.720,76.8779008,8.6256335,140.279
544.063,513.969,706650.990,954231.870,76.8779126,8.6279854,83.089
544.063,528.359,706650.990,954246.260,76.8779133,8.6281155,85.677
544.083,168.979,706651.010,953886.880,76.8778974,8.6248665,100.965
544.093,258.439,706651.020,953976.340,76.8779015,8.6256753,131.957
544.303,209.289,706651.230,953927.190,76.8779012,8.6252309,118.541
544.333,543.589,706651.260,954261.490,76.8779164,8.6282531,90.362
544.413,201.159,706651.340,953919.060,76.8779018,8.6251574,114.835
544.583,252.699,706651.510,953970.600,76.8779057,8.6256234,137.555
544.583,257.109,706651.510,953975.010,76.8779059,8.6256632,131.797
544.673,50.639,706651.600,953768.540,76.8778975,8.6237967,74.969
544.693,276.549,706651.620,953994.450,76.8779077,8.6258390,134.563
544.913,515.229,706651.840,954233.130,76.8779204,8.6279967,83.598
545.123,553.909,706652.050,954271.810,76.8779240,8.6283464,93.193
545.363,330.479,706652.290,954048.380,76.8779162,8.6263265,127.353
545.473,231.439,706652.400,953949.340,76.8779128,8.6254311,127.803
545.553,338.669,706652.480,954056.570,76.8779183,8.6264005,124.734
545.573,256.599,706652.500,953974.500,76.8779148,8.6256586,130.398
545.573,508.129,706652.500,954226.030,76.8779261,8.6279325,82.996
545.693,228.129,706652.620,953946.030,76.8779146,8.6254012,126.933
545.833,536.099,706652.760,954254.000,76.8779297,8.6281854,88.652
545.983,302.639,706652.910,954020.540,76.8779206,8.6260748,129.113
546.263,242.529,706653.190,953960.430,76.8779205,8.6255314,133.848
546.273,211.189,706653.200,953929.090,76.8779192,8.6252480,119.522
546.603,253.539,706653.530,953971.440,76.8779240,8.6256309,136.417
546.853,212.849,706653.780,953930.750,76.8779245,8.6252630,119.866
546.913,562.619,706653.840,954280.520,76.8779407,8.6284251,94.554
547.163,225.639,706654.090,953943.540,76.8779279,8.6253786,125.866
547.183,468.949,706654.110,954186.850,76.8779389,8.6275782,87.266
547.283,240.329,706654.210,953958.230,76.8779296,8.6255114,132.670
547.353,61.679,706654.280,953779.580,76.8779223,8.6238964,75.168
547.383,41.569,706654.310,953759.470,76.8779217,8.6237145,74.953
547.413,523.769,706654.340,954241.670,76.8779435,8.6280738,84.966
547.453,71.929,706654.380,953789.830,76.8779237,8.6239890,76.375
547.453,231.559,706654.380,953949.460,76.8779308,8.6254321,128.020
547.463,541.859,706654.390,954259.760,76.8779447,8.6282374,90.194
547.553,255.399,706654.480,953973.300,76.8779328,8.6256476,129.640
547.563,518.999,706654.490,954236.900,76.8779446,8.6280307,84.219
547.633,289.849,706654.560,954007.750,76.8779350,8.6259591,136.125
547.693,512.349,706654.620,954230.250,76.8779455,8.6279706,83.028
547.833,519.459,706654.760,954237.360,76.8779471,8.6280348,84.197
548.053,293.909,706654.980,954011.810,76.8779390,8.6259958,135.327
548.113,524.619,706655.040,954242.520,76.8779499,8.6280815,85.082
548.253,515.779,706655.180,954233.680,76.8779508,8.6280015,83.551
548.503,385.419,706655.430,954103.320,76.8779472,8.6268230,113.211
548.903,310.359,706655.830,954028.260,76.8779475,8.6261444,128.974
549.113,214.179,706656.040,953932.080,76.8779451,8.6252749,120.662
549.123,201.929,706656.050,953919.830,76.8779446,8.6251642,115.029
549.153,334.179,706656.080,954052.080,76.8779508,8.6263598,127.619
549.223,502.449,706656.150,954220.350,76.8779590,8.6278810,82.523
549.233,423.819,706656.160,954141.720,76.8779555,8.6271702,105.097
549.293,523.449,706656.220,954241.350,76.8779605,8.6280708,85.040
549.343,528.449,706656.270,954246.350,76.8779612,8.6281160,85.723
549.493,528.449,706656.420,954246.350,76.8779626,8.6281160,86.227
549.513,241.549,706656.440,953959.450,76.8779499,8.6255224,132.841
549.523,232.829,706656.450,953950.730,76.8779496,8.6254435,128.383
549.573,279.969,706656.500,953997.870,76.8779522,8.6258697,136.327
549.843,516.029,706656.770,954233.930,76.8779652,8.6280037,83.819
549.933,189.399,706656.860,953907.300,76.8779514,8.6250509,109.936
549.983,196.739,706656.910,953914.640,76.8779522,8.6251172,112.683
550.003,318.259,706656.930,954036.160,76.8779578,8.6262158,129.837
550.493,239.919,706657.420,953957.820,76.8779588,8.6255076,132.081
550.543,191.479,706657.470,953909.380,76.8779571,8.6250697,111.272
551.003,265.369,706657.930,953983.270,76.8779645,8.6257376,134.600
551.003,359.079,706657.930,954076.980,76.8779687,8.6265848,120.336
551.363,532.519,706658.290,954250.420,76.8779798,8.6281527,87.903
551.423,256.029,706658.350,953973.930,76.8779679,8.6256532,130.469
551.443,228.229,706658.370,953946.130,76.8779669,8.6254018,126.746
551.493,300.699,706658.420,954018.600,76.8779706,8.6260570,135.447
551.563,172.249,706658.490,953890.150,76.8779655,8.6248958,101.441
551.683,343.119,706658.610,954061.020,76.8779742,8.6264405,126.192
551.683,347.719,706658.610,954065.620,76.8779744,8.6264821,123.041
551.733,32.819,706658.660,953750.720,76.8779608,8.6236353,74.902
551.793,30.399,706658.720,953748.300,76.8779612,8.6236134,75.298
551.793,243.369,706658.720,953961.270,76.8779707,8.6255387,133.473
551.853,543.809,706658.780,954261.710,76.8779847,8.6282548,90.059
551.983,215.679,706658.910,953933.580,76.8779712,8.6252884,120.977
552.123,521.099,706659.050,954239.000,76.8779861,8.6280495,84.568
552.323,235.209,706659.250,953953.110,76.8779752,8.6254649,129.676
552.373,191.719,706659.300,953909.620,76.8779737,8.6250717,110.526
552.413,236.979,706659.340,953954.880,76.8779761,8.6254809,131.025
552.523,539.709,706659.450,954257.610,76.8779906,8.6282177,89.037
552.583,520.989,706659.510,954238.890,76.8779903,8.6280485,84.763
552.643,44.719,706659.570,953762.620,76.8779696,8.6237428,74.631
552.663,520.989,706659.590,954238.890,76.8779910,8.6280485,84.747
552.943,536.409,706659.870,954254.310,76.8779943,8.6281878,88.074
553.033,561.539,706659.960,954279.440,76.8779962,8.6284150,93.765
553.143,309.589,706660.070,954027.490,76.8779860,8.6261373,135.689
553.153,253.329,706660.080,953971.230,76.8779835,8.6256287,137.191
553.203,484.289,706660.130,954202.190,76.8779943,8.6277166,84.359
553.343,339.449,706660.270,954057.350,76.8779891,8.6264072,126.316
553.443,52.169,706660.370,953770.070,76.8779772,8.6238101,74.841
553.493,297.909,706660.420,954015.810,76.8779886,8.6260317,137.736
553.623,270.649,706660.550,953988.550,76.8779886,8.6257852,136.187
553.873,289.799,706660.800,954007.700,76.8779917,8.6259584,138.147
553.883,490.049,706660.810,954207.950,76.8780007,8.6277687,82.910
553.943,260.169,706660.870,953978.070,76.8779910,8.6256905,131.996
554.093,237.509,706661.020,953955.410,76.8779914,8.6254856,130.975
554.213,550.589,706661.140,954268.490,76.8780065,8.6283160,91.602
554.243,233.329,706661.170,953951.230,76.8779925,8.6254478,128.778
554.263,293.469,706661.190,954011.370,76.8779954,8.6259915,138.454
554.303,21.029,706661.230,953738.930,76.8779836,8.6235286,75.988
554.523,509.399,706661.450,954227.300,76.8780074,8.6279436,83.248
554.693,510.159,706661.620,954228.060,76.8780090,8.6279505,82.987
554.823,170.389,706661.750,953888.290,76.8779950,8.6248788,101.916
554.903,496.729,706661.830,954214.630,76.8780103,8.6278290,82.904
555.143,533.179,706662.070,954251.080,76.8780141,8.6281585,87.279
555.413,284.519,706662.340,954002.420,76.8780055,8.6259106,138.260
555.603,239.639,706662.530,953957.540,76.8780052,8.6255048,131.172
555.613,40.989,706662.540,953758.890,76.8779964,8.6237089,74.792
555.683,502.749,706662.610,954220.650,76.8780177,8.6278834,82.857
555.703,513.769,706662.630,954231.670,76.8780183,8.6279830,83.439
555.713,230.819,706662.640,953948.720,76.8780058,8.6254251,127.626
555.943,361.499,706662.870,954079.400,76.8780137,8.6266065,121.434
556.083,416.539,706663.010,954134.440,76.8780174,8.6271040,109.689
556.153,356.199,706663.080,954074.100,76.8780154,8.6265585,121.752
556.233,246.799,706663.160,953964.700,76.8780112,8.6255695,135.727
556.363,277.119,706663.290,953995.020,76.8780138,8.6258436,137.920
556.383,347.329,706663.310,954065.230,76.8780171,8.6264783,125.465
556.573,194.439,706663.500,953912.340,76.8780120,8.6250961,111.117
556.583,527.039,706663.510,954244.940,76.8780269,8.6281030,86.631
556.603,217.589,706663.530,953935.490,76.8780133,8.6253054,121.292
556.643,243.429,706663.570,953961.330,76.8780148,8.6255390,133.280
556.743,306.899,706663.670,954024.800,76.8780185,8.6261128,138.381
556.743,316.879,706663.670,954034.780,76.8780190,8.6262030,136.382
556.943,369.009,706663.870,954086.910,76.8780231,8.6266743,118.650
556.963,508.199,706663.890,954226.100,76.8780295,8.6279326,83.188
557.133,74.479,706664.060,953792.380,76.8780117,8.6240116,76.468
557.463,512.509,706664.390,954230.410,76.8780343,8.6279716,83.389
557.463,518.279,706664.390,954236.180,76.8780345,8.6280237,84.148
557.703,543.689,706664.630,954261.590,76.8780378,8.6282534,90.721
557.853,501.469,706664.780,954219.370,76.8780373,8.6278718,82.855
557.883,494.949,706664.810,954212.850,76.8780373,8.6278128,82.866
557.913,254.679,706664.840,953972.580,76.8780268,8.6256407,137.531
558.283,375.489,706665.210,954093.390,76.8780356,8.6267328,118.180
558.373,341.559,706665.300,954059.460,76.8780349,8.6264261,125.989
558.413,33.229,706665.340,953751.130,76.8780215,8.6236387,74.929
558.483,559.989,706665.410,954277.890,76.8780457,8.6284008,93.112
558.583,516.879,706665.510,954234.780,76.8780446,8.6280110,83.803
558.633,268.689,706665.560,953986.590,76.8780340,8.6257673,136.639
558.673,51.429,706665.600,953769.330,76.8780247,8.6238032,74.743
558.703,238.229,706665.630,953956.130,76.8780333,8.6254919,130.718
558.763,48.969,706665.690,953766.870,76.8780254,8.6237809,74.688
558.793,367.009,706665.720,954084.910,76.8780399,8.6266561,120.467
559.073,475.839,706666.000,954193.740,76.8780473,8.6276400,87.484
559.093,272.439,706666.020,953990.340,76.8780384,8.6258012,143.534
559.123,56.879,706666.050,953774.780,76.8780290,8.6238524,75.009
559.333,172.539,706666.260,953890.440,76.8780361,8.6248980,102.392
559.433,57.799,706666.360,953775.700,76.8780319,8.6238607,74.917
559.453,292.869,706666.380,954010.770,76.8780425,8.6259859,139.769
559.503,481.409,706666.430,954199.310,76.8780514,8.6276903,84.858
559.653,530.949,706666.580,954248.850,76.8780550,8.6281382,86.670
559.713,379.099,706666.640,954097.000,76.8780488,8.6267654,118.760
559.743,485.629,706666.670,954203.530,76.8780538,8.6277285,84.080
559.783,262.549,706666.710,953980.450,76.8780442,8.6257117,141.827
559.823,291.159,706666.750,954009.060,76.8780458,8.6259704,139.466
559.963,504.859,706666.890,954222.760,76.8780566,8.6279023,83.119
559.993,233.409,706666.920,953951.310,76.8780448,8.6254483,128.506
560.503,259.479,706667.430,953977.380,76.8780506,8.6256840,141.025
560.643,242.179,706667.570,953960.080,76.8780511,8.6255276,132.091
560.763,197.159,706667.690,953915.060,76.8780502,8.6251205,111.707
560.913,284.309,706667.840,954002.210,76.8780554,8.6259084,139.465
560.933,526.969,706667.860,954244.870,76.8780664,8.6281021,86.585
561.053,43.199,706667.980,953761.100,76.8780459,8.6237287,74.749
561.173,271.829,706668.100,953989.730,76.8780572,8.6257956,137.322
561.233,219.489,706668.160,953937.390,76.8780554,8.6253224,121.607
561.253,524.509,706668.180,954242.410,76.8780692,8.6280799,86.544
561.313,506.299,706668.240,954224.200,76.8780690,8.6279153,83.237
561.443,383.729,706668.370,954101.630,76.8780647,8.6268072,119.340
561.493,548.799,706668.420,954266.700,76.8780725,8.6282995,90.994
561.693,279.379,706668.620,953997.280,76.8780623,8.6258638,139.111
561.713,292.789,706668.640,954010.690,76.8780631,8.6259850,141.709
561.753,31.299,706668.680,953749.200,76.8780517,8.6236211,75.594
561.993,65.219,706668.920,953783.120,76.8780554,8.6239277,74.927
562.093,515.239,706669.020,954233.140,76.8780765,8.6279961,83.874
562.153,257.719,706669.080,953975.620,76.8780655,8.6256680,138.180
562.273,266.029,706669.200,953983.930,76.8780670,8.6257431,134.599
562.453,558.809,706669.380,954276.710,76.8780817,8.6283899,92.397
562.593,283.889,706669.520,954001.790,76.8780707,8.6259045,139.775
562.603,497.839,706669.530,954215.740,76.8780803,8.6278387,83.034
562.803,541.789,706669.730,954259.690,76.8780841,8.6282360,90.827
562.943,409.259,706669.870,954127.160,76.8780794,8.6270379,114.280
563.093,172.399,706670.020,953890.300,76.8780702,8.6248966,102.868
563.233,21.439,706670.160,953739.340,76.8780647,8.6235319,76.316
563.293,529.689,706670.220,954247.590,76.8780880,8.6281266,86.550
563.523,278.479,706670.450,953996.380,76.8780789,8.6258556,139.043
563.573,282.449,706670.500,954000.350,76.8780795,8.6258915,140.549
563.573,354.169,706670.500,954072.070,76.8780827,8.6265399,125.638
563.593,272.109,706670.520,953990.010,76.8780792,8.6257980,138.057
563.603,466.219,706670.530,954184.120,76.8780880,8.6275528,91.632
563.753,260.349,706670.680,953978.250,76.8780801,8.6256917,140.969
563.813,368.079,706670.740,954085.980,76.8780855,8.6266656,122.293
564.153,277.669,706671.080,953995.570,76.8780846,8.6258482,139.848
564.163,59.519,706671.090,953777.420,76.8780749,8.6238761,75.138
564.273,235.999,706671.200,953953.900,76.8780838,8.6254715,129.386
564.513,492.429,706671.440,954210.330,76.8780974,8.6277897,83.298
564.633,272.069,706671.560,953989.970,76.8780887,8.6257976,137.893
564.673,257.179,706671.600,953975.080,76.8780884,8.6256630,138.473
564.803,255.399,706671.730,953973.300,76.8780895,8.6256469,138.644
564.923,34.759,706671.850,953752.660,76.8780807,8.6236522,75.110
564.963,199.889,706671.890,953917.790,76.8780884,8.6251450,112.298
564.963,361.829,706671.890,954079.730,76.8780957,8.6266090,124.214
565.073,371.629,706672.000,954089.530,76.8780971,8.6266976,122.627
565.203,510.079,706672.130,954227.980,76.8781045,8.6279493,83.722
565.323,267.259,706672.250,953985.160,76.8780947,8.6257541,142.148
565.333,284.999,706672.260,954002.900,76.8780956,8.6259145,143.286
565.583,486.099,706672.510,954204.000,76.8781069,8.6277325,83.610
565.613,525.589,706672.540,954243.490,76.8781089,8.6280895,86.891
565.663,525.639,706672.590,954243.540,76.8781093,8.6280899,86.519
565.683,387.119,706672.610,954105.020,76.8781033,8.6268376,119.919
565.853,221.389,706672.780,953939.290,76.8780975,8.6253394,121.922
565.893,261.449,706672.820,953979.350,76.8780996,8.6257015,140.941
566.133,359.389,706673.060,954077.290,76.8781062,8.6265869,125.053
566.793,77.019,706673.720,953794.920,76.8780996,8.6240342,76.560
566.953,50.609,706673.880,953768.510,76.8780998,8.6237954,74.908
567.003,475.419,706673.930,954193.320,76.8781193,8.6276358,86.292
567.033,252.589,706673.960,953970.490,76.8781096,8.6256214,138.363
567.373,393.119,706674.300,954111.020,76.8781190,8.6268918,120.499
567.473,258.759,706674.400,953976.660,76.8781139,8.6256771,138.512
567.483,468.939,706674.410,954186.840,76.8781233,8.6275772,89.293
567.623,500.269,706674.550,954218.170,76.8781260,8.6278605,83.677
567.713,459.989,706674.640,954177.890,76.8781250,8.6274963,93.929
567.713,464.769,706674.640,954182.670,76.8781252,8.6275395,91.536
567.743,557.979,706674.670,954275.880,76.8781297,8.6283822,91.833
568.013,452.559,706674.940,954170.460,76.8781274,8.6274291,97.454
568.153,359.389,706675.080,954077.290,76.8781245,8.6265868,126.266
568.363,63.089,706675.290,953780.990,76.8781132,8.6239082,75.085
568.373,176.819,706675.300,953894.720,76.8781184,8.6249363,103.343
568.373,271.229,706675.300,953989.130,76.8781226,8.6257898,136.413
568.503,249.319,706675.430,953967.220,76.8781228,8.6255917,136.369
568.873,269.059,706675.800,953986.960,76.8781270,8.6257702,141.763
568.983,501.519,706675.910,954219.420,76.8781384,8.6278717,83.774
569.153,202.609,706676.080,953920.510,76.8781266,8.6251694,112.888
569.233,243.999,706676.160,953961.900,76.8781292,8.6255436,132.826
569.363,374.789,706676.290,954092.690,76.8781362,8.6267260,122.962
569.453,364.849,706676.380,954082.750,76.8781366,8.6266361,125.732
569.543,35.389,706676.470,953753.290,76.8781227,8.6236577,75.147
569.623,510.749,706676.550,954228.650,76.8781447,8.6279551,84.306
569.843,261.599,706676.770,953979.500,76.8781355,8.6257027,138.158
569.853,254.749,706676.780,953972.650,76.8781353,8.6256408,138.281
569.973,447.609,706676.900,954165.510,76.8781450,8.6273843,99.488
569.983,494.479,706676.910,954212.380,76.8781472,8.6278080,83.703
570.053,478.339,706676.980,954196.240,76.8781471,8.6276621,86.174
570.133,67.079,706677.060,953784.980,76.8781295,8.6239442,75.180
570.153,43.739,706677.080,953761.640,76.8781286,8.6237332,74.999
570.203,447.239,706677.130,954165.140,76.8781471,8.6273809,99.644
570.473,223.299,706677.400,953941.200,76.8781395,8.6253564,122.236
570.663,180.529,706677.590,953898.430,76.8781393,8.6249698,103.819
570.723,22.759,706677.650,953740.660,76.8781328,8.6235435,76.455
570.773,440.699,706677.700,954158.600,76.8781520,8.6273218,101.770
570.843,266.119,706677.770,953984.020,76.8781448,8.6257435,140.429
570.893,521.839,706677.820,954239.740,76.8781567,8.6280553,87.085
570.933,355.909,706677.860,954073.810,76.8781496,8.6265553,128.564
571.083,487.419,706678.010,954205.320,76.8781569,8.6277441,84.545
571.203,379.529,706678.130,954097.430,76.8781531,8.6267688,123.297
571.493,548.209,706678.420,954266.110,76.8781633,8.6282937,89.745
571.713,32.199,706678.640,953750.100,76.8781423,8.6236288,75.890
571.853,358.049,706678.780,954075.950,76.8781581,8.6265746,128.524
572.353,526.579,706679.280,954244.480,76.8781702,8.6280981,87.501
572.383,455.329,706679.310,954173.230,76.8781673,8.6274540,95.525
572.383,542.349,706679.310,954260.250,76.8781711,8.6282407,89.841
572.593,462.989,706679.520,954180.890,76.8781695,8.6275232,91.518
572.823,536.279,706679.750,954254.180,76.8781749,8.6281858,88.363
572.843,452.129,706679.770,954170.030,76.8781713,8.6274250,96.986
573.353,205.329,706680.280,953923.230,76.8781649,8.6251938,113.479
573.403,458.329,706680.330,954176.230,76.8781767,8.6274811,93.964
573.493,531.239,706680.420,954249.140,76.8781807,8.6281402,87.864
573.653,556.529,706680.580,954274.430,76.8781833,8.6283688,90.728
573.813,241.119,706680.740,953959.020,76.8781707,8.6255174,130.989
573.813,354.249,706680.740,954072.150,76.8781757,8.6265401,130.389
574.193,290.899,706681.120,954008.800,76.8781763,8.6259674,142.387
574.463,486.579,706681.390,954204.480,76.8781875,8.6277364,85.178
574.603,65.159,706681.530,953783.060,76.8781700,8.6239266,75.366
574.803,284.669,706681.730,954002.570,76.8781816,8.6259110,141.949
574.813,382.769,706681.740,954100.670,76.8781861,8.6267979,123.631
574.843,357.039,706681.770,954074.940,76.8781852,8.6265653,130.399
575.273,398.259,706682.200,954116.160,76.8781910,8.6269379,121.471
575.273,547.689,706682.200,954265.590,76.8781976,8.6282888,89.398
575.413,398.409,706682.340,954116.310,76.8781922,8.6269393,121.423
575.673,273.059,706682.600,953990.960,76.8781890,8.6258060,137.492
575.693,271.199,706682.620,953989.100,76.8781891,8.6257892,139.918
576.003,508.359,706682.930,954226.260,76.8782025,8.6279332,85.893
576.143,44.979,706683.070,953762.880,76.8781831,8.6237441,75.246
576.233,498.679,706683.160,954216.580,76.8782042,8.6278457,84.818
576.263,260.929,706683.190,953978.830,76.8781938,8.6256964,139.459
576.313,234.559,706683.240,953952.460,76.8781931,8.6254580,127.026
576.473,79.569,706683.400,953797.470,76.8781876,8.6240568,76.652
576.493,282.339,706683.420,954000.240,76.8781969,8.6258899,141.127
576.593,289.189,706683.520,954007.090,76.8781981,8.6259518,141.672
576.743,52.649,706683.670,953770.550,76.8781889,8.6238134,75.128
576.883,296.769,706683.810,954014.670,76.8782010,8.6260203,142.007
577.083,514.559,706684.010,954232.460,76.8782126,8.6279892,86.691
577.123,276.929,706684.050,953994.830,76.8782023,8.6258410,140.333
577.133,260.259,706684.060,953978.160,76.8782017,8.6256903,139.702
577.253,272.359,706684.180,953990.260,76.8782033,8.6257997,137.818
577.283,352.749,706684.210,954070.650,76.8782072,8.6265264,132.772
577.403,181.109,706684.330,953899.010,76.8782006,8.6249747,104.295
577.543,208.049,706684.470,953925.950,76.8782031,8.6252183,114.070
577.643,394.199,706684.570,954112.100,76.8782123,8.6269011,122.794
577.823,508.969,706684.750,954226.870,76.8782191,8.6279387,85.946
577.853,519.869,706684.780,954237.770,76.8782198,8.6280372,87.585
577.893,468.189,706684.820,954186.090,76.8782179,8.6275700,91.328
577.923,519.519,706684.850,954237.420,76.8782204,8.6280340,87.473
577.993,37.139,706684.920,953755.040,76.8781995,8.6236731,75.369
578.013,238.979,706684.940,953956.880,76.8782087,8.6254978,128.626
578.403,256.999,706685.330,953974.900,76.8782131,8.6256607,137.357
578.443,287.669,706685.370,954005.570,76.8782148,8.6259380,140.930
578.513,355.479,706685.440,954073.380,76.8782185,8.6265510,132.631
578.563,226.319,706685.490,953944.220,76.8782132,8.6253834,122.671
578.613,221.619,706685.540,953939.520,76.8782134,8.6253409,120.211
578.713,389.219,706685.640,954107.120,76.8782218,8.6268560,124.117
578.763,507.999,706685.690,954225.900,76.8782276,8.6279299,86.086
579.163,294.089,706686.090,954011.990,76.8782216,8.6259960,141.295
579.203,503.969,706686.130,954221.870,76.8782314,8.6278934,85.584
579.423,60.219,706686.350,953778.120,76.8782135,8.6238817,75.488
579.443,486.149,706686.370,954204.050,76.8782328,8.6277323,85.811
579.513,525.829,706686.440,954243.730,76.8782352,8.6280910,88.382
579.633,21.879,706686.560,953739.780,76.8782137,8.6235351,77.027
579.793,242.939,706686.720,953960.840,76.8782251,8.6255336,130.517
579.813,268.529,706686.740,953986.430,76.8782264,8.6257649,137.466
579.873,69.349,706686.800,953787.250,76.8782180,8.6239642,75.433
579.973,357.919,706686.900,954075.820,76.8782318,8.6265730,132.676
580.333,265.639,706687.260,953983.540,76.8782310,8.6257388,139.032
580.993,285.919,706687.920,954003.820,76.8782379,8.6259221,140.109
581.083,512.109,706688.010,954230.010,76.8782488,8.6279669,88.104
581.183,530.639,706688.110,954248.540,76.8782506,8.6281344,88.595
581.423,298.509,706688.350,954016.410,76.8782424,8.6260359,141.786
581.563,498.399,706688.490,954216.300,76.8782526,8.6278429,85.484
581.583,352.789,706688.510,954070.690,76.8782462,8.6265266,134.852
581.673,33.099,706688.600,953751.000,76.8782328,8.6236365,76.185
581.713,307.449,706688.640,954025.350,76.8782454,8.6261167,142.353
581.873,551.089,706688.800,954268.990,76.8782577,8.6283193,89.423
581.903,46.799,706688.830,953764.700,76.8782355,8.6237603,75.362
582.093,291.799,706689.020,954009.700,76.8782481,8.6259752,140.225
582.293,185.099,706689.220,953903.000,76.8782452,8.6250106,104.771
582.343,260.189,706689.270,953978.090,76.8782490,8.6256894,136.581
582.433,549.579,706689.360,954267.480,76.8782628,8.6283056,89.557
582.483,253.699,706689.410,953971.600,76.8782500,8.6256307,134.126
582.553,354.569,706689.480,954072.470,76.8782551,8.6265426,134.763
582.673,312.679,706689.600,954030.580,76.8782544,8.6261639,142.885
582.883,536.209,706689.810,954254.110,76.8782662,8.6281847,88.693
582.913,385.629,706689.840,954103.530,76.8782598,8.6268234,125.440
583.003,476.789,706689.930,954194.690,76.8782647,8.6276475,89.120
583.053,503.489,706689.980,954221.390,76.8782663,8.6278889,86.095
583.493,233.599,706690.420,953951.500,76.8782583,8.6254490,124.947
583.513,279.279,706690.440,953997.180,76.8782605,8.6258619,139.162
583.523,357.069,706690.450,954074.970,76.8782641,8.6265652,134.575
583.673,355.839,706690.600,954073.740,76.8782654,8.6265541,134.924
583.743,523.589,706690.670,954241.490,76.8782735,8.6280706,89.020
583.753,380.589,706690.680,954098.490,76.8782672,8.6267778,126.763
583.833,304.149,706690.760,954022.050,76.8782645,8.6260868,141.707
583.863,451.519,706690.790,954169.420,76.8782714,8.6274190,95.576
583.873,451.609,706690.800,954169.510,76.8782715,8.6274198,95.669
584.053,457.749,706690.980,954175.650,76.8782734,8.6274753,91.869
584.133,534.669,706691.060,954252.570,76.8782775,8.6281707,88.665
584.193,284.069,706691.120,954001.970,76.8782669,8.6259052,139.071
584.373,283.729,706691.300,954001.630,76.8782685,8.6259021,139.173
584.583,227.779,706691.510,953945.680,76.8782679,8.6253963,121.613
584.633,248.599,706691.560,953966.500,76.8782693,8.6255845,132.088
584.963,357.369,706691.890,954075.270,76.8782771,8.6265678,135.085
584.973,275.399,706691.900,953993.300,76.8782736,8.6258268,135.690
585.123,557.759,706692.050,954275.660,76.8782876,8.6283794,90.448
585.273,38.049,706692.200,953755.950,76.8782657,8.6236810,75.424
585.313,296.049,706692.240,954013.950,76.8782776,8.6260135,140.372
585.693,282.429,706692.620,954000.330,76.8782804,8.6258903,138.149
585.853,282.329,706692.780,954000.230,76.8782819,8.6258894,138.097
585.983,212.859,706692.910,953930.760,76.8782800,8.6252614,115.026
586.143,82.109,706693.070,953800.010,76.8782756,8.6240793,76.745
586.343,542.809,706693.270,954260.710,76.8782980,8.6282442,89.097
586.443,185.399,706693.370,953903.300,76.8782829,8.6250131,105.246
586.443,276.409,706693.370,953994.310,76.8782870,8.6258359,135.355
586.533,54.689,706693.460,953772.590,76.8782779,8.6238314,75.348
586.573,266.399,706693.500,953984.300,76.8782877,8.6257454,135.259
586.973,498.939,706693.900,954216.840,76.8783017,8.6278476,86.363
587.033,314.279,706693.960,954032.180,76.8782940,8.6261782,142.142
587.043,250.979,706693.970,953968.880,76.8782913,8.6256059,131.080
587.183,298.859,706694.110,954016.760,76.8782947,8.6260388,140.353
587.253,22.559,706694.180,953740.460,76.8782830,8.6235409,77.255
587.263,288.919,706694.190,954006.820,76.8782950,8.6259489,138.994
587.283,288.929,706694.210,954006.830,76.8782952,8.6259490,139.018
587.333,222.049,706694.260,953939.950,76.8782926,8.6253444,118.302
587.523,539.979,706694.450,954257.880,76.8783086,8.6282186,89.082
587.553,550.999,706694.480,954268.900,76.8783093,8.6283182,90.237
587.583,280.819,706694.510,953998.720,76.8782975,8.6258757,137.090
588.033,293.339,706694.960,954011.240,76.8783022,8.6259888,139.202
588.423,492.279,706695.350,954210.180,76.8783146,8.6277873,87.303
588.613,203.419,706695.540,953921.320,76.8783034,8.6251759,111.108
588.693,321.219,706695.620,954039.120,76.8783094,8.6262409,142.789
588.713,281.019,706695.640,953998.920,76.8783078,8.6258774,137.058
588.953,350.019,706695.880,954067.920,76.8783131,8.6265012,138.685
589.063,350.429,706695.990,954068.330,76.8783141,8.6265049,138.689
589.093,239.809,706696.020,953957.710,76.8783094,8.6255049,126.504
589.103,531.879,706696.030,954249.780,76.8783226,8.6281453,89.957
589.293,275.059,706696.220,953992.960,76.8783128,8.6258235,135.494
589.323,295.419,706696.250,954013.320,76.8783140,8.6260076,138.991
589.363,350.889,706696.290,954068.790,76.8783168,8.6265091,138.750
589.373,285.369,706696.300,954003.270,76.8783140,8.6259167,137.418
589.503,485.789,706696.430,954203.690,76.8783241,8.6277286,86.911
589.623,71.609,706696.550,953789.510,76.8783067,8.6239842,75.686
589.633,310.079,706696.560,954027.980,76.8783175,8.6261401,141.186
589.663,266.049,706696.590,953983.950,76.8783158,8.6257421,133.552
589.823,197.419,706696.750,953915.320,76.8783142,8.6251216,109.101
589.983,269.639,706696.910,953987.540,76.8783188,8.6257745,134.990
589.993,254.239,706696.920,953972.140,76.8783182,8.6256353,130.072
590.003,217.999,706696.930,953935.900,76.8783167,8.6253076,115.945
590.023,318.459,706696.950,954036.360,76.8783214,8.6262158,142.125
590.063,290.239,706696.990,954008.140,76.8783205,8.6259607,137.742
590.173,290.359,706697.100,954008.260,76.8783215,8.6259618,137.669
590.363,524.729,706697.290,954242.630,76.8783337,8.6280806,91.775
590.373,261.079,706697.300,953978.980,76.8783220,8.6256971,132.209
590.503,448.819,706697.430,954166.720,76.8783316,8.6273943,98.572
591.583,246.559,706698.510,953964.460,76.8783323,8.6255658,129.134
591.603,513.869,706698.530,954231.770,76.8783445,8.6279824,93.163
591.633,33.999,706698.560,953751.900,76.8783233,8.6236441,76.481
591.763,314.599,706698.690,954032.500,76.8783370,8.6261809,141.416
591.933,540.729,706698.860,954258.630,76.8783487,8.6282252,90.653
591.993,355.169,706698.920,954073.070,76.8783409,8.6265476,138.835
592.103,43.039,706699.030,953760.940,76.8783280,8.6237259,75.491
592.303,283.309,706699.230,954001.210,76.8783405,8.6258980,136.077
592.403,556.359,706699.330,954274.260,76.8783536,8.6283664,90.310
592.683,465.619,706699.610,954183.520,76.8783521,8.6275461,93.003
592.803,307.279,706699.730,954025.180,76.8783461,8.6261146,140.124
592.813,540.519,706699.740,954258.420,76.8783566,8.6282232,90.652
592.843,288.019,706699.770,954005.920,76.8783456,8.6259405,136.616
593.123,522.089,706700.050,954239.990,76.8783586,8.6280566,93.226
593.183,549.449,706700.110,954267.350,76.8783604,8.6283039,90.354
593.193,228.919,706700.120,953946.820,76.8783462,8.6254062,119.884
593.543,534.569,706700.470,954252.470,76.8783630,8.6281694,91.592
593.803,311.139,706700.730,954029.040,76.8783554,8.6261495,140.639
593.813,301.339,706700.740,954019.240,76.8783550,8.6260609,138.911
593.833,527.509,706700.760,954245.410,76.8783653,8.6281056,93.076
594.373,262.699,706701.300,953980.600,76.8783584,8.6257116,130.912
594.403,223.319,706701.330,953941.220,76.8783569,8.6253555,117.121
594.453,276.799,706701.380,953994.700,76.8783598,8.6258390,135.116
594.563,231.509,706701.490,953949.410,76.8783587,8.6254296,120.863
594.603,285.439,706701.530,954003.340,76.8783615,8.6259171,135.844
594.743,526.449,706701.670,954244.350,76.8783735,8.6280959,94.403
595.093,210.939,706702.020,953928.840,76.8783626,8.6252436,112.653
595.203,367.479,706702.130,954085.380,76.8783706,8.6266588,138.073
595.213,360.199,706702.140,954078.100,76.8783704,8.6265930,139.356
595.403,257.319,706702.330,953975.220,76.8783675,8.6256629,129.065
595.453,303.329,706702.380,954021.230,76.8783700,8.6260788,138.773
595.533,519.349,706702.460,954237.250,76.8783804,8.6280317,93.782
595.823,189.449,706702.750,953907.350,76.8783683,8.6250493,106.056
595.873,290.659,706702.800,954008.560,76.8783733,8.6259643,135.981
595.883,290.779,706702.810,954008.680,76.8783734,8.6259653,135.945
595.913,239.309,706702.840,953957.210,76.8783713,8.6255000,124.712
596.073,540.339,706703.000,954258.240,76.8783862,8.6282215,91.477
596.183,317.819,706703.110,954035.720,76.8783773,8.6262098,141.281
596.323,56.719,706703.250,953774.620,76.8783669,8.6238493,75.568
596.373,534.889,706703.300,954252.790,76.8783887,8.6281722,91.910
596.853,363.799,706703.780,954081.700,76.8783854,8.6266254,139.273
596.873,513.859,706703.800,954231.760,76.8783923,8.6279820,93.969
597.073,526.699,706704.000,954244.600,76.8783947,8.6280981,94.485
597.183,352.929,706704.110,954070.830,76.8783880,8.6265271,141.302
597.343,349.179,706704.270,954067.080,76.8783892,8.6264932,141.688
597.413,540.569,706704.340,954258.470,76.8783984,8.6282235,91.083
597.463,275.939,706704.390,953993.840,76.8783871,8.6258311,133.706
597.463,275.949,706704.390,953993.850,76.8783871,8.6258312,133.707
597.643,308.279,706704.570,954026.180,76.8783901,8.6261235,139.000
598.063,218.269,706704.990,953936.170,76.8783899,8.6253097,114.288
598.153,65.909,706705.080,953783.810,76.8783839,8.6239323,75.724
598.283,518.889,706705.210,954236.790,76.8784054,8.6280274,95.483
598.303,371.279,706705.230,954089.180,76.8783990,8.6266930,137.843
598.323,299.219,706705.250,954017.120,76.8783959,8.6260415,137.219
598.353,202.759,706705.280,953920.660,76.8783919,8.6251695,109.003
598.433,229.849,706705.360,953947.750,76.8783938,8.6254144,119.433
598.493,241.489,706705.420,953959.390,76.8783949,8.6255196,123.947
598.533,288.699,706705.460,954006.600,76.8783974,8.6259464,134.709
598.723,23.319,706705.650,953741.220,76.8783872,8.6235473,78.014
598.723,271.319,706705.650,953989.220,76.8783983,8.6257893,131.162
598.803,447.059,706705.730,954164.960,76.8784069,8.6273780,100.173
598.863,526.869,706705.790,954244.770,76.8784110,8.6280996,94.149
599.233,360.729,706706.160,954078.630,76.8784069,8.6265976,140.565
599.343,348.989,706706.270,954066.890,76.8784074,8.6264914,142.787
599.503,284.859,706706.430,954002.760,76.8784060,8.6259117,131.857
599.513,259.309,706706.440,953977.210,76.8784049,8.6256807,128.057
599.963,319.129,706706.890,954037.030,76.8784117,8.6262215,140.738
600.103,305.419,706707.030,954023.320,76.8784124,8.6260975,137.717
600.143,312.449,706707.070,954030.350,76.8784130,8.6261611,139.409
600.363,359.539,706707.290,954077.440,76.8784171,8.6265868,141.229
600.423,471.949,706707.350,954189.850,76.8784227,8.6276030,93.871
600.653,286.829,706707.580,954004.730,76.8784165,8.6259294,133.681
600.663,526.439,706707.590,954244.340,76.8784273,8.6280956,95.086
600.673,526.369,706707.600,954244.270,76.8784274,8.6280950,95.070
600.823,224.969,706707.750,953942.870,76.8784153,8.6253702,116.660
600.873,232.259,706707.800,953950.160,76.8784161,8.6254361,119.016
601.193,177.929,706708.120,953895.830,76.8784166,8.6249449,102.231
601.193,210.469,706708.120,953928.370,76.8784180,8.6252391,111.097
601.263,369.349,706708.190,954087.250,76.8784258,8.6266754,136.667
601.593,34.899,706708.520,953752.800,76.8784138,8.6236518,76.776
601.623,244.649,706708.550,953962.550,76.8784235,8.6255481,123.181
601.983,358.549,706708.910,954076.450,76.8784318,8.6265777,141.720
602.253,302.019,706709.180,954019.920,76.8784317,8.6260667,136.554
602.713,192.589,706709.640,953910.490,76.8784310,8.6250774,105.979
603.183,526.739,706710.110,954244.640,76.8784502,8.6280982,95.372
603.343,206.289,706710.270,953924.190,76.8784374,8.6252012,109.368
603.553,291.259,706710.480,954009.160,76.8784431,8.6259693,133.486
603.653,69.129,706710.580,953787.030,76.8784341,8.6239612,75.758
603.993,204.099,706710.920,953922.000,76.8784432,8.6251814,108.489
604.093,235.659,706711.020,953953.560,76.8784455,8.6254667,118.599
604.283,514.249,706711.210,954232.150,76.8784597,8.6279852,97.278
604.343,72.759,706711.270,953790.660,76.8784405,8.6239940,75.722
604.513,268.059,706711.440,953985.960,76.8784508,8.6257596,128.685
604.763,75.169,706711.690,953793.070,76.8784444,8.6240158,76.038
604.813,201.819,706711.740,953919.720,76.8784505,8.6251607,107.608
604.843,79.659,706711.770,953797.560,76.8784453,8.6240563,75.882
605.393,278.979,706712.320,953996.880,76.8784592,8.6258582,130.609
605.403,499.399,706712.330,954217.300,76.8784692,8.6278509,90.618
605.703,632.709,706712.630,954350.610,76.8784779,8.6290561,102.791
605.783,368.989,706712.710,954086.890,76.8784668,8.6266720,135.491
606.003,526.099,706712.930,954244.000,76.8784758,8.6280923,96.662
606.053,631.849,706712.980,954349.750,76.8784810,8.6290483,102.873
606.143,524.419,706713.070,954242.320,76.8784770,8.6280771,96.922
606.253,287.559,706713.180,954005.460,76.8784674,8.6259358,130.016
606.263,51.469,706713.190,953769.370,76.8784570,8.6238014,75.593
606.323,87.399,706713.250,953805.300,76.8784591,8.6241263,76.922
606.873,355.559,706713.800,954073.460,76.8784761,8.6265505,142.644
606.963,327.249,706713.890,954045.150,76.8784757,8.6262946,141.908
606.973,293.899,706713.900,954011.800,76.8784743,8.6259931,132.871
607.013,181.449,706713.940,953899.350,76.8784696,8.6249765,102.490
607.073,246.639,706714.000,953964.540,76.8784730,8.6255658,122.416
607.083,196.909,706714.010,953914.810,76.8784709,8.6251162,105.944
607.103,183.129,706714.030,953901.030,76.8784705,8.6249917,103.093
607.143,275.849,706714.070,953993.750,76.8784750,8.6258299,128.531
607.193,321.779,706714.120,954039.680,76.8784775,8.6262451,140.274
607.273,199.219,706714.200,953917.120,76.8784727,8.6251371,106.641
608.183,54.979,706715.110,953772.880,76.8784746,8.6238331,75.770
608.333,511.769,706715.260,954229.670,76.8784963,8.6279626,98.323
608.403,71.529,706715.330,953789.430,76.8784773,8.6239827,75.700
608.503,264.539,706715.430,953982.440,76.8784868,8.6257276,126.303
608.593,71.399,706715.520,953789.300,76.8784790,8.6239815,75.760
608.653,633.959,706715.580,954351.860,76.8785047,8.6290673,102.805
608.713,445.699,706715.640,954163.600,76.8784968,8.6273653,101.775
608.853,526.409,706715.780,954244.310,76.8785017,8.6280950,96.992
608.973,47.519,706715.900,953765.420,76.8784814,8.6237656,75.746
609.143,237.879,706716.070,953955.780,76.8784915,8.6254865,118.181
609.163,206.259,706716.090,953924.160,76.8784902,8.6252007,108.406
609.533,193.079,706716.460,953910.980,76.8784930,8.6250815,104.534
609.813,271.759,706716.740,953989.660,76.8784991,8.6257928,127.167
610.063,271.809,706716.990,953989.710,76.8785013,8.6257932,127.156
610.293,25.809,706717.220,953743.710,76.8784924,8.6235693,78.371
610.293,57.209,706717.220,953775.110,76.8784938,8.6238531,75.716
610.323,317.859,706717.250,954035.760,76.8785058,8.6262095,138.146
610.423,279.619,706717.350,953997.520,76.8785050,8.6258638,126.724
610.603,77.329,706717.530,953795.230,76.8784976,8.6240350,75.982
610.683,88.449,706717.610,953806.350,76.8784988,8.6241355,77.178
610.783,366.289,706717.710,954084.190,76.8785121,8.6266473,134.316
611.433,45.949,706718.360,953763.850,76.8785037,8.6237513,75.690
611.453,633.789,706718.380,954351.690,76.8785301,8.6290656,102.790
611.553,35.799,706718.480,953753.700,76.8785043,8.6236595,77.072
612.133,242.059,706719.060,953959.960,76.8785188,8.6255242,117.764
612.193,60.099,706719.120,953778.000,76.8785112,8.6238792,75.890
612.233,190.039,706719.160,953907.940,76.8785174,8.6250539,103.292
612.283,523.269,706719.210,954241.170,76.8785327,8.6280664,98.869
612.563,313.249,706719.490,954031.150,76.8785259,8.6261677,136.326
612.593,283.859,706719.520,954001.760,76.8785249,8.6259020,126.765
612.773,249.409,706719.700,953967.310,76.8785250,8.6255906,121.651
612.863,270.399,706719.790,953988.300,76.8785267,8.6257803,125.564
613.133,526.499,706720.060,954244.400,76.8785406,8.6280956,98.013
613.153,290.309,706720.080,954008.210,76.8785302,8.6259603,128.543
613.293,363.159,706720.220,954081.060,76.8785348,8.6266189,133.140
613.623,191.879,706720.550,953909.780,76.8785301,8.6250705,103.671
613.743,64.109,706720.670,953782.010,76.8785255,8.6239154,75.918
613.773,73.349,706720.700,953791.250,76.8785262,8.6239989,75.665
613.873,627.349,706720.800,954345.250,76.8785518,8.6290073,101.656
613.973,176.709,706720.900,953894.610,76.8785326,8.6249333,100.272
614.033,187.549,706720.960,953905.450,76.8785336,8.6250313,102.488
614.133,531.419,706721.060,954249.320,76.8785499,8.6281400,97.621
614.183,320.119,706721.110,954038.020,76.8785409,8.6262298,137.787
614.473,618.999,706721.400,954336.900,76.8785569,8.6289318,99.877
614.573,309.559,706721.500,954027.460,76.8785440,8.6261343,134.545
614.683,257.869,706721.610,953975.770,76.8785427,8.6256670,122.950
614.863,186.359,706721.790,953904.260,76.8785411,8.6250205,102.046
615.123,636.889,706722.050,954354.790,76.8785636,8.6290935,102.861
615.493,277.309,706722.420,953995.210,76.8785509,8.6258427,126.130
615.913,484.599,706722.840,954202.500,76.8785640,8.6277167,95.606
615.953,634.519,706722.880,954352.420,76.8785710,8.6290720,102.794
616.153,269.089,706723.080,953986.990,76.8785565,8.6257684,123.858
616.353,45.789,706723.280,953763.690,76.8785484,8.6237496,75.832
616.473,304.389,706723.400,954022.290,76.8785610,8.6260875,132.397
616.773,630.559,706723.700,954348.460,76.8785783,8.6290362,102.899
616.963,300.609,706723.890,954018.510,76.8785653,8.6260533,130.675
616.983,97.929,706723.910,953815.830,76.8785564,8.6242210,79.856
617.413,243.499,706724.340,953961.400,76.8785668,8.6255370,117.347
617.703,163.639,706724.630,953881.540,76.8785659,8.6248150,96.428
617.773,63.139,706724.700,953781.040,76.8785620,8.6239064,75.835
617.783,296.609,706724.710,954014.510,76.8785726,8.6260171,129.049
618.023,77.659,706724.950,953795.560,76.8785650,8.6240377,76.050
618.053,528.949,706724.980,954246.850,76.8785854,8.6281175,98.854
618.373,519.029,706725.300,954236.930,76.8785879,8.6280278,100.387
618.513,89.799,706725.440,953807.700,76.8785700,8.6241474,77.297
618.613,444.329,706725.540,954162.230,76.8785867,8.6273525,103.376
618.963,314.089,706725.890,954031.990,76.8785841,8.6261751,134.774
619.063,98.209,706725.990,953816.110,76.8785753,8.6242234,79.880
619.143,285.289,706726.070,954003.190,76.8785844,8.6259147,126.371
619.203,534.479,706726.130,954252.380,76.8785961,8.6281674,97.941
619.293,321.199,706726.220,954039.100,76.8785874,8.6262393,136.532
619.343,643.599,706726.270,954361.500,76.8786023,8.6291539,102.857
619.403,307.629,706726.330,954025.530,76.8785878,8.6261166,132.525
619.483,266.849,706726.410,953984.750,76.8785867,8.6257480,122.109
619.573,253.499,706726.500,953971.400,76.8785869,8.6256273,120.495
620.023,522.199,706726.950,954240.100,76.8786030,8.6280564,100.332
620.203,294.339,706727.130,954012.240,76.8785945,8.6259964,127.195
620.303,363.229,706727.230,954081.130,76.8785984,8.6266192,131.964
620.603,185.979,706727.530,953903.880,76.8785932,8.6250168,101.606
620.783,47.129,706727.710,953765.030,76.8785887,8.6237616,75.927
620.783,172.729,706727.710,953890.630,76.8785943,8.6248970,98.373
620.883,609.699,706727.810,954327.600,76.8786147,8.6288474,98.521
620.963,530.689,706727.890,954248.590,76.8786119,8.6281331,99.135
621.223,27.819,706728.150,953745.720,76.8785918,8.6235870,78.576
621.303,272.589,706728.230,953990.490,76.8786035,8.6257998,121.377
621.313,300.539,706728.240,954018.440,76.8786048,8.6260524,129.310
621.513,36.699,706728.440,953754.600,76.8785948,8.6236672,77.367
621.563,303.139,706728.490,954021.040,76.8786072,8.6260759,130.483
621.833,64.279,706728.760,953782.180,76.8785990,8.6239165,76.182
621.983,526.399,706728.910,954244.300,76.8786210,8.6280943,100.052
622.013,178.219,706728.940,953896.120,76.8786057,8.6249466,99.116
622.023,627.339,706728.950,954345.240,76.8786259,8.6290068,100.738
622.073,316.919,706729.000,954034.820,76.8786124,8.6262005,134.759
622.093,75.529,706729.020,953793.430,76.8786018,8.6240182,76.182
622.633,266.729,706729.560,953984.630,76.8786153,8.6257467,121.273
622.703,322.219,706729.630,954040.120,76.8786184,8.6262484,136.110
622.933,517.119,706729.860,954235.020,76.8786292,8.6280103,101.425
623.093,252.039,706730.020,953969.940,76.8786188,8.6256139,119.289
623.273,106.739,706730.200,953824.640,76.8786140,8.6243003,83.162
623.303,69.799,706730.230,953787.700,76.8786126,8.6239664,76.174
623.553,69.679,706730.480,953787.580,76.8786148,8.6239653,76.173
623.573,525.529,706730.500,954243.430,76.8786354,8.6280863,101.110
623.753,636.379,706730.680,954354.280,76.8786420,8.6290885,102.833
623.793,154.829,706730.720,953872.730,76.8786208,8.6247351,94.508
623.843,113.599,706730.770,953831.500,76.8786194,8.6243623,84.681
623.863,288.489,706730.790,954006.390,76.8786274,8.6259434,125.409
623.933,506.929,706730.860,954224.830,76.8786378,8.6279182,93.933
623.953,160.979,706730.880,953878.880,76.8786226,8.6247907,95.612
624.233,620.469,706731.160,954338.370,76.8786456,8.6289446,99.991
624.343,100.149,706731.270,953818.050,76.8786234,8.6242407,80.011
624.503,311.139,706731.430,954029.040,76.8786343,8.6261481,132.540
624.703,294.299,706731.630,954012.200,76.8786353,8.6259959,126.628
624.773,525.339,706731.700,954243.240,76.8786463,8.6280846,101.296
624.823,523.789,706731.750,954241.690,76.8786467,8.6280706,101.160
624.863,177.249,706731.790,953895.150,76.8786316,8.6249377,99.110
625.013,630.889,706731.940,954348.790,76.8786532,8.6290388,102.854
625.133,49.879,706732.060,953767.780,76.8786283,8.6237862,76.190
625.163,90.599,706732.090,953808.500,76.8786304,8.6241543,77.450
625.283,248.169,706732.210,953966.070,76.8786385,8.6255788,116.714
625.583,532.759,706732.510,954250.660,76.8786540,8.6281516,99.661
625.783,285.799,706732.710,954003.700,76.8786448,8.6259190,124.160
625.813,127.179,706732.740,953845.080,76.8786379,8.6244850,87.272
625.833,103.359,706732.760,953821.260,76.8786371,8.6242697,80.633
625.903,527.499,706732.830,954245.400,76.8786567,8.6281040,100.379
626.053,309.189,706732.980,954027.090,76.8786483,8.6261304,132.136
626.263,60.539,706733.190,953778.440,76.8786391,8.6238825,75.884
626.333,317.709,706733.260,954035.610,76.8786512,8.6262074,134.008
626.363,277.289,706733.290,953995.190,76.8786496,8.6258420,121.025
626.463,277.399,706733.390,953995.300,76.8786506,8.6258430,121.316
626.503,636.329,706733.430,954354.230,76.8786670,8.6290879,102.879
626.693,283.239,706733.620,954001.140,76.8786529,8.6258958,122.891
626.723,293.869,706733.650,954011.770,76.8786537,8.6259919,125.836
626.773,637.349,706733.700,954355.250,76.8786695,8.6290971,102.866
626.823,64.409,706733.750,953782.310,76.8786443,8.6239175,76.372
627.353,109.879,706734.280,953827.780,76.8786512,8.6243285,83.445
627.423,584.369,706734.350,954302.270,76.8786730,8.6286181,92.941
627.443,76.699,706734.370,953794.600,76.8786505,8.6240286,76.184
627.583,155.079,706734.510,953872.980,76.8786553,8.6247372,94.423
627.733,78.619,706734.660,953796.520,76.8786532,8.6240459,76.112
627.933,260.959,706734.860,953978.860,76.8786632,8.6256943,119.058
627.993,120.499,706734.920,953838.400,76.8786574,8.6244245,85.615
628.263,266.569,706735.190,953984.470,76.8786664,8.6257450,116.944
628.763,100.619,706735.690,953818.520,76.8786636,8.6242448,80.146
628.903,523.189,706735.830,954241.090,76.8786837,8.6280650,101.383
629.093,526.219,706736.020,954244.120,76.8786856,8.6280923,101.098
629.163,278.279,706736.090,953996.180,76.8786751,8.6258509,121.376
629.223,70.159,706736.150,953788.060,76.8786664,8.6239694,76.203
629.353,305.939,706736.280,954023.840,76.8786781,8.6261009,129.577
629.433,162.429,706736.360,953880.330,76.8786724,8.6248035,95.595
629.623,113.039,706736.550,953830.940,76.8786719,8.6243570,83.438
629.643,258.149,706736.570,953976.050,76.8786786,8.6256689,117.756
629.683,149.749,706736.610,953867.650,76.8786741,8.6246889,92.614
630.083,619.829,706737.010,954337.730,76.8786988,8.6289386,100.377
630.143,291.949,706737.070,954009.850,76.8786846,8.6259744,123.762
630.243,298.249,706737.170,954016.150,76.8786858,8.6260314,126.038
630.583,597.219,706737.510,954315.120,76.8787023,8.6287341,96.552
631.113,106.719,706738.040,953824.620,76.8786852,8.6242998,81.269
631.183,262.439,706738.110,953980.340,76.8786928,8.6257076,116.299
631.223,255.269,706738.150,953973.170,76.8786928,8.6256428,116.682
631.403,497.249,706738.330,954215.150,76.8787053,8.6278303,97.342
631.423,635.919,706738.350,954353.820,76.8787116,8.6290840,102.777
631.473,37.599,706738.400,953755.500,76.8786854,8.6236749,77.663
631.473,79.349,706738.400,953797.250,76.8786872,8.6240524,76.302
631.673,159.959,706738.600,953877.860,76.8786926,8.6247811,95.064
632.033,627.169,706738.960,954345.070,76.8787168,8.6290048,100.549
632.083,295.589,706739.010,954013.490,76.8787024,8.6260072,125.145
632.123,91.849,706739.050,953809.750,76.8786937,8.6241653,77.410
632.173,303.529,706739.100,954021.430,76.8787036,8.6260790,127.963
632.223,312.429,706739.150,954030.330,76.8787045,8.6261595,130.792
632.313,144.919,706739.240,953862.820,76.8786978,8.6246451,91.639
632.313,284.309,706739.240,954002.210,76.8787040,8.6259052,120.469
632.493,527.319,706739.420,954245.220,76.8787165,8.6281021,101.868
632.583,573.599,706739.510,954291.500,76.8787194,8.6285205,92.457
632.673,28.049,706739.600,953745.950,76.8786958,8.6235885,79.034
632.883,162.459,706739.810,953880.360,76.8787037,8.6248036,95.485
632.953,611.829,706739.880,954329.730,76.8787245,8.6288661,99.983
633.393,258.899,706740.320,953976.800,76.8787127,8.6256755,116.223
633.543,65.929,706740.470,953783.830,76.8787054,8.6239309,76.400
633.883,291.249,706740.810,954009.150,76.8787186,8.6259679,122.194
633.903,98.839,706740.830,953816.740,76.8787102,8.6242284,79.317
633.973,133.239,706740.900,953851.140,76.8787123,8.6245394,89.734
634.073,258.229,706741.000,953976.130,76.8787188,8.6256694,116.044
634.223,300.879,706741.150,954018.780,76.8787221,8.6260549,125.734
634.343,109.189,706741.270,953827.090,76.8787146,8.6243220,81.747
634.343,112.399,706741.270,953830.300,76.8787148,8.6243510,81.954
634.413,529.569,706741.340,954247.470,76.8787340,8.6281224,102.195
634.543,46.249,706741.470,953764.150,76.8787136,8.6237530,76.142
634.603,46.779,706741.530,953764.680,76.8787142,8.6237578,76.213
634.603,530.249,706741.530,954248.150,76.8787358,8.6281285,101.253
634.703,631.479,706741.630,954349.380,76.8787412,8.6290437,101.591
634.733,158.449,706741.660,953876.350,76.8787204,8.6247673,94.808
634.893,309.579,706741.820,954027.480,76.8787286,8.6261336,129.173
634.933,280.769,706741.860,953998.670,76.8787277,8.6258731,119.284
634.973,276.269,706741.900,953994.170,76.8787278,8.6258324,118.324
635.063,252.559,706741.990,953970.460,76.8787276,8.6256181,115.378
635.143,610.649,706742.070,954328.550,76.8787443,8.6288553,99.998
635.163,590.889,706742.090,954308.790,76.8787436,8.6286767,93.932
635.213,51.719,706742.140,953769.620,76.8787200,8.6238024,76.144
635.233,265.879,706742.160,953983.780,76.8787297,8.6257385,116.226
635.243,530.639,706742.170,954248.540,76.8787416,8.6281320,101.280
635.303,51.899,706742.230,953769.800,76.8787208,8.6238040,76.171
635.483,61.899,706742.410,953779.800,76.8787229,8.6238944,76.173
635.683,263.099,706742.610,953981.000,76.8787337,8.6257133,116.116
635.883,92.409,706742.810,953810.310,76.8787279,8.6241702,78.484
635.933,631.439,706742.860,954349.340,76.8787524,8.6290433,102.785
636.173,524.549,706743.100,954242.450,76.8787498,8.6280769,102.431
636.273,67.499,706743.200,953785.400,76.8787303,8.6239450,76.392
636.373,297.569,706743.300,954015.470,76.8787415,8.6260249,125.087
636.403,78.649,706743.330,953796.550,76.8787320,8.6240458,76.576
636.463,158.839,706743.390,953876.740,76.8787361,8.6247708,94.911
636.493,151.389,706743.420,953869.290,76.8787360,8.6247034,92.761
636.643,119.609,706743.570,953837.510,76.8787360,8.6244161,84.644
636.683,255.129,706743.610,953973.030,76.8787424,8.6256412,115.115
636.693,103.109,706743.620,953821.010,76.8787357,8.6242669,80.619
636.703,278.069,706743.630,953995.970,76.8787436,8.6258486,117.894
636.723,600.279,706743.650,954318.180,76.8787582,8.6287615,97.208
636.813,636.109,706743.740,954354.010,76.8787606,8.6290854,102.743
636.823,300.499,706743.750,954018.400,76.8787457,8.6260514,125.553
636.903,278.719,706743.830,953996.620,76.8787455,8.6258545,118.362
636.913,93.099,706743.840,953811.000,76.8787373,8.6241764,78.470
637.243,97.519,706744.170,953815.420,76.8787404,8.6242164,78.897
637.413,43.049,706744.340,953760.950,76.8787396,8.6237239,76.254
637.493,565.639,706744.420,954283.540,76.8787636,8.6284483,93.072
637.813,97.729,706744.740,953815.630,76.8787456,8.6242182,80.416
637.853,529.089,706744.780,954246.990,76.8787653,8.6281179,102.430
637.923,255.299,706744.850,953973.200,76.8787537,8.6256427,114.285
638.113,300.449,706745.040,954018.350,76.8787574,8.6260509,125.620
638.153,305.939,706745.080,954023.840,76.8787580,8.6261005,127.487
638.363,289.779,706745.290,954007.680,76.8787592,8.6259544,121.522
638.473,124.499,706745.400,953842.400,76.8787528,8.6244602,84.696
639.003,154.249,706745.930,953872.150,76.8787590,8.6247291,93.567
639.353,267.979,706746.280,953985.880,76.8787672,8.6257573,116.036
639.483,115.639,706746.410,953833.540,76.8787616,8.6243801,82.089
639.593,272.229,706746.520,953990.130,76.8787696,8.6257957,116.092
639.643,86.029,706746.570,953803.930,76.8787617,8.6241124,77.627
639.853,635.999,706746.780,954353.900,76.8787882,8.6290843,102.755
639.933,274.699,706746.860,953992.600,76.8787728,8.6258180,115.930
639.953,644.569,706746.880,954362.470,76.8787895,8.6291618,102.823
640.173,638.399,706747.100,954356.300,76.8787912,8.6291060,102.830
640.433,270.919,706747.360,953988.820,76.8787772,8.6257838,115.798
640.463,98.849,706747.390,953816.750,76.8787698,8.6242282,80.461
640.633,121.419,706747.560,953839.320,76.8787723,8.6244323,84.668
640.643,303.729,706747.570,954021.630,76.8787805,8.6260804,125.350
640.693,112.719,706747.620,953830.620,76.8787725,8.6243536,81.971
640.943,253.479,706747.870,953971.380,76.8787810,8.6256261,112.102
641.093,300.669,706748.020,954018.570,76.8787845,8.6260527,125.259
641.203,310.819,706748.130,954028.720,76.8787860,8.6261445,127.503
641.243,310.789,706748.170,954028.690,76.8787863,8.6261442,127.754
641.273,251.679,706748.200,953969.580,76.8787839,8.6256098,113.093
641.373,527.829,706748.300,954245.730,76.8787972,8.6281063,102.455
641.543,76.869,706748.470,953794.770,76.8787786,8.6240295,76.604
641.573,69.779,706748.500,953787.680,76.8787785,8.6239654,76.403
641.793,272.259,706748.720,953990.160,76.8787896,8.6257959,115.317
641.883,532.639,706748.810,954250.540,76.8788020,8.6281498,101.458
642.403,30.489,706749.330,953748.390,76.8787843,8.6236102,79.213
642.453,627.189,706749.380,954345.090,76.8788114,8.6290045,100.752
642.463,514.459,706749.390,954232.360,76.8788065,8.6279854,97.248
642.583,305.339,706749.510,954023.240,76.8787982,8.6260949,126.206
642.633,579.619,706749.560,954297.520,76.8788110,8.6285745,93.260
642.843,301.749,706749.770,954019.650,76.8788004,8.6260624,125.138
643.053,306.909,706749.980,954024.810,76.8788026,8.6261091,126.581
643.423,106.259,706750.350,953824.160,76.8787970,8.6242951,81.047
643.463,560.719,706750.390,954278.620,76.8788177,8.6284036,94.404
643.803,270.079,706750.730,953987.980,76.8788077,8.6257761,114.835
643.853,554.689,706750.780,954272.590,76.8788209,8.6283491,96.877
644.183,266.709,706751.110,953984.610,76.8788111,8.6257456,113.636
644.203,44.209,706751.130,953762.110,76.8788013,8.6237341,76.299
644.243,118.389,706751.170,953836.290,76.8788050,8.6244047,82.183
644.243,305.119,706751.170,954023.020,76.8788133,8.6260928,125.028
644.423,245.269,706751.350,953963.170,76.8788123,8.6255518,111.095
644.623,128.799,706751.550,953846.700,76.8788089,8.6244988,84.789
644.703,76.019,706751.630,953793.920,76.8788073,8.6240217,77.549
644.713,94.359,706751.640,953812.260,76.8788082,8.6241875,78.710
644.863,632.069,706751.790,954349.970,76.8788336,8.6290486,101.896
644.943,532.789,706751.870,954250.690,76.8788298,8.6281510,102.489
645.133,114.659,706752.060,953832.560,76.8788129,8.6243710,82.054
645.153,534.889,706752.080,954252.790,76.8788318,8.6281700,101.233
645.173,65.639,706752.100,953783.540,76.8788111,8.6239278,76.161
645.173,101.309,706752.100,953819.210,76.8788127,8.6242503,80.644
645.713,33.389,706752.640,953751.290,76.8788145,8.6236362,79.076
645.793,87.869,706752.720,953805.770,76.8788177,8.6241287,78.478
645.793,548.289,706752.720,954266.190,76.8788383,8.6282911,98.436
646.073,528.189,706753.000,954246.090,76.8788399,8.6281094,102.484
646.083,264.529,706753.010,953982.430,76.8788282,8.6257258,112.643
646.333,124.029,706753.260,953841.930,76.8788242,8.6244556,84.491
646.653,263.799,706753.580,953981.700,76.8788334,8.6257192,112.394
646.863,535.699,706753.790,954253.600,76.8788474,8.6281772,101.624
646.893,509.899,706753.820,954227.800,76.8788465,8.6279440,99.077
647.023,144.069,706753.950,953861.970,76.8788314,8.6246368,87.896
647.093,537.809,706754.020,954255.710,76.8788496,8.6281963,101.624
647.123,108.949,706754.050,953826.850,76.8788307,8.6243193,81.335
647.173,311.459,706754.100,954029.360,76.8788402,8.6261500,126.620
647.183,311.469,706754.110,954029.370,76.8788403,8.6261501,126.370
647.293,524.259,706754.220,954242.160,76.8788508,8.6280738,102.753
647.333,307.689,706754.260,954025.590,76.8788415,8.6261159,124.934
647.363,39.279,706754.290,953757.180,76.8788298,8.6236894,78.089
647.413,67.689,706754.340,953785.590,76.8788315,8.6239462,77.512
647.423,67.689,706754.350,953785.590,76.8788316,8.6239462,77.549
647.523,258.019,706754.450,953975.920,76.8788410,8.6256669,111.715
647.743,249.229,706754.670,953967.130,76.8788426,8.6255874,111.127
647.803,632.709,706754.730,954350.610,76.8788603,8.6290542,102.787
647.913,79.629,706754.840,953797.530,76.8788366,8.6240542,78.341
648.273,634.619,706755.200,954352.520,76.8788647,8.6290715,102.841
648.373,635.509,706755.300,954353.410,76.8788656,8.6290795,102.700
648.573,67.709,706755.500,953785.610,76.8788420,8.6239464,77.603
648.623,63.519,706755.550,953781.420,76.8788423,8.6239085,76.782
648.633,95.949,706755.560,953813.850,76.8788438,8.6242017,78.722
648.643,245.599,706755.570,953963.500,76.8788506,8.6255546,110.886
648.703,102.999,706755.630,953820.900,76.8788448,8.6242654,80.782
648.713,67.689,706755.640,953785.590,76.8788433,8.6239462,77.663
648.913,247.959,706755.840,953965.860,76.8788532,8.6255759,110.340
649.313,117.219,706756.240,953835.120,76.8788510,8.6243939,82.228
649.443,259.069,706756.370,953976.970,76.8788585,8.6256763,111.767
649.523,140.059,706756.450,953857.960,76.8788539,8.6246004,87.183
649.933,64.639,706756.860,953782.540,76.8788543,8.6239186,77.642
649.933,536.489,706756.860,954254.390,76.8788753,8.6281843,101.501
650.123,134.329,706757.050,953852.230,76.8788591,8.6245486,83.708
650.153,253.339,706757.080,953971.240,76.8788647,8.6256245,111.288
650.513,594.209,706757.440,954312.110,76.8788832,8.6287060,95.944
650.623,309.299,706757.550,954027.200,76.8788715,8.6261303,124.781
650.673,306.769,706757.600,954024.670,76.8788718,8.6261075,124.854
650.733,569.649,706757.660,954287.550,76.8788841,8.6284840,94.448
650.823,150.609,706757.750,953868.510,76.8788662,8.6246957,88.904
651.193,309.599,706758.120,954027.500,76.8788766,8.6261330,124.895
651.373,90.379,706758.300,953808.280,76.8788685,8.6241512,78.558
651.373,256.469,706758.300,953974.370,76.8788759,8.6256527,111.705
651.403,607.149,706758.330,954325.050,76.8788919,8.6288230,98.514
651.473,256.509,706758.400,953974.410,76.8788768,8.6256531,111.669
651.533,81.519,706758.460,953799.420,76.8788695,8.6240711,78.317
651.583,130.809,706758.510,953848.710,76.8788722,8.6245167,83.451
651.883,74.829,706758.810,953792.730,76.8788724,8.6240106,78.295
651.933,111.369,706758.860,953829.270,76.8788745,8.6243409,81.577
652.323,581.089,706759.250,954298.990,76.8788990,8.6285873,93.961
652.463,611.049,706759.390,954328.950,76.8789017,8.6288582,99.664
652.553,244.569,706759.480,953962.470,76.8788861,8.6255451,109.243
652.833,55.879,706759.760,953773.780,76.8788802,8.6238392,77.664
652.843,251.969,706759.770,953969.870,76.8788891,8.6256120,109.760
653.553,127.479,706760.480,953845.380,76.8788899,8.6244865,83.268
653.683,119.239,706760.610,953837.140,76.8788908,8.6244120,82.384
653.783,536.069,706760.710,954253.970,76.8789103,8.6281803,101.691
653.903,69.009,706760.830,953786.910,76.8788905,8.6239579,78.031
654.033,105.449,706760.960,953823.350,76.8788933,8.6242873,81.082
654.043,310.769,706760.970,954028.670,76.8789026,8.6261435,124.281
654.113,36.699,706761.040,953754.600,76.8788910,8.6236658,78.763
654.233,56.339,706761.160,953774.240,76.8788929,8.6238433,77.876
654.303,56.349,706761.230,953774.250,76.8788936,8.6238434,77.879
654.333,155.349,706761.260,953873.250,76.8788983,8.6247384,88.535
654.383,138.129,706761.310,953856.030,76.8788980,8.6245827,83.805
654.813,241.389,706761.740,953959.290,76.8789065,8.6255162,108.131
654.833,99.709,706761.760,953817.610,76.8789003,8.6242354,78.981
655.123,51.309,706762.050,953769.210,76.8789008,8.6237978,77.749
655.423,50.209,706762.350,953768.110,76.8789035,8.6237879,77.227
655.743,141.969,706762.670,953859.870,76.8789105,8.6246174,87.540
655.833,57.559,706762.760,953775.460,76.8789075,8.6238543,77.781
656.083,77.599,706763.010,953795.500,76.8789107,8.6240354,78.286
656.143,112.769,706763.070,953830.670,76.8789128,8.6243534,82.007
656.473,134.139,706763.400,953852.040,76.8789168,8.6245466,83.452
656.513,94.009,706763.440,953811.910,76.8789153,8.6241838,78.672
656.563,73.389,706763.490,953791.290,76.8789149,8.6239974,78.167
656.833,239.689,706763.760,953957.590,76.8789248,8.6255008,107.716
656.983,565.049,706763.910,954282.950,76.8789407,8.6284421,95.925
657.203,571.109,706764.130,954289.010,76.8789429,8.6284969,94.917
657.213,46.779,706764.140,953764.680,76.8789196,8.6237568,77.924
657.373,151.309,706764.300,953869.210,76.8789257,8.6247018,88.289
657.463,37.059,706764.390,953754.960,76.8789214,8.6236689,78.985
657.823,83.839,706764.750,953801.740,76.8789268,8.6240918,78.511
658.043,157.569,706764.970,953875.470,76.8789321,8.6247583,88.599
658.093,239.099,706765.020,953957.000,76.8789362,8.6254954,106.632
658.123,121.629,706765.050,953839.530,76.8789312,8.6244334,82.638
658.163,41.449,706765.090,953759.350,76.8789280,8.6237085,78.406
658.263,107.609,706765.190,953825.510,76.8789318,8.6243066,81.795
658.283,543.099,706765.210,954261.000,76.8789515,8.6282436,100.035
658.283,554.989,706765.210,954272.890,76.8789520,8.6283511,98.133
658.283,554.999,706765.210,954272.900,76.8789520,8.6283512,98.132
658.443,566.459,706765.370,954284.360,76.8789540,8.6284548,95.903
658.453,50.679,706765.380,953768.580,76.8789310,8.6237920,77.994
658.493,66.129,706765.420,953784.030,76.8789321,8.6239316,78.110
658.493,66.149,706765.420,953784.050,76.8789321,8.6239318,78.012
658.493,146.059,706765.420,953863.960,76.8789357,8.6246542,87.401
658.513,140.909,706765.440,953858.810,76.8789356,8.6246077,83.880
658.603,48.989,706765.530,953766.890,76.8789323,8.6237767,78.054
658.663,130.419,706765.590,953848.320,76.8789365,8.6245128,83.022
658.883,593.989,706765.810,954311.890,76.8789592,8.6287037,96.077
659.283,537.289,706766.210,954255.190,76.8789603,8.6281911,101.568
659.673,558.179,706766.600,954276.080,76.8789648,8.6283799,97.450
659.743,83.029,706766.670,953800.930,76.8789442,8.6240844,78.451
659.833,559.799,706766.760,954277.700,76.8789663,8.6283945,97.422
659.903,558.469,706766.830,954276.370,76.8789669,8.6283825,97.422
659.953,250.749,706766.880,953968.650,76.8789536,8.6256006,106.876
660.023,236.739,706766.950,953954.640,76.8789536,8.6254740,106.049
660.363,245.049,706767.290,953962.950,76.8789571,8.6255491,106.449
660.373,73.429,706767.300,953791.330,76.8789495,8.6239976,78.181
660.613,542.379,706767.540,954260.280,76.8789726,8.6282370,101.169
661.403,136.529,706768.330,953854.430,76.8789617,8.6245680,83.489
661.473,38.469,706768.400,953756.370,76.8789579,8.6236815,78.515
661.723,154.889,706768.650,953872.790,76.8789654,8.6247339,88.208
661.843,115.649,706768.770,953833.550,76.8789647,8.6243792,82.191
662.333,551.439,706769.260,954269.340,76.8789887,8.6283189,98.758
662.373,555.649,706769.300,954273.550,76.8789892,8.6283569,98.311
662.383,522.549,706769.310,954240.450,76.8789878,8.6280577,100.812
662.493,159.859,706769.420,953877.760,76.8789726,8.6247788,88.782
662.523,583.909,706769.450,954301.810,76.8789918,8.6286124,94.884
662.563,236.829,706769.490,953954.730,76.8789767,8.6254747,105.095
662.843,124.459,706769.770,953842.360,76.8789742,8.6244588,82.747
662.903,546.479,706769.830,954264.380,76.8789936,8.6282740,99.812
662.913,247.319,706769.840,953965.220,76.8789803,8.6255695,106.201
662.933,143.639,706769.860,953861.540,76.8789759,8.6246322,84.038
663.123,128.779,706770.050,953846.680,76.8789769,8.6244978,82.841
663.363,233.539,706770.290,953951.440,76.8789838,8.6254449,104.945
663.533,133.259,706770.460,953851.160,76.8789809,8.6245383,83.122
663.743,110.319,706770.670,953828.220,76.8789817,8.6243309,81.974
664.293,540.779,706771.220,954258.680,76.8790060,8.6282224,101.320
664.953,150.079,706771.880,953867.980,76.8789945,8.6246903,87.230
665.153,38.079,706772.080,953755.980,76.8789913,8.6236778,78.567
665.323,139.139,706772.250,953857.040,76.8789974,8.6245914,83.558
665.653,236.589,706772.580,953954.490,76.8790047,8.6254723,104.431
665.783,118.309,706772.710,953836.210,76.8790006,8.6244030,82.322
665.783,229.529,706772.710,953947.430,76.8790056,8.6254085,103.917
665.793,548.769,706772.720,954266.670,76.8790200,8.6282946,99.464
665.933,244.629,706772.860,953962.530,76.8790076,8.6255450,105.203
666.133,102.399,706773.060,953820.300,76.8790031,8.6242592,78.888
666.223,126.299,706773.150,953844.200,76.8790050,8.6244753,82.858
666.333,572.419,706773.260,954290.320,76.8790259,8.6285083,96.200
666.793,146.159,706773.720,953864.060,76.8790111,8.6246548,84.083
666.953,157.809,706773.880,953875.710,76.8790130,8.6247601,88.110
667.423,546.549,706774.350,954264.450,76.8790347,8.6282744,101.065
667.523,94.209,706774.450,953812.110,76.8790154,8.6241851,78.732
668.063,135.529,706774.990,953853.430,76.8790221,8.6245586,83.228
668.433,112.639,706775.360,953830.540,76.8790245,8.6243517,82.048
668.503,562.079,706775.430,954279.980,76.8790452,8.6284148,97.668
668.573,235.929,706775.500,953953.830,76.8790312,8.6254662,104.269
669.323,85.669,706776.250,953803.570,76.8790313,8.6241078,78.440
669.503,119.839,706776.430,953837.740,76.8790345,8.6244167,82.335
669.833,152.799,706776.760,953870.700,76.8790390,8.6247147,87.326
670.133,528.879,706777.060,954246.780,76.8790585,8.6281146,101.680
670.383,80.239,706777.310,953798.140,76.8790407,8.6240587,78.269
670.403,551.969,706777.330,954269.870,76.8790620,8.6283233,99.968
670.433,128.179,706777.360,953846.080,76.8790433,8.6244921,82.891
670.623,142.509,706777.550,953860.410,76.8790457,8.6246216,83.704
670.723,90.939,706777.650,953808.840,76.8790443,8.6241554,78.478
670.993,90.149,706777.920,953808.050,76.8790467,8.6241482,78.630
671.073,71.609,706778.000,953789.510,76.8790466,8.6239806,78.319
671.193,553.769,706778.120,954271.670,76.8790692,8.6283395,99.195
671.343,148.379,706778.270,953866.280,76.8790525,8.6246746,84.072
671.613,164.299,706778.540,953882.200,76.8790556,8.6248186,88.730
672.133,114.429,706779.060,953832.330,76.8790581,8.6243677,82.179
672.253,538.649,706779.180,954256.550,76.8790782,8.6282028,101.010
672.733,160.639,706779.660,953878.540,76.8790657,8.6247854,88.050
672.943,134.209,706779.870,953852.110,76.8790664,8.6245465,83.081
673.643,139.159,706780.570,953857.060,76.8790730,8.6245912,83.397
673.973,131.019,706780.900,953848.920,76.8790756,8.6245176,82.991
674.193,122.249,706781.120,953840.150,76.8790772,8.6244383,82.525
674.353,556.589,706781.280,954274.490,76.8790981,8.6283649,98.860
674.373,548.429,706781.300,954266.330,76.8790979,8.6282911,100.341
675.173,156.069,706782.100,953873.970,76.8790876,8.6247440,87.252
675.213,87.969,706782.140,953805.870,76.8790849,8.6241283,78.547
675.213,145.239,706782.140,953863.140,76.8790875,8.6246461,83.727
675.393,168.329,706782.320,953886.230,76.8790902,8.6248548,88.770
675.793,106.299,706782.720,953824.200,76.8790910,8.6242940,79.068
676.483,151.369,706783.410,953869.270,76.8790993,8.6247014,84.068
677.033,553.709,706783.960,954271.610,76.8791223,8.6283387,100.006
677.043,82.869,706783.970,953800.770,76.8791013,8.6240822,78.299
677.133,116.799,706784.060,953834.700,76.8791037,8.6243889,82.300
677.363,74.479,706784.290,953792.380,76.8791039,8.6240063,78.475
677.783,163.599,706784.710,953881.500,76.8791117,8.6248119,87.960
677.933,133.429,706784.860,953851.330,76.8791117,8.6245392,83.125
677.973,141.599,706784.900,953859.500,76.8791124,8.6246131,83.463
678.163,124.059,706785.090,953841.960,76.8791133,8.6244545,82.587
679.343,554.499,706786.270,954272.400,76.8791433,8.6283458,99.812
679.373,102.349,706786.300,953820.250,76.8791234,8.6242582,78.822
679.573,147.799,706786.500,953865.700,76.8791272,8.6246690,83.819
679.943,159.039,706786.870,953876.940,76.8791311,8.6247706,87.210
680.153,137.909,706787.080,953855.810,76.8791320,8.6245796,83.290
680.223,75.959,706787.150,953793.860,76.8791299,8.6240195,78.524
680.433,118.909,706787.360,953836.810,76.8791337,8.6244078,82.389
680.803,153.319,706787.730,953871.220,76.8791386,8.6247189,84.047
680.953,118.669,706787.880,953836.570,76.8791385,8.6244056,82.437
681.053,172.499,706787.980,953890.400,76.8791418,8.6248923,88.915
681.143,115.309,706788.070,953833.210,76.8791400,8.6243752,79.344
681.673,135.199,706788.600,953853.100,76.8791457,8.6245550,83.205
682.103,144.559,706789.030,953862.460,76.8791501,8.6246396,83.590
682.593,166.639,706789.520,953884.540,76.8791555,8.6248392,87.829
682.953,111.179,706789.880,953829.080,76.8791563,8.6243378,79.094
683.123,84.859,706790.050,953802.760,76.8791567,8.6240999,78.148
683.473,124.649,706790.400,953842.550,76.8791616,8.6244596,82.795
683.543,95.999,706790.470,953813.900,76.8791610,8.6242006,78.845
683.793,92.269,706790.720,953810.170,76.8791631,8.6241668,78.672
684.353,116.939,706791.280,953834.840,76.8791693,8.6243898,79.372
684.483,149.409,706791.410,953867.310,76.8791719,8.6246834,83.700
684.753,155.969,706791.680,953873.870,76.8791746,8.6247427,84.029
684.763,156.019,706791.690,953873.920,76.8791747,8.6247431,84.032
685.053,106.349,706791.980,953824.250,76.8791751,8.6242941,78.957
685.203,174.769,706792.130,953892.670,76.8791796,8.6249126,88.686
685.423,120.939,706792.350,953838.840,76.8791792,8.6244259,82.666
685.503,162.289,706792.430,953880.190,76.8791817,8.6247998,87.177
685.563,79.129,706792.490,953797.030,76.8791786,8.6240480,77.476
686.323,137.309,706793.250,953855.210,76.8791881,8.6245739,83.204
686.403,111.969,706793.330,953829.870,76.8791877,8.6243448,79.152
686.813,102.409,706793.740,953820.310,76.8791910,8.6242584,78.796
686.883,87.279,706793.810,953805.180,76.8791909,8.6241216,78.444
687.003,146.699,706793.930,953864.600,76.8791947,8.6246588,83.812
687.123,118.139,706794.050,953836.040,76.8791945,8.6244006,79.426
687.123,127.519,706794.050,953845.420,76.8791949,8.6244854,82.898
687.413,170.389,706794.340,953888.290,76.8791994,8.6248729,87.922
687.573,93.529,706794.500,953811.430,76.8791975,8.6241781,78.806
687.813,108.259,706794.740,953826.160,76.8792003,8.6243112,79.006
688.353,98.429,706795.280,953816.330,76.8792048,8.6242223,78.684
688.833,98.709,706795.760,953816.610,76.8792091,8.6242248,78.557
688.973,152.759,706795.900,953870.660,76.8792128,8.6247135,83.828
689.543,178.509,706796.470,953896.410,76.8792192,8.6249462,88.581
689.583,113.219,706796.510,953831.120,76.8792166,8.6243560,79.199
690.123,89.109,706797.050,953807.010,76.8792204,8.6241380,78.432
690.123,103.429,706797.050,953821.330,76.8792211,8.6242674,78.722
690.403,139.459,706797.330,953857.360,76.8792252,8.6245932,83.370
690.643,119.439,706797.570,953837.340,76.8792265,8.6244122,79.491
690.923,130.129,706797.850,953848.030,76.8792295,8.6245088,82.994
690.933,149.939,706797.860,953867.840,76.8792305,8.6246879,83.782
691.123,166.229,706798.050,953884.130,76.8792330,8.6248351,87.093
691.423,144.069,706798.350,953861.970,76.8792347,8.6246348,83.496
691.713,95.179,706798.640,953813.080,76.8792351,8.6241928,78.637
691.773,126.129,706798.700,953844.030,76.8792371,8.6244726,83.040
692.003,99.939,706798.930,953817.840,76.8792380,8.6242358,78.708
692.083,81.629,706799.010,953799.530,76.8792379,8.6240703,78.747
692.213,108.439,706799.140,953826.340,76.8792403,8.6243126,78.960
693.013,114.349,706799.940,953832.250,76.8792478,8.6243660,79.345
693.163,121.109,706800.090,953839.010,76.8792495,8.6244271,79.626
693.303,155.169,706800.230,953873.070,76.8792523,8.6247350,83.886
693.333,161.359,706800.260,953879.260,76.8792528,8.6247910,83.994
693.363,175.789,706800.290,953893.690,76.8792537,8.6249215,87.896
693.473,105.399,706800.400,953823.300,76.8792516,8.6242851,78.788
693.553,182.529,706800.480,953900.430,76.8792558,8.6249824,88.543
693.983,96.179,706800.910,953814.080,76.8792558,8.6242017,78.642
694.093,91.489,706801.020,953809.390,76.8792566,8.6241593,78.506
694.573,132.729,706801.500,953850.630,76.8792628,8.6245321,83.089
694.743,142.129,706801.670,953860.030,76.8792648,8.6246171,83.408
694.933,109.959,706801.860,953827.860,76.8792651,8.6243263,79.101
695.513,82.889,706802.440,953800.790,76.8792691,8.6240815,78.668
695.533,117.059,706802.460,953834.960,76.8792708,8.6243904,79.553
695.713,151.869,706802.640,953869.770,76.8792740,8.6247051,83.783
696.073,88.049,706803.000,953805.950,76.8792744,8.6241281,78.362
696.223,92.409,706803.150,953810.310,76.8792760,8.6241675,78.534
696.293,163.789,706803.220,953881.690,76.8792798,8.6248128,84.153
696.493,85.159,706803.420,953803.060,76.8792781,8.6241020,78.277
696.493,106.499,706803.420,953824.400,76.8792791,8.6242949,78.919
696.533,97.649,706803.460,953815.550,76.8792790,8.6242149,78.666
696.913,158.019,706803.840,953875.920,76.8792852,8.6247607,83.969
697.113,123.269,706804.040,953841.170,76.8792855,8.6244465,79.780
697.313,180.529,706804.240,953898.430,76.8792898,8.6249641,88.034
697.383,171.899,706804.310,953889.800,76.8792901,8.6248861,87.132
697.793,111.869,706804.720,953829.770,76.8792911,8.6243434,79.139
697.883,126.999,706804.810,953844.900,76.8792926,8.6244802,83.253
698.763,93.979,706805.690,953811.880,76.8792991,8.6241816,78.546
698.793,154.869,706805.720,953872.770,76.8793021,8.6247321,83.998
698.973,99.059,706805.900,953816.960,76.8793013,8.6242275,78.710
699.313,89.999,706806.240,953807.900,76.8793040,8.6241456,78.424
699.333,144.429,706806.260,953862.330,76.8793066,8.6246377,83.546
699.433,118.979,706806.360,953836.880,76.8793063,8.6244076,79.681
699.603,135.039,706806.530,953852.940,76.8793086,8.6245528,83.197
699.983,160.579,706806.910,953878.480,76.8793132,8.6247837,83.974
700.053,86.659,706806.980,953804.560,76.8793105,8.6241154,78.322
701.333,168.869,706808.260,953886.770,76.8793258,8.6248585,84.571
701.643,209.799,706808.570,953927.700,76.8793305,8.6252286,91.576
701.653,96.639,706808.580,953814.540,76.8793255,8.6242055,78.696
701.793,176.019,706808.720,953893.920,76.8793303,8.6249232,87.119
702.043,104.909,706808.970,953822.810,76.8793294,8.6242803,78.974
702.073,104.889,706809.000,953822.790,76.8793297,8.6242801,78.859
702.233,113.899,706809.160,953831.800,76.8793315,8.6243616,79.363
702.243,91.759,706809.170,953809.660,76.8793306,8.6241614,78.508
702.323,112.279,706809.250,953830.180,76.8793323,8.6243469,79.253
702.503,129.509,706809.430,953847.410,76.8793347,8.6245027,83.310
702.573,185.639,706809.500,953903.540,76.8793378,8.6250101,87.937
702.653,157.139,706809.580,953875.040,76.8793373,8.6247524,83.975
702.803,125.899,706809.730,953843.800,76.8793373,8.6244700,79.995
703.353,146.879,706810.280,953864.780,76.8793432,8.6246597,83.560
703.553,137.989,706810.480,953855.890,76.8793446,8.6245793,83.315
703.793,120.219,706810.720,953838.120,76.8793460,8.6244186,79.633
703.963,208.379,706810.890,953926.280,76.8793515,8.6252156,91.099
704.233,217.439,706811.160,953935.340,76.8793543,8.6252975,91.587
704.313,89.009,706811.240,953806.910,76.8793493,8.6241364,78.489
704.413,107.659,706811.340,953825.560,76.8793511,8.6243050,78.939
704.933,113.389,706811.860,953831.290,76.8793560,8.6243568,79.286
705.053,98.899,706811.980,953816.800,76.8793565,8.6242258,78.711
705.183,164.499,706812.110,953882.400,76.8793606,8.6248189,83.976
705.423,152.889,706812.350,953870.790,76.8793623,8.6247139,83.730
705.923,188.579,706812.850,953906.480,76.8793684,8.6250365,88.000
705.963,223.069,706812.890,953940.970,76.8793703,8.6253483,91.781
706.283,201.789,706813.210,953919.690,76.8793723,8.6251559,90.161
706.333,131.599,706813.260,953849.500,76.8793696,8.6245214,83.340
706.333,141.999,706813.260,953859.900,76.8793700,8.6246154,83.385
706.513,103.139,706813.440,953821.040,76.8793699,8.6242641,78.884
706.603,116.089,706813.530,953833.990,76.8793713,8.6243812,79.451
706.823,206.039,706813.750,953923.940,76.8793774,8.6251943,90.843
706.923,180.759,706813.850,953898.660,76.8793771,8.6249658,87.149
706.953,174.089,706813.880,953891.990,76.8793771,8.6249055,84.839
707.023,127.089,706813.950,953844.990,76.8793756,8.6244806,79.891
707.313,215.989,706814.240,953933.890,76.8793823,8.6252843,91.409
707.493,149.649,706814.420,953867.550,76.8793809,8.6246845,83.675
707.833,109.509,706814.760,953827.410,76.8793822,8.6243216,79.044
707.953,161.469,706814.880,953879.370,76.8793856,8.6247914,83.973
707.973,100.589,706814.900,953818.490,76.8793831,8.6242410,78.831
708.593,92.209,706815.520,953810.110,76.8793883,8.6241652,78.603
708.733,220.099,706815.660,953938.000,76.8793953,8.6253214,91.505
709.173,204.789,706816.100,953922.690,76.8793986,8.6251829,88.754
709.333,96.859,706816.260,953814.760,76.8793953,8.6242072,78.787
709.383,122.559,706816.310,953840.460,76.8793969,8.6244395,79.807
709.523,115.389,706816.450,953833.290,76.8793978,8.6243747,79.374
709.613,199.479,706816.540,953917.380,76.8794024,8.6251349,88.946
710.183,104.689,706817.110,953822.590,76.8794033,8.6242779,78.989
710.283,193.319,706817.210,953911.220,76.8794082,8.6250792,87.886
710.633,134.499,706817.560,953852.400,76.8794088,8.6245474,83.343
711.083,152.379,706818.010,953870.280,76.8794137,8.6247090,83.728
711.233,144.819,706818.160,953862.720,76.8794147,8.6246407,83.360
711.363,125.149,706818.290,953843.050,76.8794150,8.6244629,80.104
711.373,102.139,706818.300,953820.040,76.8794140,8.6242548,78.884
711.423,167.159,706818.350,953885.060,76.8794174,8.6248426,84.022
711.433,123.919,706818.360,953841.820,76.8794156,8.6244517,80.036
711.453,213.659,706818.380,953931.560,76.8794198,8.6252630,91.136
711.463,92.699,706818.390,953810.600,76.8794144,8.6241695,78.780
711.763,111.379,706818.690,953829.280,76.8794180,8.6243383,79.120
712.343,83.959,706819.270,953801.860,76.8794220,8.6240904,78.747
712.343,118.669,706819.270,953836.570,76.8794236,8.6244042,79.549
712.513,218.559,706819.440,953936.460,76.8794296,8.6253073,91.230
712.713,98.679,706819.640,953816.580,76.8794261,8.6242235,78.844
712.843,202.069,706819.770,953919.970,76.8794319,8.6251582,88.627
712.933,212.559,706819.860,953930.460,76.8794332,8.6252530,88.832
712.983,88.579,706819.910,953806.480,76.8794281,8.6241322,78.568
712.993,116.829,706819.920,953834.730,76.8794294,8.6243876,79.434
713.473,197.209,706820.400,953915.110,76.8794374,8.6251142,88.053
713.493,120.519,706820.420,953838.420,76.8794341,8.6244209,79.852
713.943,179.619,706820.870,953897.520,76.8794409,8.6249552,84.583
714.073,155.349,706821.000,953873.250,76.8794410,8.6247358,83.721
714.223,161.199,706821.150,953879.100,76.8794426,8.6247886,83.906
714.293,106.809,706821.220,953824.710,76.8794408,8.6242969,79.129
714.403,126.339,706821.330,953844.240,76.8794427,8.6244735,80.287
714.983,171.249,706821.910,953889.150,76.8794499,8.6248795,84.101
715.143,94.349,706822.070,953812.250,76.8794479,8.6241842,78.727
715.213,112.679,706822.140,953830.580,76.8794494,8.6243499,79.280
715.283,147.989,706822.210,953865.890,76.8794516,8.6246692,83.456
715.593,217.679,706822.520,953935.580,76.8794575,8.6252992,89.013
715.623,117.319,706822.550,953835.220,76.8794533,8.6243919,79.708
715.673,104.569,706822.600,953822.470,76.8794532,8.6242766,79.035
716.323,210.169,706823.250,953928.070,76.8794638,8.6252312,88.604
716.513,188.859,706823.440,953906.760,76.8794646,8.6250386,86.931
716.793,199.819,706823.720,953917.720,76.8794676,8.6251377,88.072
716.853,139.219,706823.780,953857.120,76.8794655,8.6245898,83.412
717.063,114.109,706823.990,953832.010,76.8794663,8.6243628,79.542
717.313,158.869,706824.240,953876.770,76.8794705,8.6247674,83.779
717.433,184.319,706824.360,953902.220,76.8794728,8.6249975,84.708
717.463,108.469,706824.390,953826.370,76.8794696,8.6243118,79.232
717.533,73.109,706824.460,953791.010,76.8794687,8.6239921,79.162
717.623,91.469,706824.550,953809.370,76.8794703,8.6241581,78.630
717.673,130.289,706824.600,953848.190,76.8794725,8.6245090,80.516
717.743,131.379,706824.670,953849.280,76.8794732,8.6245189,80.609
717.853,101.019,706824.780,953818.920,76.8794729,8.6242444,78.939
717.933,174.909,706824.860,953892.810,76.8794769,8.6249124,84.138
717.993,194.829,706824.920,953912.730,76.8794783,8.6250925,87.309
718.363,151.299,706825.290,953869.200,76.8794797,8.6246989,83.593
718.393,194.229,706825.320,953912.130,76.8794819,8.6250870,87.042
718.723,106.959,706825.650,953824.860,76.8794810,8.6242981,79.153
719.133,119.529,706826.060,953837.430,76.8794853,8.6244117,79.893
719.333,214.679,706826.260,953932.580,76.8794914,8.6252719,88.672
720.073,93.589,706827.000,953811.490,76.8794927,8.6241772,78.709
720.183,207.629,706827.110,953925.530,76.8794988,8.6252081,88.206
720.243,142.899,706827.170,953860.800,76.8794964,8.6246229,83.489
720.393,97.869,706827.320,953815.770,76.8794958,8.6242158,78.798
720.623,67.399,706827.550,953785.300,76.8794965,8.6239404,79.486
720.653,162.489,706827.580,953880.390,76.8795010,8.6248000,83.918
721.023,187.269,706827.950,953905.170,76.8795055,8.6250240,84.769
721.103,102.689,706828.030,953820.590,76.8795025,8.6242594,79.097
721.773,155.339,706828.700,953873.240,76.8795109,8.6247353,83.727
721.783,197.079,706828.710,953914.980,76.8795129,8.6251127,87.802
721.903,192.429,706828.830,953910.330,76.8795137,8.6250706,86.418
721.923,136.429,706828.850,953854.330,76.8795114,8.6245644,80.885
722.093,104.679,706829.020,953822.580,76.8795115,8.6242773,79.349
722.173,169.299,706829.100,953887.200,76.8795152,8.6248615,84.050
722.473,115.709,706829.400,953833.610,76.8795155,8.6243770,79.674
722.583,115.259,706829.510,953833.160,76.8795165,8.6243729,79.701
723.103,99.829,706830.030,953817.730,76.8795205,8.6242334,78.896
723.113,169.549,706830.040,953887.450,76.8795237,8.6248637,84.129
723.133,179.889,706830.060,953897.790,76.8795243,8.6249572,84.164
723.203,147.359,706830.130,953865.260,76.8795235,8.6246631,83.584
723.383,112.629,706830.310,953830.530,76.8795236,8.6243491,79.546
723.623,96.809,706830.550,953814.710,76.8795251,8.6242061,78.730
723.713,111.289,706830.640,953829.190,76.8795265,8.6243370,79.559
723.773,124.859,706830.700,953842.760,76.8795277,8.6244597,80.203
723.943,213.969,706830.870,953931.870,76.8795332,8.6252653,88.668
724.333,138.139,706831.260,953856.040,76.8795334,8.6245797,80.934
724.573,122.799,706831.500,953840.700,76.8795349,8.6244410,79.980
724.593,101.449,706831.520,953819.350,76.8795341,8.6242480,79.001
724.733,205.409,706831.660,953923.310,76.8795400,8.6251878,87.910
724.793,194.909,706831.720,953912.810,76.8795401,8.6250929,87.706
725.113,138.069,706832.040,953855.970,76.8795405,8.6245790,80.904
725.203,159.379,706832.130,953877.280,76.8795422,8.6247717,83.873
726.073,108.529,706833.000,953826.430,76.8795479,8.6243119,79.466
726.253,182.989,706833.180,953900.890,76.8795528,8.6249851,84.373
726.333,194.259,706833.260,953912.160,76.8795541,8.6250870,85.972
726.413,150.789,706833.340,953868.690,76.8795528,8.6246940,83.581
726.463,164.469,706833.390,953882.370,76.8795539,8.6248176,84.201
726.543,131.229,706833.470,953849.130,76.8795531,8.6245171,80.600
727.063,211.249,706833.990,953929.150,76.8795614,8.6252405,88.296
727.363,119.219,706834.290,953837.120,76.8795601,8.6244085,79.871
727.673,99.089,706834.600,953816.990,76.8795620,8.6242265,79.160
727.713,99.019,706834.640,953816.920,76.8795623,8.6242259,79.147
728.033,174.399,706834.960,953892.300,76.8795686,8.6249073,84.179
728.143,119.999,706835.070,953837.900,76.8795672,8.6244155,79.918
728.263,189.259,706835.190,953907.160,76.8795714,8.6250417,85.409
728.453,113.869,706835.380,953831.770,76.8795697,8.6243601,79.614
728.493,113.909,706835.420,953831.810,76.8795701,8.6243605,79.617
728.843,105.519,706835.770,953823.420,76.8795729,8.6242846,79.124
729.713,192.669,706836.640,953910.570,76.8795847,8.6250724,85.519
729.923,203.159,706836.850,953921.060,76.8795871,8.6251673,87.623
730.423,159.699,706837.350,953877.600,76.8795897,8.6247743,83.956
730.463,155.169,706837.390,953873.070,76.8795898,8.6247334,83.624
730.473,201.959,706837.400,953919.860,76.8795920,8.6251564,85.816
730.603,126.549,706837.530,953844.450,76.8795898,8.6244747,80.238
730.663,126.539,706837.590,953844.440,76.8795904,8.6244746,80.224
730.693,133.629,706837.620,953851.530,76.8795910,8.6245387,80.652
730.753,146.169,706837.680,953864.070,76.8795921,8.6246520,81.259
731.613,102.149,706838.540,953820.050,76.8795979,8.6242540,79.134
731.943,93.759,706838.870,953811.660,76.8796005,8.6241782,78.539
732.093,93.589,706839.020,953811.490,76.8796019,8.6241766,79.280
732.133,93.649,706839.060,953811.550,76.8796022,8.6241772,79.271
732.533,108.899,706839.460,953826.800,76.8796066,8.6243150,79.214
732.743,208.529,706839.670,953926.430,76.8796129,8.6252157,87.908
733.073,117.289,706840.000,953835.190,76.8796118,8.6243908,79.796
733.543,140.489,706840.470,953858.390,76.8796172,8.6246005,80.855
733.613,190.869,706840.540,953908.770,76.8796200,8.6250560,85.203
733.883,181.269,706840.810,953899.170,76.8796221,8.6249692,84.006
733.993,200.169,706840.920,953918.070,76.8796239,8.6251401,85.505
734.123,206.019,706841.050,953923.920,76.8796253,8.6251929,85.536
734.193,157.019,706841.120,953874.920,76.8796238,8.6247500,83.342
734.243,131.299,706841.170,953849.200,76.8796231,8.6245174,80.508
734.633,122.069,706841.560,953839.970,76.8796262,8.6244340,80.010
735.003,126.229,706841.930,953844.130,76.8796298,8.6244716,80.184
735.003,174.309,706841.930,953892.210,76.8796319,8.6249062,84.045
735.993,86.839,706842.920,953804.740,76.8796370,8.6241154,79.167
736.353,184.919,706843.280,953902.820,76.8796447,8.6250021,84.045
736.713,105.899,706843.640,953823.800,76.8796444,8.6242877,79.317
736.773,177.369,706843.700,953895.270,76.8796481,8.6249338,83.964
737.043,141.349,706843.970,953859.250,76.8796490,8.6246082,80.892
737.723,113.429,706844.650,953831.330,76.8796539,8.6243557,79.507
737.853,98.589,706844.780,953816.490,76.8796544,8.6242216,79.421
737.903,187.969,706844.830,953905.870,76.8796589,8.6250296,84.940
737.973,197.849,706844.900,953915.750,76.8796600,8.6251189,85.302
738.333,161.539,706845.260,953879.440,76.8796616,8.6247906,83.365
738.353,136.739,706845.280,953854.640,76.8796607,8.6245664,80.724
738.403,79.839,706845.330,953797.740,76.8796586,8.6240520,79.878
738.613,156.929,706845.540,953874.830,76.8796639,8.6247489,81.685
738.643,144.319,706845.570,953862.220,76.8796636,8.6246349,80.993
739.473,117.069,706846.400,953834.970,76.8796700,8.6243886,79.780
739.473,187.439,706846.400,953905.340,76.8796731,8.6250247,83.903
739.523,125.509,706846.450,953843.410,76.8796708,8.6244649,80.179
739.833,203.129,706846.760,953921.030,76.8796771,8.6251666,85.332
740.633,182.569,706847.560,953900.470,76.8796834,8.6249806,83.639
741.223,93.239,706848.150,953811.140,76.8796848,8.6241730,79.602
741.523,165.069,706848.450,953882.970,76.8796907,8.6248224,83.416
741.703,101.089,706848.630,953818.990,76.8796895,8.6242440,79.552
741.863,110.229,706848.790,953828.130,76.8796914,8.6243266,79.495
742.183,195.469,706849.110,953913.370,76.8796981,8.6250972,85.052
742.323,132.669,706849.250,953850.570,76.8796966,8.6245295,80.540
742.333,81.159,706849.260,953799.060,76.8796943,8.6240638,79.760
742.653,149.189,706849.580,953867.090,76.8797003,8.6246788,81.122
743.313,185.569,706850.240,953903.470,76.8797079,8.6250077,83.682
743.403,194.689,706850.330,953912.590,76.8797091,8.6250901,84.033
743.423,120.629,706850.350,953838.530,76.8797060,8.6244206,79.754
743.723,148.579,706850.650,953866.480,76.8797100,8.6246732,81.051
744.153,346.529,706851.080,954064.430,76.8797227,8.6264628,92.201
744.393,142.089,706851.320,953859.990,76.8797158,8.6246145,80.887
744.573,340.709,706851.500,954058.610,76.8797263,8.6264101,92.394
745.033,168.779,706851.960,953886.680,76.8797228,8.6248558,83.427
745.363,165.389,706852.290,953883.290,76.8797256,8.6248251,81.784
745.483,200.939,706852.410,953918.840,76.8797283,8.6251465,85.040
745.773,114.609,706852.700,953832.510,76.8797271,8.6243660,79.620
746.043,153.589,706852.970,953871.490,76.8797313,8.6247184,81.312
746.533,131.519,706853.460,953849.420,76.8797347,8.6245189,80.447
746.553,131.499,706853.480,953849.400,76.8797349,8.6245187,80.459
746.573,200.639,706853.500,953918.540,76.8797382,8.6251437,84.282
746.833,97.029,706853.760,953814.930,76.8797359,8.6242071,79.719
746.943,192.809,706853.870,953910.710,76.8797412,8.6250729,83.961
746.993,192.809,706853.920,953910.710,76.8797417,8.6250729,83.959
747.313,146.269,706854.240,953864.170,76.8797425,8.6246522,81.037
747.323,347.459,706854.250,954065.360,76.8797516,8.6264710,92.201
747.333,104.079,706854.260,953821.980,76.8797408,8.6242708,79.702
747.463,346.979,706854.390,954064.880,76.8797528,8.6264667,92.201
747.523,183.419,706854.450,953901.320,76.8797461,8.6249880,83.474
747.573,171.769,706854.500,953889.670,76.8797460,8.6248827,83.395
747.693,341.639,706854.620,954059.540,76.8797547,8.6264184,92.394
747.803,357.959,706854.730,954075.860,76.8797564,8.6265659,92.089
747.813,160.429,706854.740,953878.330,76.8797477,8.6247802,81.624
747.833,341.159,706854.760,954059.060,76.8797559,8.6264140,92.394
747.873,84.989,706854.800,953802.890,76.8797448,8.6240982,79.860
748.033,399.399,706854.960,954117.300,76.8797604,8.6269405,92.342
748.103,138.649,706855.030,953856.550,76.8797493,8.6245833,80.706
748.513,356.089,706855.440,954073.990,76.8797628,8.6265490,92.382
748.653,355.609,706855.580,954073.510,76.8797640,8.6265446,92.382
749.143,385.919,706856.070,954103.820,76.8797698,8.6268186,92.317
749.183,118.189,706856.110,953836.090,76.8797582,8.6243982,79.772
749.183,339.399,706856.110,954057.300,76.8797681,8.6263981,92.425
749.233,365.029,706856.160,954082.930,76.8797697,8.6266298,92.087
749.603,373.489,706856.530,954091.390,76.8797735,8.6267062,92.202
749.823,174.139,706856.750,953892.040,76.8797665,8.6249040,83.376
749.883,198.259,706856.810,953916.160,76.8797682,8.6251221,84.015
749.973,156.469,706856.900,953874.370,76.8797671,8.6247443,81.373
750.333,171.689,706857.260,953889.590,76.8797711,8.6248819,82.304
750.573,150.999,706857.500,953868.900,76.8797723,8.6246948,81.178
750.773,190.119,706857.700,953908.020,76.8797759,8.6250485,83.773
750.903,177.279,706857.830,953895.180,76.8797765,8.6249324,82.674
751.023,343.449,706857.950,954061.350,76.8797850,8.6264346,92.161
751.113,358.939,706858.040,954076.840,76.8797865,8.6265746,92.089
751.243,165.469,706858.170,953883.370,76.8797791,8.6248256,81.842
751.253,358.459,706858.180,954076.360,76.8797878,8.6265703,92.089
751.493,400.429,706858.420,954118.330,76.8797918,8.6269497,92.342
751.623,136.969,706858.550,953854.870,76.8797812,8.6245679,80.599
751.633,399.949,706858.560,954117.850,76.8797931,8.6269454,92.342
751.653,180.429,706858.580,953898.330,76.8797834,8.6249608,83.539
751.663,126.149,706858.590,953844.050,76.8797811,8.6244701,79.968
751.673,407.309,706858.600,954125.210,76.8797938,8.6270119,96.915
752.203,102.459,706859.130,953820.360,76.8797850,8.6242559,79.848
752.383,90.479,706859.310,953808.380,76.8797861,8.6241476,79.840
752.383,180.299,706859.310,953898.200,76.8797901,8.6249596,82.420
752.543,340.399,706859.470,954058.300,76.8797987,8.6264070,92.425
752.603,386.939,706859.530,954104.840,76.8798013,8.6268277,92.317
752.683,339.919,706859.610,954057.820,76.8797999,8.6264026,92.425
752.683,366.049,706859.610,954083.950,76.8798011,8.6266388,92.087
752.743,386.459,706859.670,954104.360,76.8798026,8.6268234,92.317
752.823,365.569,706859.750,954083.470,76.8798024,8.6266345,92.087
752.963,374.479,706859.890,954092.380,76.8798040,8.6267150,92.202
752.983,156.799,706859.910,953874.700,76.8797945,8.6247471,81.312
753.003,121.669,706859.930,953839.570,76.8797931,8.6244295,79.870
753.103,373.999,706860.030,954091.900,76.8798053,8.6267107,92.202
753.173,196.179,706860.100,953914.080,76.8797980,8.6251031,83.916
753.183,156.599,706860.110,953874.500,76.8797963,8.6247453,81.339
753.443,390.179,706860.370,954108.080,76.8798091,8.6268570,92.342
753.583,113.709,706860.510,953831.610,76.8797980,8.6243576,79.897
754.033,170.709,706860.960,953888.610,76.8798046,8.6248728,82.153
754.373,344.449,706861.300,954062.350,76.8798155,8.6264435,92.161
754.513,343.969,706861.440,954061.870,76.8798167,8.6264391,92.161
754.743,163.229,706861.670,953881.130,76.8798107,8.6248052,81.601
755.163,407.779,706862.090,954125.680,76.8798255,8.6270160,96.648
755.293,108.139,706862.220,953826.040,76.8798133,8.6243071,79.961
755.333,146.649,706862.260,953864.550,76.8798154,8.6246553,80.951
755.363,187.529,706862.290,953905.430,76.8798175,8.6250248,83.487
755.583,178.899,706862.510,953896.800,76.8798191,8.6249468,82.292
755.813,144.849,706862.740,953862.750,76.8798196,8.6246390,80.878
755.913,144.629,706862.840,953862.530,76.8798205,8.6246370,80.858
756.043,122.359,706862.970,953840.260,76.8798207,8.6244356,79.972
756.213,187.289,706863.140,953905.190,76.8798252,8.6250226,82.424
756.463,365.829,706863.390,954083.730,76.8798354,8.6266367,92.078
756.633,94.829,706863.560,953812.730,76.8798249,8.6241867,79.914
756.843,391.179,706863.770,954109.080,76.8798400,8.6268658,92.342
756.983,390.699,706863.910,954108.600,76.8798413,8.6268615,92.342
757.323,350.749,706864.250,954068.650,76.8798426,8.6265003,93.591
757.403,132.539,706864.330,953850.440,76.8798335,8.6245276,80.248
757.423,167.939,706864.350,953885.840,76.8798353,8.6248476,81.804
757.463,350.269,706864.390,954068.170,76.8798438,8.6264960,93.591
757.913,98.119,706864.840,953816.020,76.8798366,8.6242164,79.852
757.913,408.029,706864.840,954125.930,76.8798505,8.6270181,94.180
757.943,408.679,706864.870,954126.580,76.8798508,8.6270240,94.070
758.013,186.109,706864.940,953904.010,76.8798415,8.6250119,82.364
758.263,171.289,706865.190,953889.190,76.8798431,8.6248779,82.079
758.533,115.809,706865.460,953833.710,76.8798431,8.6243763,80.117
758.553,192.959,706865.480,953910.860,76.8798467,8.6250738,83.460
758.593,177.269,706865.520,953895.170,76.8798463,8.6249319,81.988
759.013,391.509,706865.940,954109.410,76.8798597,8.6268687,92.019
759.203,373.199,706866.130,954091.100,76.8798606,8.6267032,92.118
759.213,101.729,706866.140,953819.630,76.8798486,8.6242490,79.872
759.383,149.829,706866.310,953867.730,76.8798523,8.6246838,81.055
759.823,366.829,706866.750,954084.730,76.8798660,8.6266456,92.078
759.923,380.539,706866.850,954098.440,76.8798675,8.6267695,92.121
759.953,124.429,706866.880,953842.330,76.8798563,8.6244542,80.120
759.963,366.349,706866.890,954084.250,76.8798672,8.6266412,92.078
760.063,155.389,706866.990,953873.290,76.8798587,8.6247341,81.235
760.253,415.309,706867.180,954133.210,76.8798721,8.6270838,92.682
760.773,106.009,706867.700,953823.910,76.8798630,8.6242876,80.104
760.773,385.659,706867.700,954103.560,76.8798755,8.6268158,91.796
760.793,191.499,706867.720,953909.400,76.8798670,8.6250605,82.571
760.823,411.279,706867.750,954129.180,76.8798771,8.6270474,92.720
761.053,175.919,706867.980,953893.820,76.8798686,8.6249196,81.962
761.093,424.489,706868.020,954142.390,76.8798801,8.6271668,92.517
761.133,352.159,706868.060,954070.060,76.8798772,8.6265129,91.705
761.453,183.979,706868.380,953901.880,76.8798726,8.6249925,82.239
761.623,119.459,706868.550,953837.360,76.8798713,8.6244092,80.263
761.623,139.429,706868.550,953857.330,76.8798722,8.6245897,80.440
761.883,444.379,706868.810,954162.280,76.8798882,8.6273466,92.435
762.413,392.519,706869.340,954110.420,76.8798907,8.6268777,92.019
762.463,374.169,706869.390,954092.070,76.8798903,8.6267118,92.118
762.483,463.329,706869.410,954181.230,76.8798945,8.6275179,93.747
762.503,452.419,706869.430,954170.320,76.8798942,8.6274192,93.665
762.563,392.039,706869.490,954109.940,76.8798920,8.6268734,92.019
762.603,373.689,706869.530,954091.590,76.8798916,8.6267075,92.118
762.693,433.589,706869.620,954151.490,76.8798951,8.6272490,92.670
762.973,166.069,706869.900,953883.970,76.8798856,8.6248305,81.760
763.093,462.489,706870.020,954180.390,76.8799000,8.6275102,95.667
763.113,110.139,706870.040,953828.040,76.8798844,8.6243249,80.214
763.243,398.099,706870.170,954116.000,76.8798985,8.6269281,92.214
763.243,462.009,706870.170,954179.910,76.8799013,8.6275059,95.667
763.383,381.559,706870.310,954099.460,76.8798990,8.6267786,92.121
763.463,170.339,706870.390,953888.240,76.8798903,8.6248691,81.930
763.523,381.079,706870.450,954098.980,76.8799002,8.6267742,92.121
763.593,134.609,706870.520,953852.510,76.8798899,8.6245461,80.396
763.603,416.299,706870.530,954134.200,76.8799025,8.6270926,92.682
763.733,128.859,706870.660,953846.760,76.8798909,8.6244941,80.246
763.753,415.819,706870.680,954133.720,76.8799039,8.6270883,92.682
764.183,412.279,706871.110,954130.180,76.8799076,8.6270563,92.720
764.213,425.419,706871.140,954143.320,76.8799085,8.6271751,92.517
764.223,386.679,706871.150,954104.580,76.8799069,8.6268248,91.796
764.323,411.799,706871.250,954129.700,76.8799089,8.6270519,92.720
764.353,424.939,706871.280,954142.840,76.8799097,8.6271707,92.517
764.373,386.199,706871.300,954104.100,76.8799082,8.6268205,91.796
764.513,338.639,706871.440,954056.540,76.8799073,8.6263905,92.049
764.583,353.179,706871.510,954071.080,76.8799086,8.6265220,91.705
764.693,162.899,706871.620,953880.800,76.8799011,8.6248018,81.640
764.723,182.629,706871.650,953900.530,76.8799023,8.6249801,82.213
764.723,352.699,706871.650,954070.600,76.8799099,8.6265176,91.705
764.733,361.159,706871.660,954079.060,76.8799103,8.6265941,92.041
764.773,424.949,706871.700,954142.850,76.8799136,8.6271708,92.325
764.873,156.469,706871.800,953874.370,76.8799025,8.6247436,81.359
765.233,344.649,706872.160,954062.550,76.8799141,8.6264448,92.070
765.283,445.389,706872.210,954163.290,76.8799191,8.6273555,92.435
765.293,378.019,706872.220,954095.920,76.8799162,8.6267465,92.077
765.423,444.909,706872.350,954162.810,76.8799204,8.6273512,92.435
765.453,146.679,706872.380,953864.580,76.8799073,8.6246551,80.708
765.543,188.449,706872.470,953906.350,76.8799100,8.6250327,82.294
765.583,173.529,706872.510,953891.430,76.8799097,8.6248978,81.675
765.793,464.309,706872.720,954182.210,76.8799246,8.6275266,93.747
765.913,453.429,706872.840,954171.330,76.8799252,8.6274282,93.665
765.933,463.829,706872.860,954181.730,76.8799258,8.6275222,93.747
766.003,354.819,706872.930,954072.720,76.8799216,8.6265367,92.340
766.003,434.569,706872.930,954152.470,76.8799252,8.6272577,92.670
766.053,452.949,706872.980,954170.850,76.8799264,8.6274239,93.665
766.073,371.299,706873.000,954089.200,76.8799230,8.6266857,92.022
766.143,354.339,706873.070,954072.240,76.8799228,8.6265324,92.340
766.143,434.089,706873.070,954151.990,76.8799264,8.6272533,92.670
766.363,467.179,706873.290,954185.080,76.8799299,8.6275525,93.711
766.503,399.069,706873.430,954116.970,76.8799281,8.6269367,92.214
766.513,132.689,706873.440,953850.590,76.8799163,8.6245286,80.374
766.643,398.589,706873.570,954116.490,76.8799294,8.6269324,92.214
767.003,139.839,706873.930,953857.740,76.8799211,8.6245932,80.564
767.083,123.899,706874.010,953841.800,76.8799211,8.6244491,80.515
767.503,415.389,706874.430,954133.290,76.8799379,8.6270842,92.296
767.583,385.779,706874.510,954103.680,76.8799373,8.6268165,91.734
767.853,433.609,706874.780,954151.510,76.8799419,8.6272489,92.161
767.893,425.879,706874.820,954143.780,76.8799419,8.6271790,92.325
767.913,141.329,706874.840,953859.230,76.8799294,8.6246066,80.629
767.963,339.659,706874.890,954057.560,76.8799387,8.6263996,92.049
768.033,425.399,706874.960,954143.300,76.8799432,8.6271747,92.325
768.103,339.179,706875.030,954057.080,76.8799400,8.6263952,92.049
768.113,115.769,706875.040,953833.670,76.8799301,8.6243755,80.288
768.183,362.179,706875.110,954080.080,76.8799417,8.6266032,92.041
768.323,361.699,706875.250,954079.600,76.8799430,8.6265988,92.041
768.553,378.979,706875.480,954096.880,76.8799458,8.6267550,92.077
768.593,345.639,706875.520,954063.540,76.8799447,8.6264536,92.070
768.623,162.399,706875.550,953880.300,76.8799368,8.6247971,81.719
768.693,378.499,706875.620,954096.400,76.8799471,8.6267507,92.077
768.733,345.159,706875.660,954063.060,76.8799460,8.6264493,92.070
768.743,180.839,706875.670,953898.740,76.8799387,8.6249638,82.029
768.833,475.439,706875.760,954193.340,76.8799527,8.6276270,93.929
768.923,459.469,706875.850,954177.370,76.8799528,8.6274827,93.651
769.033,349.989,706875.960,954067.890,76.8799489,8.6264929,92.694
769.093,453.229,706876.020,954171.130,76.8799541,8.6274262,93.576
769.173,349.509,706876.100,954067.410,76.8799502,8.6264886,92.694
769.183,137.129,706876.110,953855.030,76.8799408,8.6245686,80.589
769.183,406.289,706876.110,954124.190,76.8799528,8.6270019,92.177
769.383,473.729,706876.310,954191.630,76.8799576,8.6276116,95.462
769.393,180.609,706876.320,953898.510,76.8799446,8.6249617,82.147
769.473,372.309,706876.400,954090.210,76.8799539,8.6266947,92.022
769.533,473.249,706876.460,954191.150,76.8799590,8.6276072,95.462
769.613,371.829,706876.540,954089.730,76.8799552,8.6266903,92.022
769.723,468.169,706876.650,954186.070,76.8799605,8.6275613,93.711
769.863,467.689,706876.790,954185.590,76.8799617,8.6275569,93.711
769.963,349.499,706876.890,954067.400,76.8799573,8.6264885,92.555
769.983,349.919,706876.910,954067.820,76.8799575,8.6264922,92.522
770.033,366.029,706876.960,954083.930,76.8799587,8.6266379,92.080
770.103,349.019,706877.030,954066.920,76.8799586,8.6264841,92.555
770.123,349.439,706877.050,954067.340,76.8799588,8.6264879,92.522
770.283,171.659,706877.210,953889.560,76.8799523,8.6248807,81.270
770.293,154.149,706877.220,953872.050,76.8799516,8.6247224,81.199
770.763,416.359,706877.690,954134.260,76.8799676,8.6270929,92.296
770.883,386.759,706877.810,954104.660,76.8799674,8.6268253,91.734
770.903,415.879,706877.830,954133.780,76.8799688,8.6270885,92.296
771.033,386.279,706877.960,954104.180,76.8799687,8.6268209,91.734
771.163,434.589,706878.090,954152.490,76.8799720,8.6272576,92.161
771.173,185.209,706878.100,953903.110,76.8799610,8.6250032,82.162
771.223,129.469,706878.150,953847.370,76.8799589,8.6244992,80.589
771.303,434.109,706878.230,954152.010,76.8799733,8.6272533,92.161
771.433,470.709,706878.360,954188.610,76.8799761,8.6275842,93.745
771.543,350.879,706878.470,954068.780,76.8799717,8.6265009,91.667
771.673,357.869,706878.600,954075.770,76.8799732,8.6265640,92.093
771.843,374.629,706878.770,954092.530,76.8799755,8.6267156,92.004
771.943,118.729,706878.870,953836.630,76.8799650,8.6244021,80.485
772.113,141.969,706879.040,953859.870,76.8799676,8.6246122,80.683
772.113,448.999,706879.040,954166.900,76.8799813,8.6273879,93.519
772.243,476.449,706879.170,954194.350,76.8799837,8.6276360,93.929
772.333,460.469,706879.260,954178.370,76.8799838,8.6274916,93.651
772.383,475.969,706879.310,954193.870,76.8799850,8.6276317,93.929
772.473,459.989,706879.400,954177.890,76.8799851,8.6274872,93.651
772.493,454.229,706879.420,954172.130,76.8799850,8.6274351,93.576
772.583,407.299,706879.510,954125.200,76.8799837,8.6270109,92.177
772.623,344.259,706879.550,954062.160,76.8799813,8.6264410,92.085
772.633,453.749,706879.560,954171.650,76.8799862,8.6274308,93.576
772.653,385.859,706879.580,954103.760,76.8799834,8.6268170,91.697
772.733,406.819,706879.660,954124.720,76.8799851,8.6270065,92.177
772.963,392.039,706879.890,954109.940,76.8799865,8.6268729,92.158
773.253,178.379,706880.180,953896.280,76.8799796,8.6249413,81.729
773.333,367.009,706880.260,954084.910,76.8799887,8.6266466,92.080
773.483,366.529,706880.410,954084.430,76.8799901,8.6266423,92.080
773.723,336.999,706880.650,954054.900,76.8799909,8.6263753,92.093
773.733,443.389,706880.660,954161.290,76.8799958,8.6273371,92.537
773.873,419.389,706880.800,954137.290,76.8799960,8.6271201,92.117
773.983,134.179,706880.910,953852.080,76.8799842,8.6245417,80.665
773.993,158.999,706880.920,953876.900,76.8799854,8.6247661,81.397
774.223,484.759,706881.150,954202.660,76.8800021,8.6277111,93.818
774.323,169.519,706881.250,953887.420,76.8799889,8.6248612,81.606
774.673,121.639,706881.600,953839.540,76.8799899,8.6244283,80.532
774.733,399.889,706881.660,954117.790,76.8800029,8.6269438,92.150
774.793,471.699,706881.720,954189.600,76.8800067,8.6275930,93.745
774.903,153.079,706881.830,953870.980,76.8799934,8.6247125,81.198
774.903,351.879,706881.830,954069.780,76.8800023,8.6265097,91.667
774.933,358.839,706881.860,954076.740,76.8800029,8.6265727,92.093
774.933,471.219,706881.860,954189.120,76.8800079,8.6275886,93.745
775.043,351.399,706881.970,954069.300,76.8800036,8.6265054,91.667
775.073,358.359,706882.000,954076.260,76.8800041,8.6265683,92.093
775.093,432.629,706882.020,954150.530,76.8800077,8.6272398,92.176
775.133,145.899,706882.060,953863.800,76.8799952,8.6246476,81.469
775.253,375.629,706882.180,954093.530,76.8800066,8.6267244,92.004
775.393,375.149,706882.320,954093.050,76.8800078,8.6267201,92.004
775.493,498.569,706882.420,954216.470,76.8800142,8.6278359,93.998
775.523,450.009,706882.450,954167.910,76.8800123,8.6273969,93.519
775.533,369.859,706882.460,954087.760,76.8800088,8.6266723,92.000
775.663,449.529,706882.590,954167.430,76.8800136,8.6273925,93.519
775.833,345.219,706882.760,954063.120,76.8800105,8.6264495,92.085
775.913,365.009,706882.840,954082.910,76.8800121,8.6266284,92.035
775.973,344.739,706882.900,954062.640,76.8800117,8.6264452,92.085
776.053,386.869,706882.980,954104.770,76.8800143,8.6268260,91.697
776.113,409.069,706883.040,954126.970,76.8800159,8.6270267,92.176
776.153,490.129,706883.080,954208.030,76.8800199,8.6277595,93.888
776.193,386.389,706883.120,954104.290,76.8800156,8.6268217,91.697
776.313,393.029,706883.240,954110.930,76.8800170,8.6268817,92.158
776.463,392.559,706883.390,954110.460,76.8800183,8.6268774,92.158
776.483,458.799,706883.410,954176.700,76.8800214,8.6274763,93.649
776.913,176.039,706883.840,953893.940,76.8800127,8.6249200,81.630
776.983,138.929,706883.910,953856.830,76.8800117,8.6245845,80.661
777.043,444.369,706883.970,954162.270,76.8800259,8.6273458,92.537
777.173,338.029,706884.100,954055.930,76.8800223,8.6263844,92.093
777.183,443.889,706884.110,954161.790,76.8800271,8.6273415,92.537
777.233,420.379,706884.160,954138.280,76.8800265,8.6271289,92.117
777.313,337.549,706884.240,954055.450,76.8800236,8.6263801,92.093
777.373,419.899,706884.300,954137.800,76.8800278,8.6271246,92.117
777.433,485.719,706884.360,954203.620,76.8800313,8.6277196,93.818
777.483,470.049,706884.410,954187.950,76.8800310,8.6275779,93.722
777.573,485.239,706884.500,954203.140,76.8800325,8.6277153,93.818
778.133,400.899,706885.060,954118.800,76.8800338,8.6269528,92.150
778.183,167.119,706885.110,953885.020,76.8800238,8.6248393,81.738
778.183,462.589,706885.110,954180.490,76.8800371,8.6275105,93.655
778.273,400.419,706885.200,954118.320,76.8800351,8.6269484,92.150
778.393,162.619,706885.320,953880.520,76.8800256,8.6247986,81.715
778.453,433.619,706885.380,954151.520,76.8800382,8.6272486,92.176
778.593,433.139,706885.520,954151.040,76.8800395,8.6272442,92.176
778.693,350.579,706885.620,954068.480,76.8800367,8.6264978,91.621
778.713,451.309,706885.640,954169.210,76.8800414,8.6274085,93.579
778.843,370.839,706885.770,954088.740,76.8800390,8.6266810,92.000
778.843,499.559,706885.770,954217.460,76.8800447,8.6278447,93.998
778.983,370.359,706885.910,954088.260,76.8800402,8.6266766,92.000
778.983,499.079,706885.910,954216.980,76.8800460,8.6278403,93.998
779.053,125.949,706885.980,953843.850,76.8800299,8.6244671,80.664
779.103,385.659,706886.030,954103.560,76.8800420,8.6268149,91.651
779.273,365.999,706886.200,954083.900,76.8800426,8.6266372,92.035
779.413,365.529,706886.340,954083.430,76.8800439,8.6266329,92.035
779.453,150.609,706886.380,953868.510,76.8800346,8.6246900,81.441
779.473,410.059,706886.400,954127.960,76.8800464,8.6270355,92.176
779.513,491.129,706886.440,954209.030,76.8800504,8.6277684,93.888
779.543,166.079,706886.470,953883.980,76.8800362,8.6248298,81.719
779.593,173.689,706886.520,953891.590,76.8800369,8.6248986,81.573
779.613,409.579,706886.540,954127.480,76.8800477,8.6270312,92.176
779.653,490.649,706886.580,954208.550,76.8800517,8.6277641,93.888
779.883,459.809,706886.810,954177.710,76.8800524,8.6274853,93.649
780.033,459.329,706886.960,954177.230,76.8800537,8.6274809,93.649
780.043,181.689,706886.970,953899.590,76.8800414,8.6249709,81.647
780.413,142.419,706887.340,953860.320,76.8800430,8.6246159,81.663
780.603,161.289,706887.530,953879.190,76.8800456,8.6247865,81.838
780.793,471.029,706887.720,954188.930,76.8800611,8.6275866,93.722
780.933,470.549,706887.860,954188.450,76.8800624,8.6275823,93.722
781.443,154.899,706888.370,953872.800,76.8800529,8.6247287,81.009
781.453,154.929,706888.380,953872.830,76.8800530,8.6247290,81.560
781.463,173.679,706888.390,953891.580,76.8800539,8.6248985,81.789
781.543,463.579,706888.470,954181.480,76.8800676,8.6275193,93.655
781.603,493.729,706888.530,954211.630,76.8800695,8.6277918,93.954
781.683,463.099,706888.610,954181.000,76.8800689,8.6275149,93.655
781.703,355.789,706888.630,954073.690,76.8800643,8.6265448,91.805
781.843,355.309,706888.770,954073.210,76.8800655,8.6265404,91.805
781.893,370.039,706888.820,954087.940,76.8800666,8.6266736,92.043
782.003,438.419,706888.930,954156.320,76.8800707,8.6272918,92.087
782.013,361.169,706888.940,954079.070,76.8800673,8.6265934,91.615
782.023,452.289,706888.950,954170.190,76.8800715,8.6274172,93.579
782.033,369.559,706888.960,954087.460,76.8800679,8.6266693,92.043
782.043,348.949,706888.970,954066.850,76.8800670,8.6264829,92.258
782.053,351.569,706888.980,954069.470,76.8800673,8.6265066,91.621
782.063,375.179,706888.990,954093.080,76.8800684,8.6267201,91.586
782.073,502.859,706889.000,954220.760,76.8800742,8.6278743,94.188
782.093,353.559,706889.020,954071.460,76.8800677,8.6265246,91.931
782.113,354.839,706889.040,954072.740,76.8800679,8.6265362,91.940
782.133,355.809,706889.060,954073.710,76.8800682,8.6265450,91.939
782.143,366.269,706889.070,954084.170,76.8800687,8.6266395,91.575
782.163,451.809,706889.090,954169.710,76.8800727,8.6274128,93.579
782.183,348.469,706889.110,954066.370,76.8800683,8.6264786,92.258
782.183,444.839,706889.110,954162.740,76.8800726,8.6273498,92.899
782.193,351.089,706889.120,954068.990,76.8800685,8.6265023,91.621
782.203,426.189,706889.130,954144.090,76.8800720,8.6271812,91.656
782.223,386.559,706889.150,954104.460,76.8800704,8.6268229,91.561
782.233,353.079,706889.160,954070.980,76.8800690,8.6265203,91.931
782.253,354.359,706889.180,954072.260,76.8800692,8.6265318,91.940
782.273,355.329,706889.200,954073.230,76.8800694,8.6265406,91.939
782.313,369.109,706889.240,954087.010,76.8800704,8.6266652,92.114
782.323,370.019,706889.250,954087.920,76.8800705,8.6266734,92.056
782.333,370.949,706889.260,954088.850,76.8800707,8.6266818,92.154
782.403,413.319,706889.330,954131.220,76.8800732,8.6270649,91.611
782.423,400.919,706889.350,954118.820,76.8800728,8.6269528,91.583
782.433,353.539,706889.360,954071.440,76.8800708,8.6265244,93.831
782.443,353.439,706889.370,954071.340,76.8800709,8.6265235,94.941
782.453,368.629,706889.380,954086.530,76.8800716,8.6266608,92.114
782.463,369.539,706889.390,954087.440,76.8800718,8.6266691,92.056
782.473,344.959,706889.400,954062.860,76.8800708,8.6264469,91.621
782.473,370.479,706889.400,954088.380,76.8800719,8.6266776,92.154
782.503,389.079,706889.430,954106.980,76.8800730,8.6268457,93.604
782.523,384.429,706889.450,954102.330,76.8800730,8.6268037,92.179
782.523,389.109,706889.450,954107.010,76.8800732,8.6268460,91.762
782.553,386.679,706889.480,954104.580,76.8800734,8.6268240,91.651
782.573,353.059,706889.500,954070.960,76.8800720,8.6265201,93.831
782.583,352.959,706889.510,954070.860,76.8800721,8.6265192,94.941
782.623,403.309,706889.550,954121.210,76.8800747,8.6269744,93.638
782.643,464.129,706889.570,954182.030,76.8800776,8.6275242,93.254
782.653,388.599,706889.580,954106.500,76.8800744,8.6268414,93.604
782.663,383.949,706889.590,954101.850,76.8800742,8.6267993,92.179
782.663,388.629,706889.590,954106.530,76.8800744,8.6268416,91.762
782.683,403.299,706889.610,954121.200,76.8800753,8.6269743,92.072
782.693,386.199,706889.620,954104.100,76.8800746,8.6268197,91.651
782.763,402.829,706889.690,954120.730,76.8800760,8.6269700,93.638
782.823,388.879,706889.750,954106.780,76.8800759,8.6268439,94.085
782.823,402.819,706889.750,954120.720,76.8800765,8.6269699,92.072
782.923,164.509,706889.850,953882.410,76.8800668,8.6248155,81.651
782.963,388.399,706889.890,954106.300,76.8800772,8.6268395,94.085
783.123,469.899,706890.050,954187.800,76.8800823,8.6275763,93.315
783.213,482.649,706890.140,954200.550,76.8800837,8.6276916,93.827
783.483,139.469,706890.410,953857.370,76.8800708,8.6245891,81.721
783.523,148.649,706890.450,953866.550,76.8800715,8.6246721,81.566
783.653,331.259,706890.580,954049.160,76.8800809,8.6263229,93.623
783.973,510.969,706890.900,954228.870,76.8800918,8.6279476,94.460
784.483,180.089,706891.410,953897.990,76.8800817,8.6249563,81.672
784.703,481.799,706891.630,954199.700,76.8800971,8.6276838,93.812
784.773,171.149,706891.700,953889.050,76.8800839,8.6248754,81.713
784.913,335.359,706891.840,954053.260,76.8800925,8.6263600,91.357
784.913,494.709,706891.840,954212.610,76.8800996,8.6278005,93.954
785.033,338.909,706891.960,954056.810,76.8800938,8.6263920,91.542
785.053,494.229,706891.980,954212.130,76.8801009,8.6277962,93.954
785.283,386.889,706892.210,954104.790,76.8800982,8.6268258,91.624
785.313,439.399,706892.240,954157.300,76.8801008,8.6273005,92.087
785.323,362.149,706892.250,954080.050,76.8800974,8.6266021,91.615
785.363,362.179,706892.290,954080.080,76.8800978,8.6266024,91.646
785.403,367.239,706892.330,954085.140,76.8800984,8.6266481,91.575
785.453,438.919,706892.380,954156.820,76.8801020,8.6272962,92.087
785.463,361.669,706892.390,954079.570,76.8800987,8.6265978,91.610
785.463,376.189,706892.390,954094.090,76.8800993,8.6267291,91.586
785.513,427.169,706892.440,954145.070,76.8801021,8.6271899,91.656
785.523,503.879,706892.450,954221.780,76.8801056,8.6278834,94.188
785.543,366.759,706892.470,954084.660,76.8800996,8.6266438,91.575
785.543,445.839,706892.470,954163.740,76.8801032,8.6273587,92.899
785.613,375.709,706892.540,954093.610,76.8801007,8.6267247,91.586
785.623,414.269,706892.550,954132.170,76.8801025,8.6270733,91.611
785.653,426.689,706892.580,954144.590,76.8801033,8.6271856,91.656
785.663,503.399,706892.590,954221.300,76.8801068,8.6278791,94.188
785.673,387.589,706892.600,954105.490,76.8801017,8.6268321,91.561
785.683,445.359,706892.610,954163.260,76.8801044,8.6273544,92.899
785.763,413.789,706892.690,954131.690,76.8801037,8.6270690,91.611
785.783,401.909,706892.710,954119.810,76.8801034,8.6269616,91.583
785.823,387.109,706892.750,954105.010,76.8801031,8.6268278,91.561
785.903,465.099,706892.830,954183.000,76.8801073,8.6275328,93.254
785.923,345.979,706892.850,954063.880,76.8801022,8.6264559,91.621
785.923,401.429,706892.850,954119.330,76.8801046,8.6269572,91.583
785.973,346.019,706892.900,954063.920,76.8801026,8.6264563,91.610
786.043,153.959,706892.970,953871.860,76.8800947,8.6247200,81.748
786.043,464.619,706892.970,954182.520,76.8801086,8.6275285,93.254
786.063,345.499,706892.990,954063.400,76.8801034,8.6264516,91.621
786.323,468.459,706893.250,954186.360,76.8801113,8.6275632,93.319
786.373,477.189,706893.300,954195.090,76.8801121,8.6276421,93.724
786.433,470.879,706893.360,954188.780,76.8801124,8.6275850,93.315
786.573,470.399,706893.500,954188.300,76.8801136,8.6275807,93.315
786.613,158.309,706893.540,953876.210,76.8801000,8.6247593,82.312
786.613,483.659,706893.540,954201.560,76.8801146,8.6277006,93.827
786.753,483.179,706893.680,954201.080,76.8801158,8.6276962,93.827
787.103,353.189,706894.030,954071.090,76.8801132,8.6265210,90.285
787.153,146.749,706894.080,953864.650,76.8801044,8.6246548,81.706
787.473,512.009,706894.400,954229.910,76.8801237,8.6279568,94.460
787.603,162.359,706894.530,953880.260,76.8801092,8.6247959,81.912
787.613,511.529,706894.540,954229.430,76.8801249,8.6279525,94.460
787.843,451.349,706894.770,954169.250,76.8801243,8.6274084,93.595
787.973,376.589,706894.900,954094.490,76.8801221,8.6267326,89.728
787.983,137.509,706894.910,953855.410,76.8801115,8.6245712,81.804
788.023,488.079,706894.950,954205.980,76.8801276,8.6277405,93.872
788.053,344.839,706894.980,954062.740,76.8801215,8.6264455,91.467
788.063,344.849,706894.990,954062.750,76.8801215,8.6264456,91.467
788.103,482.809,706895.030,954200.710,76.8801281,8.6276928,93.812
788.133,357.239,706895.060,954075.140,76.8801227,8.6265576,91.388
788.143,430.999,706895.070,954148.900,76.8801261,8.6272244,90.110
788.193,344.359,706895.120,954062.260,76.8801227,8.6264412,91.467
788.203,344.369,706895.130,954062.270,76.8801228,8.6264413,91.467
788.273,336.359,706895.200,954054.260,76.8801231,8.6263688,91.357
788.273,356.759,706895.200,954074.660,76.8801240,8.6265533,91.388
788.273,375.529,706895.200,954093.430,76.8801248,8.6267230,91.379
788.343,380.069,706895.270,954097.970,76.8801257,8.6267640,92.718
788.363,342.699,706895.290,954060.600,76.8801242,8.6264262,91.242
788.413,335.879,706895.340,954053.780,76.8801243,8.6263645,91.357
788.413,375.049,706895.340,954092.950,76.8801261,8.6267186,91.379
788.483,379.589,706895.410,954097.490,76.8801269,8.6267597,92.718
788.513,342.219,706895.440,954060.120,76.8801255,8.6264218,91.242
788.523,401.829,706895.450,954119.730,76.8801283,8.6269607,92.727
788.583,178.049,706895.510,953895.950,76.8801188,8.6249377,81.826
788.663,401.349,706895.590,954119.250,76.8801295,8.6269564,92.727
788.683,341.439,706895.610,954059.340,76.8801270,8.6264148,91.369
788.823,340.959,706895.750,954058.860,76.8801283,8.6264104,91.369
788.843,370.699,706895.770,954088.600,76.8801298,8.6266793,90.253
788.923,427.529,706895.850,954145.430,76.8801331,8.6271930,90.133
788.983,382.679,706895.910,954100.580,76.8801316,8.6267876,90.038
788.993,375.529,706895.920,954093.430,76.8801314,8.6267229,90.355
789.013,410.829,706895.940,954128.730,76.8801331,8.6270421,90.039
789.093,395.169,706896.020,954113.070,76.8801332,8.6269005,90.056
789.143,375.049,706896.070,954092.950,76.8801327,8.6267186,90.355
789.163,340.239,706896.090,954058.140,76.8801313,8.6264039,91.333
789.293,359.699,706896.220,954077.600,76.8801334,8.6265798,90.288
789.303,339.759,706896.230,954057.660,76.8801326,8.6263995,91.333
789.413,169.329,706896.340,953887.230,76.8801260,8.6248588,81.761
789.473,500.479,706896.400,954218.380,76.8801413,8.6278525,94.136
789.553,469.509,706896.480,954187.410,76.8801407,8.6275725,93.399
789.563,339.669,706896.490,954057.570,76.8801349,8.6263987,91.402
789.583,469.429,706896.510,954187.330,76.8801409,8.6275718,93.319
789.643,423.539,706896.570,954141.440,76.8801394,8.6271569,89.713
789.663,497.209,706896.590,954215.110,76.8801429,8.6278229,94.065
789.683,478.169,706896.610,954196.070,76.8801422,8.6276508,93.724
789.703,151.649,706896.630,953869.550,76.8801278,8.6246989,81.800
789.703,339.189,706896.630,954057.090,76.8801362,8.6263944,91.402
789.713,342.699,706896.640,954060.600,76.8801364,8.6264261,90.349
789.733,468.949,706896.660,954186.850,76.8801423,8.6275674,93.319
789.823,477.689,706896.750,954195.590,76.8801435,8.6276465,93.724
789.853,342.219,706896.780,954060.120,76.8801377,8.6264218,90.349
790.213,339.179,706897.140,954057.080,76.8801408,8.6263943,91.326
790.363,338.699,706897.290,954056.600,76.8801422,8.6263899,91.326
790.453,354.189,706897.380,954072.090,76.8801437,8.6265299,90.285
790.593,353.709,706897.520,954071.610,76.8801449,8.6265256,90.285
790.623,438.899,706897.550,954156.800,76.8801490,8.6272957,90.083
790.703,338.889,706897.630,954056.790,76.8801453,8.6263916,91.136
790.703,468.949,706897.630,954186.850,76.8801511,8.6275674,93.320
790.843,338.409,706897.770,954056.310,76.8801465,8.6263873,91.136
790.913,472.839,706897.840,954190.740,76.8801532,8.6276026,93.367
791.053,452.299,706897.980,954170.200,76.8801535,8.6274169,93.595
791.173,143.799,706898.100,953861.700,76.8801408,8.6246279,81.852
791.193,451.819,706898.120,954169.720,76.8801548,8.6274125,93.595
791.313,160.749,706898.240,953878.650,76.8801428,8.6247811,82.019
791.323,377.579,706898.250,954095.480,76.8801526,8.6267414,89.728
791.353,431.959,706898.280,954149.860,76.8801553,8.6272330,90.110
791.383,489.069,706898.310,954206.970,76.8801582,8.6277493,93.872
791.463,377.099,706898.390,954095.000,76.8801539,8.6267370,89.728
791.493,431.479,706898.420,954149.380,76.8801566,8.6272286,90.110
791.523,488.599,706898.450,954206.500,76.8801594,8.6277450,93.872
791.833,338.359,706898.760,954056.260,76.8801555,8.6263868,90.974
791.973,337.879,706898.900,954055.780,76.8801568,8.6263824,90.974
792.033,428.459,706898.960,954146.360,76.8801613,8.6272013,90.133
792.183,427.979,706899.110,954145.880,76.8801627,8.6271970,90.133
792.233,175.989,706899.160,953893.890,76.8801519,8.6249189,81.813
792.293,371.729,706899.220,954089.630,76.8801612,8.6266884,90.253
792.293,383.659,706899.220,954101.560,76.8801617,8.6267963,90.038
792.373,411.829,706899.300,954129.730,76.8801637,8.6270509,90.039
792.403,396.149,706899.330,954114.050,76.8801633,8.6269092,90.056
792.423,479.809,706899.350,954197.710,76.8801672,8.6276655,96.017
792.433,383.179,706899.360,954101.080,76.8801630,8.6267919,90.038
792.433,478.019,706899.360,954195.920,76.8801672,8.6276493,93.464
792.443,371.249,706899.370,954089.150,76.8801625,8.6266841,90.253
792.513,411.349,706899.440,954129.250,76.8801649,8.6270466,90.039
792.543,395.669,706899.470,954113.570,76.8801645,8.6269048,90.056
792.563,479.329,706899.490,954197.230,76.8801684,8.6276612,96.017
792.663,417.639,706899.590,954135.540,76.8801666,8.6271035,90.091
792.743,360.719,706899.670,954078.620,76.8801648,8.6265889,90.288
792.783,501.459,706899.710,954219.360,76.8801714,8.6278612,94.136
792.853,479.739,706899.780,954197.640,76.8801711,8.6276649,96.161
792.893,360.239,706899.820,954078.140,76.8801661,8.6265845,90.288
792.893,480.729,706899.820,954198.630,76.8801715,8.6276738,93.511
792.923,500.979,706899.850,954218.880,76.8801727,8.6278569,94.136
792.943,424.519,706899.870,954142.420,76.8801694,8.6271656,89.713
792.993,479.259,706899.920,954197.160,76.8801723,8.6276605,96.161
793.003,480.679,706899.930,954198.580,76.8801725,8.6276733,96.141
793.093,424.039,706900.020,954141.940,76.8801708,8.6271613,89.713
793.113,498.239,706900.040,954216.140,76.8801743,8.6278321,94.065
793.143,480.199,706900.070,954198.100,76.8801737,8.6276690,96.141
793.213,337.999,706900.140,954055.900,76.8801680,8.6263835,90.767
793.243,365.899,706900.170,954083.800,76.8801695,8.6266357,90.262
793.253,497.759,706900.180,954215.660,76.8801755,8.6278277,94.065
793.363,337.519,706900.290,954055.420,76.8801694,8.6263791,90.767
793.533,330.039,706900.460,954047.940,76.8801706,8.6263115,92.458
793.543,167.499,706900.470,953885.400,76.8801634,8.6248421,81.806
793.803,485.429,706900.730,954203.330,76.8801800,8.6277162,95.860
793.803,485.439,706900.730,954203.340,76.8801800,8.6277163,95.860
793.883,439.869,706900.810,954157.770,76.8801787,8.6273044,90.083
793.923,474.809,706900.850,954192.710,76.8801806,8.6276202,93.394
793.943,484.959,706900.870,954202.860,76.8801812,8.6277120,95.860
793.953,484.949,706900.880,954202.850,76.8801813,8.6277119,95.860
793.963,469.919,706900.890,954187.820,76.8801807,8.6275760,93.320
794.023,439.389,706900.950,954157.290,76.8801799,8.6273000,90.083
794.063,474.329,706900.990,954192.230,76.8801818,8.6276159,93.394
794.083,346.709,706901.010,954064.610,76.8801763,8.6264622,90.278
794.103,469.439,706901.030,954187.340,76.8801820,8.6275717,93.320
794.153,493.259,706901.080,954211.160,76.8801835,8.6277870,93.635
794.173,473.799,706901.100,954191.700,76.8801828,8.6276111,93.367
794.193,149.119,706901.120,953867.020,76.8801685,8.6246759,81.994
794.323,473.319,706901.250,954191.220,76.8801842,8.6276067,93.367
794.443,492.049,706901.370,954209.950,76.8801861,8.6277761,95.168
794.583,491.569,706901.510,954209.470,76.8801873,8.6277717,95.168
794.813,441.419,706901.740,954159.320,76.8801872,8.6273183,90.051
794.883,491.969,706901.810,954209.870,76.8801901,8.6277753,95.108
794.903,425.929,706901.830,954143.830,76.8801873,8.6271783,90.133
795.023,491.489,706901.950,954209.390,76.8801913,8.6277710,95.108
795.023,492.909,706901.950,954210.810,76.8801914,8.6277838,95.225
795.163,492.429,706902.090,954210.330,76.8801926,8.6277795,95.225
795.203,380.049,706902.130,954097.950,76.8801880,8.6267635,91.602
795.343,468.759,706902.270,954186.660,76.8801932,8.6275655,93.311
795.353,379.569,706902.280,954097.470,76.8801893,8.6267592,91.602
795.463,426.689,706902.390,954144.590,76.8801924,8.6271851,91.261
795.473,506.499,706902.400,954224.400,76.8801961,8.6279067,94.365
795.603,332.859,706902.530,954050.760,76.8801895,8.6263369,90.302
795.603,426.209,706902.530,954144.110,76.8801937,8.6271808,91.261
795.773,393.479,706902.700,954111.380,76.8801938,8.6268849,90.038
795.823,418.579,706902.750,954136.480,76.8801953,8.6271118,90.091
795.843,479.029,706902.770,954196.930,76.8801982,8.6276583,93.464
795.863,486.259,706902.790,954204.160,76.8801987,8.6277237,93.540
795.963,418.099,706902.890,954136.000,76.8801966,8.6271075,90.091
795.983,478.549,706902.910,954196.450,76.8801995,8.6276540,93.464
796.003,485.779,706902.930,954203.680,76.8802000,8.6277193,93.540
796.143,380.429,706903.070,954098.330,76.8801965,8.6267669,91.592
796.153,380.029,706903.080,954097.930,76.8801966,8.6267633,91.586
796.193,465.749,706903.120,954183.650,76.8802008,8.6275382,93.547
796.213,173.569,706903.140,953891.470,76.8801879,8.6248968,81.805
796.283,379.949,706903.210,954097.850,76.8801978,8.6267626,91.592
796.293,379.549,706903.220,954097.450,76.8801979,8.6267589,91.586
796.293,481.729,706903.220,954199.630,76.8802024,8.6276827,93.511
796.433,481.259,706903.360,954199.160,76.8802037,8.6276784,93.511
796.443,384.209,706903.370,954102.110,76.8801994,8.6268011,90.082
796.463,366.849,706903.390,954084.750,76.8801988,8.6266441,90.262
796.603,366.369,706903.530,954084.270,76.8802001,8.6266398,90.262
797.443,347.709,706904.370,954065.610,76.8802069,8.6264710,90.278
797.553,494.269,706904.480,954212.170,76.8802144,8.6277960,93.635
797.583,347.229,706904.510,954065.130,76.8802081,8.6264667,90.278
797.703,493.789,706904.630,954211.690,76.8802158,8.6277917,93.635
798.173,442.419,706905.100,954160.320,76.8802177,8.6273272,90.051
798.213,426.909,706905.140,954144.810,76.8802174,8.6271870,90.133
798.313,441.939,706905.240,954159.840,76.8802190,8.6273229,90.051
798.343,479.019,706905.270,954196.920,76.8802209,8.6276581,93.805
798.353,426.429,706905.280,954144.330,76.8802187,8.6271827,90.133
798.613,422.989,706905.540,954140.890,76.8802209,8.6271516,89.612
798.643,448.309,706905.570,954166.210,76.8802223,8.6273805,93.424
798.663,403.059,706905.590,954120.960,76.8802204,8.6269714,90.021
798.813,151.689,706905.740,953869.590,76.8802106,8.6246989,83.976
798.843,469.799,706905.770,954187.700,76.8802251,8.6275747,93.311
798.933,507.519,706905.860,954225.420,76.8802276,8.6279157,94.365
798.953,333.849,706905.880,954051.750,76.8802200,8.6263457,90.302
798.983,469.319,706905.910,954187.220,76.8802263,8.6275704,93.311
799.073,507.039,706906.000,954224.940,76.8802288,8.6279114,94.365
799.093,333.369,706906.020,954051.270,76.8802212,8.6263413,90.302
799.223,394.499,706906.150,954112.400,76.8802251,8.6268940,90.038
799.263,419.429,706906.190,954137.330,76.8802266,8.6271193,90.062
799.373,394.019,706906.300,954111.920,76.8802265,8.6268896,90.038
799.593,466.759,706906.520,954184.660,76.8802317,8.6275472,93.547
799.733,466.279,706906.660,954184.180,76.8802330,8.6275429,93.547
799.763,376.879,706906.690,954094.780,76.8802293,8.6267347,89.588
799.833,495.239,706906.760,954213.140,76.8802352,8.6278047,93.980
799.853,385.219,706906.780,954103.120,76.8802305,8.6268100,90.082
799.943,360.989,706906.870,954078.890,76.8802302,8.6265910,90.258
799.993,384.739,706906.920,954102.640,76.8802317,8.6268057,90.082
800.213,469.319,706907.140,954187.220,76.8802375,8.6275703,93.335
800.213,495.989,706907.140,954213.890,76.8802387,8.6278114,93.850
800.353,495.509,706907.280,954213.410,76.8802399,8.6278071,93.850
800.383,348.049,706907.310,954065.950,76.8802336,8.6264740,90.292
800.783,499.289,706907.710,954217.190,76.8802440,8.6278412,93.862
800.813,488.589,706907.740,954206.490,76.8802438,8.6277445,93.947
800.923,498.809,706907.850,954216.710,76.8802453,8.6278369,93.862
801.083,339.769,706908.010,954057.670,76.8802396,8.6263991,90.314
801.103,396.019,706908.030,954113.920,76.8802423,8.6269076,90.027
801.193,501.069,706908.120,954218.970,76.8802478,8.6278573,94.064
801.333,500.589,706908.260,954218.490,76.8802491,8.6278530,94.064
801.543,336.959,706908.470,954054.860,76.8802436,8.6263737,90.393
801.583,483.049,706908.510,954200.950,76.8802505,8.6276944,93.855
801.683,155.479,706908.610,953873.380,76.8802368,8.6247330,84.430
801.693,336.479,706908.620,954054.380,76.8802450,8.6263693,90.393
801.823,423.939,706908.750,954141.840,76.8802501,8.6271600,89.612
801.843,480.059,706908.770,954197.960,76.8802528,8.6276673,93.805
801.893,506.999,706908.820,954224.900,76.8802544,8.6279109,94.207
801.903,507.009,706908.830,954224.910,76.8802545,8.6279110,94.220
801.973,423.459,706908.900,954141.360,76.8802514,8.6271557,89.612
801.983,479.579,706908.910,954197.480,76.8802540,8.6276630,93.805
802.033,506.519,706908.960,954224.420,76.8802557,8.6279065,94.207
802.043,506.529,706908.970,954224.430,76.8802558,8.6279066,94.220
802.093,449.329,706909.020,954167.230,76.8802537,8.6273895,93.424
802.113,404.079,706909.040,954121.980,76.8802518,8.6269804,90.021
802.233,448.849,706909.160,954166.750,76.8802549,8.6273852,93.424
802.253,403.599,706909.180,954121.500,76.8802531,8.6269761,90.021
802.363,401.409,706909.290,954119.310,76.8802540,8.6269563,90.002
802.453,336.889,706909.380,954054.790,76.8802519,8.6263730,90.405
802.473,420.389,706909.400,954138.290,76.8802558,8.6271279,90.062
802.483,337.269,706909.410,954055.170,76.8802522,8.6263764,90.447
802.593,336.409,706909.520,954054.310,76.8802532,8.6263687,90.405
802.613,419.909,706909.540,954137.810,76.8802571,8.6271235,90.062
802.623,336.789,706909.550,954054.690,76.8802534,8.6263721,90.447
802.753,463.139,706909.680,954181.040,76.8802603,8.6275143,93.588
802.823,380.009,706909.750,954097.910,76.8802572,8.6267628,91.418
802.833,380.119,706909.760,954098.020,76.8802573,8.6267638,91.626
802.963,379.529,706909.890,954097.430,76.8802584,8.6267585,91.418
802.973,379.639,706909.900,954097.540,76.8802585,8.6267595,91.626
803.063,377.859,706909.990,954095.760,76.8802593,8.6267434,89.588
803.203,361.959,706910.130,954079.860,76.8802598,8.6265996,90.258
803.213,368.869,706910.140,954086.770,76.8802602,8.6266621,90.270
803.213,377.379,706910.140,954095.280,76.8802606,8.6267390,89.588
803.213,408.879,706910.140,954126.780,76.8802620,8.6270238,90.015
803.273,400.939,706910.200,954118.840,76.8802622,8.6269520,91.406
803.283,496.259,706910.210,954214.160,76.8802666,8.6278137,93.980
803.343,361.479,706910.270,954079.380,76.8802611,8.6265953,90.258
803.413,400.459,706910.340,954118.360,76.8802635,8.6269477,91.406
803.433,495.789,706910.360,954213.690,76.8802679,8.6278095,93.980
803.713,470.359,706910.640,954188.260,76.8802693,8.6275796,93.335
803.833,349.069,706910.760,954066.970,76.8802650,8.6264831,90.292
803.843,421.569,706910.770,954139.470,76.8802683,8.6271385,91.238
803.853,469.879,706910.780,954187.780,76.8802706,8.6275752,93.335
803.973,348.589,706910.900,954066.490,76.8802662,8.6264787,90.292
803.983,421.089,706910.910,954138.990,76.8802696,8.6271341,91.238
803.993,416.399,706910.920,954134.300,76.8802695,8.6270917,90.037
804.033,465.809,706910.960,954183.710,76.8802720,8.6275384,95.211
804.043,508.649,706910.970,954226.550,76.8802740,8.6279257,94.183
804.093,466.219,706911.020,954184.120,76.8802726,8.6275421,95.169
804.263,489.609,706911.190,954207.510,76.8802752,8.6277536,93.947
804.403,489.129,706911.330,954207.030,76.8802764,8.6277492,93.947
804.413,161.149,706911.340,953879.050,76.8802619,8.6247842,84.434
804.453,397.009,706911.380,954114.910,76.8802728,8.6269164,90.027
804.533,340.789,706911.460,954058.690,76.8802710,8.6264082,90.314
804.583,387.399,706911.510,954105.300,76.8802735,8.6268295,90.055
804.593,396.529,706911.520,954114.430,76.8802740,8.6269121,90.027
804.673,340.309,706911.600,954058.210,76.8802722,8.6264038,90.314
804.713,502.619,706911.640,954220.520,76.8802799,8.6278712,94.105
804.773,129.989,706911.700,953847.890,76.8802637,8.6245025,87.129
804.923,331.639,706911.850,954049.540,76.8802741,8.6263254,90.142
804.943,484.039,706911.870,954201.940,76.8802811,8.6277032,93.855
805.033,466.159,706911.960,954184.060,76.8802811,8.6275415,95.059
805.083,483.559,706912.010,954201.460,76.8802824,8.6276988,93.855
805.723,402.399,706912.650,954120.300,76.8802845,8.6269651,90.002
805.863,401.919,706912.790,954119.820,76.8802858,8.6269608,90.002
805.913,492.339,706912.840,954210.240,76.8802903,8.6277782,93.958
806.183,421.919,706913.110,954139.820,76.8802896,8.6271415,89.577
806.253,464.179,706913.180,954182.080,76.8802921,8.6275236,93.588
806.393,463.699,706913.320,954181.600,76.8802934,8.6275192,93.588
806.403,153.139,706913.330,953871.040,76.8802796,8.6247117,84.751
806.523,409.859,706913.450,954127.760,76.8802921,8.6270325,90.015
806.543,137.199,706913.470,953855.100,76.8802801,8.6245676,87.510
806.563,369.869,706913.490,954087.770,76.8802907,8.6266710,90.270
806.663,409.379,706913.590,954127.280,76.8802934,8.6270282,90.015
806.763,165.579,706913.690,953883.480,76.8802834,8.6248241,84.421
806.823,382.169,706913.750,954100.070,76.8802936,8.6267822,90.069
806.833,454.249,706913.760,954172.150,76.8802969,8.6274338,93.489
806.883,486.249,706913.810,954204.150,76.8802988,8.6277231,94.661
807.003,375.439,706913.930,954093.340,76.8802950,8.6267213,90.159
807.033,485.769,706913.960,954203.670,76.8803002,8.6277187,94.661
807.143,374.959,706914.070,954092.860,76.8802962,8.6267170,90.159
807.343,417.399,706914.270,954135.300,76.8802999,8.6271006,90.037
807.433,466.819,706914.360,954184.720,76.8803030,8.6275474,95.211
807.453,467.209,706914.380,954185.110,76.8803032,8.6275509,95.169
807.493,416.919,706914.420,954134.820,76.8803013,8.6270963,90.037
807.493,509.669,706914.420,954227.570,76.8803054,8.6279348,94.183
807.583,466.339,706914.510,954184.240,76.8803043,8.6275431,95.211
807.593,466.729,706914.520,954184.630,76.8803044,8.6275466,95.169
807.633,509.189,706914.560,954227.090,76.8803067,8.6279304,94.183
807.863,462.209,706914.790,954180.110,76.8803067,8.6275057,93.615
807.893,388.379,706914.820,954106.280,76.8803036,8.6268383,90.055
808.033,387.909,706914.960,954105.810,76.8803049,8.6268340,90.055
808.213,503.649,706915.140,954221.550,76.8803117,8.6278803,94.105
808.263,128.919,706915.190,953846.820,76.8802954,8.6244926,87.993
808.273,332.629,706915.200,954050.530,76.8803046,8.6263342,90.142
808.353,503.179,706915.280,954221.080,76.8803129,8.6278761,94.105
808.393,467.159,706915.320,954185.060,76.8803117,8.6275504,95.059
808.423,332.149,706915.350,954050.050,76.8803059,8.6263299,90.142
808.533,466.679,706915.460,954184.580,76.8803129,8.6275461,95.059
808.733,477.109,706915.660,954195.010,76.8803152,8.6276404,93.809
808.923,158.379,706915.850,953876.280,76.8803027,8.6247589,84.437
809.283,379.919,706916.210,954097.820,76.8803159,8.6267617,91.556
809.293,424.739,706916.220,954142.640,76.8803180,8.6271669,91.444
809.323,380.309,706916.250,954098.210,76.8803163,8.6267652,91.567
809.393,142.849,706916.320,953860.750,76.8803063,8.6246185,87.272
809.413,356.449,706916.340,954074.350,76.8803160,8.6265495,90.399
809.413,493.369,706916.340,954211.270,76.8803221,8.6277873,93.958
809.423,379.439,706916.350,954097.340,76.8803171,8.6267574,91.556
809.433,356.439,706916.360,954074.340,76.8803162,8.6265494,90.797
809.463,379.829,706916.390,954097.730,76.8803175,8.6267609,91.567
809.493,422.899,706916.420,954140.800,76.8803197,8.6271503,89.577
809.523,376.519,706916.450,954094.420,76.8803179,8.6267310,89.570
809.543,350.579,706916.470,954068.480,76.8803169,8.6264965,90.219
809.553,355.969,706916.480,954073.870,76.8803173,8.6265452,90.399
809.553,492.889,706916.480,954210.790,76.8803234,8.6277830,93.958
809.573,355.959,706916.500,954073.860,76.8803174,8.6265451,90.797
809.633,422.419,706916.560,954140.320,76.8803210,8.6271459,89.577
809.673,506.489,706916.600,954224.390,76.8803251,8.6279059,94.176
809.683,337.349,706916.610,954055.250,76.8803176,8.6263768,90.248
809.773,167.359,706916.700,953885.260,76.8803108,8.6248401,84.209
809.853,394.659,706916.780,954112.560,76.8803217,8.6268949,90.038
810.143,455.229,706917.070,954173.130,76.8803271,8.6274425,93.489
810.183,383.159,706917.110,954101.060,76.8803242,8.6267910,90.069
810.193,132.459,706917.120,953850.360,76.8803131,8.6245245,88.119
810.243,379.909,706917.170,954097.810,76.8803246,8.6267616,91.424
810.283,454.749,706917.210,954172.650,76.8803283,8.6274382,93.489
810.323,382.679,706917.250,954100.580,76.8803254,8.6267866,90.069
810.383,379.429,706917.310,954097.330,76.8803258,8.6267572,91.424
810.673,483.359,706917.600,954201.260,76.8803331,8.6276968,93.914
810.873,413.729,706917.800,954131.630,76.8803318,8.6270673,90.025
811.103,367.259,706918.030,954085.160,76.8803318,8.6266472,90.237
811.173,151.049,706918.100,953868.950,76.8803228,8.6246926,84.916
811.173,463.189,706918.100,954181.090,76.8803368,8.6275144,93.615
811.313,462.719,706918.240,954180.620,76.8803380,8.6275102,93.615
811.323,388.239,706918.250,954106.140,76.8803348,8.6268368,90.049
811.493,331.659,706918.420,954049.560,76.8803338,8.6263253,90.113
811.793,126.619,706918.720,953844.520,76.8803273,8.6244717,88.628
812.083,478.109,706919.010,954196.010,76.8803457,8.6276493,93.809
812.113,135.399,706919.040,953853.300,76.8803306,8.6245510,87.976
812.223,477.629,706919.150,954195.530,76.8803470,8.6276449,93.809
812.233,162.849,706919.160,953880.750,76.8803330,8.6247992,84.230
812.393,474.459,706919.320,954192.360,76.8803484,8.6276162,93.825
812.513,156.589,706919.440,953874.490,76.8803352,8.6247426,86.077
812.543,156.569,706919.470,953874.470,76.8803355,8.6247424,84.568
812.723,488.499,706919.650,954206.400,76.8803520,8.6277432,93.998
812.743,425.759,706919.670,954143.660,76.8803494,8.6271760,91.444
812.843,400.609,706919.770,954118.510,76.8803491,8.6269486,90.012
812.883,425.289,706919.810,954143.190,76.8803506,8.6271717,91.444
812.893,421.519,706919.820,954139.420,76.8803505,8.6271376,89.548
812.923,377.529,706919.850,954095.430,76.8803488,8.6267399,89.570
812.943,351.579,706919.870,954069.480,76.8803479,8.6265053,90.219
813.013,509.929,706919.940,954227.830,76.8803556,8.6279369,94.202
813.043,338.339,706919.970,954056.240,76.8803482,8.6263856,90.248
813.073,377.049,706920.000,954094.950,76.8803502,8.6267356,89.570
813.073,507.489,706920.000,954225.390,76.8803560,8.6279148,94.176
813.093,351.109,706920.020,954069.010,76.8803492,8.6265011,90.219
813.183,337.859,706920.110,954055.760,76.8803494,8.6263813,90.248
813.223,507.009,706920.150,954224.910,76.8803574,8.6279105,94.176
813.233,496.029,706920.160,954213.930,76.8803570,8.6278112,94.059
813.313,395.689,706920.240,954113.590,76.8803532,8.6269041,90.038
813.453,395.209,706920.380,954113.110,76.8803544,8.6268998,90.038
813.453,500.919,706920.380,954218.820,76.8803592,8.6278554,94.134
813.543,406.519,706920.470,954124.420,76.8803558,8.6270020,90.011
814.223,484.409,706921.150,954202.310,76.8803654,8.6277061,93.914
814.363,483.929,706921.290,954201.830,76.8803667,8.6277018,93.914
814.423,414.779,706921.350,954132.680,76.8803641,8.6270766,90.025
814.503,368.259,706921.430,954086.160,76.8803628,8.6266561,90.237
814.563,414.299,706921.490,954132.200,76.8803654,8.6270723,90.025
814.633,389.219,706921.560,954107.120,76.8803649,8.6268455,90.049
814.643,367.789,706921.570,954085.690,76.8803640,8.6266518,90.237
814.773,388.739,706921.700,954106.640,76.8803661,8.6268412,90.049
814.923,148.599,706921.850,953866.500,76.8803568,8.6246702,87.511
814.993,139.829,706921.920,953857.730,76.8803570,8.6245910,87.984
815.013,330.309,706921.940,954048.210,76.8803657,8.6263130,90.065
815.293,321.519,706922.220,954039.420,76.8803679,8.6262335,84.872
815.313,131.789,706922.240,953849.690,76.8803596,8.6245183,88.594
815.523,391.699,706922.450,954109.600,76.8803731,8.6268679,90.072
815.603,475.409,706922.530,954193.310,76.8803776,8.6276247,93.825
815.633,382.729,706922.560,954100.630,76.8803737,8.6267868,90.082
815.713,468.459,706922.640,954186.360,76.8803782,8.6275619,93.432
815.743,474.929,706922.670,954192.830,76.8803788,8.6276203,93.825
816.183,143.779,706923.110,953861.680,76.8803680,8.6246266,87.372
816.243,401.619,706923.170,954119.520,76.8803801,8.6269576,90.012
816.343,422.549,706923.270,954140.450,76.8803819,8.6271468,89.548
816.393,401.139,706923.320,954119.040,76.8803814,8.6269532,90.012
816.413,489.069,706923.340,954206.970,76.8803855,8.6277481,93.998
816.493,422.069,706923.420,954139.970,76.8803833,8.6271424,89.548
816.503,510.969,706923.430,954228.870,76.8803873,8.6279461,94.202
816.653,510.489,706923.580,954228.390,76.8803887,8.6279418,94.202
816.673,415.759,706923.600,954133.660,76.8803846,8.6270854,90.014
816.683,497.049,706923.610,954214.950,76.8803883,8.6278203,94.059
816.773,379.819,706923.700,954097.720,76.8803839,8.6267605,91.422
816.823,496.579,706923.750,954214.480,76.8803896,8.6278160,94.059
816.913,379.339,706923.840,954097.240,76.8803852,8.6267561,91.422
816.943,125.319,706923.870,953843.220,76.8803741,8.6244597,88.989
816.993,407.539,706923.920,954125.440,76.8803871,8.6270111,90.011
817.003,501.969,706923.930,954219.870,76.8803915,8.6278647,94.134
817.133,407.059,706924.060,954124.960,76.8803884,8.6270067,90.011
817.143,501.489,706924.070,954219.390,76.8803927,8.6278604,94.134
817.193,393.859,706924.120,954111.760,76.8803884,8.6268874,91.599
817.213,499.169,706924.140,954217.070,76.8803932,8.6278394,93.844
817.223,508.339,706924.150,954226.240,76.8803937,8.6279223,93.983
817.323,486.879,706924.250,954204.780,76.8803937,8.6277283,93.693
817.333,393.379,706924.260,954111.280,76.8803896,8.6268830,91.599
817.333,478.119,706924.260,954196.020,76.8803934,8.6276491,93.535
817.403,400.129,706924.330,954118.030,76.8803905,8.6269441,91.410
817.413,400.179,706924.340,954118.080,76.8803906,8.6269445,91.413
817.543,399.649,706924.470,954117.550,76.8803918,8.6269397,91.410
817.553,399.709,706924.480,954117.610,76.8803919,8.6269403,91.413
818.093,137.709,706925.020,953855.610,76.8803851,8.6245717,88.447
818.193,335.029,706925.120,954052.930,76.8803948,8.6263555,89.892
818.273,331.269,706925.200,954049.170,76.8803954,8.6263215,90.065
818.273,499.669,706925.200,954217.570,76.8804029,8.6278439,93.951
818.293,153.969,706925.220,953871.870,76.8803876,8.6247186,87.609
818.303,485.659,706925.230,954203.560,76.8804025,8.6277172,93.897
818.313,153.989,706925.240,953871.890,76.8803878,8.6247188,87.459
818.323,499.929,706925.250,954217.830,76.8804034,8.6278462,94.260
818.333,334.549,706925.260,954052.450,76.8803961,8.6263511,89.892
818.413,330.789,706925.340,954048.690,76.8803966,8.6263172,90.065
818.413,499.189,706925.340,954217.090,76.8804041,8.6278395,93.951
818.443,485.179,706925.370,954203.080,76.8804038,8.6277129,93.897
818.453,420.569,706925.380,954138.470,76.8804010,8.6271288,91.231
818.463,499.449,706925.390,954217.350,76.8804046,8.6278419,94.260
818.553,322.489,706925.480,954040.390,76.8803975,8.6262421,84.872
818.603,409.029,706925.530,954126.930,76.8804018,8.6270245,89.977
818.603,420.089,706925.530,954137.990,76.8804023,8.6271244,91.231
818.693,322.009,706925.620,954039.910,76.8803988,8.6262378,84.872
818.823,392.679,706925.750,954110.580,76.8804031,8.6268766,90.072
818.973,392.199,706925.900,954110.100,76.8804044,8.6268723,90.072
818.993,383.729,706925.920,954101.630,76.8804043,8.6267957,90.082
819.043,467.959,706925.970,954185.860,76.8804085,8.6275572,93.426
819.133,383.249,706926.060,954101.150,76.8804055,8.6267914,90.082
819.213,469.629,706926.140,954187.530,76.8804101,8.6275723,93.502
819.253,469.509,706926.180,954187.410,76.8804105,8.6275712,93.432
819.403,469.029,706926.330,954186.930,76.8804118,8.6275668,93.432
819.413,453.529,706926.340,954171.430,76.8804112,8.6274267,93.568
819.533,159.779,706926.460,953877.680,76.8803991,8.6247711,87.042
819.763,356.019,706926.690,954073.920,76.8804100,8.6265452,90.110
819.903,355.539,706926.830,954073.440,76.8804113,8.6265408,90.110
820.113,130.849,706927.040,953848.750,76.8804031,8.6245095,89.062
820.173,473.789,706927.100,954191.690,76.8804190,8.6276098,93.926
820.213,416.809,706927.140,954134.710,76.8804168,8.6270947,90.014
820.363,416.329,706927.290,954134.230,76.8804182,8.6270904,90.014
820.473,420.509,706927.400,954138.410,76.8804193,8.6271282,89.303
820.683,509.369,706927.610,954227.270,76.8804252,8.6279315,93.983
820.713,500.209,706927.640,954218.110,76.8804251,8.6278487,93.844
820.783,145.469,706927.710,953863.370,76.8804099,8.6246417,88.140
820.823,424.279,706927.750,954142.180,76.8804227,8.6271622,91.188
820.823,487.919,706927.750,954205.820,76.8804255,8.6277376,93.693
820.823,508.889,706927.750,954226.790,76.8804265,8.6279271,93.983
820.853,499.729,706927.780,954217.630,76.8804263,8.6278443,93.844
820.863,399.749,706927.790,954117.650,76.8804220,8.6269405,90.027
820.883,479.169,706927.810,954197.070,76.8804257,8.6276585,93.535
820.963,487.439,706927.890,954205.340,76.8804268,8.6277332,93.693
821.023,478.689,706927.950,954196.590,76.8804269,8.6276541,93.535
821.203,494.079,706928.130,954211.980,76.8804293,8.6277932,94.146
821.343,148.879,706928.270,953866.780,76.8804151,8.6246725,88.009
821.573,488.699,706928.500,954206.600,76.8804324,8.6277446,94.068
821.713,329.839,706928.640,954047.740,76.8804265,8.6263084,90.032
822.153,410.079,706929.080,954127.980,76.8804341,8.6270338,89.977
822.293,409.599,706929.220,954127.500,76.8804354,8.6270294,89.977
822.313,135.729,706929.240,953853.630,76.8804233,8.6245536,88.902
822.593,469.009,706929.520,954186.910,76.8804408,8.6275665,93.426
822.663,140.959,706929.590,953858.860,76.8804267,8.6246008,88.745
822.693,387.109,706929.620,954105.010,76.8804380,8.6268261,90.099
822.733,468.529,706929.660,954186.430,76.8804420,8.6275622,93.426
822.763,470.849,706929.690,954188.750,76.8804424,8.6275832,94.821
822.833,492.429,706929.760,954210.330,76.8804440,8.6277782,93.933
822.833,493.349,706929.760,954211.250,76.8804440,8.6277866,93.890
822.903,478.999,706929.830,954196.900,76.8804440,8.6276568,95.457
822.913,479.959,706929.840,954197.860,76.8804442,8.6276655,95.531
822.933,471.519,706929.860,954189.420,76.8804440,8.6275892,95.184
822.943,471.169,706929.870,954189.070,76.8804440,8.6275860,95.259
822.963,454.579,706929.890,954172.480,76.8804435,8.6274361,93.568
822.973,491.949,706929.900,954209.850,76.8804452,8.6277739,93.933
822.983,492.869,706929.910,954210.770,76.8804454,8.6277822,93.890
823.043,478.519,706929.970,954196.420,76.8804453,8.6276525,95.457
823.053,479.479,706929.980,954197.380,76.8804454,8.6276612,95.531
823.073,471.039,706930.000,954188.940,76.8804452,8.6275849,95.184
823.083,470.699,706930.010,954188.600,76.8804453,8.6275818,95.259
823.103,454.099,706930.030,954172.000,76.8804447,8.6274317,93.568
823.243,493.359,706930.170,954211.260,76.8804478,8.6277866,93.870
823.303,479.019,706930.230,954196.920,76.8804477,8.6276570,95.521
823.383,492.879,706930.310,954210.780,76.8804490,8.6277823,93.870
823.443,478.539,706930.370,954196.440,76.8804489,8.6276526,95.521
823.593,507.499,706930.520,954225.400,76.8804516,8.6279144,94.297
823.673,474.829,706930.600,954192.730,76.8804508,8.6276191,93.926
823.683,484.919,706930.610,954202.820,76.8804514,8.6277103,94.049
823.733,499.349,706930.660,954217.250,76.8804525,8.6278408,94.303
823.813,474.349,706930.740,954192.250,76.8804521,8.6276147,93.926
823.823,155.549,706930.750,953873.450,76.8804379,8.6247327,87.935
823.953,376.569,706930.880,954094.470,76.8804490,8.6267308,89.584
823.973,421.549,706930.900,954139.450,76.8804512,8.6271374,89.303
824.113,421.069,706931.040,954138.970,76.8804524,8.6271331,89.303
824.213,400.739,706931.140,954118.640,76.8804524,8.6269493,90.027
824.323,425.319,706931.250,954143.220,76.8804545,8.6271715,91.188
824.363,400.259,706931.290,954118.160,76.8804538,8.6269449,90.027
824.463,424.839,706931.390,954142.740,76.8804558,8.6271671,91.188
824.693,456.009,706931.620,954173.910,76.8804593,8.6274489,93.422
824.753,495.129,706931.680,954213.030,76.8804616,8.6278026,94.146
824.833,489.659,706931.760,954207.560,76.8804620,8.6277531,94.068
824.893,494.649,706931.820,954212.550,76.8804628,8.6277982,94.146
824.973,330.809,706931.900,954048.710,76.8804562,8.6263170,90.032
824.973,489.189,706931.900,954207.090,76.8804633,8.6277489,94.068
825.113,330.329,706932.040,954048.230,76.8804575,8.6263127,90.032
825.283,139.169,706932.210,953857.070,76.8804505,8.6245845,89.297
825.573,395.079,706932.500,954112.980,76.8804645,8.6268980,90.113
825.653,408.029,706932.580,954125.930,76.8804658,8.6270151,90.026
825.933,412.679,706932.860,954130.580,76.8804686,8.6270571,90.074
826.023,365.619,706932.950,954083.520,76.8804673,8.6266317,90.241
826.233,388.159,706933.160,954106.060,76.8804702,8.6268354,90.099
826.373,387.679,706933.300,954105.580,76.8804715,8.6268311,90.099
826.463,143.409,706933.390,953861.310,76.8804614,8.6246228,88.834
826.753,444.429,706933.680,954162.330,76.8804775,8.6273441,95.717
826.773,478.509,706933.700,954196.410,76.8804792,8.6276522,94.003
826.943,381.509,706933.870,954099.410,76.8804764,8.6267753,90.140
827.043,500.329,706933.970,954218.230,76.8804826,8.6278495,94.303
827.053,508.519,706933.980,954226.420,76.8804831,8.6279235,94.297
827.063,329.269,706933.990,954047.170,76.8804751,8.6263030,90.007
827.083,399.549,706934.010,954117.450,76.8804784,8.6269384,90.071
827.133,485.939,706934.060,954203.840,76.8804828,8.6277194,94.049
827.183,499.849,706934.110,954217.750,76.8804838,8.6278451,94.303
827.193,508.039,706934.120,954225.940,76.8804843,8.6279192,94.297
827.233,425.959,706934.160,954143.860,76.8804810,8.6271771,92.634
827.273,485.459,706934.200,954203.360,76.8804840,8.6277150,94.049
827.283,381.249,706934.210,954099.150,76.8804794,8.6267729,90.113
827.363,377.579,706934.290,954095.480,76.8804800,8.6267398,89.584
827.383,425.479,706934.310,954143.380,76.8804823,8.6271728,92.634
827.503,377.099,706934.430,954095.000,76.8804813,8.6267354,89.584
827.523,493.169,706934.450,954211.070,76.8804866,8.6277847,94.144
827.593,390.059,706934.520,954107.960,76.8804827,8.6268526,90.136
827.603,142.779,706934.530,953860.680,76.8804717,8.6246171,90.164
827.763,157.429,706934.690,953875.330,76.8804738,8.6247495,88.218
827.913,347.049,706934.840,954064.950,76.8804836,8.6264637,90.270
827.943,463.799,706934.870,954181.700,76.8804891,8.6275192,93.444
827.993,427.069,706934.920,954144.970,76.8804879,8.6271871,90.341
828.083,463.329,706935.010,954181.230,76.8804904,8.6275149,93.444
828.143,457.029,706935.070,954174.930,76.8804906,8.6274580,93.422
828.283,424.469,706935.210,954142.370,76.8804905,8.6271636,92.833
828.283,456.549,706935.210,954174.450,76.8804919,8.6274536,93.422
828.423,423.989,706935.350,954141.890,76.8804917,8.6271593,92.833
828.453,149.009,706935.380,953866.910,76.8804797,8.6246733,87.827
828.783,396.029,706935.710,954113.930,76.8804937,8.6269065,90.113
828.923,395.549,706935.850,954113.450,76.8804950,8.6269021,90.113
829.113,432.969,706936.040,954150.870,76.8804984,8.6272404,90.337
829.153,409.059,706936.080,954126.960,76.8804977,8.6270243,90.026
829.213,420.289,706936.140,954138.190,76.8804987,8.6271258,89.378
829.303,408.579,706936.230,954126.480,76.8804990,8.6270199,90.026
829.373,354.029,706936.300,954071.930,76.8804972,8.6265268,90.279
829.393,413.699,706936.320,954131.600,76.8805001,8.6270662,90.074
829.533,413.219,706936.460,954131.120,76.8805013,8.6270619,90.074
829.573,366.669,706936.500,954084.570,76.8804996,8.6266410,90.241
829.713,366.189,706936.640,954084.090,76.8805008,8.6266367,90.241
829.743,444.539,706936.670,954162.440,76.8805046,8.6273450,96.727
829.973,467.219,706936.900,954185.120,76.8805077,8.6275500,94.743
830.043,360.009,706936.970,954077.910,76.8805036,8.6265808,90.244
830.113,147.999,706937.040,953865.900,76.8804947,8.6246641,90.196
830.113,466.739,706937.040,954184.640,76.8805090,8.6275457,94.743
830.223,479.539,706937.150,954197.440,76.8805106,8.6276614,94.003
830.293,382.499,706937.220,954100.400,76.8805068,8.6267841,90.140
830.373,330.249,706937.300,954048.150,76.8805052,8.6263117,90.007
830.373,479.059,706937.300,954196.960,76.8805119,8.6276570,94.003
830.443,382.019,706937.370,954099.920,76.8805082,8.6267798,90.140
830.513,329.779,706937.440,954047.680,76.8805065,8.6263075,90.007
830.563,467.059,706937.490,954184.960,76.8805131,8.6275485,93.927
830.583,400.589,706937.510,954118.490,76.8805103,8.6269476,90.071
830.723,400.109,706937.650,954118.010,76.8805115,8.6269433,90.071
830.733,382.279,706937.660,954100.180,76.8805108,8.6267821,90.113
830.863,500.149,706937.790,954218.050,76.8805173,8.6278477,94.208
830.873,381.799,706937.800,954099.700,76.8805121,8.6267777,90.113
830.883,494.159,706937.810,954212.060,76.8805172,8.6277935,94.144
830.933,456.679,706937.860,954174.580,76.8805160,8.6274547,93.711
830.943,391.049,706937.870,954108.950,76.8805131,8.6268614,90.136
830.993,154.879,706937.920,953872.780,76.8805030,8.6247263,88.434
831.023,493.689,706937.950,954211.590,76.8805185,8.6277893,94.144
831.083,390.569,706938.010,954108.470,76.8805144,8.6268570,90.136
831.213,328.669,706938.140,954046.570,76.8805128,8.6262974,89.973
831.223,444.489,706938.150,954162.390,76.8805181,8.6273445,95.901
831.323,460.019,706938.250,954177.920,76.8805197,8.6274849,93.813
831.353,376.109,706938.280,954094.010,76.8805162,8.6267263,89.574
831.363,348.069,706938.290,954065.970,76.8805150,8.6264728,90.270
831.363,444.009,706938.290,954161.910,76.8805193,8.6273401,95.901
831.443,428.099,706938.370,954146.000,76.8805193,8.6271963,90.341
831.503,347.589,706938.430,954065.490,76.8805163,8.6264684,90.270
831.583,427.619,706938.510,954145.520,76.8805206,8.6271919,90.341
831.723,309.099,706938.650,954027.000,76.8805166,8.6261205,84.932
831.883,449.289,706938.810,954167.190,76.8805243,8.6273878,93.674
832.093,370.309,706939.020,954088.210,76.8805227,8.6266738,90.272
832.483,153.819,706939.410,953871.720,76.8805165,8.6247167,90.062
832.533,495.009,706939.460,954212.910,76.8805322,8.6278011,94.205
832.563,135.499,706939.490,953853.400,76.8805164,8.6245510,90.745
832.613,433.999,706939.540,954151.900,76.8805302,8.6272496,90.337
832.753,433.519,706939.680,954151.420,76.8805315,8.6272452,90.337
832.783,355.039,706939.710,954072.940,76.8805282,8.6265357,90.279
832.803,421.349,706939.730,954139.250,76.8805314,8.6271352,89.378
832.863,384.009,706939.790,954101.910,76.8805303,8.6267976,89.523
832.873,487.729,706939.800,954205.630,76.8805350,8.6277353,94.167
832.923,354.559,706939.850,954072.460,76.8805295,8.6265314,90.279
832.943,420.869,706939.870,954138.770,76.8805326,8.6271309,89.378
833.123,140.739,706940.050,953858.640,76.8805217,8.6245984,90.898
833.433,408.329,706940.360,954126.230,76.8805365,8.6270175,89.466
833.463,399.399,706940.390,954117.300,76.8805364,8.6269367,89.488
833.543,361.039,706940.470,954078.940,76.8805354,8.6265899,90.244
833.693,360.569,706940.620,954078.470,76.8805367,8.6265857,90.244
833.713,375.229,706940.640,954093.130,76.8805376,8.6267182,90.083
833.853,374.749,706940.780,954092.650,76.8805388,8.6267139,90.083
834.023,468.079,706940.950,954185.980,76.8805446,8.6275576,93.927
834.163,467.599,706941.090,954185.500,76.8805458,8.6275533,93.927
834.273,484.339,706941.200,954202.240,76.8805476,8.6277046,94.097
834.333,457.689,706941.260,954175.590,76.8805469,8.6274637,93.711
834.413,501.199,706941.340,954219.100,76.8805496,8.6278570,94.208
834.483,457.209,706941.410,954175.110,76.8805482,8.6274593,93.711
834.553,500.719,706941.480,954218.620,76.8805508,8.6278527,94.208
834.613,329.679,706941.540,954047.580,76.8805437,8.6263064,89.973
834.613,377.079,706941.540,954094.980,76.8805458,8.6267349,89.574
834.683,461.019,706941.610,954178.920,76.8805502,8.6274938,93.813
834.753,329.199,706941.680,954047.100,76.8805450,8.6263020,89.973
834.753,376.599,706941.680,954094.500,76.8805471,8.6267306,89.574
834.823,460.539,706941.750,954178.440,76.8805515,8.6274894,93.813
834.943,310.049,706941.870,954027.950,76.8805458,8.6261289,84.932
835.083,309.569,706942.010,954027.470,76.8805471,8.6261246,84.932
835.153,387.509,706942.080,954105.410,76.8805512,8.6268292,90.461
835.233,388.449,706942.160,954106.350,76.8805520,8.6268377,90.577
835.383,450.319,706942.310,954168.220,76.8805561,8.6273970,93.674
835.443,371.309,706942.370,954089.210,76.8805531,8.6266827,90.272
835.463,375.299,706942.390,954093.200,76.8805535,8.6267188,90.141
835.523,387.479,706942.450,954105.380,76.8805546,8.6268289,90.541
835.533,449.839,706942.460,954167.740,76.8805575,8.6273926,93.674
835.583,370.829,706942.510,954088.730,76.8805544,8.6266784,90.272
835.603,374.819,706942.530,954092.720,76.8805547,8.6267144,90.141
835.833,474.919,706942.760,954192.820,76.8805613,8.6276194,93.995
835.893,487.829,706942.820,954205.730,76.8805624,8.6277361,94.360
835.983,496.029,706942.910,954213.930,76.8805636,8.6278102,94.205
836.033,487.349,706942.960,954205.250,76.8805637,8.6277317,94.360
836.123,384.969,706943.050,954102.870,76.8805599,8.6268062,89.523
836.123,385.739,706943.050,954103.640,76.8805599,8.6268131,90.160
836.123,495.549,706943.050,954213.450,76.8805649,8.6278059,94.205
836.233,393.679,706943.160,954111.580,76.8805613,8.6268849,89.541
836.263,384.489,706943.190,954102.390,76.8805612,8.6268018,89.523
836.343,145.959,706943.270,953863.860,76.8805512,8.6246454,90.986
836.373,393.199,706943.300,954111.100,76.8805626,8.6268806,89.541
836.393,334.759,706943.320,954052.660,76.8805601,8.6263522,89.852
836.423,488.779,706943.350,954206.680,76.8805673,8.6277446,94.167
836.533,463.029,706943.460,954180.930,76.8805671,8.6275118,93.886
836.563,488.299,706943.490,954206.200,76.8805685,8.6277403,94.167
836.603,448.899,706943.530,954166.800,76.8805671,8.6273841,93.691
836.623,375.019,706943.550,954092.920,76.8805640,8.6267162,90.141
836.763,374.539,706943.690,954092.440,76.8805653,8.6267119,90.141
836.783,375.659,706943.710,954093.560,76.8805655,8.6267220,89.587
836.873,465.169,706943.800,954183.070,76.8805703,8.6275312,93.893
836.883,409.359,706943.810,954127.260,76.8805679,8.6270266,89.466
836.953,147.799,706943.880,953865.700,76.8805568,8.6246620,91.095
836.963,400.429,706943.890,954118.330,76.8805682,8.6269459,89.488
837.023,408.879,706943.950,954126.780,76.8805692,8.6270223,89.466
837.033,342.699,706943.960,954060.600,76.8805663,8.6264240,89.763
837.063,349.239,706943.990,954067.140,76.8805669,8.6264831,89.701
837.093,328.559,706944.020,954046.460,76.8805662,8.6262962,89.981
837.103,399.949,706944.030,954117.850,76.8805695,8.6269416,89.488
837.113,330.909,706944.040,954048.810,76.8805665,8.6263174,89.935
837.203,137.879,706944.130,953855.780,76.8805587,8.6245723,91.394
837.283,343.139,706944.210,954061.040,76.8805686,8.6264280,89.971
837.333,417.349,706944.260,954135.250,76.8805724,8.6270988,89.455
837.343,374.739,706944.270,954092.640,76.8805705,8.6267136,90.094
837.483,374.259,706944.410,954092.160,76.8805718,8.6267093,90.094
837.483,416.869,706944.410,954134.770,76.8805737,8.6270945,89.455
837.623,354.869,706944.550,954072.770,76.8805722,8.6265340,89.693
837.673,485.349,706944.600,954203.250,76.8805785,8.6277136,94.097
837.773,356.709,706944.700,954074.610,76.8805736,8.6265506,89.648
837.773,369.239,706944.700,954087.140,76.8805742,8.6266639,89.582
837.813,484.869,706944.740,954202.770,76.8805797,8.6277092,94.097
837.853,395.589,706944.780,954113.490,76.8805761,8.6269021,90.149
837.893,426.189,706944.820,954144.090,76.8805778,8.6271787,90.309
837.933,438.119,706944.860,954156.020,76.8805787,8.6272866,90.381
837.943,497.789,706944.870,954215.690,76.8805815,8.6278260,94.541
838.023,325.039,706944.950,954042.940,76.8805745,8.6262643,94.964
838.023,365.159,706944.950,954083.060,76.8805763,8.6266270,89.643
838.053,355.499,706944.980,954073.400,76.8805761,8.6265397,90.251
838.053,420.189,706944.980,954138.090,76.8805790,8.6271245,89.660
838.163,374.119,706945.090,954092.020,76.8805780,8.6267080,90.156
838.193,355.019,706945.120,954072.920,76.8805774,8.6265353,90.251
838.303,373.639,706945.230,954091.540,76.8805792,8.6267036,90.156
838.323,382.489,706945.250,954100.390,76.8805798,8.6267837,89.548
838.463,374.169,706945.390,954092.070,76.8805807,8.6267084,89.590
838.463,382.009,706945.390,954099.910,76.8805810,8.6267793,89.548
838.493,381.539,706945.420,954099.440,76.8805813,8.6267751,89.540
838.523,370.829,706945.450,954088.730,76.8805811,8.6266782,90.027
838.533,402.509,706945.460,954120.410,76.8805826,8.6269646,90.138
838.603,373.279,706945.530,954091.180,76.8805819,8.6267004,90.147
838.603,388.529,706945.530,954106.430,76.8805826,8.6268382,90.461
838.633,381.059,706945.560,954098.960,76.8805825,8.6267707,89.540
838.633,389.459,706945.560,954107.360,76.8805829,8.6268466,90.577
838.663,370.359,706945.590,954088.260,76.8805823,8.6266740,90.027
838.663,381.819,706945.590,954099.720,76.8805828,8.6267776,90.162
838.703,394.619,706945.630,954112.520,76.8805838,8.6268933,91.560
838.733,442.279,706945.660,954160.180,76.8805862,8.6273242,91.656
838.743,388.049,706945.670,954105.950,76.8805839,8.6268339,90.461
838.753,372.799,706945.680,954090.700,76.8805833,8.6266960,90.147
838.773,388.979,706945.700,954106.880,76.8805842,8.6268423,90.577
838.783,453.879,706945.710,954171.780,76.8805872,8.6274290,93.740
838.803,394.539,706945.730,954112.440,76.8805847,8.6268926,90.351
838.813,380.839,706945.740,954098.740,76.8805842,8.6267687,89.565
838.843,394.139,706945.770,954112.040,76.8805850,8.6268889,91.560
838.943,394.059,706945.870,954111.960,76.8805859,8.6268882,90.351
838.953,380.369,706945.880,954098.270,76.8805854,8.6267645,89.565
838.983,388.499,706945.910,954106.400,76.8805861,8.6268380,90.541
839.043,132.209,706945.970,953850.110,76.8805751,8.6245210,92.016
839.123,388.019,706946.050,954105.920,76.8805873,8.6268336,90.541
839.333,380.289,706946.260,954098.190,76.8805889,8.6267637,89.563
839.333,475.959,706946.260,954193.860,76.8805931,8.6276286,93.995
839.433,143.789,706946.360,953861.690,76.8805792,8.6246257,91.311
839.473,379.809,706946.400,954097.710,76.8805901,8.6267594,89.563
839.473,475.479,706946.400,954193.380,76.8805944,8.6276243,93.995
839.623,386.769,706946.550,954104.670,76.8805918,8.6268223,90.160
839.763,386.299,706946.690,954104.200,76.8805930,8.6268180,90.160
839.883,464.019,706946.810,954181.920,76.8805976,8.6275206,93.886
839.893,335.789,706946.820,954053.690,76.8805920,8.6263614,89.852
840.003,449.899,706946.930,954167.800,76.8805981,8.6273930,93.691
840.033,335.309,706946.960,954053.210,76.8805932,8.6263571,89.852
840.033,463.549,706946.960,954181.450,76.8805989,8.6275164,93.886
840.083,459.569,706947.010,954177.470,76.8805992,8.6274804,93.826
840.143,449.429,706947.070,954167.330,76.8805993,8.6273887,93.691
840.193,379.819,706947.120,954097.720,76.8805967,8.6267594,89.581
840.283,376.689,706947.210,954094.590,76.8805973,8.6267311,89.587
840.333,379.339,706947.260,954097.240,76.8805979,8.6267551,89.581
840.393,343.689,706947.320,954061.590,76.8805969,8.6264328,89.763
840.413,466.219,706947.340,954184.120,76.8806025,8.6275405,93.893
840.423,376.209,706947.350,954094.110,76.8805986,8.6267268,89.587
840.533,343.209,706947.460,954061.110,76.8805981,8.6264284,89.763
840.563,465.739,706947.490,954183.640,76.8806039,8.6275362,93.893
840.593,329.589,706947.520,954047.490,76.8805980,8.6263053,89.981
840.603,350.289,706947.530,954068.190,76.8805991,8.6264925,89.701
840.613,331.949,706947.540,954049.850,76.8805983,8.6263266,89.935
840.723,335.919,706947.650,954053.820,76.8805995,8.6263625,90.161
840.733,329.109,706947.660,954047.010,76.8805993,8.6263010,89.981
840.733,344.159,706947.660,954062.060,76.8806000,8.6264370,89.971
840.753,331.469,706947.680,954049.370,76.8805996,8.6263223,89.935
840.753,349.809,706947.680,954067.710,76.8806004,8.6264881,89.701
840.783,135.789,706947.710,953853.690,76.8805911,8.6245533,92.561
840.863,148.559,706947.790,953866.460,76.8805924,8.6246687,91.326
840.873,343.679,706947.800,954061.580,76.8806012,8.6264327,89.971
841.023,355.879,706947.950,954073.780,76.8806031,8.6265430,89.693
841.043,379.669,706947.970,954097.570,76.8806044,8.6267580,89.600
841.133,357.699,706948.060,954075.600,76.8806042,8.6265594,89.648
841.143,389.479,706948.070,954107.380,76.8806057,8.6268467,90.174
841.163,355.399,706948.090,954073.300,76.8806044,8.6265386,89.693
841.183,379.189,706948.110,954097.090,76.8806056,8.6267537,89.600
841.273,357.219,706948.200,954075.120,76.8806055,8.6265551,89.648
841.273,370.269,706948.200,954088.170,76.8806060,8.6266730,89.582
841.393,427.229,706948.320,954145.130,76.8806097,8.6271880,90.309
841.403,396.639,706948.330,954114.540,76.8806084,8.6269114,90.149
841.413,369.789,706948.340,954087.690,76.8806073,8.6266687,89.582
841.413,421.189,706948.340,954139.090,76.8806096,8.6271334,89.660
841.433,439.159,706948.360,954157.060,76.8806106,8.6272958,90.381
841.523,366.199,706948.450,954084.100,76.8806081,8.6266362,89.643
841.533,426.749,706948.460,954144.650,76.8806109,8.6271836,90.309
841.543,396.169,706948.470,954114.070,76.8806097,8.6269072,90.149
841.543,423.429,706948.470,954141.330,76.8806109,8.6271536,91.016
841.553,420.709,706948.480,954138.610,76.8806108,8.6271290,89.660
841.553,423.429,706948.480,954141.330,76.8806110,8.6271536,91.015
841.573,438.679,706948.500,954156.580,76.8806118,8.6272915,90.381
841.663,365.719,706948.590,954083.620,76.8806094,8.6266319,89.643
841.683,422.949,706948.610,954140.850,76.8806121,8.6271493,91.016
841.703,422.949,706948.630,954140.850,76.8806123,8.6271493,91.015
841.963,375.209,706948.890,954093.110,76.8806125,8.6267177,89.590
841.973,393.329,706948.900,954111.230,76.8806134,8.6268815,90.503
842.013,382.809,706948.940,954100.710,76.8806133,8.6267864,90.162
842.033,403.549,706948.960,954121.450,76.8806144,8.6269739,90.138
842.053,326.629,706948.980,954044.530,76.8806112,8.6262785,90.202
842.083,443.279,706949.010,954161.180,76.8806167,8.6273330,91.656
842.103,374.729,706949.030,954092.630,76.8806138,8.6267133,89.590
842.163,382.329,706949.090,954100.230,76.8806147,8.6267820,90.162
842.183,403.069,706949.110,954120.970,76.8806158,8.6269695,90.138
842.233,442.799,706949.160,954160.700,76.8806180,8.6273287,91.656
842.283,454.919,706949.210,954172.820,76.8806190,8.6274383,93.740
842.433,454.439,706949.360,954172.340,76.8806203,8.6274339,93.740
842.583,130.569,706949.510,953848.470,76.8806072,8.6245060,92.635
842.793,334.789,706949.720,954052.690,76.8806183,8.6263522,89.889
842.823,344.269,706949.750,954062.170,76.8806190,8.6264379,92.504
842.843,334.389,706949.770,954052.290,76.8806187,8.6263486,89.884
842.923,140.139,706949.850,953858.040,76.8806107,8.6245925,92.526
842.923,334.099,706949.850,954052.000,76.8806194,8.6263460,89.879
842.933,334.309,706949.860,954052.210,76.8806195,8.6263479,89.889
842.963,343.789,706949.890,954061.690,76.8806202,8.6264336,92.504
842.983,333.909,706949.910,954051.810,76.8806199,8.6263443,89.884
843.043,333.779,706949.970,954051.680,76.8806205,8.6263431,89.959
843.063,333.619,706949.990,954051.520,76.8806207,8.6263416,89.879
843.103,413.449,706950.030,954131.350,76.8806246,8.6270633,90.131
843.173,344.379,706950.100,954062.280,76.8806221,8.6264389,89.971
843.183,333.479,706950.110,954051.380,76.8806217,8.6263404,89.963
843.193,333.299,706950.120,954051.200,76.8806218,8.6263387,89.959
843.313,343.899,706950.240,954061.800,76.8806234,8.6264346,89.971
843.323,332.999,706950.250,954050.900,76.8806230,8.6263360,89.963
843.413,333.049,706950.340,954050.950,76.8806238,8.6263365,89.968
843.553,332.569,706950.480,954050.470,76.8806251,8.6263321,89.968
843.583,460.599,706950.510,954178.500,76.8806311,8.6274896,93.826
843.603,323.899,706950.530,954041.800,76.8806251,8.6262537,92.159
843.603,379.639,706950.530,954097.540,76.8806276,8.6267577,89.611
843.633,359.349,706950.560,954077.250,76.8806270,8.6265742,89.662
843.673,332.709,706950.600,954050.610,76.8806262,8.6263334,89.981
843.733,460.119,706950.660,954178.020,76.8806324,8.6274852,93.826
843.743,379.159,706950.670,954097.060,76.8806289,8.6267533,89.611
843.773,358.869,706950.700,954076.770,76.8806282,8.6265699,89.662
843.813,332.229,706950.740,954050.130,76.8806274,8.6263290,89.981
844.033,332.369,706950.960,954050.270,76.8806294,8.6263303,89.989
844.123,336.929,706951.050,954054.830,76.8806304,8.6263715,90.161
844.173,331.889,706951.100,954049.790,76.8806307,8.6263259,89.989
844.183,145.769,706951.110,953863.670,76.8806224,8.6246434,91.776
844.243,374.469,706951.170,954092.370,76.8806332,8.6267109,90.119
844.253,151.779,706951.180,953869.680,76.8806233,8.6246977,91.473
844.263,336.449,706951.190,954054.350,76.8806317,8.6263672,90.161
844.363,332.139,706951.290,954050.040,76.8806324,8.6263282,89.995
844.403,368.489,706951.330,954086.390,76.8806344,8.6266568,90.144
844.413,379.749,706951.340,954097.650,76.8806350,8.6267586,90.309
844.503,331.659,706951.430,954049.560,76.8806337,8.6263239,89.995
844.583,345.209,706951.510,954063.110,76.8806350,8.6264463,90.199
844.603,390.499,706951.530,954108.400,76.8806372,8.6268558,90.174
844.733,344.729,706951.660,954062.630,76.8806363,8.6264420,90.199
844.733,360.959,706951.660,954078.860,76.8806371,8.6265887,90.063
844.743,390.019,706951.670,954107.920,76.8806384,8.6268514,90.174
844.833,147.819,706951.760,953865.720,76.8806284,8.6246619,91.784
844.983,331.849,706951.910,954049.750,76.8806380,8.6263256,90.036
845.003,353.969,706951.930,954071.870,76.8806392,8.6265255,90.273
845.133,331.369,706952.060,954049.270,76.8806394,8.6263212,90.036
845.153,427.839,706952.080,954145.740,76.8806439,8.6271933,90.306
845.333,155.599,706952.260,953873.500,76.8806333,8.6247322,91.570
845.363,437.359,706952.290,954155.260,76.8806462,8.6272794,90.381
845.373,347.259,706952.300,954065.160,76.8806423,8.6264648,90.230
845.403,470.409,706952.330,954188.310,76.8806480,8.6275782,95.850
845.503,327.649,706952.430,954045.550,76.8806426,8.6262876,90.202
845.543,469.929,706952.470,954187.830,76.8806493,8.6275738,95.850
845.573,394.389,706952.500,954112.290,76.8806462,8.6268909,90.503
845.643,327.169,706952.570,954045.070,76.8806438,8.6262832,90.202
845.713,393.909,706952.640,954111.810,76.8806474,8.6268866,90.503
845.873,331.629,706952.800,954049.530,76.8806461,8.6263235,90.219
846.003,452.059,706952.930,954169.960,76.8806527,8.6274122,93.709
846.013,331.149,706952.940,954049.050,76.8806473,8.6263192,90.219
846.123,331.039,706953.050,954048.940,76.8806483,8.6263182,90.188
846.293,419.429,706953.220,954137.330,76.8806538,8.6271172,89.740
846.543,128.589,706953.470,953846.490,76.8806431,8.6244879,93.308
846.703,414.519,706953.630,954132.420,76.8806573,8.6270728,90.131
846.783,383.489,706953.710,954101.390,76.8806567,8.6267923,90.204
846.843,414.039,706953.770,954131.940,76.8806586,8.6270685,90.131
846.903,133.419,706953.830,953851.320,76.8806466,8.6245316,93.241
847.213,342.979,706954.140,954060.880,76.8806588,8.6264261,90.247
847.323,409.439,706954.250,954127.340,76.8806628,8.6270269,90.193
847.433,146.539,706954.360,953864.440,76.8806520,8.6246502,93.164
847.703,401.759,706954.630,954119.660,76.8806659,8.6269574,90.189
847.843,375.529,706954.770,954093.430,76.8806660,8.6267203,90.119
847.883,149.809,706954.810,953867.710,76.8806562,8.6246797,92.887
847.953,369.539,706954.880,954087.440,76.8806667,8.6266662,90.144
847.953,393.289,706954.880,954111.190,76.8806678,8.6268809,90.499
847.983,375.059,706954.910,954092.960,76.8806672,8.6267161,90.119
848.093,369.059,706955.020,954086.960,76.8806679,8.6266618,90.144
848.283,362.009,706955.210,954079.910,76.8806693,8.6265981,90.063
848.403,137.479,706955.330,953855.380,76.8806604,8.6245682,93.045
848.423,361.529,706955.350,954079.430,76.8806706,8.6265937,90.063
848.503,355.009,706955.430,954072.910,76.8806710,8.6265348,90.273
848.653,354.529,706955.580,954072.430,76.8806724,8.6265304,90.273
848.683,348.239,706955.610,954066.140,76.8806724,8.6264736,90.230
848.743,428.899,706955.670,954146.800,76.8806765,8.6272028,90.306
848.823,347.759,706955.750,954065.660,76.8806736,8.6264692,90.230
848.863,438.399,706955.790,954156.300,76.8806780,8.6272886,90.381
848.883,325.149,706955.810,954043.050,76.8806732,8.6262648,90.613
848.893,428.419,706955.820,954146.320,76.8806779,8.6271984,90.306
848.903,417.239,706955.830,954135.140,76.8806775,8.6270973,91.108
849.003,437.919,706955.930,954155.820,76.8806793,8.6272843,90.381
849.043,395.909,706955.970,954113.810,76.8806778,8.6269045,90.204
849.183,316.659,706956.110,954034.560,76.8806755,8.6261880,88.912
849.333,142.989,706956.260,953860.890,76.8806691,8.6246180,93.129
849.453,453.079,706956.380,954170.980,76.8806841,8.6274213,93.709
849.573,332.069,706956.500,954049.970,76.8806797,8.6263273,90.188
849.593,452.599,706956.520,954170.500,76.8806853,8.6274170,93.709
849.713,424.349,706956.640,954142.250,76.8806851,8.6271616,90.296
849.723,331.589,706956.650,954049.490,76.8806811,8.6263230,90.188
849.753,390.869,706956.680,954108.770,76.8806840,8.6268589,90.246
849.843,420.479,706956.770,954138.380,76.8806861,8.6271266,89.740
849.913,414.969,706956.840,954132.870,76.8806865,8.6270768,90.135
849.983,419.999,706956.910,954137.900,76.8806874,8.6271222,89.740
850.383,384.549,706957.310,954102.450,76.8806894,8.6268017,90.204
850.523,384.069,706957.450,954101.970,76.8806907,8.6267974,90.204
850.613,343.979,706957.540,954061.880,76.8806897,8.6264350,90.247
850.753,343.499,706957.680,954061.400,76.8806910,8.6264306,90.247
850.823,410.479,706957.750,954128.380,76.8806946,8.6270361,90.193
850.963,409.999,706957.890,954127.900,76.8806958,8.6270318,90.193
850.993,422.759,706957.920,954140.660,76.8806967,8.6271471,91.176
851.143,422.279,706958.070,954140.180,76.8806980,8.6271428,91.176
851.153,402.779,706958.080,954120.680,76.8806972,8.6269665,90.189
851.223,111.829,706958.150,953829.730,76.8806849,8.6243362,94.869
851.253,131.039,706958.180,953848.940,76.8806860,8.6245099,93.680
851.293,402.299,706958.220,954120.200,76.8806985,8.6269622,90.189
851.493,394.339,706958.420,954112.240,76.8807000,8.6268902,90.499
851.643,393.859,706958.570,954111.760,76.8807013,8.6268858,90.499
851.803,126.089,706958.730,953843.990,76.8806908,8.6244651,94.207
851.863,386.179,706958.790,954104.080,76.8807030,8.6268164,90.220
852.013,378.199,706958.940,954096.100,76.8807040,8.6267443,90.190
852.233,326.139,706959.160,954044.040,76.8807036,8.6262736,90.613
852.303,418.239,706959.230,954136.140,76.8807084,8.6271062,91.108
852.383,325.659,706959.310,954043.560,76.8807050,8.6262693,90.613
852.393,317.619,706959.320,954035.520,76.8807047,8.6261966,88.912
852.393,363.409,706959.320,954081.310,76.8807067,8.6266105,90.153
852.453,417.759,706959.380,954135.660,76.8807097,8.6271019,91.108
852.543,317.139,706959.470,954035.040,76.8807060,8.6261922,88.912
852.633,396.979,706959.560,954114.880,76.8807104,8.6269140,90.204
852.693,107.979,706959.620,953825.880,76.8806980,8.6243013,94.953
852.713,371.799,706959.640,954089.700,76.8807100,8.6266864,90.140
852.773,396.499,706959.700,954114.400,76.8807117,8.6269097,90.204
853.113,425.359,706960.040,954143.260,76.8807161,8.6271706,90.296
853.253,391.909,706960.180,954109.810,76.8807158,8.6268681,90.246
853.263,424.879,706960.190,954142.780,76.8807174,8.6271662,90.296
853.393,391.429,706960.320,954109.330,76.8807171,8.6268638,90.246
853.413,416.009,706960.340,954133.910,76.8807184,8.6270860,90.135
853.533,344.369,706960.460,954062.270,76.8807163,8.6264384,90.260
853.553,415.529,706960.480,954133.430,76.8807196,8.6270817,90.135
853.643,349.059,706960.570,954066.960,76.8807175,8.6264807,90.316
854.023,354.599,706960.950,954072.500,76.8807212,8.6265308,90.309
854.333,134.269,706961.260,953852.170,76.8807141,8.6245389,93.684
854.643,358.329,706961.570,954076.230,76.8807270,8.6265645,90.327
855.053,332.489,706961.980,954050.390,76.8807295,8.6263309,90.363
855.183,342.519,706962.110,954060.420,76.8807312,8.6264216,90.277
855.213,114.219,706962.140,953832.120,76.8807212,8.6243576,95.003
855.453,387.239,706962.380,954105.140,76.8807356,8.6268258,90.220
855.513,379.229,706962.440,954097.130,76.8807358,8.6267534,90.190
855.603,386.759,706962.530,954104.660,76.8807370,8.6268215,90.220
855.653,378.749,706962.580,954096.650,76.8807370,8.6267491,90.190
855.713,142.779,706962.640,953860.680,76.8807270,8.6246158,93.811
855.743,138.409,706962.670,953856.310,76.8807271,8.6245763,94.146
855.793,364.419,706962.720,954082.320,76.8807377,8.6266195,90.153
855.853,110.429,706962.780,953828.330,76.8807269,8.6243233,94.960
855.933,363.939,706962.860,954081.840,76.8807389,8.6266152,90.153
856.003,110.109,706962.930,953828.010,76.8807282,8.6243204,94.938
856.073,308.729,706963.000,954026.630,76.8807377,8.6261160,90.351
856.213,372.829,706963.140,954090.730,76.8807419,8.6266955,90.140
856.263,125.259,706963.190,953843.160,76.8807312,8.6244574,94.891
856.273,125.259,706963.200,953843.160,76.8807313,8.6244574,94.862
856.353,372.349,706963.280,954090.250,76.8807431,8.6266912,90.140
856.983,345.399,706963.910,954063.300,76.8807476,8.6264475,90.260
857.003,350.049,706963.930,954067.950,76.8807480,8.6264896,90.316
857.123,344.919,706964.050,954062.820,76.8807489,8.6264432,90.260
857.143,349.569,706964.070,954067.470,76.8807493,8.6264852,90.316
857.423,119.489,706964.350,953837.390,76.8807415,8.6244052,95.039
857.523,355.639,706964.450,954073.540,76.8807530,8.6265401,90.309
857.573,322.209,706964.500,954040.110,76.8807520,8.6262378,91.368
857.663,355.159,706964.590,954073.060,76.8807543,8.6265357,90.309
857.883,360.149,706964.810,954078.050,76.8807565,8.6265808,90.320
858.023,359.669,706964.950,954077.570,76.8807577,8.6265765,90.320
858.093,359.349,706965.020,954077.250,76.8807583,8.6265736,90.327
858.233,358.869,706965.160,954076.770,76.8807596,8.6265692,90.327
858.323,339.889,706965.250,954057.790,76.8807596,8.6263976,91.292
858.403,333.489,706965.330,954051.390,76.8807600,8.6263398,90.363
858.553,333.009,706965.480,954050.910,76.8807613,8.6263354,90.363
858.583,141.279,706965.510,953859.180,76.8807530,8.6246021,93.935
858.583,343.519,706965.510,954061.420,76.8807621,8.6264304,90.277
858.723,343.049,706965.650,954060.950,76.8807633,8.6264262,90.277
858.973,329.109,706965.900,954047.010,76.8807650,8.6263002,91.124
859.333,309.689,706966.260,954027.590,76.8807674,8.6261246,90.351
859.473,309.209,706966.400,954027.110,76.8807686,8.6261202,90.351
859.743,332.619,706966.670,954050.520,76.8807721,8.6263319,91.379
860.433,328.789,706967.360,954046.690,76.8807782,8.6262972,91.228
860.503,329.219,706967.430,954047.120,76.8807789,8.6263011,91.225
860.573,328.309,706967.500,954046.210,76.8807795,8.6262929,91.228
860.653,328.739,706967.580,954046.640,76.8807802,8.6262967,91.225
860.793,323.169,706967.720,954041.070,76.8807813,8.6262464,91.368
860.933,322.689,706967.860,954040.590,76.8807825,8.6262420,91.368
860.983,127.539,706967.910,953845.440,76.8807742,8.6244778,95.070
861.863,340.939,706968.790,954058.840,76.8807918,8.6264070,91.292
861.883,328.529,706968.810,954046.430,76.8807914,8.6262948,91.568
862.013,340.469,706968.940,954058.370,76.8807931,8.6264027,91.292
862.023,328.049,706968.950,954045.950,76.8807926,8.6262904,91.568
862.233,135.659,706969.160,953853.560,76.8807859,8.6245512,94.965
863.043,333.599,706969.970,954051.500,76.8808022,8.6263406,91.379
863.193,333.119,706970.120,954051.020,76.8808035,8.6263362,91.379
864.213,322.939,706971.140,954040.840,76.8808123,8.6262441,92.027
864.953,141.469,706971.880,953859.370,76.8808109,8.6246036,94.966
865.313,319.469,706972.240,954037.370,76.8808221,8.6262127,91.908
866.283,317.569,706973.210,954035.470,76.8808309,8.6261955,92.420
866.683,333.559,706973.610,954051.460,76.8808352,8.6263400,92.223
867.283,135.629,706974.210,953853.530,76.8808318,8.6245507,95.125
867.623,323.949,706974.550,954041.850,76.8808433,8.6262531,92.027
867.713,338.669,706974.640,954056.570,76.8808448,8.6263862,92.417
867.763,323.469,706974.690,954041.370,76.8808446,8.6262488,92.027
869.733,318.589,706976.660,954036.490,76.8808623,8.6262046,92.420
869.873,318.109,706976.800,954036.010,76.8808635,8.6262002,92.420
870.043,334.549,706976.970,954052.450,76.8808658,8.6263488,92.223
870.183,334.069,706977.110,954051.970,76.8808670,8.6263445,92.223
871.263,339.719,706978.190,954057.620,76.8808771,8.6263955,92.417
871.403,339.239,706978.330,954057.140,76.8808784,8.6263912,92.417
874.053,317.539,706980.980,954035.440,76.8809015,8.6261949,93.419
875.403,321.899,706982.330,954039.800,76.8809139,8.6262342,93.513
876.153,322.239,706983.080,954040.140,76.8809207,8.6262373,93.621
876.353,321.159,706983.280,954039.060,76.8809225,8.6262275,93.640
876.383,340.489,706983.310,954058.390,76.8809236,8.6264023,93.028
876.523,340.009,706983.450,954057.910,76.8809249,8.6263979,93.028
876.673,315.739,706983.600,954033.640,76.8809252,8.6261785,93.778
877.153,342.479,706984.080,954060.380,76.8809307,8.6264202,93.273
877.293,341.999,706984.220,954059.900,76.8809320,8.6264159,93.273
877.503,318.559,706984.430,954036.460,76.8809328,8.6262040,93.419
877.643,318.079,706984.570,954035.980,76.8809341,8.6261996,93.419
878.853,322.929,706985.780,954040.830,76.8809453,8.6262434,93.513
879.003,322.449,706985.930,954040.350,76.8809466,8.6262391,93.513
879.593,323.279,706986.520,954041.180,76.8809520,8.6262465,93.814
879.603,323.259,706986.530,954041.160,76.8809521,8.6262464,93.621
879.663,322.139,706986.590,954040.040,76.8809526,8.6262362,93.640
879.753,322.779,706986.680,954040.680,76.8809535,8.6262420,93.621
879.803,321.659,706986.730,954039.560,76.8809539,8.6262319,93.640
879.933,316.709,706986.860,954034.610,76.8809548,8.6261871,93.778
880.083,316.229,706987.010,954034.130,76.8809562,8.6261828,93.778
882.113,309.569,706989.040,954027.470,76.8809743,8.6261225,94.618
882.413,320.729,706989.340,954038.630,76.8809775,8.6262234,94.634
882.553,318.729,706989.480,954036.630,76.8809787,8.6262053,95.369
882.693,318.249,706989.620,954036.150,76.8809800,8.6262009,95.369
882.793,316.289,706989.720,954034.190,76.8809808,8.6261832,94.739
882.913,318.699,706989.840,954036.600,76.8809820,8.6262050,95.387
884.813,320.099,706991.740,954038.000,76.8809993,8.6262176,94.967
885.373,310.539,706992.300,954028.440,76.8810040,8.6261311,94.618
885.523,310.059,706992.450,954027.960,76.8810053,8.6261268,94.618
885.773,321.729,706992.700,954039.630,76.8810081,8.6262322,94.634
885.913,321.249,706992.840,954039.150,76.8810094,8.6262279,94.634
886.193,317.299,706993.120,954035.200,76.8810117,8.6261922,94.739
886.333,316.819,706993.260,954034.720,76.8810130,8.6261878,94.739
886.723,313.729,706993.650,954031.630,76.8810164,8.6261599,95.035
887.773,318.659,706994.700,954036.560,76.8810261,8.6262044,96.335
887.913,318.179,706994.840,954036.080,76.8810274,8.6262001,96.335
888.173,321.089,706995.100,954038.990,76.8810299,8.6262264,94.967
888.173,321.149,706995.100,954039.050,76.8810299,8.6262269,95.059
888.213,318.649,706995.140,954036.550,76.8810301,8.6262043,96.360
888.313,320.609,706995.240,954038.510,76.8810311,8.6262220,94.967
888.363,318.169,706995.290,954036.070,76.8810315,8.6261999,96.360
888.783,357.599,706995.710,954075.500,76.8810371,8.6265564,95.059
888.843,299.579,706995.770,954017.480,76.8810350,8.6260319,94.890
889.173,368.989,706996.100,954086.890,76.8810411,8.6266593,95.543
890.173,314.749,706997.100,954032.650,76.8810478,8.6261689,95.035
890.313,314.269,706997.240,954032.170,76.8810490,8.6261646,95.035
890.373,334.109,706997.300,954052.010,76.8810504,8.6263440,95.094
890.563,314.579,706997.490,954032.480,76.8810513,8.6261674,94.955
890.813,307.839,706997.740,954025.740,76.8810533,8.6261065,94.954
890.923,319.959,706997.850,954037.860,76.8810548,8.6262160,94.999
890.923,329.639,706997.850,954047.540,76.8810552,8.6263035,95.071
891.063,306.609,706997.990,954024.510,76.8810555,8.6260953,96.204
891.213,306.129,706998.140,954024.030,76.8810568,8.6260910,96.204
891.363,325.289,706998.290,954043.190,76.8810590,8.6262642,95.056
893.523,301.849,707000.450,954019.750,76.8810776,8.6260522,94.802
893.723,335.099,707000.650,954053.000,76.8810809,8.6263528,95.094
893.863,334.629,707000.790,954052.530,76.8810822,8.6263485,95.094
893.963,315.589,707000.890,954033.490,76.8810822,8.6261764,94.955
894.103,315.109,707001.030,954033.010,76.8810835,8.6261720,94.955
894.263,308.859,707001.190,954026.760,76.8810847,8.6261155,94.954
894.273,320.959,707001.200,954038.860,76.8810853,8.6262249,94.999
894.373,330.659,707001.300,954048.560,76.8810866,8.6263126,95.071
894.413,308.379,707001.340,954026.280,76.8810860,8.6261112,94.954
894.413,320.479,707001.340,954038.380,76.8810865,8.6262206,94.999
894.513,330.179,707001.440,954048.080,76.8810879,8.6263082,95.071
894.723,326.289,707001.650,954044.190,76.8810896,8.6262731,95.056
894.863,325.809,707001.790,954043.710,76.8810909,8.6262687,95.056
896.433,330.789,707003.360,954048.690,76.8811053,8.6263137,95.025
896.923,342.279,707003.850,954060.180,76.8811103,8.6264175,95.163
897.093,313.699,707004.020,954031.600,76.8811106,8.6261591,94.936
899.383,342.639,707006.310,954060.540,76.8811327,8.6264207,95.104
899.393,356.779,707006.320,954074.680,76.8811334,8.6265485,95.296
899.413,348.999,707006.340,954066.900,76.8811332,8.6264782,95.196
899.443,343.249,707006.370,954061.150,76.8811332,8.6264262,95.877
899.543,356.869,707006.470,954074.770,76.8811348,8.6265493,95.266
899.593,342.769,707006.520,954060.670,76.8811346,8.6264218,95.877
899.713,368.289,707006.640,954086.190,76.8811368,8.6266525,95.469
899.843,337.659,707006.770,954055.560,76.8811366,8.6263756,94.993
900.353,319.679,707007.280,954037.580,76.8811405,8.6262131,95.253
900.563,319.089,707007.490,954036.990,76.8811423,8.6262077,95.389
900.813,299.209,707007.740,954017.110,76.8811437,8.6260280,94.840
900.993,300.419,707007.920,954018.320,76.8811454,8.6260389,94.843
903.003,337.499,707009.930,954055.400,76.8811653,8.6263740,94.391
904.003,341.979,707010.930,954059.880,76.8811746,8.6264145,94.410
