# Mangalapuram terrain TIN — MANGALAPURAM_CSV_FINAL_1209.csv
# Units metres. X=East Y=North Z=reduced level (RL)
# Local origin UTM 43N (EPSG:32643): E 706106.927 N 953717.901
#   (unchanged from the earlier issue, so this mesh overlays the existing
#    contours, boundary and KMZ without adjustment)
# 7488 survey points after cleaning, RL 68.63..143.53 m
# 4 rows rejected: 2 northing typos, 1 gross RL blunder, 1 null elevation
# Clipped to parcel boundary (CAD layer BD)
g terrain
v 34.023 172.549 85.472
v 35.483 169.909 85.448
v 36.293 169.699 85.443
v 37.143 180.329 85.446
v 38.243 192.029 85.579
v 38.933 200.099 85.547
v 41.093 169.709 85.143
v 41.423 175.979 85.167
v 41.533 203.939 85.584
v 42.203 172.359 85.122
v 42.603 181.469 85.441
v 42.623 187.799 85.233
v 42.833 193.409 85.002
v 43.073 208.629 85.349
v 43.163 174.929 85.528
v 45.633 175.239 85.160
v 45.683 168.679 85.034
v 45.883 197.129 85.312
v 46.113 172.409 85.060
v 47.113 202.679 85.214
v 47.863 212.579 84.864
v 49.243 167.999 84.675
v 49.403 178.209 85.336
v 49.443 178.149 85.225
v 49.633 173.949 84.922
v 49.633 183.279 85.005
v 50.103 195.829 85.069
v 50.233 195.419 85.032
v 50.333 189.919 84.936
v 50.493 171.299 84.764
v 50.563 174.729 84.804
v 51.083 201.979 84.939
v 51.223 220.079 84.364
v 51.593 206.599 84.480
v 52.533 208.339 84.433
v 54.353 177.059 84.171
v 54.473 167.239 84.346
v 54.833 169.979 84.339
v 55.193 174.349 84.254
v 56.433 182.169 83.873
v 57.223 173.679 84.004
v 57.803 193.939 83.892
v 57.903 188.839 83.752
v 58.363 198.779 83.759
v 58.713 199.719 83.724
v 59.453 166.349 83.444
v 60.523 169.299 83.628
v 61.383 173.879 83.439
v 61.403 193.149 83.114
v 62.033 198.379 82.931
v 62.893 205.659 81.978
v 64.093 182.529 82.751
v 64.553 177.559 82.674
v 64.773 182.879 82.862
v 64.953 188.509 82.347
v 65.003 177.349 82.785
v 65.183 188.289 82.809
v 65.883 171.479 82.714
v 66.183 169.019 82.804
v 66.903 172.429 82.437
v 68.703 186.559 82.615
v 68.993 178.499 82.256
v 69.123 192.179 81.804
v 69.273 182.459 81.925
v 69.373 206.159 80.160
v 70.343 199.069 80.614
v 71.523 167.979 82.229
v 71.803 181.549 81.197
v 72.653 187.429 80.599
v 73.053 172.169 81.993
v 73.303 176.729 81.183
v 77.243 183.179 79.888
v 77.813 189.179 79.343
v 77.823 187.159 79.266
v 78.213 195.049 78.758
v 78.573 178.259 79.958
v 78.623 200.719 78.067
v 85.303 188.029 77.230
v 85.723 192.539 76.942
v 86.543 198.129 76.398
v 93.633 187.359 75.723
v 94.343 193.659 75.253
v 94.393 184.209 75.286
v 94.873 198.579 75.248
v 99.513 184.669 74.737
v 102.093 101.949 72.395
v 103.083 180.569 74.504
v 107.723 101.209 71.671
v 109.693 194.649 73.592
v 113.253 126.079 69.567
v 114.063 111.199 69.567
v 114.253 106.389 69.869
v 114.553 118.639 69.663
v 116.833 100.839 70.551
v 117.473 129.779 69.366
v 117.693 114.259 69.077
v 117.953 118.279 69.423
v 121.243 113.239 69.005
v 121.423 108.639 69.098
v 121.473 104.099 69.496
v 122.863 98.639 69.761
v 122.953 118.319 69.183
v 123.643 129.039 69.128
v 124.033 99.059 69.767
v 124.713 112.269 68.969
v 124.993 123.469 68.790
v 128.283 124.099 68.627
v 129.543 118.369 68.867
v 129.673 111.699 68.933
v 130.413 134.619 68.988
v 130.943 123.769 68.818
v 131.173 129.449 69.220
v 132.093 137.949 69.544
v 132.813 100.039 69.572
v 134.643 111.129 68.897
v 135.333 103.769 68.820
v 136.283 109.589 68.640
v 136.283 121.679 69.107
v 136.313 158.079 70.157
v 136.583 149.139 69.891
v 136.963 163.039 70.298
v 137.353 145.089 69.398
v 137.503 131.139 69.383
v 137.613 167.999 70.439
v 137.663 141.379 69.195
v 137.723 138.019 69.472
v 137.783 128.489 69.187
v 137.853 134.519 69.498
v 138.853 205.289 71.597
v 138.913 177.919 70.721
v 139.453 117.019 68.936
v 139.563 99.449 69.491
v 140.003 104.119 69.038
v 140.213 187.829 71.003
v 140.643 108.349 68.959
v 141.233 110.949 68.861
v 141.613 121.399 68.902
v 142.403 127.049 69.101
v 143.013 198.139 71.285
v 143.213 212.479 71.754
v 143.253 305.729 83.725
v 143.313 204.019 71.173
v 143.403 110.209 69.334
v 143.473 131.129 69.204
v 144.013 135.239 69.350
v 144.493 139.059 69.202
v 145.923 106.229 70.052
v 146.703 211.159 71.413
v 146.953 111.939 69.370
v 147.103 144.329 69.451
v 147.133 148.029 69.870
v 147.153 156.869 70.025
v 147.233 98.909 69.156
v 147.753 121.479 68.939
v 147.863 197.239 70.831
v 147.983 161.799 70.107
v 148.813 166.729 70.189
v 149.353 115.669 69.004
v 149.353 202.829 71.057
v 149.533 302.729 82.788
v 149.583 102.259 69.383
v 149.653 171.659 70.272
v 150.313 219.419 71.562
v 150.493 176.589 70.354
v 151.283 162.379 70.142
v 151.323 181.519 70.437
v 151.943 209.429 70.966
v 152.153 186.449 70.519
v 152.913 119.769 68.852
v 153.603 110.859 69.387
v 153.743 158.019 70.094
v 154.023 308.239 82.502
v 154.393 191.779 70.602
v 154.703 123.709 69.045
v 154.863 128.849 69.180
v 155.323 228.069 71.712
v 155.333 315.139 85.774
v 155.543 200.809 70.696
v 155.693 299.919 81.730
v 156.213 153.669 70.047
v 156.413 101.869 69.134
v 156.443 318.499 85.937
v 156.633 305.179 81.969
v 156.733 118.659 68.900
v 157.863 96.799 69.068
v 157.973 310.219 81.886
v 158.313 140.489 69.605
v 158.603 198.759 70.549
v 158.643 108.559 69.418
v 158.673 149.319 69.999
v 158.843 145.239 69.946
v 159.233 124.289 69.323
v 159.323 128.309 69.120
v 159.433 100.509 69.408
v 159.453 303.839 81.730
v 159.893 192.139 70.613
v 160.043 192.219 70.804
v 160.243 120.519 68.840
v 160.303 321.719 85.858
v 160.333 236.719 71.861
v 161.103 114.069 69.084
v 161.283 205.739 70.629
v 161.553 109.699 69.428
v 161.863 133.889 69.369
v 162.543 197.659 70.768
v 162.633 315.379 82.002
v 163.133 95.309 69.068
v 163.393 305.729 81.606
v 163.403 117.389 68.874
v 163.693 143.689 69.933
v 164.103 214.329 70.813
v 164.153 125.549 69.312
v 164.153 323.259 85.923
v 164.273 139.409 69.493
v 164.433 191.209 70.742
v 164.873 295.139 79.889
v 164.923 121.879 69.297
v 164.983 204.199 70.660
v 165.343 245.379 72.011
v 165.463 97.549 69.210
v 165.623 132.299 69.373
v 165.743 132.299 69.325
v 165.953 112.889 69.136
v 166.053 161.879 70.344
v 166.303 317.089 81.993
v 166.373 117.029 69.043
v 166.413 166.869 70.404
v 166.773 171.859 70.464
v 166.933 153.029 70.232
v 166.953 208.259 70.616
v 167.413 320.859 85.846
v 167.503 181.829 70.584
v 167.603 325.309 86.010
v 168.263 196.149 70.524
v 168.323 296.719 81.005
v 168.553 92.959 68.933
v 169.643 115.789 68.871
v 169.723 192.209 70.704
v 169.753 308.629 81.476
v 169.853 117.429 69.005
v 170.113 138.149 69.544
v 170.153 132.199 69.407
v 170.353 254.039 72.160
v 170.533 300.249 81.272
v 170.593 202.389 70.618
v 170.753 120.949 69.305
v 170.783 292.209 78.332
v 170.813 111.719 69.188
v 171.403 328.009 85.807
v 171.583 313.139 81.626
v 171.733 125.629 69.281
v 171.863 142.069 69.870
v 172.223 267.379 73.865
v 172.343 323.189 85.947
v 172.843 232.319 71.183
v 173.013 158.249 70.148
v 173.093 131.459 69.364
v 173.243 194.759 70.699
v 173.553 90.959 68.900
v 173.923 304.239 81.304
v 174.253 298.739 81.191
v 174.723 119.019 69.017
v 175.023 317.609 85.882
v 175.093 124.459 69.376
v 175.273 93.709 69.391
v 175.273 271.059 74.060
v 175.373 145.989 70.535
v 175.393 289.449 77.087
v 175.513 142.869 70.130
v 175.623 331.169 85.752
v 175.673 110.539 69.239
v 175.703 129.499 69.345
v 175.863 325.819 86.068
v 175.893 302.989 81.196
v 176.193 289.099 76.854
v 176.503 308.899 81.303
v 176.673 223.259 71.698
v 176.823 297.059 84.955
v 176.903 191.269 70.573
v 176.943 294.059 80.861
v 177.003 303.439 81.152
v 177.213 241.319 71.367
v 177.443 263.929 72.324
v 177.553 166.699 70.052
v 177.713 150.479 70.068
v 178.523 316.979 85.846
v 178.543 328.319 86.011
v 178.613 125.759 69.350
v 178.763 138.649 69.631
v 178.773 88.959 68.869
v 178.863 132.569 69.339
v 179.033 266.599 72.368
v 179.063 310.329 81.245
v 179.173 157.889 70.316
v 179.313 119.599 69.323
v 179.443 291.399 76.170
v 179.503 295.479 80.808
v 179.893 92.759 68.984
v 179.913 334.789 85.636
v 180.163 313.289 81.227
v 180.213 287.279 76.094
v 180.343 307.059 81.163
v 180.473 321.779 85.865
v 180.503 115.149 69.591
v 180.533 109.359 69.291
v 180.773 195.539 70.552
v 180.853 203.849 70.632
v 180.893 208.179 70.934
v 181.133 276.609 74.056
v 181.143 286.929 75.970
v 181.353 104.429 69.215
v 181.563 301.499 81.069
v 181.573 298.209 81.095
v 181.583 298.179 82.195
v 181.893 144.899 70.391
v 181.953 223.309 71.393
v 182.063 325.219 85.862
v 182.263 331.199 85.863
v 182.493 212.919 71.236
v 182.603 96.959 69.100
v 182.623 189.409 70.610
v 182.853 335.969 85.723
v 182.863 310.549 81.088
v 182.963 136.749 69.880
v 183.003 127.689 69.783
v 183.213 263.409 71.782
v 183.383 288.779 75.810
v 183.403 116.659 69.426
v 183.483 318.919 81.197
v 183.523 200.239 70.612
v 183.633 296.699 75.853
v 183.653 141.969 69.879
v 183.893 169.829 70.419
v 184.093 217.659 71.537
v 184.183 328.439 85.757
v 184.353 164.419 70.272
v 184.363 157.429 70.438
v 184.563 87.009 68.866
v 184.583 304.979 81.040
v 184.813 174.749 70.543
v 184.983 313.189 79.837
v 185.023 340.279 82.741
v 185.283 285.259 75.549
v 185.313 101.159 69.216
v 185.723 179.659 70.667
v 185.733 292.769 75.604
v 185.793 231.369 71.520
v 185.923 333.949 85.676
v 185.993 272.019 72.570
v 186.013 285.019 75.301
v 186.033 323.099 81.230
v 186.193 281.569 74.355
v 186.603 316.369 78.726
v 187.003 258.889 71.720
v 187.003 307.889 81.132
v 187.283 83.619 68.830
v 187.343 223.219 71.866
v 187.433 441.789 87.785
v 187.443 441.789 87.185
v 187.543 199.499 70.905
v 187.543 300.869 75.850
v 187.593 303.929 80.931
v 187.713 329.009 81.287
v 187.713 442.379 86.620
v 187.943 145.309 70.853
v 188.013 286.749 75.279
v 188.093 184.979 70.791
v 188.113 254.949 71.829
v 188.123 319.869 78.630
v 188.183 264.899 71.762
v 188.373 283.549 75.062
v 188.493 425.599 87.786
v 188.703 337.289 81.851
v 188.733 85.489 68.855
v 188.863 151.629 70.532
v 188.923 310.839 78.490
v 189.073 444.139 85.985
v 189.153 268.459 71.984
v 189.333 145.299 70.774
v 189.503 443.109 86.275
v 189.533 188.339 70.931
v 189.613 274.809 72.718
v 189.703 459.269 84.294
v 189.763 445.069 86.229
v 189.803 255.699 72.242
v 189.803 271.539 71.799
v 189.823 460.679 83.599
v 189.863 271.569 71.937
v 189.873 435.779 86.134
v 190.063 262.559 71.675
v 190.153 91.919 69.203
v 190.153 443.479 86.047
v 190.163 119.669 69.516
v 190.203 292.649 75.488
v 190.283 324.639 78.709
v 190.363 455.949 84.943
v 190.383 149.589 70.727
v 190.483 445.949 85.688
v 190.533 305.959 80.898
v 190.593 459.399 84.224
v 190.653 125.619 69.487
v 190.703 161.499 70.499
v 190.773 161.539 70.435
v 190.823 460.829 83.584
v 190.853 107.649 69.384
v 190.853 427.139 85.909
v 190.853 438.809 86.311
v 190.873 284.249 75.195
v 190.883 255.619 71.686
v 190.933 314.009 78.538
v 190.973 344.229 82.753
v 190.993 137.579 69.963
v 191.053 332.759 81.156
v 191.093 455.569 84.751
v 191.113 463.749 82.890
v 191.233 114.629 69.697
v 191.233 132.459 69.548
v 191.233 142.379 70.742
v 191.333 461.399 83.548
v 191.493 455.889 84.593
v 191.663 84.539 68.880
v 191.713 447.859 85.279
v 191.733 152.639 70.477
v 191.823 309.189 78.443
v 191.913 417.149 85.938
v 191.963 204.199 71.234
v 192.083 450.629 85.102
v 192.103 289.389 75.360
v 192.113 448.929 85.157
v 192.133 451.509 85.163
v 192.153 144.459 70.795
v 192.193 450.089 85.123
v 192.193 450.099 85.124
v 192.263 267.449 71.874
v 192.393 257.979 71.799
v 192.423 199.149 71.017
v 192.493 305.309 75.872
v 192.613 330.019 79.038
v 192.823 208.209 71.249
v 192.923 318.489 78.588
v 192.933 191.809 70.835
v 193.003 449.789 84.813
v 193.043 249.509 71.680
v 193.053 253.059 71.539
v 193.073 300.849 75.662
v 193.203 449.749 84.826
v 193.283 245.449 71.588
v 193.293 100.389 69.284
v 193.563 408.839 85.446
v 193.593 348.449 82.936
v 193.683 156.619 70.267
v 193.693 279.159 72.738
v 193.773 279.199 73.340
v 193.793 314.019 78.501
v 193.823 242.129 71.676
v 194.123 465.549 82.246
v 194.243 378.849 87.930
v 194.303 156.649 70.176
v 194.313 237.219 71.731
v 194.323 398.909 85.329
v 194.473 296.289 75.498
v 194.623 184.629 70.730
v 194.823 286.879 75.209
v 195.013 323.199 78.627
v 195.123 145.859 70.597
v 195.153 393.259 85.586
v 195.183 212.619 71.264
v 195.273 194.989 70.954
v 195.283 378.759 86.993
v 195.333 244.929 71.582
v 195.423 396.789 85.385
v 195.443 437.389 84.774
v 195.473 307.759 78.444
v 195.583 317.469 78.588
v 195.633 291.689 75.430
v 195.683 408.079 84.041
v 195.683 465.359 81.931
v 195.763 282.959 74.243
v 195.973 89.619 68.905
v 195.993 93.829 69.123
v 196.003 305.249 75.605
v 196.133 425.539 84.397
v 196.233 159.499 70.362
v 196.293 386.199 85.758
v 196.363 435.239 84.541
v 196.433 332.619 80.229
v 196.463 447.539 83.512
v 196.523 382.189 85.811
v 196.573 470.609 82.886
v 196.643 82.549 68.900
v 196.863 434.249 84.430
v 196.883 328.779 78.801
v 196.943 342.909 82.556
v 196.953 443.159 83.979
v 197.113 427.349 84.353
v 197.153 364.059 86.404
v 197.333 312.429 78.600
v 197.393 317.989 78.635
v 197.523 99.259 69.238
v 197.543 217.029 71.278
v 197.583 417.389 84.250
v 197.653 188.559 71.030
v 197.653 421.909 84.270
v 197.723 105.049 69.475
v 197.793 447.229 83.463
v 197.803 447.259 83.453
v 197.883 377.589 85.435
v 197.943 409.139 83.757
v 198.043 352.419 82.681
v 198.063 321.849 78.646
v 198.103 163.929 70.465
v 198.103 381.889 85.583
v 198.113 163.939 69.916
v 198.113 172.769 70.492
v 198.293 455.539 81.685
v 198.343 177.769 70.595
v 198.363 148.349 70.556
v 198.383 451.089 82.529
v 198.633 414.799 83.752
v 198.653 308.639 75.320
v 198.663 115.629 69.532
v 198.763 155.529 70.378
v 198.773 296.899 75.374
v 198.883 272.759 71.806
v 198.983 370.049 85.479
v 198.993 291.229 75.156
v 199.003 407.229 83.261
v 199.033 347.379 82.702
v 199.133 159.089 70.361
v 199.193 285.719 74.268
v 199.263 363.289 85.400
v 199.273 250.209 71.968
v 199.283 166.809 70.361
v 199.283 459.809 81.122
v 199.423 316.149 78.637
v 199.453 92.769 68.966
v 199.503 143.949 70.741
v 199.603 387.539 84.520
v 199.803 336.619 82.421
v 200.113 183.159 70.698
v 200.193 353.089 82.685
v 200.213 265.199 71.737
v 200.343 382.719 84.378
v 200.363 111.279 69.470
v 200.383 326.439 78.712
v 200.383 361.599 83.806
v 200.413 361.409 84.607
v 200.643 401.839 82.390
v 200.743 330.289 79.185
v 200.903 341.639 82.518
v 201.063 320.559 78.694
v 201.113 84.369 68.974
v 201.383 98.899 69.066
v 201.423 80.749 68.963
v 201.713 222.419 71.295
v 201.793 231.059 71.396
v 201.883 303.889 75.092
v 201.903 474.589 83.441
v 202.003 333.079 77.965
v 202.013 373.539 83.971
v 202.103 154.209 70.433
v 202.183 226.559 71.316
v 202.183 370.629 83.437
v 202.233 132.369 70.500
v 202.303 288.599 74.104
v 202.383 294.659 75.156
v 202.413 114.989 69.364
v 202.453 346.779 82.574
v 202.493 336.319 77.956
v 202.503 368.369 83.359
v 202.613 358.429 82.687
v 202.633 137.349 70.592
v 202.703 397.979 81.926
v 202.713 300.079 75.182
v 202.773 167.179 70.403
v 202.803 235.959 71.477
v 202.813 281.659 72.737
v 202.823 396.919 81.622
v 202.993 118.189 69.760
v 203.003 122.239 70.070
v 203.023 261.249 71.619
v 203.043 257.199 71.771
v 203.273 126.579 70.385
v 203.323 159.949 70.241
v 203.373 314.929 75.356
v 203.573 356.999 82.667
v 203.653 195.489 71.190
v 203.803 325.009 78.638
v 203.813 240.859 71.557
v 203.923 147.819 70.360
v 203.933 84.689 68.864
v 203.973 166.169 70.224
v 204.073 401.929 80.467
v 204.253 161.439 70.342
v 204.553 460.429 80.144
v 204.593 142.739 70.684
v 204.653 391.519 81.169
v 204.673 383.629 81.401
v 204.703 430.319 80.020
v 204.763 307.689 75.262
v 204.823 245.749 71.638
v 204.973 331.789 77.175
v 205.023 421.319 79.770
v 205.183 440.299 80.879
v 205.193 341.319 77.951
v 205.473 153.559 70.545
v 205.503 88.419 69.215
v 205.553 412.159 79.192
v 205.633 328.959 78.300
v 205.683 304.719 75.239
v 205.713 297.779 74.979
v 205.723 200.999 71.063
v 205.783 449.619 80.413
v 205.863 388.189 81.040
v 205.883 375.239 81.235
v 205.963 217.919 71.451
v 205.983 402.279 79.233
v 206.203 189.049 70.760
v 206.243 343.819 78.349
v 206.283 318.509 75.330
v 206.433 158.739 70.237
v 206.473 290.749 74.066
v 206.523 222.289 71.146
v 206.593 334.349 77.005
v 206.793 358.739 81.814
v 207.063 279.089 72.597
v 207.103 483.309 85.398
v 207.123 92.169 69.196
v 207.183 78.109 69.049
v 207.263 216.869 71.629
v 207.283 161.349 70.346
v 207.303 184.399 70.811
v 207.413 470.149 82.863
v 207.503 346.279 78.586
v 207.563 368.409 80.509
v 207.663 195.669 71.117
v 207.673 84.309 68.949
v 207.713 167.939 70.445
v 207.753 165.179 70.484
v 207.803 377.909 81.095
v 207.993 146.919 70.503
v 208.013 254.869 71.781
v 208.033 226.049 71.358
v 208.053 280.989 72.808
v 208.143 203.179 71.043
v 208.243 174.409 70.649
v 208.363 481.099 84.633
v 208.453 366.849 79.856
v 208.493 471.409 82.940
v 208.563 364.969 80.242
v 208.573 302.819 75.065
v 208.593 280.939 72.857
v 208.603 393.629 78.180
v 208.633 301.729 74.928
v 208.773 141.889 70.637
v 208.773 348.479 78.859
v 208.903 196.059 70.933
v 208.953 388.099 78.365
v 209.073 152.349 70.550
v 209.173 104.149 69.315
v 209.173 358.769 79.744
v 209.233 339.069 76.940
v 209.273 179.299 70.733
v 209.413 112.769 70.023
v 209.503 368.649 80.308
v 209.563 310.089 75.237
v 209.673 301.729 74.910
v 209.833 294.209 73.802
v 209.843 361.799 74.396
v 210.053 277.709 72.385
v 210.273 366.629 79.989
v 210.313 210.749 71.193
v 210.403 359.689 78.174
v 210.463 286.579 72.964
v 210.493 278.619 72.464
v 210.563 231.529 71.621
v 210.623 109.239 69.914
v 210.623 449.619 79.203
v 210.743 90.179 69.477
v 210.743 322.009 75.429
v 210.753 341.349 76.949
v 210.813 261.259 71.981
v 210.873 236.519 71.603
v 210.983 456.059 79.067
v 211.063 158.199 70.201
v 211.233 91.429 69.107
v 211.243 359.869 77.899
v 211.353 256.499 71.831
v 211.443 323.399 77.398
v 211.453 195.149 71.069
v 211.473 292.409 73.186
v 211.493 162.389 70.653
v 211.653 323.689 77.401
v 211.683 485.769 85.173
v 211.763 184.589 70.816
v 212.003 307.569 74.840
v 212.213 325.919 77.103
v 212.293 344.399 77.108
v 212.303 357.399 77.160
v 212.333 326.129 77.151
v 212.423 146.589 70.640
v 212.433 225.429 71.775
v 212.503 459.859 79.300
v 212.543 200.269 71.154
v 212.583 190.939 71.186
v 212.613 124.849 69.890
v 212.643 376.029 77.875
v 212.673 476.519 83.780
v 212.713 75.829 69.120
v 212.783 120.139 69.893
v 212.953 159.779 70.377
v 213.063 130.199 69.976
v 213.113 151.519 70.752
v 213.143 265.569 72.007
v 213.213 260.329 71.973
v 213.233 252.799 71.717
v 213.233 396.799 77.322
v 213.243 252.799 71.716
v 213.263 280.479 72.808
v 213.363 115.389 69.977
v 213.433 99.979 69.179
v 213.433 276.759 72.554
v 213.463 305.929 74.947
v 213.463 314.329 75.289
v 213.503 478.489 84.037
v 213.513 304.829 75.039
v 213.543 81.299 69.079
v 213.553 80.979 69.061
v 213.623 409.859 77.608
v 213.703 288.869 73.039
v 213.793 203.659 71.283
v 213.863 331.469 76.930
v 213.923 243.479 71.644
v 214.103 88.039 68.999
v 214.263 288.949 73.070
v 214.303 268.739 71.937
v 214.303 373.639 76.938
v 214.393 228.629 71.739
v 214.443 293.589 73.191
v 214.443 348.279 77.669
v 214.543 420.619 77.842
v 214.633 309.069 74.982
v 214.643 363.579 75.837
v 214.693 369.019 76.832
v 214.703 391.979 77.304
v 214.743 264.579 71.979
v 214.773 402.839 77.380
v 214.793 297.249 73.463
v 214.793 413.099 77.602
v 214.943 157.739 70.210
v 214.993 431.399 77.910
v 215.193 315.949 75.374
v 215.353 464.109 80.026
v 215.363 107.519 69.977
v 215.393 422.189 77.809
v 215.403 288.649 72.699
v 215.493 161.349 69.858
v 215.523 360.519 76.173
v 215.903 134.969 70.036
v 215.993 454.699 78.560
v 216.043 166.419 70.367
v 216.173 481.089 84.112
v 216.313 430.079 77.909
v 216.363 151.229 70.868
v 216.513 318.959 75.377
v 216.523 275.969 74.625
v 216.533 283.979 72.539
v 216.543 271.989 71.992
v 216.613 189.569 71.198
v 216.663 279.219 72.769
v 216.673 169.489 70.509
v 216.803 111.269 69.986
v 216.813 337.869 76.918
v 216.823 301.259 74.208
v 216.873 357.849 75.627
v 216.913 203.529 71.325
v 216.923 182.929 70.865
v 216.923 323.959 76.310
v 216.983 302.229 74.320
v 216.993 491.449 85.663
v 217.003 185.129 70.906
v 217.023 262.529 71.863
v 217.033 234.699 71.769
v 217.043 270.569 71.828
v 217.043 283.479 72.787
v 217.043 353.209 77.130
v 217.053 270.589 71.853
v 217.073 174.399 70.577
v 217.173 484.679 84.235
v 217.243 296.799 73.275
v 217.273 238.769 71.796
v 217.413 252.099 72.016
v 217.453 128.819 70.175
v 217.523 291.669 73.142
v 217.553 199.399 71.148
v 217.613 73.469 69.196
v 217.623 437.609 78.148
v 217.683 287.699 72.895
v 217.743 91.609 69.275
v 217.743 95.859 69.297
v 217.793 314.129 75.080
v 217.803 79.809 69.226
v 217.903 321.049 75.651
v 218.023 265.459 71.903
v 218.043 354.389 77.373
v 218.073 315.319 75.139
v 218.093 89.529 69.163
v 218.223 177.869 70.902
v 218.243 190.599 70.987
v 218.273 323.239 76.085
v 218.373 117.829 70.149
v 218.393 219.739 71.629
v 218.393 223.399 71.539
v 218.403 107.029 70.056
v 218.453 213.579 71.649
v 218.503 314.659 75.223
v 218.523 256.339 71.968
v 218.573 156.799 70.247
v 218.633 276.969 72.739
v 218.653 138.999 70.829
v 218.653 227.969 71.405
v 218.713 329.229 76.744
v 218.783 325.949 76.339
v 218.813 193.169 71.174
v 218.823 401.659 77.166
v 218.833 193.139 71.151
v 218.993 240.789 71.378
v 219.013 344.069 77.087
v 219.013 358.559 75.964
v 219.033 441.229 78.331
v 219.043 240.829 71.520
v 219.063 277.579 72.709
v 219.153 308.529 74.570
v 219.183 84.729 69.158
v 219.183 469.879 80.360
v 219.353 312.399 74.734
v 219.383 205.629 71.161
v 219.563 305.859 74.185
v 219.603 497.859 86.813
v 219.613 351.949 77.105
v 219.653 181.709 71.105
v 219.713 160.149 70.553
v 219.713 181.649 70.558
v 219.743 316.749 75.271
v 219.893 77.129 68.881
v 219.893 444.169 78.378
v 220.063 89.789 69.731
v 220.083 317.309 75.285
v 220.113 134.179 70.332
v 220.153 123.469 70.282
v 220.153 380.319 76.866
v 220.153 470.739 80.352
v 220.433 317.689 75.294
v 220.463 286.159 72.919
v 220.503 188.899 71.355
v 220.523 305.489 74.157
v 220.623 290.319 73.093
v 220.633 168.549 70.727
v 220.693 144.069 71.011
v 220.813 367.529 76.178
v 220.893 318.079 75.275
v 220.913 321.309 75.477
v 220.963 295.319 73.152
v 221.003 480.119 83.349
v 221.053 203.439 71.223
v 221.063 302.189 74.081
v 221.183 336.499 76.796
v 221.263 84.859 69.377
v 221.283 450.069 78.516
v 221.373 318.319 75.237
v 221.473 367.359 76.261
v 221.483 173.839 70.762
v 221.493 290.669 73.149
v 221.503 207.859 71.327
v 221.613 103.189 70.127
v 221.623 318.359 75.234
v 221.673 380.629 76.709
v 221.783 318.539 75.202
v 221.883 84.659 69.280
v 222.003 184.599 71.312
v 222.063 318.479 75.180
v 222.173 279.779 72.594
v 222.213 448.799 78.498
v 222.353 257.809 71.788
v 222.413 487.399 84.037
v 222.433 480.809 83.382
v 222.473 318.569 75.135
v 222.563 272.449 72.133
v 222.623 79.539 69.204
v 222.633 252.089 71.983
v 222.653 79.579 69.198
v 222.683 381.769 76.624
v 222.873 461.079 78.801
v 222.923 451.789 78.775
v 222.993 275.099 72.456
v 223.013 159.379 70.529
v 223.023 497.699 86.592
v 223.063 190.119 71.342
v 223.123 276.539 72.579
v 223.213 349.039 77.207
v 223.273 318.239 75.112
v 223.293 70.929 69.391
v 223.333 76.429 69.063
v 223.343 327.089 75.337
v 223.353 460.139 78.828
v 223.463 321.419 75.160
v 223.483 89.969 69.962
v 223.593 342.119 76.913
v 223.623 420.139 77.534
v 223.713 321.169 75.144
v 223.723 411.649 77.281
v 223.763 301.139 74.187
v 223.873 317.999 75.050
v 223.883 125.999 70.752
v 224.013 428.529 77.867
v 224.063 120.999 70.648
v 224.083 310.919 74.204
v 224.183 401.369 76.850
v 224.213 238.909 71.703
v 224.233 115.999 70.544
v 224.363 307.829 74.109
v 224.413 110.999 70.440
v 224.523 218.599 71.629
v 224.573 196.699 71.284
v 224.573 262.869 71.996
v 224.573 288.529 73.049
v 224.583 106.009 70.336
v 224.643 85.219 69.841
v 224.733 476.049 81.503
v 224.773 322.899 75.377
v 224.783 322.919 75.375
v 224.813 99.349 70.197
v 224.813 236.099 71.637
v 224.863 202.709 71.330
v 224.933 413.529 77.501
v 224.973 167.789 70.934
v 225.063 323.099 75.260
v 225.083 392.079 76.616
v 225.093 247.049 71.968
v 225.113 418.589 77.403
v 225.263 131.389 70.856
v 225.353 394.869 76.694
v 225.463 222.809 71.662
v 225.633 81.479 69.874
v 225.663 279.269 72.523
v 225.733 272.199 72.355
v 225.853 188.349 71.361
v 225.903 237.219 71.276
v 225.933 477.759 81.518
v 225.953 384.579 76.501
v 226.113 436.009 78.083
v 226.123 291.309 72.909
v 226.223 398.989 76.884
v 226.253 398.969 76.730
v 226.263 398.939 76.736
v 226.293 78.909 69.936
v 226.313 78.909 69.911
v 226.313 202.969 71.353
v 226.333 334.049 75.378
v 226.403 433.399 78.223
v 226.413 172.889 71.195
v 226.433 214.689 71.787
v 226.683 310.599 74.222
v 226.683 452.059 78.693
v 226.723 240.539 71.732
v 226.753 346.929 77.002
v 226.813 367.819 75.935
v 226.873 376.139 76.247
v 226.913 457.989 78.901
v 226.973 191.339 71.578
v 227.013 267.479 71.898
v 227.023 487.709 83.555
v 227.053 192.759 71.153
v 227.213 501.839 87.584
v 227.313 275.729 72.424
v 227.613 178.659 71.436
v 227.663 494.819 85.424
v 227.703 466.489 79.254
v 227.703 466.709 79.252
v 227.783 347.659 75.502
v 227.793 460.129 78.987
v 227.813 296.659 74.217
v 227.883 151.069 71.681
v 227.893 338.179 75.386
v 228.013 95.509 70.268
v 228.053 73.839 69.826
v 228.063 503.469 87.677
v 228.123 323.029 75.233
v 228.193 276.039 72.440
v 228.253 347.809 74.271
v 228.283 382.269 76.432
v 228.293 243.009 71.581
v 228.323 208.779 71.526
v 228.383 259.329 71.867
v 228.593 480.619 82.038
v 228.683 286.599 72.778
v 228.703 234.879 71.680
v 228.753 358.069 75.838
v 228.793 69.189 69.701
v 228.903 204.179 71.167
v 229.033 277.839 72.535
v 229.053 503.479 88.004
v 229.203 267.699 71.993
v 229.323 252.139 72.118
v 229.383 440.339 78.574
v 229.393 440.339 78.572
v 229.413 252.239 72.162
v 229.443 444.239 78.562
v 229.513 411.459 77.970
v 229.523 134.139 71.374
v 229.593 218.509 71.698
v 229.653 195.549 71.285
v 229.683 323.179 75.255
v 229.703 352.649 75.384
v 229.733 71.799 69.708
v 229.793 355.699 75.800
v 229.853 318.049 74.716
v 229.893 174.349 71.904
v 229.913 312.859 74.499
v 230.023 313.849 74.529
v 230.033 476.759 80.114
v 230.123 368.859 76.418
v 230.153 421.679 78.363
v 230.233 313.469 74.628
v 230.283 344.919 75.400
v 230.313 221.819 71.370
v 230.363 120.559 70.527
v 230.363 483.929 82.320
v 230.373 403.529 77.574
v 230.403 246.059 71.640
v 230.413 429.889 78.692
v 230.433 375.819 76.306
v 230.503 382.069 76.558
v 230.603 329.109 75.346
v 230.673 75.989 70.156
v 230.793 234.059 71.640
v 230.843 508.459 88.509
v 230.883 427.719 79.202
v 230.903 299.139 74.218
v 230.933 388.149 77.091
v 230.983 482.629 82.116
v 231.003 482.599 82.117
v 231.033 181.109 71.557
v 231.053 80.979 70.221
v 231.083 432.939 79.336
v 231.093 145.509 71.600
v 231.123 262.959 72.174
v 231.173 490.729 83.867
v 231.213 412.819 78.777
v 231.383 188.399 71.470
v 231.383 450.879 78.660
v 231.443 85.959 70.286
v 231.453 357.399 76.029
v 231.543 274.809 72.368
v 231.563 320.159 74.755
v 231.583 470.529 79.376
v 231.673 243.259 71.592
v 231.693 71.409 70.091
v 231.743 311.559 74.324
v 231.793 353.589 75.752
v 231.823 90.949 70.351
v 232.033 320.139 74.653
v 232.053 295.019 74.255
v 232.263 404.039 79.159
v 232.293 225.669 71.283
v 232.333 313.529 74.334
v 232.493 106.259 70.309
v 232.493 320.219 74.653
v 232.543 225.829 71.240
v 232.563 143.399 71.721
v 232.593 203.119 71.131
v 232.653 156.079 71.804
v 232.693 164.039 71.641
v 232.713 437.199 78.927
v 232.733 291.879 73.996
v 232.743 240.699 71.634
v 232.773 515.299 91.744
v 232.893 469.109 79.408
v 232.933 502.039 87.012
v 232.993 320.209 74.616
v 233.123 242.169 71.584
v 233.283 173.239 71.779
v 233.303 511.949 89.372
v 233.313 457.609 78.751
v 233.433 393.799 77.361
v 233.483 254.759 71.849
v 233.543 206.739 71.474
v 233.553 322.099 75.307
v 233.563 184.009 71.595
v 233.603 275.499 72.375
v 233.603 320.279 74.617
v 233.613 441.689 79.095
v 233.653 629.409 100.000
v 233.713 215.929 71.559
v 233.753 196.629 71.227
v 233.793 266.659 72.294
v 233.803 452.189 78.985
v 233.893 343.419 74.862
v 234.113 101.019 70.478
v 234.113 320.519 74.615
v 234.173 239.259 71.645
v 234.233 627.199 100.074
v 234.293 244.209 71.500
v 234.513 320.889 74.570
v 234.543 443.269 79.612
v 234.553 335.269 75.266
v 234.683 503.459 87.354
v 234.793 309.339 74.275
v 234.833 156.949 72.089
v 234.863 354.359 75.285
v 234.873 210.859 71.700
v 234.993 470.969 79.522
v 235.013 191.499 72.101
v 235.033 168.329 73.365
v 235.053 364.509 76.386
v 235.133 232.139 71.623
v 235.183 350.939 75.260
v 235.303 188.819 71.591
v 235.483 476.289 79.455
v 235.493 448.689 79.347
v 235.523 291.919 74.043
v 235.603 310.279 74.313
v 235.653 470.649 79.351
v 235.893 239.759 71.649
v 236.093 628.839 100.118
v 236.153 258.649 71.956
v 236.203 357.109 77.223
v 236.273 161.269 72.377
v 236.273 516.119 90.344
v 236.333 144.059 72.223
v 236.363 346.469 74.645
v 236.383 146.319 72.041
v 236.453 148.799 71.910
v 236.583 461.789 79.104
v 236.613 381.449 79.044
v 236.663 177.359 71.912
v 236.723 491.639 83.178
v 236.753 251.539 71.781
v 236.793 246.919 71.691
v 236.823 273.829 72.287
v 236.973 467.699 79.138
v 237.003 386.599 76.910
v 237.023 152.129 72.038
v 237.023 250.989 71.865
v 237.053 155.419 73.248
v 237.053 319.459 74.602
v 237.063 316.969 74.428
v 237.123 225.049 71.361
v 237.203 218.829 71.311
v 237.303 458.259 80.109
v 237.313 272.289 72.464
v 237.333 260.489 71.869
v 237.383 366.919 77.597
v 237.393 297.339 74.082
v 237.413 454.789 80.079
v 237.413 496.959 84.934
v 237.523 487.839 81.394
v 237.533 277.719 72.455
v 237.543 499.939 85.306
v 237.623 306.899 74.161
v 237.703 370.339 76.208
v 237.713 418.419 78.961
v 237.813 254.699 71.660
v 238.083 432.759 79.708
v 238.103 231.149 71.836
v 238.163 172.369 73.301
v 238.163 214.999 71.588
v 238.273 413.649 78.695
v 238.283 510.419 88.512
v 238.403 326.569 75.355
v 238.513 357.629 75.217
v 238.613 241.819 71.666
v 238.613 475.419 79.559
v 238.643 345.779 74.713
v 238.723 407.199 77.684
v 238.883 160.579 73.268
v 238.913 245.639 71.597
v 238.933 253.849 71.737
v 238.983 266.599 72.166
v 239.103 181.709 71.943
v 239.193 488.009 80.850
v 239.243 185.839 72.014
v 239.283 309.149 74.249
v 239.293 415.259 78.132
v 239.373 631.729 100.177
v 239.413 338.269 75.473
v 239.613 239.769 71.640
v 239.673 464.889 79.359
v 239.913 263.449 71.891
v 239.933 260.469 71.645
v 239.933 411.519 78.081
v 239.943 465.079 80.482
v 240.013 284.029 73.497
v 240.033 256.999 71.661
v 240.123 628.689 100.108
v 240.173 429.689 78.772
v 240.213 204.389 71.897
v 240.233 165.029 73.944
v 240.273 454.819 79.522
v 240.373 304.369 74.684
v 240.483 174.809 73.108
v 240.573 347.059 74.857
v 240.583 421.669 78.583
v 240.633 350.189 74.830
v 240.743 319.849 74.390
v 240.873 315.479 74.612
v 241.123 254.759 71.511
v 241.133 268.699 71.944
v 241.203 231.419 71.666
v 241.253 155.579 76.168
v 241.313 66.779 70.175
v 241.343 147.169 72.595
v 241.433 380.569 74.579
v 241.453 470.189 79.196
v 241.513 254.699 71.578
v 241.533 337.839 74.795
v 241.593 170.889 75.502
v 241.593 189.529 72.084
v 241.703 212.729 72.057
v 241.743 177.239 73.415
v 241.753 282.969 73.432
v 241.773 522.269 90.754
v 241.803 164.079 76.246
v 241.853 484.309 79.582
v 241.913 244.459 71.673
v 242.023 271.619 72.080
v 242.163 401.159 77.322
v 242.173 287.239 74.007
v 242.233 364.259 75.820
v 242.333 371.769 76.014
v 242.343 262.329 71.614
v 242.393 520.949 90.807
v 242.453 238.639 71.683
v 242.573 422.489 78.754
v 242.633 434.809 79.163
v 242.643 282.539 73.843
v 242.653 622.339 99.214
v 242.773 185.479 72.842
v 242.973 198.919 71.677
v 242.993 166.419 73.983
v 243.133 279.279 72.331
v 243.163 494.509 82.267
v 243.203 382.259 78.200
v 243.253 241.699 71.570
v 243.253 336.529 74.761
v 243.463 268.509 71.775
v 243.503 307.139 74.047
v 243.533 324.949 74.507
v 243.533 424.159 79.273
v 243.573 461.199 79.545
v 243.613 461.139 79.564
v 243.793 234.339 71.554
v 243.843 417.539 78.679
v 243.843 436.669 79.224
v 243.903 218.819 72.082
v 244.033 284.869 73.820
v 244.033 500.519 84.443
v 244.063 336.009 74.717
v 244.153 359.469 75.012
v 244.223 302.219 73.835
v 244.253 180.049 73.392
v 244.273 275.319 71.994
v 244.353 163.739 77.521
v 244.393 189.539 72.134
v 244.393 330.979 75.360
v 244.413 204.179 71.894
v 244.473 452.449 80.321
v 244.483 243.319 71.723
v 244.533 253.669 71.703
v 244.623 339.779 74.555
v 244.773 513.029 88.720
v 244.833 335.319 74.816
v 244.853 289.889 73.739
v 244.873 277.339 72.013
v 244.873 289.899 74.296
v 244.883 402.499 77.458
v 245.123 495.369 81.830
v 245.133 331.829 74.738
v 245.153 323.999 74.666
v 245.263 334.559 74.697
v 245.273 175.239 74.070
v 245.313 314.739 74.475
v 245.443 332.299 74.712
v 245.453 373.999 74.184
v 245.513 333.899 74.772
v 245.563 633.269 100.324
v 245.583 332.719 74.742
v 245.643 333.209 74.805
v 245.693 440.219 79.494
v 245.723 266.389 71.752
v 245.743 281.489 72.739
v 245.773 256.449 71.534
v 245.793 313.929 74.025
v 245.793 322.579 74.425
v 245.933 190.799 72.922
v 245.933 299.639 73.843
v 245.953 145.859 73.024
v 246.263 346.839 74.561
v 246.263 365.939 74.961
v 246.293 211.749 71.901
v 246.293 392.169 76.929
v 246.353 355.939 78.066
v 246.363 246.109 71.764
v 246.413 486.829 79.641
v 246.443 475.569 79.449
v 246.473 169.809 77.702
v 246.483 526.379 90.986
v 246.513 154.799 77.902
v 246.563 462.039 80.423
v 246.573 278.549 71.866
v 246.623 402.499 76.516
v 246.633 481.899 79.814
v 246.673 273.859 71.691
v 246.713 159.259 78.140
v 246.733 353.109 74.715
v 246.753 224.119 72.158
v 246.813 517.669 89.751
v 246.933 151.589 73.403
v 247.023 232.219 71.601
v 247.173 445.969 79.418
v 247.263 324.359 74.504
v 247.293 225.919 72.884
v 247.303 225.899 71.387
v 247.503 637.209 100.399
v 247.563 239.349 71.726
v 247.753 305.909 73.948
v 247.893 247.989 71.895
v 248.023 446.649 79.944
v 248.043 636.489 100.442
v 248.133 339.169 74.575
v 248.133 510.759 87.206
v 248.143 385.079 74.647
v 248.563 635.769 100.335
v 248.653 310.109 74.041
v 248.653 314.709 73.754
v 248.663 514.589 88.269
v 248.743 630.419 98.202
v 248.753 264.389 72.201
v 248.783 195.829 72.369
v 248.783 325.409 74.718
v 248.823 308.949 74.231
v 248.853 433.249 79.596
v 248.903 391.949 77.031
v 249.093 422.239 79.158
v 249.113 518.329 88.736
v 249.113 518.339 89.236
v 249.143 184.459 74.158
v 249.233 331.359 74.551
v 249.273 65.539 73.149
v 249.283 189.739 75.240
v 249.483 75.539 74.189
v 249.483 285.009 72.623
v 249.493 490.669 79.835
v 249.533 441.139 79.665
v 249.533 450.139 79.522
v 249.573 478.919 79.513
v 249.693 85.539 75.228
v 249.743 531.129 91.488
v 249.753 214.399 71.917
v 249.833 366.959 73.954
v 249.983 166.899 78.082
v 249.993 468.839 79.808
v 250.003 162.279 78.284
v 250.033 473.939 79.314
v 250.103 247.839 71.896
v 250.193 154.379 78.921
v 250.253 237.329 71.685
v 250.383 626.099 97.805
v 250.453 385.009 79.513
v 250.493 230.869 72.037
v 250.523 327.049 74.474
v 250.543 458.639 80.663
v 250.563 508.929 85.584
v 250.603 243.199 71.712
v 250.653 267.489 71.999
v 250.843 362.679 74.686
v 250.873 279.239 72.176
v 250.903 251.039 71.907
v 250.943 502.409 82.812
v 251.093 198.619 73.016
v 251.283 398.219 75.968
v 251.353 252.829 71.848
v 251.623 351.489 74.634
v 251.653 209.849 71.900
v 251.683 359.059 74.649
v 251.763 533.399 88.396
v 251.853 509.479 85.480
v 251.903 414.119 78.677
v 251.993 269.219 72.311
v 252.073 150.299 81.443
v 252.103 488.019 79.938
v 252.303 211.919 71.949
v 252.393 173.779 78.221
v 252.613 372.969 74.496
v 252.683 620.519 98.195
v 252.743 350.679 74.566
v 252.773 328.629 74.477
v 252.873 478.199 79.906
v 252.873 478.209 79.895
v 252.883 516.539 87.437
v 252.903 516.579 87.434
v 252.923 155.069 81.253
v 252.923 256.299 71.867
v 252.993 343.749 74.496
v 253.063 638.689 100.449
v 253.103 308.489 73.710
v 253.113 220.869 72.077
v 253.123 201.699 72.604
v 253.313 422.439 79.862
v 253.623 506.639 83.069
v 253.653 523.879 89.090
v 253.673 386.819 74.970
v 253.683 207.389 73.152
v 253.713 161.309 80.478
v 253.713 241.939 71.913
v 253.833 196.979 73.814
v 253.873 359.999 74.692
v 253.903 527.919 90.017
v 253.923 391.289 75.323
v 253.983 513.119 85.671
v 254.033 272.019 71.603
v 254.093 168.869 80.438
v 254.133 236.289 72.445
v 254.203 340.209 74.471
v 254.213 228.319 72.129
v 254.213 340.209 74.741
v 254.243 189.079 77.559
v 254.453 243.819 73.372
v 254.483 513.149 85.692
v 254.533 60.449 73.150
v 254.543 294.629 72.763
v 254.713 179.259 78.594
v 254.833 542.389 93.215
v 255.003 194.989 74.254
v 255.253 323.499 74.361
v 255.303 338.279 74.437
v 255.383 622.999 98.329
v 255.573 384.669 75.919
v 255.583 358.449 74.639
v 255.773 164.419 81.074
v 255.803 527.089 89.257
v 256.033 196.729 74.125
v 256.193 331.199 74.530
v 256.193 426.269 80.767
v 256.253 199.219 73.632
v 256.293 634.849 98.101
v 256.303 281.659 72.163
v 256.313 377.389 74.452
v 256.343 377.309 74.506
v 256.433 357.209 74.607
v 256.433 423.689 79.253
v 256.463 508.909 82.914
v 256.493 239.949 72.365
v 256.493 409.529 78.306
v 256.543 418.659 79.993
v 256.633 640.829 100.476
v 256.653 167.959 80.902
v 256.653 384.399 74.869
v 256.653 535.209 88.314
v 256.713 217.319 71.952
v 256.763 524.129 88.325
v 257.043 433.019 79.702
v 257.153 70.099 74.600
v 257.163 439.229 79.928
v 257.233 298.799 72.929
v 257.273 385.569 75.424
v 257.293 207.149 72.922
v 257.303 304.629 74.312
v 257.303 417.519 78.927
v 257.323 247.589 72.783
v 257.433 522.809 87.686
v 257.503 226.269 72.185
v 257.573 501.579 80.431
v 257.643 389.049 76.514
v 257.723 154.449 81.864
v 257.863 173.299 80.063
v 257.873 375.949 77.823
v 258.033 233.759 72.259
v 258.063 465.229 81.005
v 258.073 334.859 74.462
v 258.103 338.469 74.367
v 258.103 509.479 82.309
v 258.143 629.759 97.630
v 258.223 342.869 74.380
v 258.233 344.239 74.417
v 258.253 527.979 88.525
v 258.293 527.929 88.274
v 258.313 306.989 73.890
v 258.573 403.539 79.385
v 258.823 366.539 74.326
v 258.873 521.269 86.137
v 258.883 250.409 72.751
v 258.893 544.039 88.322
v 258.913 250.449 72.723
v 258.953 321.959 74.386
v 258.963 306.579 74.365
v 259.003 642.019 100.553
v 259.023 447.789 80.935
v 259.033 386.489 76.333
v 259.213 203.789 73.547
v 259.213 333.299 74.456
v 259.263 294.819 72.577
v 259.333 520.389 85.891
v 259.343 178.159 80.555
v 259.473 159.219 81.661
v 259.513 525.369 87.332
v 259.543 386.309 74.899
v 259.573 360.849 74.551
v 259.733 500.279 80.462
v 259.783 303.859 72.511
v 259.973 441.839 80.081
v 259.993 183.579 80.431
v 260.063 198.219 74.200
v 260.063 316.839 74.451
v 260.073 404.799 79.378
v 260.253 327.079 74.571
v 260.443 246.529 72.608
v 260.693 341.579 74.403
v 260.713 238.589 72.413
v 260.893 166.139 81.523
v 260.903 224.419 72.182
v 260.913 519.909 85.049
v 261.003 337.879 74.325
v 261.093 191.039 79.926
v 261.133 200.249 74.093
v 261.243 215.789 73.164
v 261.243 317.919 74.451
v 261.253 406.279 77.632
v 261.353 305.689 73.048
v 261.403 549.339 88.206
v 261.443 619.709 96.657
v 261.573 523.129 86.070
v 261.583 532.579 88.274
v 261.663 203.549 73.821
v 261.673 42.679 72.210
v 261.743 232.649 72.407
v 261.773 272.659 72.237
v 261.793 318.449 74.448
v 261.793 394.699 75.654
v 261.823 186.639 80.631
v 261.823 498.639 80.379
v 261.893 541.509 88.263
v 261.903 323.529 74.377
v 261.973 255.269 72.810
v 262.003 193.649 79.690
v 262.043 479.749 81.088
v 262.043 504.189 80.557
v 262.113 507.059 80.456
v 262.123 521.449 84.631
v 262.163 158.569 82.439
v 262.213 357.919 74.513
v 262.293 348.209 74.405
v 262.363 188.599 80.635
v 262.373 220.829 72.656
v 262.423 331.249 74.448
v 262.443 425.749 81.900
v 262.463 640.289 98.368
v 262.493 367.719 78.148
v 262.563 352.089 74.353
v 262.753 422.459 81.874
v 262.773 215.749 73.104
v 262.783 643.799 100.592
v 262.853 313.179 74.993
v 262.923 258.669 72.811
v 262.933 340.069 74.350
v 262.933 348.959 74.557
v 262.993 414.779 80.977
v 263.053 420.339 81.073
v 263.093 321.829 74.496
v 263.143 404.339 77.572
v 263.153 393.209 79.136
v 263.153 489.029 80.001
v 263.173 489.019 80.204
v 263.253 240.619 72.571
v 263.293 425.409 83.310
v 263.353 291.949 72.623
v 263.773 163.749 82.404
v 264.053 236.979 72.491
v 264.133 415.489 82.089
v 264.163 513.499 81.418
v 264.203 216.969 73.767
v 264.213 415.319 82.287
v 264.233 414.989 82.042
v 264.253 518.639 83.248
v 264.333 222.659 72.409
v 264.433 627.459 97.178
v 264.453 213.239 73.586
v 264.483 500.359 80.611
v 264.493 505.099 80.716
v 264.503 350.449 74.361
v 264.513 316.479 74.110
v 264.533 244.329 72.611
v 264.553 230.319 72.387
v 264.553 261.759 72.751
v 264.603 266.979 72.890
v 264.653 191.019 80.910
v 264.793 186.459 81.832
v 264.853 256.709 72.707
v 264.973 311.029 73.594
v 265.013 267.229 72.967
v 265.073 253.119 72.761
v 265.113 204.049 74.486
v 265.173 196.109 79.653
v 265.203 546.349 88.245
v 265.253 52.019 73.572
v 265.353 249.859 72.775
v 265.403 283.789 72.564
v 265.483 530.469 87.634
v 265.493 348.539 74.331
v 265.503 329.249 74.419
v 265.553 556.719 87.694
v 265.593 471.819 81.348
v 265.593 539.039 88.238
v 265.673 521.939 85.680
v 265.673 645.129 100.603
v 265.703 299.519 72.429
v 265.833 270.359 72.721
v 265.833 454.139 81.866
v 265.843 218.509 73.267
v 265.843 616.699 97.203
v 265.843 616.719 95.941
v 265.883 408.939 79.740
v 266.033 194.729 80.537
v 266.073 318.769 74.207
v 266.183 520.129 82.996
v 266.293 521.239 83.315
v 266.323 554.889 88.305
v 266.523 346.619 74.437
v 266.593 492.769 80.993
v 266.603 215.089 74.230
v 266.683 520.699 82.793
v 266.763 363.539 74.386
v 266.813 282.589 72.358
v 266.843 512.149 80.946
v 266.853 334.329 74.251
v 267.073 220.299 73.281
v 267.113 502.639 80.720
v 267.133 235.369 72.456
v 267.133 395.009 75.926
v 267.173 562.069 92.441
v 267.243 645.819 100.626
v 267.373 207.479 74.794
v 267.543 643.699 99.059
v 267.613 76.309 76.441
v 267.713 227.529 72.524
v 267.723 260.959 72.585
v 267.783 263.629 72.594
v 267.783 341.819 74.470
v 267.793 188.579 81.932
v 267.833 35.629 71.262
v 267.833 319.979 75.369
v 267.953 373.119 73.784
v 267.983 626.639 96.856
v 268.013 71.329 75.938
v 268.023 608.919 95.812
v 268.053 210.719 74.752
v 268.223 386.669 73.974
v 268.263 301.199 72.657
v 268.303 323.709 74.420
v 268.403 146.949 85.155
v 268.423 66.349 75.436
v 268.443 201.139 79.078
v 268.623 162.719 84.115
v 268.723 197.169 80.852
v 268.723 355.419 74.441
v 268.823 61.359 74.934
v 268.843 165.709 84.214
v 268.913 401.039 77.216
v 268.923 190.639 81.971
v 269.003 327.199 74.340
v 269.143 535.409 87.655
v 269.143 560.489 88.283
v 269.243 407.259 80.697
v 269.283 363.359 74.344
v 269.343 525.849 83.445
v 269.383 493.319 82.386
v 269.443 186.009 83.112
v 269.473 640.469 98.469
v 269.483 185.759 83.294
v 269.493 327.659 76.110
v 269.503 518.859 82.790
v 269.663 544.109 87.843
v 269.743 410.839 81.452
v 269.773 558.699 88.697
v 269.783 558.689 88.702
v 270.023 217.729 74.486
v 270.033 257.239 72.848
v 270.033 647.039 100.673
v 270.073 646.929 99.994
v 270.093 210.239 75.405
v 270.133 349.789 74.614
v 270.143 327.409 73.932
v 270.183 225.769 73.162
v 270.223 514.169 81.170
v 270.243 349.779 74.615
v 270.243 489.449 81.519
v 270.253 489.439 81.510
v 270.303 337.649 74.570
v 270.453 349.589 74.566
v 270.483 332.029 74.202
v 270.523 346.019 74.461
v 270.583 358.899 74.508
v 270.633 306.299 72.892
v 270.723 287.359 72.453
v 270.863 635.549 97.787
v 270.923 569.199 93.033
v 270.953 319.199 74.115
v 271.033 45.099 72.698
v 271.063 233.549 72.371
v 271.123 242.689 72.849
v 271.183 294.809 72.489
v 271.213 127.459 85.194
v 271.263 443.659 81.249
v 271.493 414.149 82.723
v 271.503 194.229 81.390
v 271.683 359.129 74.139
v 271.853 502.159 80.890
v 271.933 205.209 77.266
v 271.953 316.599 73.284
v 272.013 280.239 72.135
v 272.103 237.439 72.859
v 272.123 523.909 85.201
v 272.143 235.929 73.479
v 272.173 249.609 72.814
v 272.173 469.809 80.813
v 272.193 523.659 83.859
v 272.213 516.609 82.774
v 272.263 507.439 80.966
v 272.393 630.229 97.335
v 272.443 550.659 88.130
v 272.483 328.689 74.204
v 272.493 523.859 82.887
v 272.603 500.389 81.179
v 272.653 264.569 72.053
v 272.693 515.169 81.337
v 272.713 230.159 73.057
v 272.903 222.229 74.511
v 272.963 355.979 74.491
v 272.973 418.969 83.846
v 272.983 490.499 81.946
v 272.993 333.769 74.382
v 273.043 195.659 81.993
v 273.063 297.769 72.602
v 273.123 604.449 94.592
v 273.243 541.299 87.749
v 273.253 289.839 72.227
v 273.363 255.949 72.780
v 273.363 372.269 73.398
v 273.373 372.279 73.537
v 273.403 274.599 72.002
v 273.423 192.799 82.507
v 273.503 235.479 72.585
v 273.863 230.949 73.255
v 273.973 530.629 83.173
v 274.093 208.919 76.517
v 274.093 371.799 73.689
v 274.113 241.679 72.759
v 274.213 324.229 74.128
v 274.243 54.579 74.135
v 274.333 212.139 74.855
v 274.503 350.959 74.445
v 274.513 341.799 74.503
v 274.693 601.919 94.030
v 274.813 130.929 85.673
v 274.873 333.219 74.235
v 274.883 627.099 96.859
v 275.013 570.539 88.411
v 275.143 363.819 74.528
v 275.223 321.499 74.085
v 275.243 267.719 72.074
v 275.263 316.629 74.141
v 275.283 282.549 71.994
v 275.343 423.969 84.695
v 275.343 576.749 93.196
v 275.453 494.679 82.024
v 275.503 247.229 72.773
v 275.503 443.929 82.910
v 275.533 361.509 74.639
v 275.563 521.839 82.917
v 275.593 226.159 74.452
v 275.603 375.359 73.658
v 275.623 555.339 88.356
v 275.693 422.569 84.167
v 275.743 214.729 74.829
v 275.783 496.449 81.883
v 275.813 505.889 80.975
v 275.823 424.069 82.762
v 275.923 313.789 73.162
v 275.933 416.969 83.794
v 276.203 217.039 74.737
v 276.233 579.449 93.977
v 276.353 450.299 82.952
v 276.383 328.479 74.250
v 276.393 277.359 71.849
v 276.413 627.849 97.755
v 276.423 277.359 71.850
v 276.423 324.079 74.281
v 276.433 325.829 74.279
v 276.483 322.919 74.209
v 276.503 323.269 74.222
v 276.513 323.799 74.274
v 276.513 331.099 74.386
v 276.623 322.609 74.091
v 276.623 455.949 85.034
v 276.703 141.079 86.308
v 276.773 513.259 82.699
v 277.013 512.199 81.302
v 277.033 512.319 81.320
v 277.043 322.329 74.263
v 277.073 220.499 74.704
v 277.093 417.469 84.216
v 277.133 294.759 72.526
v 277.183 198.269 82.389
v 277.183 417.139 83.811
v 277.283 250.549 72.716
v 277.333 355.629 74.449
v 277.363 322.199 74.013
v 277.373 322.199 74.263
v 277.423 284.519 71.954
v 277.443 64.049 75.572
v 277.523 239.359 72.806
v 277.563 37.919 71.676
v 277.703 512.409 82.362
v 277.753 304.819 73.110
v 277.753 321.959 74.263
v 277.783 547.919 87.545
v 277.833 481.639 81.837
v 277.843 73.209 76.486
v 277.853 405.489 81.126
v 277.883 271.629 72.397
v 278.033 361.789 74.758
v 278.103 289.689 72.405
v 278.113 321.769 74.266
v 278.123 223.549 74.646
v 278.153 367.049 73.864
v 278.193 234.829 73.970
v 278.223 528.429 83.042
v 278.423 254.819 72.847
v 278.443 589.089 92.493
v 278.493 321.579 74.254
v 278.573 539.219 83.631
v 278.713 621.859 95.950
v 278.723 335.999 74.250
v 278.783 195.639 83.061
v 278.823 321.289 74.253
v 278.833 409.399 81.578
v 278.853 583.429 92.075
v 278.863 400.159 77.384
v 278.963 311.029 73.152
v 278.983 518.919 82.877
v 279.033 548.469 87.561
v 279.263 342.029 74.474
v 279.413 616.799 94.972
v 279.653 551.139 87.687
v 279.773 359.399 74.421
v 279.973 460.809 82.963
v 280.053 347.629 74.528
v 280.123 378.809 73.744
v 280.233 624.099 96.045
v 280.303 502.639 82.586
v 280.313 564.599 88.341
v 280.963 577.309 88.735
v 281.023 337.429 74.367
v 281.023 490.069 82.253
v 281.093 393.559 74.833
v 281.123 277.989 72.011
v 281.143 339.799 74.357
v 281.273 411.919 83.443
v 281.273 545.539 85.501
v 281.343 291.699 72.690
v 281.363 526.049 83.055
v 281.373 545.129 84.240
v 281.383 163.429 87.187
v 281.413 544.689 84.241
v 281.453 147.709 85.703
v 281.493 586.239 91.300
v 281.533 472.319 81.870
v 281.563 319.719 74.216
v 281.593 517.839 82.766
v 281.643 345.019 74.538
v 281.753 199.609 83.014
v 281.793 248.619 72.965
v 281.793 412.109 83.524
v 281.823 412.069 83.520
v 281.923 365.259 73.562
v 282.013 546.609 85.576
v 282.093 211.599 79.865
v 282.173 511.829 81.561
v 282.183 166.329 87.224
v 282.223 392.489 75.379
v 282.243 281.529 72.028
v 282.393 243.899 73.487
v 282.393 257.029 72.987
v 282.543 333.109 74.269
v 282.583 307.949 73.191
v 282.603 272.759 72.190
v 282.613 414.379 84.247
v 282.643 367.529 73.691
v 282.653 302.599 73.176
v 282.653 422.829 85.996
v 282.673 588.989 92.150
v 282.753 74.149 76.759
v 282.773 203.059 82.106
v 282.783 371.359 73.596
v 282.823 589.049 92.138
v 283.073 585.089 91.615
v 283.163 377.659 73.574
v 283.333 315.799 73.999
v 283.363 390.449 74.425
v 283.373 215.319 80.141
v 283.423 466.809 82.944
v 283.473 593.879 92.222
v 283.493 335.429 74.357
v 283.533 374.969 73.569
v 283.613 618.749 95.335
v 283.733 551.289 88.263
v 283.753 535.519 83.416
v 283.893 580.209 90.862
v 283.943 228.009 77.065
v 283.943 354.759 74.490
v 284.323 198.309 83.512
v 284.433 407.509 81.972
v 284.453 426.879 82.888
v 284.463 601.299 92.722
v 284.553 560.729 87.989
v 284.563 621.999 96.151
v 284.623 362.869 73.569
v 284.633 515.129 81.532
v 284.683 623.339 96.424
v 285.013 200.469 83.984
v 285.013 591.599 92.915
v 285.133 548.649 84.603
v 285.173 376.159 73.653
v 285.243 210.139 80.525
v 285.383 273.539 72.408
v 285.553 158.809 87.612
v 285.663 401.809 77.666
v 285.693 350.129 74.875
v 285.703 498.909 82.669
v 285.713 219.489 79.983
v 285.773 548.099 85.852
v 285.823 572.529 88.643
v 285.853 318.039 74.107
v 285.873 520.979 83.943
v 285.973 346.549 74.379
v 285.993 522.349 82.931
v 286.033 370.659 73.717
v 286.043 316.559 73.688
v 286.093 612.909 94.223
v 286.163 317.109 73.886
v 286.183 548.359 85.021
v 286.243 289.099 72.841
v 286.413 558.799 87.248
v 286.423 214.339 80.630
v 286.473 350.229 74.316
v 286.493 279.309 72.162
v 286.563 226.849 79.032
v 286.593 252.979 73.005
v 286.613 440.459 82.902
v 286.623 484.209 84.162
v 286.633 540.569 83.479
v 286.633 549.689 87.121
v 286.703 236.629 75.988
v 286.793 223.599 79.715
v 286.823 360.379 73.836
v 287.003 361.159 73.400
v 287.153 472.469 82.932
v 287.303 40.209 72.090
v 287.303 336.049 74.307
v 287.313 393.599 75.375
v 287.333 282.719 72.583
v 287.333 373.819 73.547
v 287.343 532.529 83.298
v 287.413 332.209 74.395
v 287.433 312.029 73.923
v 287.443 596.319 91.013
v 287.463 262.969 72.901
v 287.473 512.619 82.236
v 287.693 303.469 73.127
v 287.703 540.659 83.751
v 287.713 580.239 90.210
v 287.743 626.939 97.223
v 287.863 348.469 74.680
v 287.963 270.959 72.760
v 287.993 589.069 92.049
v 288.043 481.699 83.092
v 288.053 358.139 73.601
v 288.113 147.699 87.331
v 288.113 421.109 86.036
v 288.123 322.249 74.304
v 288.283 297.089 72.981
v 288.303 351.149 74.435
v 288.303 379.399 73.784
v 288.343 315.789 74.103
v 288.363 364.739 73.606
v 288.473 221.529 73.204
v 288.473 428.049 82.881
v 288.653 310.879 73.860
v 288.763 354.069 74.566
v 288.803 209.689 81.516
v 288.823 417.329 85.566
v 288.833 375.879 73.439
v 288.863 201.069 84.076
v 288.993 326.139 74.243
v 289.213 353.499 74.480
v 289.213 448.499 81.621
v 289.623 218.459 81.099
v 289.663 271.009 72.661
v 289.923 414.469 84.246
v 290.003 163.119 87.788
v 290.053 554.179 85.102
v 290.093 446.699 82.952
v 290.153 350.339 75.398
v 290.203 475.479 82.930
v 290.233 544.679 84.163
v 290.343 517.889 82.736
v 290.343 584.149 89.411
v 290.393 567.339 88.153
v 290.463 365.369 73.616
v 290.583 130.589 86.402
v 290.583 358.599 73.584
v 290.623 565.549 87.002
v 290.713 537.979 83.589
v 290.783 371.129 73.484
v 290.863 366.549 73.777
v 290.893 277.749 73.155
v 290.923 537.399 83.600
v 290.933 271.609 72.882
v 290.973 261.899 72.892
v 291.013 245.649 74.910
v 291.053 287.649 72.837
v 291.223 300.139 73.094
v 291.253 424.609 86.653
v 291.333 320.849 74.462
v 291.393 528.209 83.177
v 291.623 362.409 73.465
v 291.693 414.319 84.290
v 291.793 334.939 74.280
v 291.823 393.949 74.890
v 291.833 393.889 74.908
v 292.163 344.969 74.502
v 292.243 524.299 83.932
v 292.293 581.219 89.621
v 292.383 375.179 73.578
v 292.443 279.329 72.781
v 292.503 402.749 77.810
v 292.513 517.559 82.662
v 292.533 482.019 86.270
v 292.553 282.419 72.514
v 292.553 342.109 74.449
v 292.563 518.169 82.870
v 292.583 527.939 84.254
v 292.673 410.119 82.745
v 292.703 368.639 73.633
v 292.823 212.939 83.422
v 292.963 228.709 73.138
v 292.963 293.019 73.103
v 293.203 560.309 85.219
v 293.253 218.219 82.412
v 293.353 454.569 83.048
v 293.523 589.799 89.424
v 293.583 596.489 89.890
v 293.613 570.849 88.443
v 293.623 550.979 84.659
v 293.683 368.229 73.642
v 293.683 424.679 86.988
v 293.723 278.189 73.038
v 293.803 364.989 73.660
v 293.903 208.049 84.432
v 293.923 511.799 83.257
v 294.033 354.549 73.603
v 294.083 371.249 73.666
v 294.123 348.149 75.181
v 294.143 165.929 88.106
v 294.153 234.359 72.823
v 294.283 452.569 84.324
v 294.383 516.039 82.379
v 294.553 540.869 83.784
v 294.703 306.949 73.915
v 294.723 317.859 74.415
v 294.733 293.989 72.652
v 294.753 460.929 83.140
v 294.793 300.009 73.224
v 294.913 268.309 72.211
v 295.033 276.489 72.318
v 295.103 277.739 72.913
v 295.123 525.089 83.140
v 295.273 234.689 72.907
v 295.323 254.679 73.833
v 295.533 278.539 72.209
v 295.633 238.909 72.972
v 295.743 430.679 82.936
v 295.793 336.979 74.342
v 295.813 459.579 83.085
v 295.853 283.109 73.163
v 295.863 488.919 86.395
v 295.903 533.819 83.564
v 295.923 261.229 72.883
v 295.993 37.889 72.254
v 296.033 393.989 75.010
v 296.083 532.999 83.548
v 296.113 590.839 88.710
v 296.223 333.419 74.497
v 296.253 457.009 84.361
v 296.263 568.669 87.698
v 296.273 288.669 73.440
v 296.453 419.149 85.817
v 296.583 146.509 86.893
v 296.613 523.499 83.142
v 296.673 288.969 73.446
v 296.693 485.469 84.358
v 296.773 578.569 87.141
v 296.783 571.949 88.387
v 296.883 574.509 88.598
v 296.943 318.989 74.307
v 296.943 477.109 86.297
v 296.983 518.529 82.678
v 297.043 370.899 73.472
v 297.233 583.029 88.930
v 297.283 315.349 74.328
v 297.313 532.849 83.490
v 297.363 288.889 72.029
v 297.453 233.379 73.313
v 297.513 338.279 74.594
v 297.603 355.009 73.668
v 297.663 339.789 74.399
v 297.703 283.699 72.082
v 297.753 556.999 85.141
v 297.813 309.599 74.370
v 297.853 564.949 86.236
v 297.893 354.859 73.713
v 297.983 289.019 73.392
v 298.003 345.119 75.263
v 298.033 324.649 74.342
v 298.103 413.319 82.902
v 298.103 421.139 86.020
v 298.253 464.689 83.185
v 298.363 241.289 72.737
v 298.513 531.659 84.244
v 298.583 485.639 86.150
v 298.593 168.939 88.448
v 298.663 304.729 73.833
v 298.833 426.199 87.084
v 298.863 165.899 88.326
v 298.873 536.969 83.834
v 298.883 545.379 84.254
v 298.943 359.389 73.377
v 298.953 306.259 73.754
v 299.083 521.279 82.809
v 299.123 162.909 88.206
v 299.123 233.819 73.634
v 299.193 494.139 86.343
v 299.203 306.089 73.700
v 299.213 430.229 83.126
v 299.213 484.069 87.416
v 299.393 571.829 87.134
v 299.533 464.999 84.385
v 299.593 94.439 82.742
v 299.623 566.719 87.705
v 299.653 137.849 86.670
v 299.663 305.909 73.731
v 299.733 275.529 72.336
v 299.773 367.679 73.449
v 299.813 313.299 74.235
v 299.903 305.879 73.722
v 299.943 323.819 74.224
v 299.963 573.009 88.287
v 299.973 512.419 84.331
v 300.183 307.409 74.267
v 300.243 435.699 82.962
v 300.293 305.949 73.813
v 300.303 506.429 84.667
v 300.363 483.529 86.353
v 300.403 404.579 77.788
v 300.413 319.899 74.293
v 300.453 468.449 83.297
v 300.493 296.309 73.795
v 300.653 336.679 74.322
v 300.673 306.089 73.801
v 300.723 474.039 85.754
v 300.753 342.409 75.170
v 300.883 417.549 84.562
v 301.023 246.929 72.737
v 301.033 306.379 73.767
v 301.043 361.999 73.497
v 301.263 306.579 73.822
v 301.383 390.279 74.542
v 301.493 306.859 73.826
v 301.523 290.219 72.615
v 301.573 298.899 73.886
v 301.743 501.149 85.611
v 301.753 501.149 85.613
v 301.833 501.129 85.634
v 301.933 573.199 87.445
v 302.063 537.329 84.281
v 302.193 528.439 83.669
v 302.233 240.059 73.647
v 302.393 574.519 85.429
v 302.433 350.319 73.816
v 302.503 532.919 83.923
v 302.513 191.689 87.388
v 302.533 298.119 73.125
v 302.543 394.989 75.448
v 302.643 561.179 86.190
v 302.693 473.719 86.467
v 302.703 551.499 84.761
v 302.853 499.359 86.358
v 302.883 317.969 74.307
v 302.973 536.809 83.666
v 303.243 309.179 74.139
v 303.293 268.609 72.218
v 303.353 321.529 74.217
v 303.373 441.819 83.055
v 303.383 515.929 84.404
v 303.463 339.639 74.709
v 303.473 371.609 73.667
v 303.503 325.459 74.487
v 303.553 254.289 72.909
v 303.593 472.319 86.344
v 303.653 489.799 86.594
v 303.673 283.549 72.176
v 303.683 542.029 84.284
v 303.873 111.359 83.086
v 303.873 509.509 84.537
v 303.913 472.129 86.211
v 303.943 472.179 86.974
v 304.133 116.659 83.660
v 304.203 273.939 72.171
v 304.243 565.489 87.364
v 304.343 590.289 89.552
v 304.363 305.819 73.959
v 304.513 250.069 73.971
v 304.563 302.889 73.242
v 304.573 260.589 73.837
v 304.583 497.889 86.482
v 304.763 134.019 85.777
v 304.873 448.739 83.191
v 304.933 187.319 87.800
v 305.013 584.929 87.672
v 305.113 165.659 88.305
v 305.283 331.999 74.312
v 305.303 232.859 75.603
v 305.373 312.509 74.111
v 305.403 480.289 86.167
v 305.433 247.559 73.751
v 305.443 170.649 88.582
v 305.543 390.469 74.557
v 305.603 578.759 86.407
v 305.613 506.599 85.572
v 305.813 428.649 87.408
v 305.943 284.849 72.313
v 306.063 260.479 72.867
v 306.083 315.759 73.870
v 306.093 320.149 74.141
v 306.093 379.919 73.460
v 306.093 507.829 84.537
v 306.213 306.439 73.477
v 306.663 536.969 84.346
v 306.703 480.729 86.449
v 306.733 595.349 90.644
v 306.873 453.359 83.240
v 306.883 459.999 83.308
v 306.903 502.109 85.948
v 306.943 398.719 76.388
v 306.963 435.509 87.082
v 307.213 392.929 74.221
v 307.233 555.939 85.393
v 307.273 532.899 84.210
v 307.353 182.939 88.212
v 307.443 423.409 86.571
v 307.693 345.499 73.922
v 307.703 470.949 86.743
v 307.743 241.099 75.452
v 307.753 329.469 74.362
v 307.813 256.439 73.916
v 307.823 495.809 86.586
v 307.933 323.039 74.358
v 307.933 545.939 84.676
v 308.013 309.619 73.359
v 308.053 573.549 84.925
v 308.253 325.829 74.371
v 308.333 146.109 86.447
v 308.363 269.399 72.857
v 308.523 522.739 84.610
v 308.593 515.589 84.662
v 308.733 418.649 85.058
v 308.763 499.759 86.231
v 308.783 284.409 72.908
v 308.843 485.729 86.583
v 308.963 534.649 84.352
v 309.093 318.619 74.062
v 309.133 353.959 73.271
v 309.153 422.989 86.694
v 309.193 47.279 73.062
v 309.203 447.219 86.536
v 309.223 247.459 75.243
v 309.313 274.859 73.157
v 309.393 404.519 78.059
v 309.513 567.229 85.309
v 309.783 315.149 73.927
v 309.853 507.819 86.958
v 309.923 505.389 85.666
v 309.943 334.729 74.766
v 310.013 357.359 73.424
v 310.013 389.429 74.139
v 310.023 380.369 73.546
v 310.113 326.569 74.241
v 310.513 451.149 86.344
v 310.583 337.449 73.783
v 310.593 265.059 73.875
v 310.593 294.769 76.073
v 310.593 451.259 86.753
v 310.653 441.119 87.424
v 310.723 235.869 78.863
v 310.893 376.009 73.532
v 310.903 321.729 74.063
v 310.953 415.789 83.676
v 310.973 331.919 74.610
v 311.153 588.389 88.833
v 311.163 431.449 88.273
v 311.203 477.309 86.730
v 311.243 505.439 87.097
v 311.283 462.689 83.426
v 311.353 361.879 73.321
v 311.473 253.279 75.482
v 311.503 581.499 86.939
v 311.533 453.949 86.236
v 311.583 352.369 73.064
v 311.813 513.239 85.091
v 311.823 342.299 74.035
v 311.993 557.409 86.563
v 312.003 323.549 73.892
v 312.013 537.609 84.673
v 312.133 282.859 73.161
v 312.333 240.919 78.574
v 312.383 492.579 86.793
v 312.453 551.089 85.246
v 312.563 265.419 74.830
v 312.643 521.139 84.929
v 312.663 366.259 73.823
v 312.773 511.229 85.501
v 312.963 447.849 87.197
v 312.973 373.039 73.606
v 313.023 323.089 73.879
v 313.113 355.469 73.057
v 313.173 419.859 85.222
v 313.233 511.839 87.295
v 313.273 328.559 73.992
v 313.353 383.139 73.474
v 313.413 481.339 86.761
v 313.453 56.329 74.097
v 313.573 467.829 86.827
v 313.583 522.219 84.985
v 313.613 335.709 73.670
v 313.613 337.389 73.876
v 313.743 391.729 74.065
v 313.763 593.289 89.843
v 313.843 434.909 89.535
v 313.873 528.739 84.872
v 314.033 544.759 85.421
v 314.133 359.559 73.304
v 314.173 349.589 73.534
v 314.393 551.899 86.050
v 314.523 273.609 74.657
v 314.633 573.599 84.365
v 314.663 539.259 84.377
v 314.753 550.769 85.850
v 314.793 179.989 89.198
v 314.863 160.099 87.794
v 315.153 251.069 78.464
v 315.353 518.249 85.083
v 315.373 293.289 77.547
v 315.503 571.789 84.359
v 315.743 305.629 76.096
v 315.753 342.749 74.013
v 315.773 496.309 86.648
v 315.803 321.089 73.360
v 315.833 370.529 73.569
v 315.843 214.089 92.142
v 315.863 456.839 87.034
v 315.873 482.059 87.898
v 315.873 501.659 87.396
v 315.913 543.059 85.325
v 315.993 436.289 89.900
v 316.093 231.349 82.217
v 316.093 494.719 86.578
v 316.123 230.839 82.216
v 316.313 464.779 86.494
v 316.313 492.009 86.600
v 316.373 338.129 74.156
v 316.643 219.429 92.562
v 316.653 209.159 91.722
v 316.703 473.559 86.924
v 316.753 257.999 78.391
v 317.013 585.599 87.044
v 317.073 380.289 73.825
v 317.093 516.199 87.107
v 317.103 424.869 86.862
v 317.183 330.099 73.601
v 317.213 383.589 73.656
v 317.223 353.169 73.421
v 317.253 332.239 73.800
v 317.413 515.859 87.416
v 317.423 559.849 84.450
v 317.423 601.329 90.946
v 317.493 237.039 82.490
v 317.523 526.669 85.029
v 317.533 364.269 73.480
v 317.693 407.679 78.286
v 317.723 65.369 75.132
v 317.743 578.309 84.898
v 317.753 433.059 88.699
v 317.873 418.009 83.947
v 317.893 507.469 87.776
v 317.913 534.729 85.028
v 318.163 432.889 88.875
v 318.263 199.289 90.882
v 318.323 239.469 82.631
v 318.393 487.259 86.881
v 318.413 263.109 78.581
v 318.433 551.739 86.178
v 318.453 335.789 74.103
v 318.513 439.879 88.680
v 318.543 359.149 73.475
v 318.593 448.949 85.232
v 318.633 346.429 73.484
v 318.883 429.529 87.878
v 318.893 469.269 86.998
v 318.943 441.949 87.442
v 318.973 465.699 86.994
v 319.043 421.649 85.372
v 319.073 372.069 73.527
v 319.073 477.509 86.905
v 319.093 328.599 73.945
v 319.223 376.079 73.821
v 319.233 368.039 73.589
v 319.273 556.249 85.879
v 319.303 555.799 86.169
v 319.513 545.599 85.797
v 319.583 562.219 84.204
v 319.743 537.939 85.139
v 319.773 246.189 82.560
v 319.783 246.199 82.608
v 319.833 246.249 82.605
v 320.003 500.109 88.164
v 320.113 357.309 73.473
v 320.123 452.039 88.168
v 320.143 291.819 79.021
v 320.143 523.549 85.213
v 320.253 398.419 75.815
v 320.313 270.509 78.581
v 320.373 351.519 73.034
v 320.543 531.499 85.235
v 320.583 552.479 86.207
v 320.793 382.979 73.709
v 320.853 599.049 89.852
v 320.903 363.089 73.648
v 321.063 380.279 76.236
v 321.073 99.359 81.144
v 321.163 250.839 82.785
v 321.293 383.969 73.885
v 321.403 367.049 73.508
v 321.413 379.589 73.656
v 321.493 380.689 73.683
v 321.613 279.159 78.361
v 321.673 512.289 87.798
v 321.783 345.099 73.422
v 321.873 119.909 82.349
v 321.883 253.139 82.811
v 321.903 523.449 85.378
v 321.983 74.419 76.167
v 322.093 565.439 84.193
v 322.223 369.859 73.649
v 322.223 372.739 73.641
v 322.243 541.729 85.926
v 322.293 521.379 87.434
v 322.303 497.449 88.985
v 322.563 522.579 87.385
v 322.703 581.269 85.366
v 322.843 230.319 84.445
v 322.863 546.479 85.983
v 322.903 379.179 74.738
v 323.013 491.549 86.581
v 323.033 494.839 88.118
v 323.043 361.359 73.567
v 323.143 446.749 87.491
v 323.143 590.519 87.444
v 323.273 383.999 73.518
v 323.313 236.729 84.855
v 323.413 469.949 87.072
v 323.563 385.249 73.786
v 323.573 462.019 87.312
v 323.653 317.259 75.809
v 323.663 347.919 73.577
v 323.803 535.229 85.358
v 323.863 482.769 87.073
v 323.873 436.029 88.992
v 323.923 336.129 73.379
v 323.933 260.629 82.956
v 323.953 495.089 86.896
v 323.973 495.139 86.799
v 324.023 553.479 84.766
v 324.033 258.989 83.055
v 324.033 497.159 89.408
v 324.103 250.509 91.372
v 324.213 338.189 74.250
v 324.293 528.289 85.204
v 324.293 550.969 85.762
v 324.373 448.399 87.587
v 324.503 586.409 86.550
v 324.533 242.779 85.237
v 324.543 448.659 87.512
v 324.583 342.539 74.971
v 324.593 548.319 85.893
v 324.603 426.639 87.133
v 324.673 431.939 88.123
v 324.703 557.779 84.406
v 324.753 570.619 84.403
v 324.803 94.959 79.484
v 324.883 439.789 88.108
v 325.003 423.249 85.361
v 325.013 579.099 85.195
v 325.073 302.029 78.834
v 325.183 501.709 89.343
v 325.223 337.529 73.460
v 325.263 551.739 84.606
v 325.453 593.959 87.742
v 325.463 351.659 73.565
v 325.503 472.769 87.138
v 325.513 596.599 88.766
v 325.693 390.719 73.897
v 325.713 376.319 74.585
v 325.763 268.059 82.905
v 325.903 267.099 82.833
v 325.923 559.679 85.740
v 326.123 105.359 80.568
v 326.133 601.359 89.522
v 326.213 470.069 88.143
v 326.263 170.619 88.306
v 326.263 170.629 87.755
v 326.293 370.129 73.689
v 326.393 122.059 82.355
v 326.393 388.469 73.813
v 326.403 341.329 74.236
v 326.413 251.129 85.166
v 326.443 518.439 87.663
v 326.593 208.069 91.363
v 326.763 435.659 87.200
v 326.783 571.119 84.490
v 326.983 274.069 82.753
v 327.033 467.969 87.209
v 327.063 325.319 75.787
v 327.123 355.439 73.582
v 327.173 590.719 87.741
v 327.423 527.059 87.459
v 327.653 473.569 88.225
v 327.733 373.919 74.594
v 327.743 484.649 86.775
v 327.783 507.139 88.522
v 327.833 499.129 92.977
v 327.923 257.779 85.540
v 327.983 281.909 82.163
v 328.023 528.829 87.402
v 328.033 581.779 86.871
v 328.073 532.519 85.524
v 328.313 276.019 82.418
v 328.333 457.149 87.666
v 328.403 494.429 90.648
v 328.523 367.899 73.828
v 328.573 228.819 86.552
v 328.633 420.739 83.962
v 328.773 471.179 87.284
v 328.803 487.499 86.456
v 328.853 259.999 85.335
v 328.923 379.289 74.632
v 329.023 427.279 86.496
v 329.023 427.419 86.919
v 329.023 559.739 83.962
v 329.273 235.009 87.062
v 329.323 599.819 88.134
v 329.333 383.139 74.625
v 329.333 423.199 84.442
v 329.413 101.599 79.968
v 329.763 289.709 81.525
v 329.783 612.539 90.406
v 329.823 363.249 73.713
v 329.833 447.059 87.650
v 329.843 447.079 87.800
v 329.923 547.799 84.770
v 329.953 478.379 87.308
v 329.993 543.959 86.524
v 330.053 608.589 89.484
v 330.093 431.929 86.291
v 330.163 328.729 74.769
v 330.163 577.709 85.040
v 330.323 444.509 87.769
v 330.403 265.819 85.216
v 330.403 283.549 82.262
v 330.563 418.589 82.359
v 330.583 343.579 74.312
v 330.603 523.899 87.648
v 330.643 523.899 87.620
v 330.733 369.829 74.567
v 330.823 269.059 89.541
v 330.883 510.849 93.232
v 330.893 391.079 73.910
v 330.913 124.199 82.362
v 330.953 363.339 73.481
v 331.023 413.639 80.057
v 331.033 510.889 89.535
v 331.163 454.349 87.227
v 331.243 510.699 93.254
v 331.313 541.129 87.414
v 331.333 271.249 85.265
v 331.333 380.379 74.704
v 331.713 460.939 86.992
v 331.793 500.849 88.087
v 332.083 464.749 87.387
v 332.083 601.949 88.290
v 332.093 248.199 87.607
v 332.133 384.629 75.485
v 332.223 277.989 84.843
v 332.423 514.969 88.227
v 332.433 373.759 74.601
v 332.443 552.959 84.144
v 332.583 509.899 93.155
v 332.603 492.619 91.881
v 332.883 228.479 88.427
v 332.903 515.249 88.956
v 332.913 475.849 87.326
v 333.013 515.599 87.703
v 333.043 216.989 92.242
v 333.053 495.709 92.910
v 333.113 117.099 81.416
v 333.213 533.079 87.492
v 333.373 564.599 84.290
v 333.423 629.669 94.048
v 333.473 564.649 84.302
v 333.483 540.819 87.303
v 333.613 394.109 74.091
v 333.683 542.869 86.776
v 333.703 231.499 88.745
v 333.833 254.349 87.970
v 333.843 372.529 74.576
v 333.903 619.879 92.095
v 334.013 103.539 80.007
v 334.183 111.589 81.295
v 334.193 450.499 87.620
v 334.243 467.719 87.339
v 334.403 260.289 87.596
v 334.403 298.439 81.571
v 334.453 365.689 74.656
v 334.463 346.519 74.306
v 334.473 459.229 86.981
v 334.543 383.209 74.672
v 334.553 383.169 74.870
v 334.573 612.059 90.089
v 334.593 487.939 86.369
v 334.603 518.909 88.903
v 334.663 567.279 84.781
v 334.783 587.989 87.775
v 334.853 635.369 94.862
v 334.873 345.059 73.650
v 334.933 193.039 89.469
v 334.983 520.959 87.542
v 335.013 488.329 86.476
v 335.063 488.369 88.515
v 335.143 454.339 88.855
v 335.253 237.989 89.156
v 335.433 185.319 88.704
v 335.443 185.289 88.704
v 335.483 488.419 92.762
v 335.563 441.509 87.952
v 335.623 488.509 94.620
v 335.633 488.509 94.518
v 335.683 481.289 86.437
v 335.713 487.669 87.932
v 336.063 425.229 84.662
v 336.073 266.319 87.461
v 336.113 555.329 84.239
v 336.193 445.649 89.299
v 336.423 530.449 87.510
v 336.533 508.109 93.148
v 336.553 405.369 76.235
v 336.563 405.329 76.030
v 336.563 656.239 100.099
v 336.613 552.309 84.943
v 336.643 322.439 77.629
v 336.983 595.039 88.067
v 337.293 490.459 93.201
v 337.333 246.959 89.512
v 337.443 119.599 81.597
v 337.473 472.019 87.370
v 337.533 390.579 76.236
v 337.683 545.329 86.446
v 337.713 547.189 86.081
v 337.843 523.489 89.099
v 337.843 538.909 87.672
v 337.883 372.339 74.764
v 337.933 578.469 86.208
v 337.963 227.519 90.107
v 337.973 275.329 86.939
v 337.973 492.909 92.857
v 338.063 459.849 86.910
v 338.163 332.249 76.852
v 338.303 490.969 95.095
v 338.623 105.479 80.046
v 338.673 647.759 98.644
v 338.843 386.709 74.633
v 338.853 350.369 74.426
v 338.863 539.589 88.822
v 338.943 466.329 86.672
v 338.953 369.449 74.752
v 339.113 289.039 85.775
v 339.273 254.559 89.753
v 339.373 539.549 88.975
v 339.383 572.349 84.899
v 339.423 526.989 88.721
v 339.423 538.099 89.245
v 339.473 483.209 86.421
v 339.533 483.159 86.901
v 339.563 666.749 101.210
v 339.573 388.869 74.311
v 339.573 521.829 88.905
v 339.613 428.759 85.813
v 339.683 418.629 80.450
v 339.773 452.589 88.930
v 339.823 560.009 84.752
v 339.883 236.189 90.738
v 340.033 576.329 85.972
v 340.203 259.949 89.883
v 340.323 376.399 74.532
v 340.323 438.209 87.714
v 340.333 477.489 86.278
v 340.353 448.129 87.899
v 340.353 635.029 94.853
v 340.383 656.019 100.777
v 340.433 587.229 87.815
v 340.443 551.439 85.617
v 340.473 472.449 86.225
v 340.503 667.799 101.052
v 340.533 610.489 88.759
v 340.733 225.259 90.531
v 340.913 261.919 89.502
v 340.933 618.629 89.536
v 340.983 618.609 89.849
v 341.043 338.319 75.779
v 341.123 433.529 89.737
v 341.233 627.479 91.975
v 341.333 355.679 75.394
v 341.353 460.779 87.411
v 341.383 535.729 87.819
v 341.433 320.999 78.550
v 341.453 355.769 76.339
v 341.473 357.289 74.695
v 341.523 596.599 88.068
v 341.613 243.679 91.226
v 341.633 503.759 93.319
v 342.033 267.799 89.026
v 342.073 380.089 74.674
v 342.203 468.179 88.235
v 342.333 560.589 85.028
v 342.383 350.519 74.214
v 342.433 310.389 80.709
v 342.443 268.639 88.904
v 342.503 227.029 90.874
v 342.733 247.669 91.209
v 342.813 494.669 88.450
v 343.033 232.489 91.193
v 343.193 479.439 86.673
v 343.233 107.419 80.084
v 343.343 576.249 86.109
v 343.393 545.049 88.403
v 343.423 601.549 88.317
v 343.503 495.279 95.461
v 343.593 157.929 88.249
v 343.593 494.669 88.915
v 343.643 545.409 87.979
v 343.643 551.279 86.468
v 343.673 377.339 74.892
v 343.753 508.239 93.151
v 343.813 274.449 88.370
v 343.813 647.259 98.441
v 343.823 274.519 88.444
v 343.863 609.019 88.803
v 343.963 238.529 91.556
v 344.003 356.339 74.468
v 344.103 197.029 89.504
v 344.383 434.829 87.388
v 344.543 532.459 88.671
v 344.553 499.579 93.222
v 344.553 533.779 91.849
v 344.833 569.039 85.593
v 344.873 256.989 91.007
v 345.033 535.469 91.801
v 345.133 472.829 86.291
v 345.233 621.799 90.646
v 345.333 532.389 91.346
v 345.373 445.799 87.848
v 345.383 433.389 87.207
v 345.383 433.399 87.200
v 345.423 470.399 86.354
v 345.433 470.329 87.184
v 345.493 618.299 89.262
v 345.503 532.399 92.577
v 345.743 245.089 91.915
v 345.773 353.879 74.476
v 345.843 629.429 93.081
v 345.853 548.399 87.714
v 345.923 280.299 87.658
v 346.003 655.209 99.434
v 346.063 478.109 94.483
v 346.223 319.559 79.471
v 346.273 467.949 87.476
v 346.293 262.669 90.598
v 346.363 361.739 75.006
v 346.413 476.199 86.762
v 346.463 497.629 93.911
v 346.473 205.909 90.645
v 346.483 476.229 87.655
v 346.693 457.379 87.608
v 346.703 658.439 99.746
v 346.863 265.469 90.237
v 346.903 437.399 87.557
v 347.053 466.379 88.101
v 347.173 569.589 86.642
v 347.203 147.209 83.916
v 347.203 393.099 74.389
v 347.283 286.669 86.657
v 347.433 268.769 89.850
v 347.513 584.749 87.885
v 347.523 445.659 87.751
v 347.673 256.659 91.535
v 347.683 563.789 85.946
v 347.813 448.609 87.566
v 347.833 448.609 87.246
v 347.913 651.129 98.967
v 347.953 384.179 74.261
v 348.093 559.119 86.036
v 348.333 625.939 91.057
v 348.343 423.629 80.844
v 348.373 504.189 93.213
v 348.433 637.589 95.743
v 348.683 199.029 89.521
v 348.773 331.969 77.909
v 348.783 247.699 92.388
v 348.873 440.229 87.546
v 348.933 244.719 92.726
v 348.983 232.019 91.956
v 349.033 439.099 87.318
v 349.073 413.829 79.402
v 349.213 550.609 88.191
v 349.243 225.369 91.508
v 349.373 293.659 85.506
v 349.493 262.419 91.132
v 349.603 540.459 91.862
v 349.733 274.289 89.399
v 349.773 126.249 82.212
v 349.823 465.759 87.572
v 350.003 412.039 79.195
v 350.073 657.789 99.832
v 350.123 543.529 90.543
v 350.153 451.709 87.679
v 350.173 451.749 87.447
v 350.173 542.499 90.407
v 350.213 538.649 91.073
v 350.253 238.519 92.447
v 350.543 364.569 74.892
v 350.583 481.929 95.699
v 350.623 325.449 80.199
v 350.733 480.259 88.372
v 350.823 539.419 92.249
v 350.843 381.199 74.375
v 350.903 267.279 90.713
v 350.913 267.499 90.672
v 350.963 434.369 84.566
v 351.023 434.369 85.114
v 351.183 364.869 74.909
v 351.213 396.609 74.554
v 351.353 454.839 87.792
v 351.413 555.449 87.587
v 351.563 593.169 88.121
v 351.643 574.339 87.922
v 351.753 540.919 91.069
v 351.783 346.979 76.412
v 351.793 271.079 90.085
v 351.843 417.499 77.716
v 351.863 417.499 77.723
v 352.043 502.869 94.766
v 352.133 323.689 81.326
v 352.173 244.419 93.185
v 352.273 663.149 99.681
v 352.503 324.599 82.556
v 352.513 546.789 89.793
v 352.603 280.149 88.537
v 352.643 302.409 84.050
v 352.663 250.749 93.133
v 352.803 397.379 74.797
v 353.063 231.389 92.371
v 353.223 616.249 90.272
v 353.243 404.329 74.639
v 353.253 404.299 74.758
v 353.313 256.519 92.903
v 353.353 542.219 92.285
v 353.363 255.319 92.933
v 353.383 414.649 77.367
v 353.423 636.249 94.700
v 353.443 414.669 77.358
v 353.653 262.939 91.781
v 353.663 277.399 89.288
v 353.823 307.209 83.263
v 353.933 285.129 87.467
v 354.173 259.669 92.246
v 354.373 361.759 76.234
v 354.453 262.829 91.783
v 354.673 280.549 88.884
v 354.803 477.359 87.947
v 355.003 627.669 91.787
v 355.073 551.049 89.494
v 355.093 547.859 90.213
v 355.103 392.209 74.742
v 355.423 483.589 88.922
v 355.483 483.559 90.615
v 355.583 250.159 93.148
v 355.623 555.279 88.814
v 355.623 638.289 94.489
v 355.703 649.669 97.089
v 355.723 462.339 87.775
v 355.843 398.999 74.411
v 356.073 581.699 87.860
v 356.263 399.319 74.568
v 356.423 356.989 75.057
v 356.433 614.499 90.111
v 356.583 292.859 85.771
v 356.643 486.949 96.023
v 356.953 601.009 88.286
v 357.003 317.169 81.257
v 357.003 428.629 81.238
v 357.033 572.519 89.847
v 357.123 355.659 74.922
v 357.123 633.829 93.160
v 357.223 440.649 89.704
v 357.273 230.309 92.536
v 357.393 223.709 92.200
v 357.603 476.069 92.503
v 357.873 361.829 74.501
v 357.983 376.089 74.625
v 357.993 657.379 97.252
v 358.053 262.379 92.530
v 358.103 237.979 93.073
v 358.103 252.029 93.761
v 358.123 256.329 93.430
v 358.153 246.389 93.842
v 358.163 244.379 93.508
v 358.353 265.159 92.063
v 358.413 590.959 88.082
v 358.433 462.619 85.929
v 358.433 551.129 91.228
v 358.443 462.659 86.555
v 358.483 231.509 92.475
v 358.493 253.459 93.738
v 358.593 455.919 90.486
v 358.673 387.669 74.633
v 358.713 225.539 91.953
v 358.823 250.119 93.775
v 358.983 611.079 88.866
v 359.053 296.199 85.488
v 359.123 268.479 91.469
v 359.183 274.649 90.338
v 359.193 389.689 74.632
v 359.223 285.229 88.106
v 359.243 262.359 92.476
v 359.253 414.039 75.397
v 359.293 209.139 90.593
v 359.293 614.099 90.795
v 359.333 444.889 88.828
v 359.383 340.489 78.348
v 359.483 563.979 88.540
v 359.533 617.729 90.665
v 359.603 556.499 89.386
v 359.663 301.999 84.633
v 359.793 404.399 74.516
v 359.803 475.159 92.327
v 360.113 391.769 74.749
v 360.143 645.669 96.745
v 360.263 407.829 74.682
v 360.273 191.069 91.792
v 360.283 191.069 91.794
v 360.373 324.109 80.678
v 360.643 195.459 90.188
v 360.823 413.859 75.499
v 360.853 364.929 74.286
v 360.873 443.959 90.085
v 360.903 625.999 91.082
v 360.973 599.639 88.415
v 361.003 224.509 92.060
v 361.073 305.349 84.050
v 361.103 632.079 92.368
v 361.283 308.079 83.345
v 361.603 192.089 88.356
v 361.763 56.439 74.037
v 361.873 639.249 95.268
v 361.883 651.209 96.960
v 362.143 361.199 75.228
v 362.203 403.419 74.884
v 362.293 615.819 91.635
v 362.443 388.659 74.655
v 362.483 358.899 75.248
v 362.663 386.229 74.544
v 362.853 642.579 96.590
v 362.893 408.119 74.954
v 362.983 313.649 82.254
v 363.013 313.549 82.246
v 363.123 385.589 74.600
v 363.303 608.769 88.968
v 363.313 236.139 93.165
v 363.373 311.539 82.871
v 363.523 563.349 90.487
v 363.553 379.699 74.496
v 364.043 442.809 87.040
v 364.063 639.929 95.983
v 364.073 197.659 88.366
v 364.163 245.939 94.038
v 364.443 363.219 75.296
v 364.463 425.069 80.274
v 364.543 261.889 93.259
v 364.563 223.799 92.700
v 364.613 658.839 97.186
v 364.623 465.149 90.624
v 364.643 252.629 94.041
v 364.643 442.939 84.525
v 364.743 392.689 74.593
v 364.763 475.399 91.534
v 364.773 212.809 93.127
v 364.823 289.019 88.087
v 364.923 443.119 84.610
v 364.983 570.759 91.256
v 365.013 264.879 92.822
v 365.023 259.429 93.434
v 365.023 570.759 91.152
v 365.073 620.609 91.845
v 365.283 423.749 80.042
v 365.473 157.959 88.970
v 365.473 230.479 92.512
v 365.603 147.059 88.578
v 365.623 209.679 89.520
v 365.663 469.179 89.761
v 365.673 433.619 81.632
v 365.713 322.149 81.136
v 365.763 641.089 96.456
v 365.963 163.479 89.205
v 366.013 381.929 74.499
v 366.393 368.009 74.929
v 366.453 158.059 89.423
v 366.473 465.719 89.332
v 366.723 388.589 74.803
v 367.053 288.749 88.641
v 367.053 401.409 74.926
v 367.313 626.639 91.920
v 367.333 367.939 75.398
v 367.333 486.289 92.587
v 367.563 248.629 93.960
v 367.983 283.489 89.907
v 368.163 391.059 74.895
v 368.283 470.579 88.606
v 368.353 652.209 96.996
v 368.383 351.879 77.546
v 368.593 396.569 74.281
v 368.873 102.339 81.091
v 369.183 294.999 87.321
v 369.223 465.459 88.296
v 369.253 366.899 75.559
v 369.473 370.239 74.998
v 369.483 382.419 74.571
v 369.633 498.859 95.814
v 369.853 236.279 93.276
v 369.923 161.329 90.050
v 369.993 86.279 77.751
v 370.033 416.609 75.568
v 370.073 364.859 75.502
v 370.123 195.129 87.870
v 370.533 389.289 74.814
v 370.663 251.689 94.581
v 370.683 258.819 94.311
v 370.743 267.119 93.489
v 370.753 391.139 74.976
v 370.803 223.699 91.391
v 370.883 411.029 75.253
v 370.893 275.899 91.766
v 371.033 214.819 89.712
v 371.073 261.909 94.193
v 371.193 400.879 74.969
v 371.273 264.919 93.872
v 371.323 157.499 90.050
v 371.483 70.089 75.432
v 371.753 477.109 90.449
v 371.763 482.809 91.621
v 372.083 472.189 89.058
v 372.143 651.529 96.953
v 372.153 96.049 80.093
v 372.203 65.299 75.160
v 372.393 374.299 75.063
v 372.453 495.349 96.374
v 372.523 488.069 91.905
v 372.643 382.779 74.520
v 372.853 391.199 74.784
v 373.073 204.089 88.419
v 373.113 288.489 89.441
v 373.123 300.369 86.554
v 373.303 376.299 75.210
v 373.453 242.249 94.096
v 373.573 659.289 97.254
v 373.693 377.069 75.160
v 373.713 371.939 75.749
v 373.723 223.489 91.052
v 373.843 207.329 88.742
v 373.863 211.529 94.751
v 373.873 462.219 87.065
v 373.883 229.949 92.043
v 373.933 469.199 88.109
v 374.183 485.279 91.231
v 374.263 370.609 75.742
v 374.333 438.619 82.026
v 374.463 306.009 84.984
v 374.503 248.439 94.815
v 374.593 306.169 85.002
v 374.823 450.739 87.402
v 375.343 196.759 88.291
v 375.363 203.479 88.443
v 375.723 380.899 75.026
v 375.883 345.269 79.845
v 375.993 327.979 82.195
v 376.333 288.319 89.853
v 376.393 451.699 86.990
v 376.403 260.519 94.928
v 376.513 464.749 87.016
v 376.523 481.869 90.399
v 376.543 386.209 75.059
v 376.713 358.719 79.250
v 376.713 446.089 84.116
v 376.743 446.109 84.197
v 376.853 78.649 77.478
v 376.953 393.569 75.441
v 377.033 385.319 75.146
v 377.113 283.579 91.242
v 377.263 269.409 93.892
v 377.403 222.769 91.193
v 377.573 264.389 94.695
v 377.783 398.629 75.354
v 377.793 471.399 88.168
v 377.873 375.599 75.838
v 377.893 481.199 88.812
v 378.163 382.339 75.545
v 378.343 311.659 86.926
v 378.493 68.889 75.176
v 378.773 492.319 91.682
v 379.083 411.939 75.609
v 379.143 312.359 84.248
v 379.163 380.109 75.929
v 379.213 404.969 74.921
v 379.333 259.039 95.015
v 379.463 459.939 86.261
v 379.503 212.889 89.722
v 379.513 207.119 89.158
v 379.663 235.299 93.216
v 379.763 241.589 94.230
v 380.433 420.319 76.115
v 380.633 276.389 92.953
v 380.713 198.509 88.644
v 380.823 489.809 90.890
v 380.913 479.079 88.265
v 381.123 456.269 85.712
v 381.153 491.879 91.227
v 381.183 300.469 87.468
v 381.383 251.329 95.684
v 381.713 377.289 75.877
v 381.863 216.849 90.254
v 381.883 380.069 75.899
v 381.913 256.749 95.600
v 381.993 256.479 95.645
v 382.133 228.719 92.216
v 382.493 469.539 87.484
v 382.513 493.309 91.990
v 382.703 260.139 95.617
v 382.713 222.659 91.523
v 382.753 108.389 83.041
v 382.763 487.279 90.585
v 382.823 264.689 95.282
v 382.903 67.439 74.874
v 382.963 465.129 86.787
v 382.993 86.539 79.281
v 383.003 432.499 80.817
v 383.203 263.679 95.387
v 383.253 306.239 86.162
v 383.383 338.659 82.143
v 383.663 75.949 76.900
v 383.713 491.469 90.952
v 383.823 124.949 86.817
v 383.833 221.559 91.285
v 384.053 60.729 74.136
v 384.133 270.169 94.700
v 384.193 462.309 85.007
v 384.233 283.809 92.147
v 384.233 429.449 80.946
v 384.243 429.459 80.906
v 384.253 485.709 88.590
v 384.303 474.779 88.228
v 384.363 374.249 78.358
v 384.543 487.399 89.594
v 384.893 352.979 82.999
v 384.953 493.549 91.810
v 385.023 213.889 90.746
v 385.353 222.499 91.764
v 385.413 436.659 81.377
v 385.673 289.029 91.197
v 385.703 402.079 75.246
v 385.913 314.059 84.341
v 385.993 199.409 89.776
v 386.103 403.409 75.224
v 386.243 458.329 83.963
v 386.273 247.979 95.770
v 386.363 167.329 94.169
v 386.383 203.379 90.084
v 386.403 470.669 87.127
v 386.763 385.469 75.891
v 387.523 399.389 75.486
v 387.523 455.179 85.731
v 387.583 481.079 88.157
v 387.773 258.499 96.175
v 387.893 66.259 74.565
v 388.003 295.269 89.674
v 388.173 467.959 86.734
v 388.183 306.619 89.493
v 388.343 193.989 90.013
v 388.463 261.719 96.079
v 388.563 422.929 76.808
v 388.603 371.609 80.840
v 388.763 394.529 75.264
v 388.773 300.109 88.215
v 389.073 234.509 93.837
v 389.143 94.419 81.085
v 389.143 306.439 86.528
v 389.203 277.349 93.872
v 389.343 382.179 78.014
v 389.443 478.729 87.759
v 389.563 488.679 89.603
v 389.663 124.219 86.631
v 389.663 241.769 95.193
v 390.043 249.829 96.150
v 390.103 395.799 75.309
v 390.123 454.089 83.319
v 390.453 392.829 75.449
v 390.563 256.099 96.458
v 390.623 228.709 94.058
v 390.763 221.129 92.593
v 390.883 332.039 84.442
v 391.013 466.029 84.914
v 391.083 313.739 89.621
v 391.093 184.829 89.826
v 391.253 259.899 96.502
v 391.373 108.909 84.197
v 391.393 488.679 88.589
v 391.483 84.699 78.925
v 391.673 448.099 82.742
v 391.753 212.529 92.087
v 391.843 474.729 86.771
v 392.043 478.719 87.570
v 392.103 409.509 76.059
v 392.123 260.779 96.373
v 392.133 317.469 85.589
v 392.243 402.519 75.530
v 392.853 368.969 83.321
v 392.873 462.289 83.819
v 392.963 176.549 89.420
v 393.073 471.429 86.467
v 393.093 347.249 86.747
v 393.253 204.679 91.681
v 393.323 450.129 81.432
v 393.403 395.369 75.450
v 393.413 137.229 91.025
v 393.433 379.289 80.137
v 393.483 430.309 79.250
v 393.563 244.469 99.621
v 393.803 238.379 95.171
v 393.833 74.979 76.764
v 393.963 172.379 89.549
v 394.133 271.769 95.527
v 394.233 245.699 96.195
v 394.263 121.289 87.805
v 394.573 283.589 93.204
v 394.603 442.009 83.422
v 394.703 468.709 85.019
v 394.823 446.609 80.610
v 394.863 133.239 89.235
v 394.923 397.879 75.894
v 394.963 196.069 91.371
v 395.483 396.329 76.369
v 395.503 123.689 87.910
v 395.543 457.699 83.336
v 395.583 305.679 86.936
v 395.753 490.389 88.541
v 395.833 278.269 94.533
v 395.883 261.589 97.183
v 396.073 438.909 83.434
v 396.123 261.019 96.782
v 396.123 491.549 89.632
v 396.243 187.909 91.382
v 396.663 295.049 90.178
v 396.673 452.839 81.108
v 396.693 220.859 93.626
v 396.733 282.659 93.234
v 396.773 282.609 93.543
v 396.913 220.409 93.542
v 396.973 217.049 93.630
v 397.403 113.469 84.148
v 397.513 376.399 82.260
v 397.673 65.669 74.603
v 397.723 65.659 74.604
v 397.753 179.839 90.969
v 397.763 213.009 93.453
v 397.853 312.569 86.395
v 398.053 466.339 83.876
v 398.103 425.949 77.500
v 398.193 290.879 91.268
v 398.363 462.649 87.149
v 398.383 325.429 86.740
v 398.513 392.809 76.446
v 398.903 205.449 93.165
v 398.983 63.319 73.996
v 399.183 300.089 88.439
v 399.433 172.959 90.537
v 399.453 390.809 77.530
v 399.503 136.659 91.703
v 399.693 416.009 76.895
v 399.763 128.709 89.227
v 399.823 132.639 89.281
v 400.033 447.099 79.939
v 400.303 197.629 92.865
v 400.303 292.419 90.834
v 400.613 229.109 95.899
v 400.693 464.439 82.844
v 401.043 306.279 86.381
v 401.273 341.509 90.495
v 401.663 108.629 85.198
v 401.683 122.199 88.299
v 401.853 189.039 92.787
v 402.083 364.599 87.806
v 402.113 364.579 87.812
v 402.243 463.569 82.220
v 402.483 459.389 81.624
v 402.753 454.039 85.226
v 402.933 448.399 79.991
v 403.203 249.269 98.121
v 403.403 298.969 88.722
v 403.503 211.199 94.861
v 403.683 388.149 79.335
v 403.713 372.009 85.486
v 403.833 237.879 97.073
v 404.083 460.289 81.358
v 404.443 440.909 82.894
v 404.463 175.199 91.954
v 404.513 444.169 78.792
v 404.533 223.159 95.699
v 404.653 182.199 92.490
v 404.683 120.939 88.202
v 404.763 135.469 91.761
v 404.793 132.029 89.327
v 405.033 136.579 91.894
v 405.093 115.209 86.862
v 405.093 206.409 94.784
v 405.103 115.289 86.312
v 405.173 455.539 80.773
v 405.223 477.299 83.600
v 405.293 402.899 76.957
v 405.383 387.079 80.057
v 405.553 301.719 88.435
v 405.623 219.209 95.683
v 405.863 204.569 94.558
v 406.423 166.599 97.558
v 406.513 62.839 74.067
v 406.573 470.099 82.732
v 406.713 211.549 95.347
v 406.713 455.189 79.795
v 406.893 209.149 95.226
v 407.073 386.019 80.779
v 407.203 483.549 85.109
v 407.293 422.519 77.730
v 407.413 451.749 79.994
v 407.583 64.149 74.109
v 407.633 428.959 78.193
v 407.643 476.589 83.131
v 407.733 440.159 78.527
v 407.803 441.569 78.496
v 408.013 155.599 95.888
v 408.073 155.649 95.873
v 408.153 149.579 94.594
v 408.223 125.669 88.847
v 408.433 203.769 94.968
v 408.463 358.109 90.301
v 408.583 266.199 97.809
v 408.593 464.729 81.408
v 408.903 120.619 88.141
v 408.943 60.639 73.812
v 408.983 107.739 85.298
v 408.983 381.709 82.724
v 409.013 260.139 98.471
v 409.043 285.099 92.881
v 409.263 143.969 93.359
v 409.283 406.679 78.012
v 409.463 64.359 74.330
v 409.603 106.889 83.246
v 409.613 106.899 83.246
v 409.743 479.409 83.670
v 409.753 131.419 89.373
v 409.763 447.669 79.442
v 409.803 196.529 94.847
v 410.023 146.799 93.984
v 410.053 117.689 87.673
v 410.293 404.369 76.357
v 410.323 109.799 85.714
v 410.353 206.169 102.035
v 410.553 163.819 96.969
v 410.613 229.499 97.740
v 410.763 458.429 80.226
v 410.913 115.759 86.687
v 410.983 254.479 99.132
v 410.983 451.019 79.839
v 411.203 189.989 94.728
v 411.773 384.399 82.144
v 411.773 474.419 82.558
v 412.023 91.199 80.010
v 412.143 121.469 88.114
v 412.173 89.709 79.860
v 412.183 89.709 79.859
v 412.203 121.629 87.895
v 412.263 135.769 91.761
v 412.283 335.319 94.799
v 412.323 314.869 90.550
v 412.463 443.239 78.872
v 412.493 470.749 81.671
v 412.583 183.399 94.602
v 412.663 300.159 89.862
v 412.673 295.349 90.159
v 413.203 154.799 96.020
v 413.373 177.109 94.469
v 413.543 155.039 96.038
v 413.613 272.559 97.047
v 413.623 135.319 91.531
v 413.663 470.439 82.642
v 413.803 83.999 78.983
v 413.813 408.579 76.711
v 413.963 60.799 73.939
v 413.983 60.779 73.814
v 414.233 452.479 79.801
v 414.343 64.729 73.902
v 414.353 64.749 73.902
v 414.363 440.759 78.893
v 414.373 64.739 74.150
v 414.373 383.949 82.401
v 414.383 249.729 99.734
v 414.413 125.019 89.060
v 414.413 413.769 76.953
v 414.443 77.049 76.998
v 414.563 123.849 88.564
v 414.573 217.509 97.605
v 414.693 149.979 94.929
v 414.703 445.189 79.637
v 414.713 130.809 89.419
v 414.733 169.749 97.972
v 414.783 61.909 74.113
v 414.793 61.909 73.568
v 415.073 374.919 86.326
v 415.143 65.919 75.121
v 415.213 453.069 79.853
v 415.233 64.209 74.095
v 415.253 306.079 98.094
v 415.413 236.839 99.451
v 415.483 114.339 86.493
v 415.693 394.969 79.800
v 415.713 211.149 97.546
v 415.823 118.079 87.352
v 416.053 326.939 92.341
v 416.073 69.189 75.366
v 416.083 178.169 94.885
v 416.303 207.459 97.444
v 416.303 411.769 76.952
v 416.383 140.639 92.948
v 416.393 352.019 92.795
v 416.693 458.989 80.190
v 416.803 134.289 91.355
v 416.843 266.139 98.546
v 416.973 220.409 98.412
v 417.153 466.859 82.726
v 417.163 394.289 79.940
v 417.243 277.769 95.440
v 417.323 287.059 92.482
v 417.433 60.389 74.049
v 417.563 399.579 78.850
v 417.623 447.939 79.845
v 417.963 123.399 88.550
v 418.253 198.339 97.258
v 418.523 119.239 87.610
v 418.643 101.679 83.477
v 418.723 333.949 98.129
v 418.863 403.239 78.180
v 419.033 432.559 79.020
v 419.213 96.149 82.157
v 419.423 60.109 73.959
v 419.673 130.209 89.465
v 419.903 189.789 96.813
v 420.213 63.059 74.127
v 420.513 79.369 78.401
v 420.603 229.889 99.582
v 420.643 463.279 82.811
v 420.753 217.989 98.857
v 421.253 90.019 80.260
v 421.333 137.319 92.397
v 421.423 64.779 75.180
v 421.483 210.919 98.708
v 421.523 75.279 77.288
v 421.913 67.879 75.294
v 422.023 59.389 73.936
v 422.043 118.349 87.588
v 422.093 59.499 73.838
v 422.283 181.549 95.974
v 422.663 403.899 78.139
v 422.763 368.519 89.928
v 422.913 202.859 98.613
v 422.913 320.489 94.467
v 422.963 123.339 88.537
v 423.103 381.169 84.479
v 423.353 329.329 94.410
v 423.383 62.039 74.097
v 423.663 276.769 95.443
v 423.853 247.179 101.137
v 423.903 59.699 74.128
v 423.903 310.919 93.896
v 423.973 113.019 86.781
v 424.263 271.669 97.654
v 424.333 345.939 95.289
v 424.603 57.769 73.717
v 424.633 57.789 73.490
v 424.643 129.599 89.511
v 424.683 290.659 92.473
v 424.723 81.549 78.922
v 424.913 195.899 98.158
v 424.943 299.599 92.867
v 425.113 180.059 96.219
v 425.163 134.019 91.259
v 425.293 424.769 79.148
v 426.003 325.259 99.869
v 426.133 217.849 100.120
v 426.143 188.879 97.548
v 426.273 220.009 100.349
v 426.283 377.469 85.241
v 426.473 158.979 97.617
v 426.653 59.529 74.008
v 426.903 63.669 75.161
v 426.983 73.599 76.984
v 427.023 117.859 87.565
v 427.133 212.699 99.866
v 427.223 224.479 100.616
v 427.273 183.239 96.913
v 427.363 96.139 82.302
v 427.623 263.439 100.058
v 427.763 102.299 83.787
v 427.823 60.149 74.030
v 427.843 60.139 74.133
v 427.943 164.719 98.814
v 427.963 123.289 88.523
v 428.093 203.139 103.421
v 428.343 151.099 95.540
v 428.693 66.259 75.421
v 428.733 203.589 99.391
v 428.943 88.749 80.712
v 429.023 175.449 100.597
v 429.023 321.879 96.242
v 429.073 321.869 96.942
v 429.143 316.209 96.203
v 429.263 176.579 101.131
v 429.553 278.039 95.734
v 429.593 60.489 73.952
v 429.733 76.269 78.131
v 429.933 55.309 73.856
v 430.023 143.009 93.809
v 430.093 300.149 94.541
v 430.453 110.729 85.725
v 430.583 66.709 75.480
v 430.593 230.279 101.423
v 430.603 131.129 90.063
v 430.613 195.469 98.776
v 430.803 291.149 93.869
v 430.993 71.539 76.834
v 431.453 134.689 91.313
v 431.653 62.739 75.260
v 431.753 75.059 77.875
v 431.883 59.879 74.358
v 431.993 117.369 87.542
v 432.023 188.029 98.170
v 432.073 63.389 75.555
v 432.083 63.409 75.631
v 432.083 63.419 75.630
v 432.213 46.559 73.574
v 432.383 173.219 100.205
v 432.533 215.599 100.852
v 432.673 111.869 85.840
v 432.723 52.569 73.717
v 432.863 386.319 85.883
v 432.933 215.469 100.797
v 432.963 123.239 88.509
v 433.083 169.149 99.888
v 433.083 224.029 106.389
v 433.523 71.179 76.697
v 433.643 416.779 79.285
v 433.693 327.049 97.975
v 433.753 361.109 94.327
v 433.783 208.769 100.570
v 433.873 42.169 73.406
v 433.883 350.979 97.395
v 433.923 115.269 86.817
v 433.963 78.719 78.868
v 434.043 115.279 86.942
v 434.063 129.039 89.584
v 434.363 208.259 100.501
v 434.383 44.989 73.340
v 434.503 271.559 98.838
v 434.543 96.159 82.430
v 434.603 102.099 83.587
v 434.743 316.529 98.102
v 434.763 128.129 89.544
v 434.923 339.269 98.181
v 435.183 66.009 75.596
v 435.293 86.739 80.177
v 435.313 57.589 74.060
v 435.463 346.669 97.983
v 435.523 62.959 75.324
v 435.773 366.949 90.740
v 435.903 223.639 102.045
v 436.143 48.429 73.291
v 436.233 74.719 77.645
v 436.263 408.309 82.895
v 436.383 202.449 105.271
v 436.383 250.239 103.186
v 436.403 293.119 96.040
v 436.553 202.369 100.354
v 436.653 63.079 75.485
v 436.683 283.339 96.084
v 436.703 43.359 73.106
v 436.943 237.539 103.070
v 437.053 111.759 85.777
v 437.203 70.039 76.320
v 437.233 202.509 100.287
v 437.483 183.819 98.274
v 437.673 378.329 87.304
v 437.773 174.919 100.904
v 437.793 172.429 100.498
v 437.833 270.409 99.285
v 438.093 69.309 76.069
v 438.313 108.709 85.823
v 438.443 347.479 98.189
v 438.533 401.679 83.651
v 438.573 37.169 73.012
v 438.623 262.669 101.811
v 438.693 166.959 99.234
v 438.853 216.439 101.683
v 438.923 218.829 101.910
v 438.943 277.769 97.764
v 438.993 199.089 100.306
v 439.393 127.459 89.556
v 439.413 210.949 101.528
v 439.603 505.669 90.784
v 439.683 161.479 97.887
v 439.723 25.009 73.415
v 439.723 319.369 100.175
v 439.733 222.929 102.639
v 439.953 184.389 98.542
v 440.013 262.579 102.285
v 440.093 312.569 99.680
v 440.353 72.769 77.264
v 440.483 196.919 100.284
v 440.583 230.679 103.264
v 440.743 48.019 73.234
v 440.763 359.209 96.331
v 440.803 42.029 73.231
v 440.823 31.369 72.973
v 440.863 411.349 83.095
v 440.933 207.049 101.473
v 440.973 63.039 75.489
v 441.043 117.039 87.508
v 441.103 155.179 96.147
v 441.143 326.209 100.348
v 441.343 108.599 86.235
v 441.373 94.849 82.413
v 441.873 303.859 99.077
v 442.003 149.109 94.280
v 442.023 89.439 81.437
v 442.103 63.399 74.731
v 442.113 63.399 74.745
v 442.433 57.139 74.174
v 442.513 136.819 91.629
v 442.583 421.719 80.723
v 442.693 391.869 86.735
v 442.743 17.389 73.597
v 442.853 361.389 98.750
v 442.953 85.429 80.265
v 442.973 101.669 84.091
v 443.053 403.249 84.401
v 443.133 250.989 104.273
v 443.333 81.539 79.565
v 443.463 334.529 100.790
v 443.513 114.519 87.125
v 443.523 129.699 90.007
v 443.693 340.679 99.784
v 443.723 97.739 83.209
v 443.733 123.549 88.484
v 443.793 191.979 100.169
v 443.893 111.289 86.269
v 443.923 117.249 87.574
v 443.973 106.869 86.072
v 444.133 355.179 98.659
v 444.183 272.909 100.664
v 444.243 349.939 98.806
v 444.253 38.669 73.254
v 444.383 77.169 78.770
v 444.463 170.569 100.617
v 444.493 221.539 103.229
v 444.623 108.039 86.215
v 444.643 95.039 82.166
v 444.643 175.799 101.636
v 444.653 95.039 82.155
v 444.693 9.079 73.725
v 444.783 217.999 102.541
v 444.803 62.819 75.332
v 444.813 221.209 103.147
v 445.053 25.359 73.030
v 445.243 215.959 102.576
v 445.303 360.029 98.371
v 445.323 200.059 101.287
v 445.323 216.119 102.681
v 445.713 43.289 73.206
v 445.733 122.619 90.202
v 445.943 280.529 99.536
v 446.023 104.569 85.058
v 446.583 38.789 73.151
v 446.583 209.849 102.477
v 446.613 156.999 97.373
v 446.663 209.149 102.480
v 446.703 22.409 73.053
v 446.743 72.249 77.111
v 446.813 386.989 88.973
v 446.913 -5.571 74.557
v 447.043 313.999 102.181
v 447.133 353.909 98.834
v 447.423 242.899 104.897
v 447.443 170.199 100.706
v 447.443 327.859 104.925
v 447.463 186.189 99.767
v 447.513 322.879 102.674
v 447.803 384.949 88.144
v 448.003 34.209 73.114
v 448.243 129.979 90.636
v 448.463 370.379 94.995
v 448.573 374.079 95.569
v 448.793 17.759 73.971
v 448.803 57.159 74.125
v 448.843 264.399 103.882
v 449.013 404.699 84.747
v 449.023 509.029 90.466
v 449.273 16.119 73.626
v 449.293 95.579 83.090
v 449.363 141.549 93.656
v 449.433 249.469 105.678
v 449.493 51.099 73.661
v 449.523 194.509 101.062
v 449.533 374.089 94.606
v 449.643 63.319 75.291
v 449.693 397.019 87.269
v 449.723 364.199 98.319
v 449.733 113.309 87.499
v 450.073 203.659 102.275
v 450.093 106.849 86.358
v 450.303 107.219 86.506
v 450.323 265.809 103.715
v 450.423 413.439 83.497
v 450.473 60.309 74.428
v 450.503 76.999 78.620
v 450.503 288.969 100.122
v 450.523 118.329 88.372
v 450.753 275.729 101.916
v 451.143 420.779 82.184
v 451.293 380.929 90.722
v 451.353 103.029 85.235
v 451.403 80.709 79.751
v 451.413 170.909 101.357
v 451.443 352.999 99.030
v 451.483 319.219 104.223
v 451.493 166.819 99.413
v 451.763 129.669 91.671
v 451.763 367.059 98.237
v 451.783 9.139 73.860
v 451.783 88.179 81.648
v 452.013 190.619 100.640
v 452.063 431.059 83.570
v 452.193 228.499 104.600
v 452.203 311.069 103.755
v 452.223 20.819 73.200
v 452.443 214.029 103.242
v 452.483 49.099 73.713
v 452.503 500.969 88.935
v 452.593 219.169 103.984
v 452.623 231.479 105.179
v 452.703 56.839 74.178
v 452.853 329.349 104.299
v 453.303 39.929 73.742
v 453.393 257.489 105.990
v 453.413 198.169 102.135
v 453.453 352.069 99.101
v 453.463 301.759 103.013
v 453.473 357.489 99.142
v 453.773 293.959 101.691
v 453.783 99.659 84.642
v 453.783 382.779 90.900
v 453.813 378.349 93.714
v 453.913 92.739 82.988
v 453.993 211.019 103.362
v 454.113 187.659 100.587
v 454.533 335.679 102.773
v 454.543 -4.291 74.318
v 454.903 88.179 81.673
v 454.913 346.819 99.357
v 454.983 278.019 104.000
v 455.003 15.019 73.574
v 455.073 149.689 96.641
v 455.113 92.759 82.860
v 455.393 29.649 73.400
v 455.553 427.479 83.654
v 455.753 417.959 83.132
v 455.813 362.909 98.964
v 455.833 44.229 73.686
v 455.893 304.169 111.750
v 455.993 398.409 88.117
v 456.053 188.049 101.003
v 456.123 72.989 76.716
v 456.223 36.089 73.210
v 456.353 87.599 81.472
v 456.363 116.229 88.906
v 456.493 335.659 106.236
v 456.513 115.829 88.424
v 456.833 205.099 103.208
v 456.833 378.129 93.457
v 456.923 249.899 107.145
v 457.043 128.619 91.871
v 457.333 193.969 102.059
v 457.393 266.249 106.097
v 457.713 65.529 75.246
v 457.803 96.699 84.048
v 457.823 307.889 105.672
v 457.833 118.789 89.358
v 457.853 365.839 98.932
v 457.883 104.509 86.299
v 457.893 236.009 106.430
v 457.923 391.839 88.474
v 458.043 143.749 95.368
v 458.133 108.679 86.564
v 458.173 56.739 73.933
v 458.443 512.379 90.147
v 458.453 134.929 93.444
v 458.753 374.199 97.574
v 458.773 374.199 98.279
v 458.843 80.069 79.349
v 459.033 61.659 74.536
v 459.103 223.409 105.492
v 459.183 30.739 73.475
v 459.353 215.279 104.621
v 459.603 211.809 104.302
v 459.733 10.229 73.518
v 459.733 259.289 107.672
v 459.753 415.219 84.382
v 459.773 174.569 102.891
v 460.143 373.809 98.283
v 460.163 198.619 108.245
v 460.313 165.099 100.969
v 460.423 292.339 104.158
v 460.543 91.869 83.145
v 460.633 338.649 104.058
v 460.743 401.579 88.385
v 460.783 355.409 99.250
v 461.093 159.249 99.818
v 461.123 100.439 85.029
v 461.193 51.369 73.750
v 461.433 25.449 73.341
v 461.443 207.519 104.298
v 461.463 25.529 73.332
v 461.473 128.059 91.541
v 461.803 10.929 73.670
v 461.873 150.999 97.630
v 461.953 198.819 103.208
v 461.973 87.929 81.554
v 462.073 -0.161 74.458
v 462.153 176.779 103.756
v 462.553 120.879 90.499
v 462.713 422.119 83.790
v 462.763 48.479 73.526
v 462.763 134.699 93.691
v 462.803 375.699 97.826
v 463.143 142.859 95.669
v 463.153 514.059 89.988
v 463.173 189.859 101.717
v 463.673 79.919 79.124
v 464.033 126.449 91.403
v 464.063 270.739 107.875
v 464.103 267.129 108.388
v 464.153 7.649 74.125
v 464.363 340.969 104.781
v 464.433 104.179 86.011
v 464.443 304.009 107.418
v 464.493 320.919 108.546
v 464.513 541.899 94.337
v 464.653 44.419 73.594
v 464.763 250.519 108.714
v 464.813 121.699 90.822
v 465.003 220.019 105.928
v 465.103 367.609 101.079
v 465.133 340.999 104.928
v 465.163 180.379 104.297
v 465.173 227.199 106.760
v 465.493 16.619 73.618
v 465.683 358.649 99.426
v 465.803 85.699 80.929
v 465.893 29.829 73.734
v 465.903 204.519 104.448
v 465.913 75.039 77.039
v 466.013 385.099 91.688
v 466.053 396.109 90.189
v 466.103 113.609 88.499
v 466.243 92.019 83.033
v 466.503 295.199 106.978
v 466.563 236.749 108.034
v 466.673 507.199 88.686
v 466.763 2.099 74.583
v 466.783 88.349 81.965
v 466.993 39.279 73.449
v 467.043 260.669 109.513
v 467.173 79.369 78.789
v 467.193 11.269 73.994
v 467.203 34.479 73.207
v 467.243 68.999 75.570
v 467.293 408.939 87.055
v 467.393 196.039 103.156
v 467.473 511.079 90.476
v 467.733 6.309 74.460
v 467.743 524.429 92.033
v 468.213 368.339 101.174
v 468.493 191.089 102.553
v 468.603 61.539 74.642
v 468.683 306.869 114.465
v 468.883 284.719 107.739
v 469.123 277.729 108.909
v 469.223 531.419 92.588
v 469.363 344.289 105.571
v 469.593 97.949 84.482
v 469.593 537.799 92.862
v 469.623 53.699 73.804
v 469.703 123.089 90.937
v 469.753 547.829 93.688
v 469.903 101.149 85.778
v 469.953 502.169 86.996
v 469.963 211.489 105.497
v 470.053 253.889 110.124
v 470.493 346.179 105.259
v 470.553 269.069 110.342
v 470.653 484.309 80.846
v 470.753 402.679 88.541
v 470.893 74.559 77.031
v 470.913 512.819 88.659
v 471.093 395.949 90.050
v 471.093 524.879 91.029
v 471.283 16.939 73.605
v 471.393 374.449 98.662
v 471.553 267.449 110.564
v 471.623 110.879 87.663
v 471.673 47.269 73.673
v 471.693 4.579 74.784
v 471.713 507.369 87.384
v 471.853 12.939 73.799
v 471.873 196.539 109.215
v 472.123 388.199 92.055
v 472.173 79.219 78.454
v 472.173 545.379 93.099
v 472.403 478.619 80.132
v 472.533 7.709 74.685
v 472.623 84.549 79.931
v 472.633 383.639 96.246
v 472.713 546.129 93.105
v 472.753 41.499 73.636
v 472.763 102.869 85.819
v 472.783 89.749 80.396
v 472.893 200.539 104.378
v 473.063 517.469 89.701
v 473.203 366.839 101.859
v 473.443 221.259 107.280
v 473.453 381.439 96.103
v 473.483 320.179 111.067
v 473.503 198.909 109.087
v 473.503 228.299 108.285
v 473.653 70.929 77.003
v 473.653 405.199 89.173
v 473.683 36.389 73.159
v 473.753 96.019 80.210
v 473.753 192.769 103.056
v 473.973 491.199 81.288
v 474.123 347.769 105.758
v 474.133 260.119 111.451
v 474.223 246.429 110.445
v 474.293 504.639 86.248
v 474.763 191.749 107.107
v 474.823 32.859 73.199
v 474.893 235.549 109.262
v 474.933 317.839 111.727
v 475.163 57.389 75.791
v 475.263 142.139 96.085
v 475.433 207.669 105.668
v 475.453 208.329 105.613
v 475.463 208.349 105.608
v 475.513 524.069 89.725
v 475.673 510.949 87.165
v 475.693 292.359 118.936
v 475.823 322.469 111.160
v 475.873 74.089 77.022
v 476.153 18.259 73.754
v 476.183 535.079 90.926
v 476.203 304.809 112.285
v 476.313 27.859 73.451
v 476.563 364.969 102.842
v 476.593 22.699 73.630
v 476.603 500.639 83.826
v 476.633 484.959 80.975
v 476.853 114.779 89.148
v 476.883 408.719 90.113
v 476.943 571.219 95.444
v 476.993 12.669 73.808
v 477.023 315.669 112.568
v 477.173 79.069 78.119
v 477.203 509.109 86.354
v 477.443 156.549 98.984
v 477.633 202.489 109.773
v 477.643 6.149 75.042
v 477.743 241.809 110.766
v 477.833 497.449 82.406
v 477.873 295.079 112.294
v 477.943 377.769 97.700
v 478.263 250.959 112.034
v 478.293 103.729 86.016
v 478.313 97.349 80.279
v 478.373 160.009 99.623
v 478.393 539.569 90.658
v 478.483 49.149 75.540
v 478.493 491.059 80.997
v 478.513 354.229 106.750
v 478.623 211.119 106.587
v 478.653 109.829 87.427
v 478.703 118.559 90.273
v 478.733 36.229 75.263
v 478.763 211.299 106.579
v 478.803 198.209 104.523
v 478.823 71.459 77.020
v 479.083 194.449 104.081
v 479.203 491.769 81.707
v 479.213 33.749 75.302
v 479.283 227.219 109.183
v 479.443 328.019 110.906
v 479.553 121.799 90.972
v 479.593 21.529 74.580
v 479.623 404.029 91.093
v 479.753 371.999 100.207
v 479.753 392.069 93.888
v 479.953 523.729 88.303
v 480.183 346.829 107.662
v 480.193 221.579 108.655
v 480.243 91.909 80.275
v 480.273 285.989 112.576
v 480.283 21.519 74.676
v 480.533 65.339 76.529
v 480.533 388.489 95.831
v 480.643 198.679 109.585
v 480.703 204.349 105.977
v 480.743 278.739 113.293
v 480.763 270.879 113.452
v 480.763 564.519 94.224
v 480.773 182.379 104.930
v 480.883 177.059 103.279
v 480.923 143.029 95.914
v 481.093 28.139 75.212
v 481.093 516.499 86.147
v 481.173 184.939 105.949
v 481.183 362.379 103.749
v 481.453 84.699 80.068
v 481.533 28.379 75.217
v 481.573 176.339 103.276
v 481.683 12.669 75.307
v 481.733 498.379 82.140
v 481.853 10.369 75.049
v 481.863 48.419 75.537
v 481.903 316.999 116.484
v 481.913 56.839 75.857
v 481.953 178.449 103.535
v 482.163 165.119 100.442
v 482.163 180.599 104.544
v 482.203 160.139 99.203
v 482.243 20.499 75.217
v 482.443 400.879 92.651
v 482.483 317.269 112.241
v 482.563 180.619 104.519
v 482.723 303.239 114.666
v 482.883 43.149 75.143
v 482.953 160.619 99.008
v 483.113 8.629 75.264
v 483.223 111.369 88.393
v 483.373 234.639 111.045
v 483.393 294.909 114.690
v 483.793 344.699 108.714
v 483.813 37.219 75.253
v 483.823 334.879 110.352
v 483.823 502.159 82.339
v 483.853 312.269 114.722
v 483.913 368.359 102.248
v 484.053 182.909 104.734
v 484.193 208.489 106.972
v 484.323 286.079 114.772
v 484.393 195.569 104.721
v 484.483 56.539 75.834
v 484.583 533.589 88.643
v 484.603 506.119 82.811
v 484.623 359.109 105.675
v 484.643 108.779 87.288
v 484.883 262.849 114.623
v 484.943 121.289 90.461
v 484.963 115.569 89.060
v 485.163 66.449 76.256
v 485.293 73.739 77.008
v 485.363 29.459 75.156
v 485.393 61.089 76.116
v 485.443 375.919 99.440
v 485.543 382.719 97.256
v 485.593 68.229 76.659
v 485.603 275.569 115.471
v 485.723 195.849 105.151
v 485.793 521.659 85.745
v 485.803 195.979 104.884
v 485.843 79.259 77.645
v 485.883 515.989 84.244
v 485.923 145.019 95.565
v 485.993 398.889 93.666
v 486.023 363.669 102.987
v 486.333 325.009 114.520
v 486.673 98.999 80.340
v 486.843 269.099 115.487
v 486.963 161.459 98.773
v 486.963 181.139 104.386
v 487.013 181.099 104.387
v 487.133 151.759 96.836
v 487.193 517.589 84.386
v 487.233 86.349 77.918
v 487.433 143.409 95.586
v 487.443 321.579 114.424
v 487.453 43.769 75.570
v 487.463 166.319 100.216
v 487.493 29.219 75.206
v 487.513 197.019 105.443
v 487.553 210.399 107.485
v 487.573 340.399 109.907
v 487.793 360.409 105.283
v 487.843 130.989 92.391
v 487.843 249.189 113.994
v 487.853 394.459 95.835
v 488.083 395.959 95.255
v 488.123 22.099 75.245
v 488.353 9.909 75.363
v 488.373 165.679 100.396
v 488.533 210.259 107.376
v 488.633 22.379 75.271
v 488.673 49.569 75.621
v 488.793 228.719 110.866
v 488.803 238.319 112.606
v 488.803 354.499 107.536
v 488.883 492.569 81.165
v 488.913 367.439 102.663
v 489.063 153.499 97.053
v 489.233 37.059 75.247
v 489.253 191.579 104.503
v 489.313 484.319 80.020
v 489.403 94.219 80.356
v 489.663 329.339 114.669
v 489.993 500.249 81.626
v 490.003 179.169 103.034
v 490.083 206.899 107.077
v 490.163 140.169 94.098
v 490.333 200.309 105.926
v 490.393 526.039 85.241
v 490.543 314.429 113.999
v 490.573 15.549 75.277
v 490.673 68.119 76.484
v 490.973 150.259 96.103
v 491.073 529.589 85.875
v 491.113 514.619 83.623
v 491.243 201.849 106.163
v 491.503 508.469 82.376
v 491.573 185.889 104.994
v 491.763 380.219 99.952
v 491.833 161.749 98.559
v 491.893 58.819 75.933
v 491.943 207.859 114.946
v 491.953 517.719 84.103
v 491.973 517.669 84.115
v 492.033 419.939 89.402
v 492.083 217.219 109.149
v 492.093 80.919 78.321
v 492.093 177.409 102.807
v 492.113 66.549 76.379
v 492.273 296.759 117.911
v 492.283 60.189 75.942
v 492.513 203.379 106.576
v 492.653 242.809 114.164
v 492.713 180.079 103.535
v 492.743 50.129 75.677
v 492.803 74.439 77.036
v 492.813 287.829 118.233
v 492.833 521.109 84.738
v 493.033 190.449 107.140
v 493.093 87.319 79.302
v 493.163 356.309 107.464
v 493.173 166.649 100.141
v 493.253 180.119 103.612
v 493.283 29.529 75.625
v 493.283 276.969 117.838
v 493.313 537.289 88.234
v 493.443 525.749 85.292
v 493.473 204.919 106.958
v 493.533 209.869 107.942
v 493.653 37.179 75.432
v 493.723 102.359 80.442
v 494.233 371.429 102.449
v 494.293 206.339 107.165
v 494.353 187.859 106.002
v 494.363 495.889 81.967
v 494.373 184.699 104.903
v 494.393 267.299 117.609
v 494.403 43.479 75.452
v 494.473 187.939 105.979
v 494.643 297.839 118.845
v 494.673 529.739 85.958
v 494.693 181.829 103.840
v 494.733 15.239 75.520
v 494.763 222.779 110.887
v 494.803 22.399 75.407
v 494.873 146.279 95.254
v 495.263 319.239 114.876
v 495.283 207.819 107.559
v 495.313 388.629 98.573
v 495.543 257.249 116.880
v 495.803 306.149 119.009
v 495.903 502.239 81.933
v 495.953 187.959 106.230
v 495.953 366.289 104.710
v 496.363 544.829 89.762
v 496.413 352.679 109.618
v 496.553 209.999 108.092
v 496.773 492.509 80.517
v 496.943 525.769 85.104
v 496.963 513.989 82.837
v 497.043 281.549 119.362
v 497.103 360.749 106.848
v 497.343 95.819 80.516
v 497.343 207.139 107.425
v 497.443 101.839 80.475
v 497.773 178.399 103.062
v 498.013 303.779 120.111
v 498.053 190.209 107.117
v 498.093 80.619 77.841
v 498.113 192.479 108.189
v 498.383 529.399 85.819
v 498.553 373.899 102.600
v 498.643 378.559 102.344
v 498.703 74.399 76.868
v 498.743 213.689 117.660
v 498.753 323.919 115.383
v 498.793 127.949 90.583
v 498.853 183.619 104.616
v 498.923 262.799 118.467
v 499.043 235.489 114.370
v 499.043 532.419 88.037
v 499.083 508.549 82.110
v 499.103 12.769 75.438
v 499.433 70.599 76.958
v 499.583 88.789 80.139
v 499.783 228.139 112.799
v 500.073 16.789 75.427
v 500.163 483.619 80.052
v 500.183 244.619 116.099
v 500.203 332.119 116.552
v 500.263 384.289 101.279
v 500.393 218.019 110.107
v 500.453 414.339 93.084
v 500.743 500.279 81.832
v 500.923 463.109 79.687
v 500.983 363.839 106.972
v 501.123 352.109 110.597
v 501.313 215.709 119.138
v 501.333 135.379 92.319
v 501.353 376.949 103.762
v 501.683 186.839 106.198
v 501.783 286.539 121.179
v 501.973 544.539 90.901
v 502.083 266.699 119.775
v 502.083 298.819 121.258
v 502.113 65.509 76.351
v 502.143 20.779 75.483
v 502.193 183.749 104.952
v 502.233 372.179 105.219
v 502.273 506.099 82.096
v 502.293 550.359 91.928
v 502.513 27.169 75.388
v 502.543 117.649 88.930
v 502.573 257.359 118.841
v 502.613 215.769 109.804
v 502.633 33.249 75.279
v 502.803 516.259 83.414
v 503.083 381.569 102.785
v 503.133 352.289 111.159
v 503.353 265.069 120.033
v 503.383 525.499 84.628
v 503.403 81.529 77.731
v 503.663 94.709 80.523
v 503.693 52.719 75.700
v 503.713 491.639 80.513
v 503.983 192.329 109.511
v 504.153 218.679 110.469
v 504.193 178.169 103.586
v 504.453 133.519 91.778
v 504.513 555.039 93.645
v 504.713 39.579 75.405
v 504.723 254.509 118.838
v 504.793 16.419 75.603
v 504.883 45.879 75.514
v 504.953 405.639 96.765
v 505.263 367.569 107.662
v 505.303 104.759 80.617
v 505.353 503.669 82.177
v 505.363 317.549 116.850
v 505.403 182.319 104.187
v 505.423 246.299 117.629
v 505.783 560.739 94.132
v 505.863 113.259 88.082
v 505.933 214.539 110.020
v 506.233 498.149 80.845
v 506.273 375.409 105.815
v 506.303 348.399 113.563
v 506.363 222.999 112.328
v 506.513 378.139 104.673
v 506.523 150.959 95.236
v 506.523 377.999 104.715
v 506.613 509.419 82.377
v 506.743 480.239 79.999
v 506.843 334.079 116.559
v 507.003 75.449 76.984
v 507.183 89.159 80.379
v 507.223 279.549 129.332
v 507.303 279.559 129.353
v 507.353 568.199 95.730
v 507.443 200.799 111.697
v 507.443 342.429 116.012
v 507.513 58.379 75.876
v 507.633 528.779 86.324
v 507.723 67.289 76.309
v 507.753 339.249 117.218
v 507.763 339.249 117.221
v 507.923 288.579 123.270
v 508.003 297.989 123.058
v 508.013 486.009 80.444
v 508.043 19.289 75.334
v 508.083 52.239 75.706
v 508.153 364.409 109.631
v 508.193 220.529 122.067
v 508.343 23.479 75.510
v 508.363 40.309 75.461
v 508.373 228.599 114.264
v 508.503 320.239 117.202
v 508.543 30.999 75.454
v 508.553 48.259 75.618
v 508.603 358.629 111.131
v 509.213 332.909 117.954
v 509.243 532.379 89.052
v 509.543 178.099 104.010
v 509.563 462.829 82.663
v 509.623 517.269 82.999
v 509.653 472.779 80.103
v 509.713 344.479 115.857
v 509.923 268.869 122.039
v 509.963 344.459 115.850
v 510.363 192.289 110.421
v 510.463 525.339 84.603
v 510.483 181.069 104.305
v 510.503 82.009 77.723
v 510.633 276.349 123.478
v 510.643 221.639 123.664
v 510.743 353.209 113.497
v 510.793 102.889 80.739
v 510.873 257.869 121.134
v 511.063 545.069 91.707
v 511.133 432.359 90.639
v 511.293 196.669 110.985
v 511.293 493.149 80.861
v 511.463 371.729 108.059
v 511.583 213.559 118.920
v 511.893 362.359 111.252
v 512.563 397.949 100.447
v 512.753 163.369 99.592
v 513.373 493.899 80.666
v 513.583 53.789 75.706
v 513.793 74.759 76.788
v 514.023 59.679 75.860
v 514.053 488.189 80.494
v 514.103 95.419 80.118
v 514.103 369.469 109.460
v 514.113 95.429 80.658
v 514.273 130.219 90.014
v 514.473 64.629 75.966
v 514.473 175.839 103.792
v 514.483 175.829 103.506
v 514.553 161.759 98.384
v 514.623 511.069 82.358
v 514.773 229.459 125.222
v 514.913 287.899 125.348
v 514.933 357.829 113.529
v 515.003 478.009 80.181
v 515.013 526.859 88.285
v 515.113 195.109 111.530
v 515.163 225.039 125.672
v 515.243 49.389 75.634
v 515.373 181.899 104.535
v 515.623 264.349 123.655
v 515.623 495.079 80.439
v 515.653 297.679 125.766
v 515.783 116.169 87.738
v 515.963 326.879 118.499
v 516.013 278.539 125.229
v 516.113 228.249 125.150
v 516.113 228.259 124.604
v 516.173 352.509 115.343
v 516.193 190.729 109.344
v 516.233 237.669 118.570
v 516.423 251.389 121.567
v 516.433 144.969 93.313
v 516.523 365.239 111.380
v 516.743 42.169 75.553
v 516.923 233.769 137.046
v 516.993 524.939 84.711
v 517.263 212.909 118.328
v 517.623 22.179 75.240
v 517.863 208.909 117.394
v 517.863 506.519 81.588
v 517.873 34.189 75.479
v 517.963 65.919 75.899
v 518.033 25.929 75.457
v 518.033 468.129 82.712
v 518.243 77.129 76.879
v 518.263 17.219 75.576
v 518.263 505.499 80.999
v 518.333 348.249 117.459
v 518.413 79.929 77.247
v 518.673 177.659 104.406
v 518.723 234.319 127.237
v 518.983 544.469 91.787
v 519.153 532.519 87.969
v 519.223 227.779 127.290
v 519.263 69.849 76.409
v 519.453 425.849 94.401
v 519.573 171.119 102.382
v 519.633 60.929 75.955
v 519.653 392.559 104.128
v 519.733 55.039 75.706
v 519.803 518.349 83.544
v 519.993 64.699 76.099
v 519.993 362.779 113.268
v 520.513 48.899 75.560
v 520.513 198.649 112.319
v 520.653 132.659 89.780
v 520.743 116.669 86.894
v 521.213 232.909 138.882
v 521.223 265.119 125.811
v 521.343 238.069 137.791
v 521.403 26.759 75.243
v 521.673 239.129 132.030
v 521.723 341.259 118.708
v 521.743 229.899 128.717
v 521.803 452.939 86.729
v 521.853 565.649 96.319
v 521.933 308.879 127.562
v 522.063 512.709 82.551
v 522.113 42.509 75.438
v 522.213 256.319 124.526
v 522.223 509.609 81.955
v 522.233 348.339 117.705
v 522.273 235.389 139.149
v 522.403 47.679 75.385
v 522.463 302.059 128.366
v 522.523 160.599 98.595
v 522.703 211.339 118.722
v 523.053 231.799 128.059
v 523.113 237.709 129.901
v 523.193 188.199 108.609
v 523.213 231.769 128.818
v 523.353 205.179 115.755
v 523.413 204.359 115.722
v 523.593 416.719 98.163
v 523.773 333.339 119.149
v 523.893 35.019 75.409
v 523.983 524.649 85.001
v 524.303 516.819 83.248
v 524.443 240.049 121.537
v 524.463 383.139 107.810
v 524.733 152.939 96.456
v 524.943 315.059 127.500
v 524.953 315.069 127.500
v 525.143 35.039 75.303
v 525.143 270.759 127.507
v 525.333 26.779 75.452
v 525.453 237.739 129.811
v 525.593 128.529 88.906
v 525.683 530.879 87.995
v 526.033 229.899 128.679
v 526.043 48.069 74.589
v 526.103 20.409 75.645
v 526.223 258.579 126.278
v 526.263 299.119 129.382
v 526.283 198.279 113.475
v 526.373 544.029 91.473
v 526.513 473.439 82.760
v 526.533 502.369 81.023
v 526.573 42.909 74.714
v 526.623 502.349 81.062
v 526.773 297.179 129.218
v 526.803 557.599 95.165
v 526.833 142.659 93.446
v 526.883 181.739 106.650
v 527.093 352.049 118.043
v 527.193 25.069 75.146
v 527.403 530.629 87.882
v 527.493 137.759 91.446
v 527.553 564.429 96.361
v 527.713 491.769 80.936
v 527.913 37.149 74.421
v 527.913 56.979 75.526
v 527.913 235.999 130.702
v 528.013 505.229 81.260
v 528.113 66.839 76.191
v 528.133 147.069 94.650
v 528.203 224.349 125.857
v 528.233 20.989 75.546
v 528.263 308.479 128.024
v 528.383 321.199 126.986
v 528.553 226.419 126.860
v 528.633 410.299 101.925
v 528.663 445.659 91.321
v 528.953 244.109 138.599
v 529.193 229.149 128.166
v 529.563 198.379 114.064
v 529.573 210.739 119.131
v 529.733 117.429 86.933
v 530.253 230.869 129.027
v 530.263 165.149 100.424
v 530.263 458.279 86.908
v 530.293 524.389 84.790
v 530.353 303.629 130.040
v 530.373 198.879 114.168
v 530.433 291.429 130.041
v 530.443 47.359 74.764
v 530.623 495.619 81.318
v 530.723 506.779 81.841
v 530.993 223.329 125.150
v 531.023 248.689 125.470
v 531.043 203.929 114.749
v 531.153 281.889 130.231
v 531.183 315.689 127.727
v 531.193 315.689 128.431
v 531.563 252.459 126.776
v 531.673 37.739 74.675
v 531.823 242.399 132.011
v 531.853 230.419 128.784
v 531.923 239.359 132.072
v 531.933 154.359 97.162
v 531.953 130.139 89.736
v 532.003 218.779 123.426
v 532.053 200.199 114.354
v 532.053 215.529 121.615
v 532.133 530.209 87.963
v 532.163 349.079 118.859
v 532.313 359.819 114.784
v 532.603 271.819 129.824
v 532.893 230.579 128.749
v 532.973 207.439 117.635
v 533.023 217.329 122.596
v 533.103 515.049 83.023
v 533.213 341.759 119.269
v 533.383 375.069 111.491
v 533.423 28.999 74.707
v 533.583 186.629 108.279
v 534.173 500.099 81.526
v 534.233 196.869 114.037
v 534.283 256.559 128.687
v 534.363 308.689 128.196
v 534.633 222.209 124.983
v 534.663 34.779 74.524
v 534.683 225.099 126.066
v 534.713 205.549 116.708
v 534.993 478.739 82.809
v 535.053 323.419 126.981
v 535.323 543.609 90.984
v 535.363 241.799 133.053
v 535.423 564.169 95.768
v 535.503 211.149 119.654
v 535.513 438.379 95.913
v 535.543 44.069 74.603
v 535.603 214.509 121.395
v 535.733 236.119 130.593
v 535.763 555.589 94.331
v 535.773 399.539 105.687
v 535.793 203.479 114.658
v 535.863 38.459 74.743
v 535.933 198.579 114.275
v 536.143 218.259 123.227
v 536.153 213.339 120.653
v 536.203 148.399 95.066
v 536.263 524.249 84.927
v 536.283 295.299 132.346
v 536.323 207.979 118.150
v 536.443 516.809 83.381
v 536.483 126.849 89.134
v 536.563 300.019 131.603
v 536.573 230.189 128.048
v 536.583 533.299 88.229
v 536.653 118.419 87.141
v 536.813 291.909 132.163
v 537.063 199.869 114.474
v 537.093 241.519 133.276
v 537.533 532.459 88.470
v 537.633 59.329 75.347
v 537.713 249.129 136.651
v 537.733 279.739 132.500
v 537.783 69.389 76.283
v 537.783 507.999 81.690
v 538.013 248.369 134.104
v 538.023 197.709 113.463
v 538.033 233.819 129.758
v 538.113 225.849 126.194
v 538.243 316.259 128.093
v 538.303 162.219 100.014
v 538.343 194.739 111.919
v 538.573 259.789 130.839
v 538.613 220.449 124.107
v 538.723 463.609 87.087
v 538.733 519.289 83.996
v 538.963 237.119 131.801
v 539.003 201.789 114.974
v 539.163 240.999 133.216
v 539.273 330.589 126.351
v 539.553 203.549 115.729
v 539.983 21.619 75.820
v 540.013 369.219 115.173
v 540.183 206.379 117.626
v 540.243 229.329 127.578
v 540.283 508.259 81.800
v 540.403 269.389 132.815
v 540.563 266.619 139.696
v 540.603 226.309 126.402
v 540.903 356.999 118.683
v 541.083 256.179 130.665
v 541.123 541.899 90.643
v 541.273 163.959 100.489
v 541.423 38.319 74.579
v 541.763 326.369 127.575
v 541.773 524.119 85.051
v 541.833 29.499 75.003
v 541.883 393.929 109.449
v 542.183 47.819 74.828
v 542.353 348.569 120.669
v 542.373 431.099 100.505
v 542.543 30.749 74.805
v 542.753 515.629 83.560
v 542.893 223.039 124.987
v 542.923 189.589 109.794
v 542.963 258.039 139.986
v 543.043 273.119 141.015
v 543.053 273.119 141.016
v 543.143 238.279 132.125
v 543.203 192.369 111.110
v 543.223 321.329 128.113
v 543.233 244.469 134.811
v 543.263 252.679 138.071
v 543.283 206.309 117.736
v 543.323 256.539 140.211
v 543.373 504.499 82.445
v 543.473 484.039 82.858
v 543.513 502.589 82.097
v 543.533 287.719 134.320
v 543.663 300.679 132.887
v 543.943 532.759 88.433
v 544.043 253.819 140.279
v 544.063 513.969 83.089
v 544.063 528.359 85.677
v 544.083 168.979 100.965
v 544.093 258.439 131.957
v 544.303 209.289 118.541
v 544.333 543.589 90.362
v 544.413 201.159 114.835
v 544.583 252.699 137.555
v 544.583 257.109 131.797
v 544.673 50.639 74.969
v 544.693 276.549 134.563
v 544.913 515.229 83.598
v 545.123 553.909 93.193
v 545.363 330.479 127.353
v 545.473 231.439 127.803
v 545.553 338.669 124.734
v 545.573 256.599 130.398
v 545.573 508.129 82.996
v 545.693 228.129 126.933
v 545.833 536.099 88.652
v 545.983 302.639 129.113
v 546.263 242.529 133.848
v 546.273 211.189 119.522
v 546.603 253.539 136.417
v 546.853 212.849 119.866
v 546.913 562.619 94.554
v 547.163 225.639 125.866
v 547.183 468.949 87.266
v 547.283 240.329 132.670
v 547.353 61.679 75.168
v 547.383 41.569 74.953
v 547.413 523.769 84.966
v 547.453 71.929 76.375
v 547.453 231.559 128.020
v 547.463 541.859 90.194
v 547.553 255.399 129.640
v 547.563 518.999 84.219
v 547.633 289.849 136.125
v 547.693 512.349 83.028
v 547.833 519.459 84.197
v 548.053 293.909 135.327
v 548.113 524.619 85.082
v 548.253 515.779 83.551
v 548.503 385.419 113.211
v 548.903 310.359 128.974
v 549.113 214.179 120.662
v 549.123 201.929 115.029
v 549.153 334.179 127.619
v 549.223 502.449 82.523
v 549.233 423.819 105.097
v 549.293 523.449 85.040
v 549.343 528.449 85.723
v 549.493 528.449 86.227
v 549.513 241.549 132.841
v 549.523 232.829 128.383
v 549.573 279.969 136.327
v 549.843 516.029 83.819
v 549.933 189.399 109.936
v 549.983 196.739 112.683
v 550.003 318.259 129.837
v 550.493 239.919 132.081
v 550.543 191.479 111.272
v 551.003 265.369 134.600
v 551.003 359.079 120.336
v 551.363 532.519 87.903
v 551.423 256.029 130.469
v 551.443 228.229 126.746
v 551.493 300.699 135.447
v 551.563 172.249 101.441
v 551.683 343.119 126.192
v 551.683 347.719 123.041
v 551.733 32.819 74.902
v 551.793 30.399 75.298
v 551.793 243.369 133.473
v 551.853 543.809 90.059
v 551.983 215.679 120.977
v 552.123 521.099 84.568
v 552.323 235.209 129.676
v 552.373 191.719 110.526
v 552.413 236.979 131.025
v 552.523 539.709 89.037
v 552.583 520.989 84.763
v 552.643 44.719 74.631
v 552.663 520.989 84.747
v 552.943 536.409 88.074
v 553.033 561.539 93.765
v 553.143 309.589 135.689
v 553.153 253.329 137.191
v 553.203 484.289 84.359
v 553.343 339.449 126.316
v 553.443 52.169 74.841
v 553.493 297.909 137.736
v 553.623 270.649 136.187
v 553.873 289.799 138.147
v 553.883 490.049 82.910
v 553.943 260.169 131.996
v 554.093 237.509 130.975
v 554.213 550.589 91.602
v 554.243 233.329 128.778
v 554.263 293.469 138.454
v 554.303 21.029 75.988
v 554.523 509.399 83.248
v 554.693 510.159 82.987
v 554.823 170.389 101.916
v 554.903 496.729 82.904
v 555.143 533.179 87.279
v 555.413 284.519 138.260
v 555.603 239.639 131.172
v 555.613 40.989 74.792
v 555.683 502.749 82.857
v 555.703 513.769 83.439
v 555.713 230.819 127.626
v 555.943 361.499 121.434
v 556.083 416.539 109.689
v 556.153 356.199 121.752
v 556.233 246.799 135.727
v 556.363 277.119 137.920
v 556.383 347.329 125.465
v 556.573 194.439 111.117
v 556.583 527.039 86.631
v 556.603 217.589 121.292
v 556.643 243.429 133.280
v 556.743 306.899 138.381
v 556.743 316.879 136.382
v 556.943 369.009 118.650
v 556.963 508.199 83.188
v 557.133 74.479 76.468
v 557.463 512.509 83.389
v 557.463 518.279 84.148
v 557.703 543.689 90.721
v 557.853 501.469 82.855
v 557.883 494.949 82.866
v 557.913 254.679 137.531
v 558.283 375.489 118.180
v 558.373 341.559 125.989
v 558.413 33.229 74.929
v 558.483 559.989 93.112
v 558.583 516.879 83.803
v 558.633 268.689 136.639
v 558.673 51.429 74.743
v 558.703 238.229 130.718
v 558.763 48.969 74.688
v 558.793 367.009 120.467
v 559.073 475.839 87.484
v 559.093 272.439 143.534
v 559.123 56.879 75.009
v 559.333 172.539 102.392
v 559.433 57.799 74.917
v 559.453 292.869 139.769
v 559.503 481.409 84.858
v 559.653 530.949 86.670
v 559.713 379.099 118.760
v 559.743 485.629 84.080
v 559.783 262.549 141.827
v 559.823 291.159 139.466
v 559.963 504.859 83.119
v 559.993 233.409 128.506
v 560.503 259.479 141.025
v 560.643 242.179 132.091
v 560.763 197.159 111.707
v 560.913 284.309 139.465
v 560.933 526.969 86.585
v 561.053 43.199 74.749
v 561.173 271.829 137.322
v 561.233 219.489 121.607
v 561.253 524.509 86.544
v 561.313 506.299 83.237
v 561.443 383.729 119.340
v 561.493 548.799 90.994
v 561.693 279.379 139.111
v 561.713 292.789 141.709
v 561.753 31.299 75.594
v 561.993 65.219 74.927
v 562.093 515.239 83.874
v 562.153 257.719 138.180
v 562.273 266.029 134.599
v 562.453 558.809 92.397
v 562.593 283.889 139.775
v 562.603 497.839 83.034
v 562.803 541.789 90.827
v 562.943 409.259 114.280
v 563.093 172.399 102.868
v 563.233 21.439 76.316
v 563.293 529.689 86.550
v 563.523 278.479 139.043
v 563.573 282.449 140.549
v 563.573 354.169 125.638
v 563.593 272.109 138.057
v 563.603 466.219 91.632
v 563.753 260.349 140.969
v 563.813 368.079 122.293
v 564.153 277.669 139.848
v 564.163 59.519 75.138
v 564.273 235.999 129.386
v 564.513 492.429 83.298
v 564.633 272.069 137.893
v 564.673 257.179 138.473
v 564.803 255.399 138.644
v 564.923 34.759 75.110
v 564.963 199.889 112.298
v 564.963 361.829 124.214
v 565.073 371.629 122.627
v 565.203 510.079 83.722
v 565.323 267.259 142.148
v 565.333 284.999 143.286
v 565.583 486.099 83.610
v 565.613 525.589 86.891
v 565.663 525.639 86.519
v 565.683 387.119 119.919
v 565.853 221.389 121.922
v 565.893 261.449 140.941
v 566.133 359.389 125.053
v 566.793 77.019 76.560
v 566.953 50.609 74.908
v 567.003 475.419 86.292
v 567.033 252.589 138.363
v 567.373 393.119 120.499
v 567.473 258.759 138.512
v 567.483 468.939 89.293
v 567.623 500.269 83.677
v 567.713 459.989 93.929
v 567.713 464.769 91.536
v 567.743 557.979 91.833
v 568.013 452.559 97.454
v 568.153 359.389 126.266
v 568.363 63.089 75.085
v 568.373 176.819 103.343
v 568.373 271.229 136.413
v 568.503 249.319 136.369
v 568.873 269.059 141.763
v 568.983 501.519 83.774
v 569.153 202.609 112.888
v 569.233 243.999 132.826
v 569.363 374.789 122.962
v 569.453 364.849 125.732
v 569.543 35.389 75.147
v 569.623 510.749 84.306
v 569.843 261.599 138.158
v 569.853 254.749 138.281
v 569.973 447.609 99.488
v 569.983 494.479 83.703
v 570.053 478.339 86.174
v 570.133 67.079 75.180
v 570.153 43.739 74.999
v 570.203 447.239 99.644
v 570.473 223.299 122.236
v 570.663 180.529 103.819
v 570.723 22.759 76.455
v 570.773 440.699 101.770
v 570.843 266.119 140.429
v 570.893 521.839 87.085
v 570.933 355.909 128.564
v 571.083 487.419 84.545
v 571.203 379.529 123.297
v 571.493 548.209 89.745
v 571.713 32.199 75.890
v 571.853 358.049 128.524
v 572.353 526.579 87.501
v 572.383 455.329 95.525
v 572.383 542.349 89.841
v 572.593 462.989 91.518
v 572.823 536.279 88.363
v 572.843 452.129 96.986
v 573.353 205.329 113.479
v 573.403 458.329 93.964
v 573.493 531.239 87.864
v 573.653 556.529 90.728
v 573.813 241.119 130.989
v 573.813 354.249 130.389
v 574.193 290.899 142.387
v 574.463 486.579 85.178
v 574.603 65.159 75.366
v 574.803 284.669 141.949
v 574.813 382.769 123.631
v 574.843 357.039 130.399
v 575.273 398.259 121.471
v 575.273 547.689 89.398
v 575.413 398.409 121.423
v 575.673 273.059 137.492
v 575.693 271.199 139.918
v 576.003 508.359 85.893
v 576.143 44.979 75.246
v 576.233 498.679 84.818
v 576.263 260.929 139.459
v 576.313 234.559 127.026
v 576.473 79.569 76.652
v 576.493 282.339 141.127
v 576.593 289.189 141.672
v 576.743 52.649 75.128
v 576.883 296.769 142.007
v 577.083 514.559 86.691
v 577.123 276.929 140.333
v 577.133 260.259 139.702
v 577.253 272.359 137.818
v 577.283 352.749 132.772
v 577.403 181.109 104.295
v 577.543 208.049 114.070
v 577.643 394.199 122.794
v 577.823 508.969 85.946
v 577.853 519.869 87.585
v 577.893 468.189 91.328
v 577.923 519.519 87.473
v 577.993 37.139 75.369
v 578.013 238.979 128.626
v 578.403 256.999 137.357
v 578.443 287.669 140.930
v 578.513 355.479 132.631
v 578.563 226.319 122.671
v 578.613 221.619 120.211
v 578.713 389.219 124.117
v 578.763 507.999 86.086
v 579.163 294.089 141.295
v 579.203 503.969 85.584
v 579.423 60.219 75.488
v 579.443 486.149 85.811
v 579.513 525.829 88.382
v 579.633 21.879 77.027
v 579.793 242.939 130.517
v 579.813 268.529 137.466
v 579.873 69.349 75.433
v 579.973 357.919 132.676
v 580.333 265.639 139.032
v 580.993 285.919 140.109
v 581.083 512.109 88.104
v 581.183 530.639 88.595
v 581.423 298.509 141.786
v 581.563 498.399 85.484
v 581.583 352.789 134.852
v 581.673 33.099 76.185
v 581.713 307.449 142.353
v 581.873 551.089 89.423
v 581.903 46.799 75.362
v 582.093 291.799 140.225
v 582.293 185.099 104.771
v 582.343 260.189 136.581
v 582.433 549.579 89.557
v 582.483 253.699 134.126
v 582.553 354.569 134.763
v 582.673 312.679 142.885
v 582.883 536.209 88.693
v 582.913 385.629 125.440
v 583.003 476.789 89.120
v 583.053 503.489 86.095
v 583.493 233.599 124.947
v 583.513 279.279 139.162
v 583.523 357.069 134.575
v 583.673 355.839 134.924
v 583.743 523.589 89.020
v 583.753 380.589 126.763
v 583.833 304.149 141.707
v 583.863 451.519 95.576
v 583.873 451.609 95.669
v 584.053 457.749 91.869
v 584.133 534.669 88.665
v 584.193 284.069 139.071
v 584.373 283.729 139.173
v 584.583 227.779 121.613
v 584.633 248.599 132.088
v 584.963 357.369 135.085
v 584.973 275.399 135.690
v 585.123 557.759 90.448
v 585.273 38.049 75.424
v 585.313 296.049 140.372
v 585.693 282.429 138.149
v 585.853 282.329 138.097
v 585.983 212.859 115.026
v 586.143 82.109 76.745
v 586.343 542.809 89.097
v 586.443 185.399 105.246
v 586.443 276.409 135.355
v 586.533 54.689 75.348
v 586.573 266.399 135.259
v 586.973 498.939 86.363
v 587.033 314.279 142.142
v 587.043 250.979 131.080
v 587.183 298.859 140.353
v 587.253 22.559 77.255
v 587.263 288.919 138.994
v 587.283 288.929 139.018
v 587.333 222.049 118.302
v 587.523 539.979 89.082
v 587.553 550.999 90.237
v 587.583 280.819 137.090
v 588.033 293.339 139.202
v 588.423 492.279 87.303
v 588.613 203.419 111.108
v 588.693 321.219 142.789
v 588.713 281.019 137.058
v 588.953 350.019 138.685
v 589.063 350.429 138.689
v 589.093 239.809 126.504
v 589.103 531.879 89.957
v 589.293 275.059 135.494
v 589.323 295.419 138.991
v 589.363 350.889 138.750
v 589.373 285.369 137.418
v 589.503 485.789 86.911
v 589.623 71.609 75.686
v 589.633 310.079 141.186
v 589.663 266.049 133.552
v 589.823 197.419 109.101
v 589.983 269.639 134.990
v 589.993 254.239 130.072
v 590.003 217.999 115.945
v 590.023 318.459 142.125
v 590.063 290.239 137.742
v 590.173 290.359 137.669
v 590.363 524.729 91.775
v 590.373 261.079 132.209
v 590.503 448.819 98.572
v 591.583 246.559 129.134
v 591.603 513.869 93.163
v 591.633 33.999 76.481
v 591.763 314.599 141.416
v 591.933 540.729 90.653
v 591.993 355.169 138.835
v 592.103 43.039 75.491
v 592.303 283.309 136.077
v 592.403 556.359 90.310
v 592.683 465.619 93.003
v 592.803 307.279 140.124
v 592.813 540.519 90.652
v 592.843 288.019 136.616
v 593.123 522.089 93.226
v 593.183 549.449 90.354
v 593.193 228.919 119.884
v 593.543 534.569 91.592
v 593.803 311.139 140.639
v 593.813 301.339 138.911
v 593.833 527.509 93.076
v 594.373 262.699 130.912
v 594.403 223.319 117.121
v 594.453 276.799 135.116
v 594.563 231.509 120.863
v 594.603 285.439 135.844
v 594.743 526.449 94.403
v 595.093 210.939 112.653
v 595.203 367.479 138.073
v 595.213 360.199 139.356
v 595.403 257.319 129.065
v 595.453 303.329 138.773
v 595.533 519.349 93.782
v 595.823 189.449 106.056
v 595.873 290.659 135.981
v 595.883 290.779 135.945
v 595.913 239.309 124.712
v 596.073 540.339 91.477
v 596.183 317.819 141.281
v 596.323 56.719 75.568
v 596.373 534.889 91.910
v 596.853 363.799 139.273
v 596.873 513.859 93.969
v 597.073 526.699 94.485
v 597.183 352.929 141.302
v 597.343 349.179 141.688
v 597.413 540.569 91.083
v 597.463 275.939 133.706
v 597.463 275.949 133.707
v 597.643 308.279 139.000
v 598.063 218.269 114.288
v 598.153 65.909 75.724
v 598.283 518.889 95.483
v 598.303 371.279 137.843
v 598.323 299.219 137.219
v 598.353 202.759 109.003
v 598.433 229.849 119.433
v 598.493 241.489 123.947
v 598.533 288.699 134.709
v 598.723 23.319 78.014
v 598.723 271.319 131.162
v 598.803 447.059 100.173
v 598.863 526.869 94.149
v 599.233 360.729 140.565
v 599.343 348.989 142.787
v 599.503 284.859 131.857
v 599.513 259.309 128.057
v 599.963 319.129 140.738
v 600.103 305.419 137.717
v 600.143 312.449 139.409
v 600.363 359.539 141.229
v 600.423 471.949 93.871
v 600.653 286.829 133.681
v 600.663 526.439 95.086
v 600.673 526.369 95.070
v 600.823 224.969 116.660
v 600.873 232.259 119.016
v 601.193 177.929 102.231
v 601.193 210.469 111.097
v 601.263 369.349 136.667
v 601.593 34.899 76.776
v 601.623 244.649 123.181
v 601.983 358.549 141.720
v 602.253 302.019 136.554
v 602.713 192.589 105.979
v 603.183 526.739 95.372
v 603.343 206.289 109.368
v 603.553 291.259 133.486
v 603.653 69.129 75.758
v 603.993 204.099 108.489
v 604.093 235.659 118.599
v 604.283 514.249 97.278
v 604.343 72.759 75.722
v 604.513 268.059 128.685
v 604.763 75.169 76.038
v 604.813 201.819 107.608
v 604.843 79.659 75.882
v 605.393 278.979 130.609
v 605.403 499.399 90.618
v 605.703 632.709 102.791
v 605.783 368.989 135.491
v 606.003 526.099 96.662
v 606.053 631.849 102.873
v 606.143 524.419 96.922
v 606.253 287.559 130.016
v 606.263 51.469 75.593
v 606.323 87.399 76.922
v 606.873 355.559 142.644
v 606.963 327.249 141.908
v 606.973 293.899 132.871
v 607.013 181.449 102.490
v 607.073 246.639 122.416
v 607.083 196.909 105.944
v 607.103 183.129 103.093
v 607.143 275.849 128.531
v 607.193 321.779 140.274
v 607.273 199.219 106.641
v 608.183 54.979 75.770
v 608.333 511.769 98.323
v 608.403 71.529 75.700
v 608.503 264.539 126.303
v 608.593 71.399 75.760
v 608.653 633.959 102.805
v 608.713 445.699 101.775
v 608.853 526.409 96.992
v 608.973 47.519 75.746
v 609.143 237.879 118.181
v 609.163 206.259 108.406
v 609.533 193.079 104.534
v 609.813 271.759 127.167
v 610.063 271.809 127.156
v 610.293 25.809 78.371
v 610.293 57.209 75.716
v 610.323 317.859 138.146
v 610.423 279.619 126.724
v 610.603 77.329 75.982
v 610.683 88.449 77.178
v 610.783 366.289 134.316
v 611.433 45.949 75.690
v 611.453 633.789 102.790
v 611.553 35.799 77.072
v 612.133 242.059 117.764
v 612.193 60.099 75.890
v 612.233 190.039 103.292
v 612.283 523.269 98.869
v 612.563 313.249 136.326
v 612.593 283.859 126.765
v 612.773 249.409 121.651
v 612.863 270.399 125.564
v 613.133 526.499 98.013
v 613.153 290.309 128.543
v 613.293 363.159 133.140
v 613.623 191.879 103.671
v 613.743 64.109 75.918
v 613.773 73.349 75.665
v 613.873 627.349 101.656
v 613.973 176.709 100.272
v 614.033 187.549 102.488
v 614.133 531.419 97.621
v 614.183 320.119 137.787
v 614.473 618.999 99.877
v 614.573 309.559 134.545
v 614.683 257.869 122.950
v 614.863 186.359 102.046
v 615.123 636.889 102.861
v 615.493 277.309 126.130
v 615.913 484.599 95.606
v 615.953 634.519 102.794
v 616.153 269.089 123.858
v 616.353 45.789 75.832
v 616.473 304.389 132.397
v 616.773 630.559 102.899
v 616.963 300.609 130.675
v 616.983 97.929 79.856
v 617.413 243.499 117.347
v 617.703 163.639 96.428
v 617.773 63.139 75.835
v 617.783 296.609 129.049
v 618.023 77.659 76.050
v 618.053 528.949 98.854
v 618.373 519.029 100.387
v 618.513 89.799 77.297
v 618.613 444.329 103.376
v 618.963 314.089 134.774
v 619.063 98.209 79.880
v 619.143 285.289 126.371
v 619.203 534.479 97.941
v 619.293 321.199 136.532
v 619.343 643.599 102.857
v 619.403 307.629 132.525
v 619.483 266.849 122.109
v 619.573 253.499 120.495
v 620.023 522.199 100.332
v 620.203 294.339 127.195
v 620.303 363.229 131.964
v 620.603 185.979 101.606
v 620.783 47.129 75.927
v 620.783 172.729 98.373
v 620.883 609.699 98.521
v 620.963 530.689 99.135
v 621.223 27.819 78.576
v 621.303 272.589 121.377
v 621.313 300.539 129.310
v 621.513 36.699 77.367
v 621.563 303.139 130.483
v 621.833 64.279 76.182
v 621.983 526.399 100.052
v 622.013 178.219 99.116
v 622.023 627.339 100.738
v 622.073 316.919 134.759
v 622.093 75.529 76.182
v 622.633 266.729 121.273
v 622.703 322.219 136.110
v 622.933 517.119 101.425
v 623.093 252.039 119.289
v 623.273 106.739 83.162
v 623.303 69.799 76.174
v 623.553 69.679 76.173
v 623.573 525.529 101.110
v 623.753 636.379 102.833
v 623.793 154.829 94.508
v 623.843 113.599 84.681
v 623.863 288.489 125.409
v 623.933 506.929 93.933
v 623.953 160.979 95.612
v 624.233 620.469 99.991
v 624.343 100.149 80.011
v 624.503 311.139 132.540
v 624.703 294.299 126.628
v 624.773 525.339 101.296
v 624.823 523.789 101.160
v 624.863 177.249 99.110
v 625.013 630.889 102.854
v 625.133 49.879 76.190
v 625.163 90.599 77.450
v 625.283 248.169 116.714
v 625.583 532.759 99.661
v 625.783 285.799 124.160
v 625.813 127.179 87.272
v 625.833 103.359 80.633
v 625.903 527.499 100.379
v 626.053 309.189 132.136
v 626.263 60.539 75.884
v 626.333 317.709 134.008
v 626.363 277.289 121.025
v 626.463 277.399 121.316
v 626.503 636.329 102.879
v 626.693 283.239 122.891
v 626.723 293.869 125.836
v 626.773 637.349 102.866
v 626.823 64.409 76.372
v 627.353 109.879 83.445
v 627.423 584.369 92.941
v 627.443 76.699 76.184
v 627.583 155.079 94.423
v 627.733 78.619 76.112
v 627.933 260.959 119.058
v 627.993 120.499 85.615
v 628.263 266.569 116.944
v 628.763 100.619 80.146
v 628.903 523.189 101.383
v 629.093 526.219 101.098
v 629.163 278.279 121.376
v 629.223 70.159 76.203
v 629.353 305.939 129.577
v 629.433 162.429 95.595
v 629.623 113.039 83.438
v 629.643 258.149 117.756
v 629.683 149.749 92.614
v 630.083 619.829 100.377
v 630.143 291.949 123.762
v 630.243 298.249 126.038
v 630.583 597.219 96.552
v 631.113 106.719 81.269
v 631.183 262.439 116.299
v 631.223 255.269 116.682
v 631.403 497.249 97.342
v 631.423 635.919 102.777
v 631.473 37.599 77.663
v 631.473 79.349 76.302
v 631.673 159.959 95.064
v 632.033 627.169 100.549
v 632.083 295.589 125.145
v 632.123 91.849 77.410
v 632.173 303.529 127.963
v 632.223 312.429 130.792
v 632.313 144.919 91.639
v 632.313 284.309 120.469
v 632.493 527.319 101.868
v 632.583 573.599 92.457
v 632.673 28.049 79.034
v 632.883 162.459 95.485
v 632.953 611.829 99.983
v 633.393 258.899 116.223
v 633.543 65.929 76.400
v 633.883 291.249 122.194
v 633.903 98.839 79.317
v 633.973 133.239 89.734
v 634.073 258.229 116.044
v 634.223 300.879 125.734
v 634.343 109.189 81.747
v 634.343 112.399 81.954
v 634.413 529.569 102.195
v 634.543 46.249 76.142
v 634.603 46.779 76.213
v 634.603 530.249 101.253
v 634.703 631.479 101.591
v 634.733 158.449 94.808
v 634.893 309.579 129.173
v 634.933 280.769 119.284
v 634.973 276.269 118.324
v 635.063 252.559 115.378
v 635.143 610.649 99.998
v 635.163 590.889 93.932
v 635.213 51.719 76.144
v 635.233 265.879 116.226
v 635.243 530.639 101.280
v 635.303 51.899 76.171
v 635.483 61.899 76.173
v 635.683 263.099 116.116
v 635.883 92.409 78.484
v 635.933 631.439 102.785
v 636.173 524.549 102.431
v 636.273 67.499 76.392
v 636.373 297.569 125.087
v 636.403 78.649 76.576
v 636.463 158.839 94.911
v 636.493 151.389 92.761
v 636.643 119.609 84.644
v 636.683 255.129 115.115
v 636.693 103.109 80.619
v 636.703 278.069 117.894
v 636.723 600.279 97.208
v 636.813 636.109 102.743
v 636.823 300.499 125.553
v 636.903 278.719 118.362
v 636.913 93.099 78.470
v 637.243 97.519 78.897
v 637.413 43.049 76.254
v 637.493 565.639 93.072
v 637.813 97.729 80.416
v 637.853 529.089 102.430
v 637.923 255.299 114.285
v 638.113 300.449 125.620
v 638.153 305.939 127.487
v 638.363 289.779 121.522
v 638.473 124.499 84.696
v 639.003 154.249 93.567
v 639.353 267.979 116.036
v 639.483 115.639 82.089
v 639.593 272.229 116.092
v 639.643 86.029 77.627
v 639.853 635.999 102.755
v 639.933 274.699 115.930
v 639.953 644.569 102.823
v 640.173 638.399 102.830
v 640.433 270.919 115.798
v 640.463 98.849 80.461
v 640.633 121.419 84.668
v 640.643 303.729 125.350
v 640.693 112.719 81.971
v 640.943 253.479 112.102
v 641.093 300.669 125.259
v 641.203 310.819 127.503
v 641.243 310.789 127.754
v 641.273 251.679 113.093
v 641.373 527.829 102.455
v 641.543 76.869 76.604
v 641.573 69.779 76.403
v 641.793 272.259 115.317
v 641.883 532.639 101.458
v 642.403 30.489 79.213
v 642.453 627.189 100.752
v 642.463 514.459 97.248
v 642.583 305.339 126.206
v 642.633 579.619 93.260
v 642.843 301.749 125.138
v 643.053 306.909 126.581
v 643.423 106.259 81.047
v 643.463 560.719 94.404
v 643.803 270.079 114.835
v 643.853 554.689 96.877
v 644.183 266.709 113.636
v 644.203 44.209 76.299
v 644.243 118.389 82.183
v 644.243 305.119 125.028
v 644.423 245.269 111.095
v 644.623 128.799 84.789
v 644.703 76.019 77.549
v 644.713 94.359 78.710
v 644.863 632.069 101.896
v 644.943 532.789 102.489
v 645.133 114.659 82.054
v 645.153 534.889 101.233
v 645.173 65.639 76.161
v 645.173 101.309 80.644
v 645.713 33.389 79.076
v 645.793 87.869 78.478
v 645.793 548.289 98.436
v 646.073 528.189 102.484
v 646.083 264.529 112.643
v 646.333 124.029 84.491
v 646.653 263.799 112.394
v 646.863 535.699 101.624
v 646.893 509.899 99.077
v 647.023 144.069 87.896
v 647.093 537.809 101.624
v 647.123 108.949 81.335
v 647.173 311.459 126.620
v 647.183 311.469 126.370
v 647.293 524.259 102.753
v 647.333 307.689 124.934
v 647.363 39.279 78.089
v 647.413 67.689 77.512
v 647.423 67.689 77.549
v 647.523 258.019 111.715
v 647.743 249.229 111.127
v 647.803 632.709 102.787
v 647.913 79.629 78.341
v 648.273 634.619 102.841
v 648.373 635.509 102.700
v 648.573 67.709 77.603
v 648.623 63.519 76.782
v 648.633 95.949 78.722
v 648.643 245.599 110.886
v 648.703 102.999 80.782
v 648.713 67.689 77.663
v 648.913 247.959 110.340
v 649.313 117.219 82.228
v 649.443 259.069 111.767
v 649.523 140.059 87.183
v 649.933 64.639 77.642
v 649.933 536.489 101.501
v 650.123 134.329 83.708
v 650.153 253.339 111.288
v 650.513 594.209 95.944
v 650.623 309.299 124.781
v 650.673 306.769 124.854
v 650.733 569.649 94.448
v 650.823 150.609 88.904
v 651.193 309.599 124.895
v 651.373 90.379 78.558
v 651.373 256.469 111.705
v 651.403 607.149 98.514
v 651.473 256.509 111.669
v 651.533 81.519 78.317
v 651.583 130.809 83.451
v 651.883 74.829 78.295
v 651.933 111.369 81.577
v 652.323 581.089 93.961
v 652.463 611.049 99.664
v 652.553 244.569 109.243
v 652.833 55.879 77.664
v 652.843 251.969 109.760
v 653.553 127.479 83.268
v 653.683 119.239 82.384
v 653.783 536.069 101.691
v 653.903 69.009 78.031
v 654.033 105.449 81.082
v 654.043 310.769 124.281
v 654.113 36.699 78.763
v 654.233 56.339 77.876
v 654.303 56.349 77.879
v 654.333 155.349 88.535
v 654.383 138.129 83.805
v 654.813 241.389 108.131
v 654.833 99.709 78.981
v 655.123 51.309 77.749
v 655.423 50.209 77.227
v 655.743 141.969 87.540
v 655.833 57.559 77.781
v 656.083 77.599 78.286
v 656.143 112.769 82.007
v 656.473 134.139 83.452
v 656.513 94.009 78.672
v 656.563 73.389 78.167
v 656.833 239.689 107.716
v 656.983 565.049 95.925
v 657.203 571.109 94.917
v 657.213 46.779 77.924
v 657.373 151.309 88.289
v 657.463 37.059 78.985
v 657.823 83.839 78.511
v 658.043 157.569 88.599
v 658.093 239.099 106.632
v 658.123 121.629 82.638
v 658.163 41.449 78.406
v 658.263 107.609 81.795
v 658.283 543.099 100.035
v 658.283 554.989 98.133
v 658.283 554.999 98.132
v 658.443 566.459 95.903
v 658.453 50.679 77.994
v 658.493 66.129 78.110
v 658.493 66.149 78.012
v 658.493 146.059 87.401
v 658.513 140.909 83.880
v 658.603 48.989 78.054
v 658.663 130.419 83.022
v 658.883 593.989 96.077
v 659.283 537.289 101.568
v 659.673 558.179 97.450
v 659.743 83.029 78.451
v 659.833 559.799 97.422
v 659.903 558.469 97.422
v 659.953 250.749 106.876
v 660.023 236.739 106.049
v 660.363 245.049 106.449
v 660.373 73.429 78.181
v 660.613 542.379 101.169
v 661.403 136.529 83.489
v 661.473 38.469 78.515
v 661.723 154.889 88.208
v 661.843 115.649 82.191
v 662.333 551.439 98.758
v 662.373 555.649 98.311
v 662.383 522.549 100.812
v 662.493 159.859 88.782
v 662.523 583.909 94.884
v 662.563 236.829 105.095
v 662.843 124.459 82.747
v 662.903 546.479 99.812
v 662.913 247.319 106.201
v 662.933 143.639 84.038
v 663.123 128.779 82.841
v 663.363 233.539 104.945
v 663.533 133.259 83.122
v 663.743 110.319 81.974
v 664.293 540.779 101.320
v 664.953 150.079 87.230
v 665.153 38.079 78.567
v 665.323 139.139 83.558
v 665.653 236.589 104.431
v 665.783 118.309 82.322
v 665.783 229.529 103.917
v 665.793 548.769 99.464
v 665.933 244.629 105.203
v 666.133 102.399 78.888
v 666.223 126.299 82.858
v 666.333 572.419 96.200
v 666.793 146.159 84.083
v 666.953 157.809 88.110
v 667.423 546.549 101.065
v 667.523 94.209 78.732
v 668.063 135.529 83.228
v 668.433 112.639 82.048
v 668.503 562.079 97.668
v 668.573 235.929 104.269
v 669.323 85.669 78.440
v 669.503 119.839 82.335
v 669.833 152.799 87.326
v 670.133 528.879 101.680
v 670.383 80.239 78.269
v 670.403 551.969 99.968
v 670.433 128.179 82.891
v 670.623 142.509 83.704
v 670.723 90.939 78.478
v 670.993 90.149 78.630
v 671.073 71.609 78.319
v 671.193 553.769 99.195
v 671.343 148.379 84.072
v 671.613 164.299 88.730
v 672.133 114.429 82.179
v 672.253 538.649 101.010
v 672.733 160.639 88.050
v 672.943 134.209 83.081
v 673.643 139.159 83.397
v 673.973 131.019 82.991
v 674.193 122.249 82.525
v 674.353 556.589 98.860
v 674.373 548.429 100.341
v 675.173 156.069 87.252
v 675.213 87.969 78.547
v 675.213 145.239 83.727
v 675.393 168.329 88.770
v 675.793 106.299 79.068
v 676.483 151.369 84.068
v 677.033 553.709 100.006
v 677.043 82.869 78.299
v 677.133 116.799 82.300
v 677.363 74.479 78.475
v 677.783 163.599 87.960
v 677.933 133.429 83.125
v 677.973 141.599 83.463
v 678.163 124.059 82.587
v 679.343 554.499 99.812
v 679.373 102.349 78.822
v 679.573 147.799 83.819
v 679.943 159.039 87.210
v 680.153 137.909 83.290
v 680.223 75.959 78.524
v 680.433 118.909 82.389
v 680.803 153.319 84.047
v 680.953 118.669 82.437
v 681.053 172.499 88.915
v 681.143 115.309 79.344
v 681.673 135.199 83.205
v 682.103 144.559 83.590
v 682.593 166.639 87.829
v 682.953 111.179 79.094
v 683.123 84.859 78.148
v 683.473 124.649 82.795
v 683.543 95.999 78.845
v 683.793 92.269 78.672
v 684.353 116.939 79.372
v 684.483 149.409 83.700
v 684.753 155.969 84.029
v 684.763 156.019 84.032
v 685.053 106.349 78.957
v 685.203 174.769 88.686
v 685.423 120.939 82.666
v 685.503 162.289 87.177
v 685.563 79.129 77.476
v 686.323 137.309 83.204
v 686.403 111.969 79.152
v 686.813 102.409 78.796
v 686.883 87.279 78.444
v 687.003 146.699 83.812
v 687.123 118.139 79.426
v 687.123 127.519 82.898
v 687.413 170.389 87.922
v 687.573 93.529 78.806
v 687.813 108.259 79.006
v 688.353 98.429 78.684
v 688.833 98.709 78.557
v 688.973 152.759 83.828
v 689.543 178.509 88.581
v 689.583 113.219 79.199
v 690.123 89.109 78.432
v 690.123 103.429 78.722
v 690.403 139.459 83.370
v 690.643 119.439 79.491
v 690.923 130.129 82.994
v 690.933 149.939 83.782
v 691.123 166.229 87.093
v 691.423 144.069 83.496
v 691.713 95.179 78.637
v 691.773 126.129 83.040
v 692.003 99.939 78.708
v 692.083 81.629 78.747
v 692.213 108.439 78.960
v 693.013 114.349 79.345
v 693.163 121.109 79.626
v 693.303 155.169 83.886
v 693.333 161.359 83.994
v 693.363 175.789 87.896
v 693.473 105.399 78.788
v 693.553 182.529 88.543
v 693.983 96.179 78.642
v 694.093 91.489 78.506
v 694.573 132.729 83.089
v 694.743 142.129 83.408
v 694.933 109.959 79.101
v 695.513 82.889 78.668
v 695.533 117.059 79.553
v 695.713 151.869 83.783
v 696.073 88.049 78.362
v 696.223 92.409 78.534
v 696.293 163.789 84.153
v 696.493 85.159 78.277
v 696.493 106.499 78.919
v 696.533 97.649 78.666
v 696.913 158.019 83.969
v 697.113 123.269 79.780
v 697.313 180.529 88.034
v 697.383 171.899 87.132
v 697.793 111.869 79.139
v 697.883 126.999 83.253
v 698.763 93.979 78.546
v 698.793 154.869 83.998
v 698.973 99.059 78.710
v 699.313 89.999 78.424
v 699.333 144.429 83.546
v 699.433 118.979 79.681
v 699.603 135.039 83.197
v 699.983 160.579 83.974
v 700.053 86.659 78.322
v 701.333 168.869 84.571
v 701.643 209.799 91.576
v 701.653 96.639 78.696
v 701.793 176.019 87.119
v 702.043 104.909 78.974
v 702.073 104.889 78.859
v 702.233 113.899 79.363
v 702.243 91.759 78.508
v 702.323 112.279 79.253
v 702.503 129.509 83.310
v 702.573 185.639 87.937
v 702.653 157.139 83.975
v 702.803 125.899 79.995
v 703.353 146.879 83.560
v 703.553 137.989 83.315
v 703.793 120.219 79.633
v 703.963 208.379 91.099
v 704.233 217.439 91.587
v 704.313 89.009 78.489
v 704.413 107.659 78.939
v 704.933 113.389 79.286
v 705.053 98.899 78.711
v 705.183 164.499 83.976
v 705.423 152.889 83.730
v 705.923 188.579 88.000
v 705.963 223.069 91.781
v 706.283 201.789 90.161
v 706.333 131.599 83.340
v 706.333 141.999 83.385
v 706.513 103.139 78.884
v 706.603 116.089 79.451
v 706.823 206.039 90.843
v 706.923 180.759 87.149
v 706.953 174.089 84.839
v 707.023 127.089 79.891
v 707.313 215.989 91.409
v 707.493 149.649 83.675
v 707.833 109.509 79.044
v 707.953 161.469 83.973
v 707.973 100.589 78.831
v 708.593 92.209 78.603
v 708.733 220.099 91.505
v 709.173 204.789 88.754
v 709.333 96.859 78.787
v 709.383 122.559 79.807
v 709.523 115.389 79.374
v 709.613 199.479 88.946
v 710.183 104.689 78.989
v 710.283 193.319 87.886
v 710.633 134.499 83.343
v 711.083 152.379 83.728
v 711.233 144.819 83.360
v 711.363 125.149 80.104
v 711.373 102.139 78.884
v 711.423 167.159 84.022
v 711.433 123.919 80.036
v 711.453 213.659 91.136
v 711.463 92.699 78.780
v 711.763 111.379 79.120
v 712.343 83.959 78.747
v 712.343 118.669 79.549
v 712.513 218.559 91.230
v 712.713 98.679 78.844
v 712.843 202.069 88.627
v 712.933 212.559 88.832
v 712.983 88.579 78.568
v 712.993 116.829 79.434
v 713.473 197.209 88.053
v 713.493 120.519 79.852
v 713.943 179.619 84.583
v 714.073 155.349 83.721
v 714.223 161.199 83.906
v 714.293 106.809 79.129
v 714.403 126.339 80.287
v 714.983 171.249 84.101
v 715.143 94.349 78.727
v 715.213 112.679 79.280
v 715.283 147.989 83.456
v 715.593 217.679 89.013
v 715.623 117.319 79.708
v 715.673 104.569 79.035
v 716.323 210.169 88.604
v 716.513 188.859 86.931
v 716.793 199.819 88.072
v 716.853 139.219 83.412
v 717.063 114.109 79.542
v 717.313 158.869 83.779
v 717.433 184.319 84.708
v 717.463 108.469 79.232
v 717.533 73.109 79.162
v 717.623 91.469 78.630
v 717.673 130.289 80.516
v 717.743 131.379 80.609
v 717.853 101.019 78.939
v 717.933 174.909 84.138
v 717.993 194.829 87.309
v 718.363 151.299 83.593
v 718.393 194.229 87.042
v 718.723 106.959 79.153
v 719.133 119.529 79.893
v 719.333 214.679 88.672
v 720.073 93.589 78.709
v 720.183 207.629 88.206
v 720.243 142.899 83.489
v 720.393 97.869 78.798
v 720.623 67.399 79.486
v 720.653 162.489 83.918
v 721.023 187.269 84.769
v 721.103 102.689 79.097
v 721.773 155.339 83.727
v 721.783 197.079 87.802
v 721.903 192.429 86.418
v 721.923 136.429 80.885
v 722.093 104.679 79.349
v 722.173 169.299 84.050
v 722.473 115.709 79.674
v 722.583 115.259 79.701
v 723.103 99.829 78.896
v 723.113 169.549 84.129
v 723.133 179.889 84.164
v 723.203 147.359 83.584
v 723.383 112.629 79.546
v 723.623 96.809 78.730
v 723.713 111.289 79.559
v 723.773 124.859 80.203
v 723.943 213.969 88.668
v 724.333 138.139 80.934
v 724.573 122.799 79.980
v 724.593 101.449 79.001
v 724.733 205.409 87.910
v 724.793 194.909 87.706
v 725.113 138.069 80.904
v 725.203 159.379 83.873
v 726.073 108.529 79.466
v 726.253 182.989 84.373
v 726.333 194.259 85.972
v 726.413 150.789 83.581
v 726.463 164.469 84.201
v 726.543 131.229 80.600
v 727.063 211.249 88.296
v 727.363 119.219 79.871
v 727.673 99.089 79.160
v 727.713 99.019 79.147
v 728.033 174.399 84.179
v 728.143 119.999 79.918
v 728.263 189.259 85.409
v 728.453 113.869 79.614
v 728.493 113.909 79.617
v 728.843 105.519 79.124
v 729.713 192.669 85.519
v 729.923 203.159 87.623
v 730.423 159.699 83.956
v 730.463 155.169 83.624
v 730.473 201.959 85.816
v 730.603 126.549 80.238
v 730.663 126.539 80.224
v 730.693 133.629 80.652
v 730.753 146.169 81.259
v 731.613 102.149 79.134
v 731.943 93.759 78.539
v 732.093 93.589 79.280
v 732.133 93.649 79.271
v 732.533 108.899 79.214
v 732.743 208.529 87.908
v 733.073 117.289 79.796
v 733.543 140.489 80.855
v 733.613 190.869 85.203
v 733.883 181.269 84.006
v 733.993 200.169 85.505
v 734.123 206.019 85.536
v 734.193 157.019 83.342
v 734.243 131.299 80.508
v 734.633 122.069 80.010
v 735.003 126.229 80.184
v 735.003 174.309 84.045
v 735.993 86.839 79.167
v 736.353 184.919 84.045
v 736.713 105.899 79.317
v 736.773 177.369 83.964
v 737.043 141.349 80.892
v 737.723 113.429 79.507
v 737.853 98.589 79.421
v 737.903 187.969 84.940
v 737.973 197.849 85.302
v 738.333 161.539 83.365
v 738.353 136.739 80.724
v 738.403 79.839 79.878
v 738.613 156.929 81.685
v 738.643 144.319 80.993
v 739.473 117.069 79.780
v 739.473 187.439 83.903
v 739.523 125.509 80.179
v 739.833 203.129 85.332
v 740.633 182.569 83.639
v 741.223 93.239 79.602
v 741.523 165.069 83.416
v 741.703 101.089 79.552
v 741.863 110.229 79.495
v 742.183 195.469 85.052
v 742.323 132.669 80.540
v 742.333 81.159 79.760
v 742.653 149.189 81.122
v 743.313 185.569 83.682
v 743.403 194.689 84.033
v 743.423 120.629 79.754
v 743.723 148.579 81.051
v 744.153 346.529 92.201
v 744.393 142.089 80.887
v 744.573 340.709 92.394
v 745.033 168.779 83.427
v 745.363 165.389 81.784
v 745.483 200.939 85.040
v 745.773 114.609 79.620
v 746.043 153.589 81.312
v 746.533 131.519 80.447
v 746.553 131.499 80.459
v 746.573 200.639 84.282
v 746.833 97.029 79.719
v 746.943 192.809 83.961
v 746.993 192.809 83.959
v 747.313 146.269 81.037
v 747.323 347.459 92.201
v 747.333 104.079 79.702
v 747.463 346.979 92.201
v 747.523 183.419 83.474
v 747.573 171.769 83.395
v 747.693 341.639 92.394
v 747.803 357.959 92.089
v 747.813 160.429 81.624
v 747.833 341.159 92.394
v 747.873 84.989 79.860
v 748.033 399.399 92.342
v 748.103 138.649 80.706
v 748.513 356.089 92.382
v 748.653 355.609 92.382
v 749.143 385.919 92.317
v 749.183 118.189 79.772
v 749.183 339.399 92.425
v 749.233 365.029 92.087
v 749.603 373.489 92.202
v 749.823 174.139 83.376
v 749.883 198.259 84.015
v 749.973 156.469 81.373
v 750.333 171.689 82.304
v 750.573 150.999 81.178
v 750.773 190.119 83.773
v 750.903 177.279 82.674
v 751.023 343.449 92.161
v 751.113 358.939 92.089
v 751.243 165.469 81.842
v 751.253 358.459 92.089
v 751.493 400.429 92.342
v 751.623 136.969 80.599
v 751.633 399.949 92.342
v 751.653 180.429 83.539
v 751.663 126.149 79.968
v 751.673 407.309 96.915
v 752.203 102.459 79.848
v 752.383 90.479 79.840
v 752.383 180.299 82.420
v 752.543 340.399 92.425
v 752.603 386.939 92.317
v 752.683 339.919 92.425
v 752.683 366.049 92.087
v 752.743 386.459 92.317
v 752.823 365.569 92.087
v 752.963 374.479 92.202
v 752.983 156.799 81.312
v 753.003 121.669 79.870
v 753.103 373.999 92.202
v 753.173 196.179 83.916
v 753.183 156.599 81.339
v 753.443 390.179 92.342
v 753.583 113.709 79.897
v 754.033 170.709 82.153
v 754.373 344.449 92.161
v 754.513 343.969 92.161
v 754.743 163.229 81.601
v 755.163 407.779 96.648
v 755.293 108.139 79.961
v 755.333 146.649 80.951
v 755.363 187.529 83.487
v 755.583 178.899 82.292
v 755.813 144.849 80.878
v 755.913 144.629 80.858
v 756.043 122.359 79.972
v 756.213 187.289 82.424
v 756.463 365.829 92.078
v 756.633 94.829 79.914
v 756.843 391.179 92.342
v 756.983 390.699 92.342
v 757.323 350.749 93.591
v 757.403 132.539 80.248
v 757.423 167.939 81.804
v 757.463 350.269 93.591
v 757.913 98.119 79.852
v 757.913 408.029 94.180
v 757.943 408.679 94.070
v 758.013 186.109 82.364
v 758.263 171.289 82.079
v 758.533 115.809 80.117
v 758.553 192.959 83.460
v 758.593 177.269 81.988
v 759.013 391.509 92.019
v 759.203 373.199 92.118
v 759.213 101.729 79.872
v 759.383 149.829 81.055
v 759.823 366.829 92.078
v 759.923 380.539 92.121
v 759.953 124.429 80.120
v 759.963 366.349 92.078
v 760.063 155.389 81.235
v 760.253 415.309 92.682
v 760.773 106.009 80.104
v 760.773 385.659 91.796
v 760.793 191.499 82.571
v 760.823 411.279 92.720
v 761.053 175.919 81.962
v 761.093 424.489 92.517
v 761.133 352.159 91.705
v 761.453 183.979 82.239
v 761.623 119.459 80.263
v 761.623 139.429 80.440
v 761.883 444.379 92.435
v 762.413 392.519 92.019
v 762.463 374.169 92.118
v 762.483 463.329 93.747
v 762.503 452.419 93.665
v 762.563 392.039 92.019
v 762.603 373.689 92.118
v 762.693 433.589 92.670
v 762.973 166.069 81.760
v 763.093 462.489 95.667
v 763.113 110.139 80.214
v 763.243 398.099 92.214
v 763.243 462.009 95.667
v 763.383 381.559 92.121
v 763.463 170.339 81.930
v 763.523 381.079 92.121
v 763.593 134.609 80.396
v 763.603 416.299 92.682
v 763.733 128.859 80.246
v 763.753 415.819 92.682
v 764.183 412.279 92.720
v 764.213 425.419 92.517
v 764.223 386.679 91.796
v 764.323 411.799 92.720
v 764.353 424.939 92.517
v 764.373 386.199 91.796
v 764.513 338.639 92.049
v 764.583 353.179 91.705
v 764.693 162.899 81.640
v 764.723 182.629 82.213
v 764.723 352.699 91.705
v 764.733 361.159 92.041
v 764.773 424.949 92.325
v 764.873 156.469 81.359
v 765.233 344.649 92.070
v 765.283 445.389 92.435
v 765.293 378.019 92.077
v 765.423 444.909 92.435
v 765.453 146.679 80.708
v 765.543 188.449 82.294
v 765.583 173.529 81.675
v 765.793 464.309 93.747
v 765.913 453.429 93.665
v 765.933 463.829 93.747
v 766.003 354.819 92.340
v 766.003 434.569 92.670
v 766.053 452.949 93.665
v 766.073 371.299 92.022
v 766.143 354.339 92.340
v 766.143 434.089 92.670
v 766.363 467.179 93.711
v 766.503 399.069 92.214
v 766.513 132.689 80.374
v 766.643 398.589 92.214
v 767.003 139.839 80.564
v 767.083 123.899 80.515
v 767.503 415.389 92.296
v 767.583 385.779 91.734
v 767.853 433.609 92.161
v 767.893 425.879 92.325
v 767.913 141.329 80.629
v 767.963 339.659 92.049
v 768.033 425.399 92.325
v 768.103 339.179 92.049
v 768.113 115.769 80.288
v 768.183 362.179 92.041
v 768.323 361.699 92.041
v 768.553 378.979 92.077
v 768.593 345.639 92.070
v 768.623 162.399 81.719
v 768.693 378.499 92.077
v 768.733 345.159 92.070
v 768.743 180.839 82.029
v 768.833 475.439 93.929
v 768.923 459.469 93.651
v 769.033 349.989 92.694
v 769.093 453.229 93.576
v 769.173 349.509 92.694
v 769.183 137.129 80.589
v 769.183 406.289 92.177
v 769.383 473.729 95.462
v 769.393 180.609 82.147
v 769.473 372.309 92.022
v 769.533 473.249 95.462
v 769.613 371.829 92.022
v 769.723 468.169 93.711
v 769.863 467.689 93.711
v 769.963 349.499 92.555
v 769.983 349.919 92.522
v 770.033 366.029 92.080
v 770.103 349.019 92.555
v 770.123 349.439 92.522
v 770.283 171.659 81.270
v 770.293 154.149 81.199
v 770.763 416.359 92.296
v 770.883 386.759 91.734
v 770.903 415.879 92.296
v 771.033 386.279 91.734
v 771.163 434.589 92.161
v 771.173 185.209 82.162
v 771.223 129.469 80.589
v 771.303 434.109 92.161
v 771.433 470.709 93.745
v 771.543 350.879 91.667
v 771.673 357.869 92.093
v 771.843 374.629 92.004
v 771.943 118.729 80.485
v 772.113 141.969 80.683
v 772.113 448.999 93.519
v 772.243 476.449 93.929
v 772.333 460.469 93.651
v 772.383 475.969 93.929
v 772.473 459.989 93.651
v 772.493 454.229 93.576
v 772.583 407.299 92.177
v 772.623 344.259 92.085
v 772.633 453.749 93.576
v 772.653 385.859 91.697
v 772.733 406.819 92.177
v 772.963 392.039 92.158
v 773.253 178.379 81.729
v 773.333 367.009 92.080
v 773.483 366.529 92.080
v 773.723 336.999 92.093
v 773.733 443.389 92.537
v 773.873 419.389 92.117
v 773.983 134.179 80.665
v 773.993 158.999 81.397
v 774.223 484.759 93.818
v 774.323 169.519 81.606
v 774.673 121.639 80.532
v 774.733 399.889 92.150
v 774.793 471.699 93.745
v 774.903 153.079 81.198
v 774.903 351.879 91.667
v 774.933 358.839 92.093
v 774.933 471.219 93.745
v 775.043 351.399 91.667
v 775.073 358.359 92.093
v 775.093 432.629 92.176
v 775.133 145.899 81.469
v 775.253 375.629 92.004
v 775.393 375.149 92.004
v 775.493 498.569 93.998
v 775.523 450.009 93.519
v 775.533 369.859 92.000
v 775.663 449.529 93.519
v 775.833 345.219 92.085
v 775.913 365.009 92.035
v 775.973 344.739 92.085
v 776.053 386.869 91.697
v 776.113 409.069 92.176
v 776.153 490.129 93.888
v 776.193 386.389 91.697
v 776.313 393.029 92.158
v 776.463 392.559 92.158
v 776.483 458.799 93.649
v 776.913 176.039 81.630
v 776.983 138.929 80.661
v 777.043 444.369 92.537
v 777.173 338.029 92.093
v 777.183 443.889 92.537
v 777.233 420.379 92.117
v 777.313 337.549 92.093
v 777.373 419.899 92.117
v 777.433 485.719 93.818
v 777.483 470.049 93.722
v 777.573 485.239 93.818
v 778.133 400.899 92.150
v 778.183 167.119 81.738
v 778.183 462.589 93.655
v 778.273 400.419 92.150
v 778.393 162.619 81.715
v 778.453 433.619 92.176
v 778.593 433.139 92.176
v 778.693 350.579 91.621
v 778.713 451.309 93.579
v 778.843 370.839 92.000
v 778.843 499.559 93.998
v 778.983 370.359 92.000
v 778.983 499.079 93.998
v 779.053 125.949 80.664
v 779.103 385.659 91.651
v 779.273 365.999 92.035
v 779.413 365.529 92.035
v 779.453 150.609 81.441
v 779.473 410.059 92.176
v 779.513 491.129 93.888
v 779.543 166.079 81.719
v 779.593 173.689 81.573
v 779.613 409.579 92.176
v 779.653 490.649 93.888
v 779.883 459.809 93.649
v 780.033 459.329 93.649
v 780.043 181.689 81.647
v 780.413 142.419 81.663
v 780.603 161.289 81.838
v 780.793 471.029 93.722
v 780.933 470.549 93.722
v 781.443 154.899 81.009
v 781.453 154.929 81.560
v 781.463 173.679 81.789
v 781.543 463.579 93.655
v 781.603 493.729 93.954
v 781.683 463.099 93.655
v 781.703 355.789 91.805
v 781.843 355.309 91.805
v 781.893 370.039 92.043
v 782.003 438.419 92.087
v 782.013 361.169 91.615
v 782.023 452.289 93.579
v 782.033 369.559 92.043
v 782.043 348.949 92.258
v 782.053 351.569 91.621
v 782.063 375.179 91.586
v 782.073 502.859 94.188
v 782.093 353.559 91.931
v 782.113 354.839 91.940
v 782.133 355.809 91.939
v 782.143 366.269 91.575
v 782.163 451.809 93.579
v 782.183 348.469 92.258
v 782.183 444.839 92.899
v 782.193 351.089 91.621
v 782.203 426.189 91.656
v 782.223 386.559 91.561
v 782.233 353.079 91.931
v 782.253 354.359 91.940
v 782.273 355.329 91.939
v 782.313 369.109 92.114
v 782.323 370.019 92.056
v 782.333 370.949 92.154
v 782.403 413.319 91.611
v 782.423 400.919 91.583
v 782.433 353.539 93.831
v 782.443 353.439 94.941
v 782.453 368.629 92.114
v 782.463 369.539 92.056
v 782.473 344.959 91.621
v 782.473 370.479 92.154
v 782.503 389.079 93.604
v 782.523 384.429 92.179
v 782.523 389.109 91.762
v 782.553 386.679 91.651
v 782.573 353.059 93.831
v 782.583 352.959 94.941
v 782.623 403.309 93.638
v 782.643 464.129 93.254
v 782.653 388.599 93.604
v 782.663 383.949 92.179
v 782.663 388.629 91.762
v 782.683 403.299 92.072
v 782.693 386.199 91.651
v 782.763 402.829 93.638
v 782.823 388.879 94.085
v 782.823 402.819 92.072
v 782.923 164.509 81.651
v 782.963 388.399 94.085
v 783.123 469.899 93.315
v 783.213 482.649 93.827
v 783.483 139.469 81.721
v 783.523 148.649 81.566
v 783.653 331.259 93.623
v 783.973 510.969 94.460
v 784.483 180.089 81.672
v 784.703 481.799 93.812
v 784.773 171.149 81.713
v 784.913 335.359 91.357
v 784.913 494.709 93.954
v 785.033 338.909 91.542
v 785.053 494.229 93.954
v 785.283 386.889 91.624
v 785.313 439.399 92.087
v 785.323 362.149 91.615
v 785.363 362.179 91.646
v 785.403 367.239 91.575
v 785.453 438.919 92.087
v 785.463 361.669 91.610
v 785.463 376.189 91.586
v 785.513 427.169 91.656
v 785.523 503.879 94.188
v 785.543 366.759 91.575
v 785.543 445.839 92.899
v 785.613 375.709 91.586
v 785.623 414.269 91.611
v 785.653 426.689 91.656
v 785.663 503.399 94.188
v 785.673 387.589 91.561
v 785.683 445.359 92.899
v 785.763 413.789 91.611
v 785.783 401.909 91.583
v 785.823 387.109 91.561
v 785.903 465.099 93.254
v 785.923 345.979 91.621
v 785.923 401.429 91.583
v 785.973 346.019 91.610
v 786.043 153.959 81.748
v 786.043 464.619 93.254
v 786.063 345.499 91.621
v 786.323 468.459 93.319
v 786.373 477.189 93.724
v 786.433 470.879 93.315
v 786.573 470.399 93.315
v 786.613 158.309 82.312
v 786.613 483.659 93.827
v 786.753 483.179 93.827
v 787.103 353.189 90.285
v 787.153 146.749 81.706
v 787.473 512.009 94.460
v 787.603 162.359 81.912
v 787.613 511.529 94.460
v 787.843 451.349 93.595
v 787.973 376.589 89.728
v 787.983 137.509 81.804
v 788.023 488.079 93.872
v 788.053 344.839 91.467
v 788.063 344.849 91.467
v 788.103 482.809 93.812
v 788.133 357.239 91.388
v 788.143 430.999 90.110
v 788.193 344.359 91.467
v 788.203 344.369 91.467
v 788.273 336.359 91.357
v 788.273 356.759 91.388
v 788.273 375.529 91.379
v 788.343 380.069 92.718
v 788.363 342.699 91.242
v 788.413 335.879 91.357
v 788.413 375.049 91.379
v 788.483 379.589 92.718
v 788.513 342.219 91.242
v 788.523 401.829 92.727
v 788.583 178.049 81.826
v 788.663 401.349 92.727
v 788.683 341.439 91.369
v 788.823 340.959 91.369
v 788.843 370.699 90.253
v 788.923 427.529 90.133
v 788.983 382.679 90.038
v 788.993 375.529 90.355
v 789.013 410.829 90.039
v 789.093 395.169 90.056
v 789.143 375.049 90.355
v 789.163 340.239 91.333
v 789.293 359.699 90.288
v 789.303 339.759 91.333
v 789.413 169.329 81.761
v 789.473 500.479 94.136
v 789.553 469.509 93.399
v 789.563 339.669 91.402
v 789.583 469.429 93.319
v 789.643 423.539 89.713
v 789.663 497.209 94.065
v 789.683 478.169 93.724
v 789.703 151.649 81.800
v 789.703 339.189 91.402
v 789.713 342.699 90.349
v 789.733 468.949 93.319
v 789.823 477.689 93.724
v 789.853 342.219 90.349
v 790.213 339.179 91.326
v 790.363 338.699 91.326
v 790.453 354.189 90.285
v 790.593 353.709 90.285
v 790.623 438.899 90.083
v 790.703 338.889 91.136
v 790.703 468.949 93.320
v 790.843 338.409 91.136
v 790.913 472.839 93.367
v 791.053 452.299 93.595
v 791.173 143.799 81.852
v 791.193 451.819 93.595
v 791.313 160.749 82.019
v 791.323 377.579 89.728
v 791.353 431.959 90.110
v 791.383 489.069 93.872
v 791.463 377.099 89.728
v 791.493 431.479 90.110
v 791.523 488.599 93.872
v 791.833 338.359 90.974
v 791.973 337.879 90.974
v 792.033 428.459 90.133
v 792.183 427.979 90.133
v 792.233 175.989 81.813
v 792.293 371.729 90.253
v 792.293 383.659 90.038
v 792.373 411.829 90.039
v 792.403 396.149 90.056
v 792.423 479.809 96.017
v 792.433 383.179 90.038
v 792.433 478.019 93.464
v 792.443 371.249 90.253
v 792.513 411.349 90.039
v 792.543 395.669 90.056
v 792.563 479.329 96.017
v 792.663 417.639 90.091
v 792.743 360.719 90.288
v 792.783 501.459 94.136
v 792.853 479.739 96.161
v 792.893 360.239 90.288
v 792.893 480.729 93.511
v 792.923 500.979 94.136
v 792.943 424.519 89.713
v 792.993 479.259 96.161
v 793.003 480.679 96.141
v 793.093 424.039 89.713
v 793.113 498.239 94.065
v 793.143 480.199 96.141
v 793.213 337.999 90.767
v 793.243 365.899 90.262
v 793.253 497.759 94.065
v 793.363 337.519 90.767
v 793.533 330.039 92.458
v 793.543 167.499 81.806
v 793.803 485.429 95.860
v 793.803 485.439 95.860
v 793.883 439.869 90.083
v 793.923 474.809 93.394
v 793.943 484.959 95.860
v 793.953 484.949 95.860
v 793.963 469.919 93.320
v 794.023 439.389 90.083
v 794.063 474.329 93.394
v 794.083 346.709 90.278
v 794.103 469.439 93.320
v 794.153 493.259 93.635
v 794.173 473.799 93.367
v 794.193 149.119 81.994
v 794.323 473.319 93.367
v 794.443 492.049 95.168
v 794.583 491.569 95.168
v 794.813 441.419 90.051
v 794.883 491.969 95.108
v 794.903 425.929 90.133
v 795.023 491.489 95.108
v 795.023 492.909 95.225
v 795.163 492.429 95.225
v 795.203 380.049 91.602
v 795.343 468.759 93.311
v 795.353 379.569 91.602
v 795.463 426.689 91.261
v 795.473 506.499 94.365
v 795.603 332.859 90.302
v 795.603 426.209 91.261
v 795.773 393.479 90.038
v 795.823 418.579 90.091
v 795.843 479.029 93.464
v 795.863 486.259 93.540
v 795.963 418.099 90.091
v 795.983 478.549 93.464
v 796.003 485.779 93.540
v 796.143 380.429 91.592
v 796.153 380.029 91.586
v 796.193 465.749 93.547
v 796.213 173.569 81.805
v 796.283 379.949 91.592
v 796.293 379.549 91.586
v 796.293 481.729 93.511
v 796.433 481.259 93.511
v 796.443 384.209 90.082
v 796.463 366.849 90.262
v 796.603 366.369 90.262
v 797.443 347.709 90.278
v 797.553 494.269 93.635
v 797.583 347.229 90.278
v 797.703 493.789 93.635
v 798.173 442.419 90.051
v 798.213 426.909 90.133
v 798.313 441.939 90.051
v 798.343 479.019 93.805
v 798.353 426.429 90.133
v 798.613 422.989 89.612
v 798.643 448.309 93.424
v 798.663 403.059 90.021
v 798.813 151.689 83.976
v 798.843 469.799 93.311
v 798.933 507.519 94.365
v 798.953 333.849 90.302
v 798.983 469.319 93.311
v 799.073 507.039 94.365
v 799.093 333.369 90.302
v 799.223 394.499 90.038
v 799.263 419.429 90.062
v 799.373 394.019 90.038
v 799.593 466.759 93.547
v 799.733 466.279 93.547
v 799.763 376.879 89.588
v 799.833 495.239 93.980
v 799.853 385.219 90.082
v 799.943 360.989 90.258
v 799.993 384.739 90.082
v 800.213 469.319 93.335
v 800.213 495.989 93.850
v 800.353 495.509 93.850
v 800.383 348.049 90.292
v 800.783 499.289 93.862
v 800.813 488.589 93.947
v 800.923 498.809 93.862
v 801.083 339.769 90.314
v 801.103 396.019 90.027
v 801.193 501.069 94.064
v 801.333 500.589 94.064
v 801.543 336.959 90.393
v 801.583 483.049 93.855
v 801.683 155.479 84.430
v 801.693 336.479 90.393
v 801.823 423.939 89.612
v 801.843 480.059 93.805
v 801.893 506.999 94.207
v 801.903 507.009 94.220
v 801.973 423.459 89.612
v 801.983 479.579 93.805
v 802.033 506.519 94.207
v 802.043 506.529 94.220
v 802.093 449.329 93.424
v 802.113 404.079 90.021
v 802.233 448.849 93.424
v 802.253 403.599 90.021
v 802.363 401.409 90.002
v 802.453 336.889 90.405
v 802.473 420.389 90.062
v 802.483 337.269 90.447
v 802.593 336.409 90.405
v 802.613 419.909 90.062
v 802.623 336.789 90.447
v 802.753 463.139 93.588
v 802.823 380.009 91.418
v 802.833 380.119 91.626
v 802.963 379.529 91.418
v 802.973 379.639 91.626
v 803.063 377.859 89.588
v 803.203 361.959 90.258
v 803.213 368.869 90.270
v 803.213 377.379 89.588
v 803.213 408.879 90.015
v 803.273 400.939 91.406
v 803.283 496.259 93.980
v 803.343 361.479 90.258
v 803.413 400.459 91.406
v 803.433 495.789 93.980
v 803.713 470.359 93.335
v 803.833 349.069 90.292
v 803.843 421.569 91.238
v 803.853 469.879 93.335
v 803.973 348.589 90.292
v 803.983 421.089 91.238
v 803.993 416.399 90.037
v 804.033 465.809 95.211
v 804.043 508.649 94.183
v 804.093 466.219 95.169
v 804.263 489.609 93.947
v 804.403 489.129 93.947
v 804.413 161.149 84.434
v 804.453 397.009 90.027
v 804.533 340.789 90.314
v 804.583 387.399 90.055
v 804.593 396.529 90.027
v 804.673 340.309 90.314
v 804.713 502.619 94.105
v 804.773 129.989 87.129
v 804.923 331.639 90.142
v 804.943 484.039 93.855
v 805.033 466.159 95.059
v 805.083 483.559 93.855
v 805.723 402.399 90.002
v 805.863 401.919 90.002
v 805.913 492.339 93.958
v 806.183 421.919 89.577
v 806.253 464.179 93.588
v 806.393 463.699 93.588
v 806.403 153.139 84.751
v 806.523 409.859 90.015
v 806.543 137.199 87.510
v 806.563 369.869 90.270
v 806.663 409.379 90.015
v 806.763 165.579 84.421
v 806.823 382.169 90.069
v 806.833 454.249 93.489
v 806.883 486.249 94.661
v 807.003 375.439 90.159
v 807.033 485.769 94.661
v 807.143 374.959 90.159
v 807.343 417.399 90.037
v 807.433 466.819 95.211
v 807.453 467.209 95.169
v 807.493 416.919 90.037
v 807.493 509.669 94.183
v 807.583 466.339 95.211
v 807.593 466.729 95.169
v 807.633 509.189 94.183
v 807.863 462.209 93.615
v 807.893 388.379 90.055
v 808.033 387.909 90.055
v 808.213 503.649 94.105
v 808.263 128.919 87.993
v 808.273 332.629 90.142
v 808.353 503.179 94.105
v 808.393 467.159 95.059
v 808.423 332.149 90.142
v 808.533 466.679 95.059
v 808.733 477.109 93.809
v 808.923 158.379 84.437
v 809.283 379.919 91.556
v 809.293 424.739 91.444
v 809.323 380.309 91.567
v 809.393 142.849 87.272
v 809.413 356.449 90.399
v 809.413 493.369 93.958
v 809.423 379.439 91.556
v 809.433 356.439 90.797
v 809.463 379.829 91.567
v 809.493 422.899 89.577
v 809.523 376.519 89.570
v 809.543 350.579 90.219
v 809.553 355.969 90.399
v 809.553 492.889 93.958
v 809.573 355.959 90.797
v 809.633 422.419 89.577
v 809.673 506.489 94.176
v 809.683 337.349 90.248
v 809.773 167.359 84.209
v 809.853 394.659 90.038
v 810.143 455.229 93.489
v 810.183 383.159 90.069
v 810.193 132.459 88.119
v 810.243 379.909 91.424
v 810.283 454.749 93.489
v 810.323 382.679 90.069
v 810.383 379.429 91.424
v 810.673 483.359 93.914
v 810.873 413.729 90.025
v 811.103 367.259 90.237
v 811.173 151.049 84.916
v 811.173 463.189 93.615
v 811.313 462.719 93.615
v 811.323 388.239 90.049
v 811.493 331.659 90.113
v 811.793 126.619 88.628
v 812.083 478.109 93.809
v 812.113 135.399 87.976
v 812.223 477.629 93.809
v 812.233 162.849 84.230
v 812.393 474.459 93.825
v 812.513 156.589 86.077
v 812.543 156.569 84.568
v 812.723 488.499 93.998
v 812.743 425.759 91.444
v 812.843 400.609 90.012
v 812.883 425.289 91.444
v 812.893 421.519 89.548
v 812.923 377.529 89.570
v 812.943 351.579 90.219
v 813.013 509.929 94.202
v 813.043 338.339 90.248
v 813.073 377.049 89.570
v 813.073 507.489 94.176
v 813.093 351.109 90.219
v 813.183 337.859 90.248
v 813.223 507.009 94.176
v 813.233 496.029 94.059
v 813.313 395.689 90.038
v 813.453 395.209 90.038
v 813.453 500.919 94.134
v 813.543 406.519 90.011
v 814.223 484.409 93.914
v 814.363 483.929 93.914
v 814.423 414.779 90.025
v 814.503 368.259 90.237
v 814.563 414.299 90.025
v 814.633 389.219 90.049
v 814.643 367.789 90.237
v 814.773 388.739 90.049
v 814.923 148.599 87.511
v 814.993 139.829 87.984
v 815.013 330.309 90.065
v 815.293 321.519 84.872
v 815.313 131.789 88.594
v 815.523 391.699 90.072
v 815.603 475.409 93.825
v 815.633 382.729 90.082
v 815.713 468.459 93.432
v 815.743 474.929 93.825
v 816.183 143.779 87.372
v 816.243 401.619 90.012
v 816.343 422.549 89.548
v 816.393 401.139 90.012
v 816.413 489.069 93.998
v 816.493 422.069 89.548
v 816.503 510.969 94.202
v 816.653 510.489 94.202
v 816.673 415.759 90.014
v 816.683 497.049 94.059
v 816.773 379.819 91.422
v 816.823 496.579 94.059
v 816.913 379.339 91.422
v 816.943 125.319 88.989
v 816.993 407.539 90.011
v 817.003 501.969 94.134
v 817.133 407.059 90.011
v 817.143 501.489 94.134
v 817.193 393.859 91.599
v 817.213 499.169 93.844
v 817.223 508.339 93.983
v 817.323 486.879 93.693
v 817.333 393.379 91.599
v 817.333 478.119 93.535
v 817.403 400.129 91.410
v 817.413 400.179 91.413
v 817.543 399.649 91.410
v 817.553 399.709 91.413
v 818.093 137.709 88.447
v 818.193 335.029 89.892
v 818.273 331.269 90.065
v 818.273 499.669 93.951
v 818.293 153.969 87.609
v 818.303 485.659 93.897
v 818.313 153.989 87.459
v 818.323 499.929 94.260
v 818.333 334.549 89.892
v 818.413 330.789 90.065
v 818.413 499.189 93.951
v 818.443 485.179 93.897
v 818.453 420.569 91.231
v 818.463 499.449 94.260
v 818.553 322.489 84.872
v 818.603 409.029 89.977
v 818.603 420.089 91.231
v 818.693 322.009 84.872
v 818.823 392.679 90.072
v 818.973 392.199 90.072
v 818.993 383.729 90.082
v 819.043 467.959 93.426
v 819.133 383.249 90.082
v 819.213 469.629 93.502
v 819.253 469.509 93.432
v 819.403 469.029 93.432
v 819.413 453.529 93.568
v 819.533 159.779 87.042
v 819.763 356.019 90.110
v 819.903 355.539 90.110
v 820.113 130.849 89.062
v 820.173 473.789 93.926
v 820.213 416.809 90.014
v 820.363 416.329 90.014
v 820.473 420.509 89.303
v 820.683 509.369 93.983
v 820.713 500.209 93.844
v 820.783 145.469 88.140
v 820.823 424.279 91.188
v 820.823 487.919 93.693
v 820.823 508.889 93.983
v 820.853 499.729 93.844
v 820.863 399.749 90.027
v 820.883 479.169 93.535
v 820.963 487.439 93.693
v 821.023 478.689 93.535
v 821.203 494.079 94.146
v 821.343 148.879 88.009
v 821.573 488.699 94.068
v 821.713 329.839 90.032
v 822.153 410.079 89.977
v 822.293 409.599 89.977
v 822.313 135.729 88.902
v 822.593 469.009 93.426
v 822.663 140.959 88.745
v 822.693 387.109 90.099
v 822.733 468.529 93.426
v 822.763 470.849 94.821
v 822.833 492.429 93.933
v 822.833 493.349 93.890
v 822.903 478.999 95.457
v 822.913 479.959 95.531
v 822.933 471.519 95.184
v 822.943 471.169 95.259
v 822.963 454.579 93.568
v 822.973 491.949 93.933
v 822.983 492.869 93.890
v 823.043 478.519 95.457
v 823.053 479.479 95.531
v 823.073 471.039 95.184
v 823.083 470.699 95.259
v 823.103 454.099 93.568
v 823.243 493.359 93.870
v 823.303 479.019 95.521
v 823.383 492.879 93.870
v 823.443 478.539 95.521
v 823.593 507.499 94.297
v 823.673 474.829 93.926
v 823.683 484.919 94.049
v 823.733 499.349 94.303
v 823.813 474.349 93.926
v 823.823 155.549 87.935
v 823.953 376.569 89.584
v 823.973 421.549 89.303
v 824.113 421.069 89.303
v 824.213 400.739 90.027
v 824.323 425.319 91.188
v 824.363 400.259 90.027
v 824.463 424.839 91.188
v 824.693 456.009 93.422
v 824.753 495.129 94.146
v 824.833 489.659 94.068
v 824.893 494.649 94.146
v 824.973 330.809 90.032
v 824.973 489.189 94.068
v 825.113 330.329 90.032
v 825.283 139.169 89.297
v 825.573 395.079 90.113
v 825.653 408.029 90.026
v 825.933 412.679 90.074
v 826.023 365.619 90.241
v 826.233 388.159 90.099
v 826.373 387.679 90.099
v 826.463 143.409 88.834
v 826.753 444.429 95.717
v 826.773 478.509 94.003
v 826.943 381.509 90.140
v 827.043 500.329 94.303
v 827.053 508.519 94.297
v 827.063 329.269 90.007
v 827.083 399.549 90.071
v 827.133 485.939 94.049
v 827.183 499.849 94.303
v 827.193 508.039 94.297
v 827.233 425.959 92.634
v 827.273 485.459 94.049
v 827.283 381.249 90.113
v 827.363 377.579 89.584
v 827.383 425.479 92.634
v 827.503 377.099 89.584
v 827.523 493.169 94.144
v 827.593 390.059 90.136
v 827.603 142.779 90.164
v 827.763 157.429 88.218
v 827.913 347.049 90.270
v 827.943 463.799 93.444
v 827.993 427.069 90.341
v 828.083 463.329 93.444
v 828.143 457.029 93.422
v 828.283 424.469 92.833
v 828.283 456.549 93.422
v 828.423 423.989 92.833
v 828.453 149.009 87.827
v 828.783 396.029 90.113
v 828.923 395.549 90.113
v 829.113 432.969 90.337
v 829.153 409.059 90.026
v 829.213 420.289 89.378
v 829.303 408.579 90.026
v 829.373 354.029 90.279
v 829.393 413.699 90.074
v 829.533 413.219 90.074
v 829.573 366.669 90.241
v 829.713 366.189 90.241
v 829.743 444.539 96.727
v 829.973 467.219 94.743
v 830.043 360.009 90.244
v 830.113 147.999 90.196
v 830.113 466.739 94.743
v 830.223 479.539 94.003
v 830.293 382.499 90.140
v 830.373 330.249 90.007
v 830.373 479.059 94.003
v 830.443 382.019 90.140
v 830.513 329.779 90.007
v 830.563 467.059 93.927
v 830.583 400.589 90.071
v 830.723 400.109 90.071
v 830.733 382.279 90.113
v 830.863 500.149 94.208
v 830.873 381.799 90.113
v 830.883 494.159 94.144
v 830.933 456.679 93.711
v 830.943 391.049 90.136
v 830.993 154.879 88.434
v 831.023 493.689 94.144
v 831.083 390.569 90.136
v 831.213 328.669 89.973
v 831.223 444.489 95.901
v 831.323 460.019 93.813
v 831.353 376.109 89.574
v 831.363 348.069 90.270
v 831.363 444.009 95.901
v 831.443 428.099 90.341
v 831.503 347.589 90.270
v 831.583 427.619 90.341
v 831.723 309.099 84.932
v 831.883 449.289 93.674
v 832.093 370.309 90.272
v 832.483 153.819 90.062
v 832.533 495.009 94.205
v 832.563 135.499 90.745
v 832.613 433.999 90.337
v 832.753 433.519 90.337
v 832.783 355.039 90.279
v 832.803 421.349 89.378
v 832.863 384.009 89.523
v 832.873 487.729 94.167
v 832.923 354.559 90.279
v 832.943 420.869 89.378
v 833.123 140.739 90.898
v 833.433 408.329 89.466
v 833.463 399.399 89.488
v 833.543 361.039 90.244
v 833.693 360.569 90.244
v 833.713 375.229 90.083
v 833.853 374.749 90.083
v 834.023 468.079 93.927
v 834.163 467.599 93.927
v 834.273 484.339 94.097
v 834.333 457.689 93.711
v 834.413 501.199 94.208
v 834.483 457.209 93.711
v 834.553 500.719 94.208
v 834.613 329.679 89.973
v 834.613 377.079 89.574
v 834.683 461.019 93.813
v 834.753 329.199 89.973
v 834.753 376.599 89.574
v 834.823 460.539 93.813
v 834.943 310.049 84.932
v 835.083 309.569 84.932
v 835.153 387.509 90.461
v 835.233 388.449 90.577
v 835.383 450.319 93.674
v 835.443 371.309 90.272
v 835.463 375.299 90.141
v 835.523 387.479 90.541
v 835.533 449.839 93.674
v 835.583 370.829 90.272
v 835.603 374.819 90.141
v 835.833 474.919 93.995
v 835.893 487.829 94.360
v 835.983 496.029 94.205
v 836.033 487.349 94.360
v 836.123 384.969 89.523
v 836.123 385.739 90.160
v 836.123 495.549 94.205
v 836.233 393.679 89.541
v 836.263 384.489 89.523
v 836.343 145.959 90.986
v 836.373 393.199 89.541
v 836.393 334.759 89.852
v 836.423 488.779 94.167
v 836.533 463.029 93.886
v 836.563 488.299 94.167
v 836.603 448.899 93.691
v 836.623 375.019 90.141
v 836.763 374.539 90.141
v 836.783 375.659 89.587
v 836.873 465.169 93.893
v 836.883 409.359 89.466
v 836.953 147.799 91.095
v 836.963 400.429 89.488
v 837.023 408.879 89.466
v 837.033 342.699 89.763
v 837.063 349.239 89.701
v 837.093 328.559 89.981
v 837.103 399.949 89.488
v 837.113 330.909 89.935
v 837.203 137.879 91.394
v 837.283 343.139 89.971
v 837.333 417.349 89.455
v 837.343 374.739 90.094
v 837.483 374.259 90.094
v 837.483 416.869 89.455
v 837.623 354.869 89.693
v 837.673 485.349 94.097
v 837.773 356.709 89.648
v 837.773 369.239 89.582
v 837.813 484.869 94.097
v 837.853 395.589 90.149
v 837.893 426.189 90.309
v 837.933 438.119 90.381
v 837.943 497.789 94.541
v 838.023 325.039 94.964
v 838.023 365.159 89.643
v 838.053 355.499 90.251
v 838.053 420.189 89.660
v 838.163 374.119 90.156
v 838.193 355.019 90.251
v 838.303 373.639 90.156
v 838.323 382.489 89.548
v 838.463 374.169 89.590
v 838.463 382.009 89.548
v 838.493 381.539 89.540
v 838.523 370.829 90.027
v 838.533 402.509 90.138
v 838.603 373.279 90.147
v 838.603 388.529 90.461
v 838.633 381.059 89.540
v 838.633 389.459 90.577
v 838.663 370.359 90.027
v 838.663 381.819 90.162
v 838.703 394.619 91.560
v 838.733 442.279 91.656
v 838.743 388.049 90.461
v 838.753 372.799 90.147
v 838.773 388.979 90.577
v 838.783 453.879 93.740
v 838.803 394.539 90.351
v 838.813 380.839 89.565
v 838.843 394.139 91.560
v 838.943 394.059 90.351
v 838.953 380.369 89.565
v 838.983 388.499 90.541
v 839.043 132.209 92.016
v 839.123 388.019 90.541
v 839.333 380.289 89.563
v 839.333 475.959 93.995
v 839.433 143.789 91.311
v 839.473 379.809 89.563
v 839.473 475.479 93.995
v 839.623 386.769 90.160
v 839.763 386.299 90.160
v 839.883 464.019 93.886
v 839.893 335.789 89.852
v 840.003 449.899 93.691
v 840.033 335.309 89.852
v 840.033 463.549 93.886
v 840.083 459.569 93.826
v 840.143 449.429 93.691
v 840.193 379.819 89.581
v 840.283 376.689 89.587
v 840.333 379.339 89.581
v 840.393 343.689 89.763
v 840.413 466.219 93.893
v 840.423 376.209 89.587
v 840.533 343.209 89.763
v 840.563 465.739 93.893
v 840.593 329.589 89.981
v 840.603 350.289 89.701
v 840.613 331.949 89.935
v 840.723 335.919 90.161
v 840.733 329.109 89.981
v 840.733 344.159 89.971
v 840.753 331.469 89.935
v 840.753 349.809 89.701
v 840.783 135.789 92.561
v 840.863 148.559 91.326
v 840.873 343.679 89.971
v 841.023 355.879 89.693
v 841.043 379.669 89.600
v 841.133 357.699 89.648
v 841.143 389.479 90.174
v 841.163 355.399 89.693
v 841.183 379.189 89.600
v 841.273 357.219 89.648
v 841.273 370.269 89.582
v 841.393 427.229 90.309
v 841.403 396.639 90.149
v 841.413 369.789 89.582
v 841.413 421.189 89.660
v 841.433 439.159 90.381
v 841.523 366.199 89.643
v 841.533 426.749 90.309
v 841.543 396.169 90.149
v 841.543 423.429 91.016
v 841.553 420.709 89.660
v 841.553 423.429 91.015
v 841.573 438.679 90.381
v 841.663 365.719 89.643
v 841.683 422.949 91.016
v 841.703 422.949 91.015
v 841.963 375.209 89.590
v 841.973 393.329 90.503
v 842.013 382.809 90.162
v 842.033 403.549 90.138
v 842.053 326.629 90.202
v 842.083 443.279 91.656
v 842.103 374.729 89.590
v 842.163 382.329 90.162
v 842.183 403.069 90.138
v 842.233 442.799 91.656
v 842.283 454.919 93.740
v 842.433 454.439 93.740
v 842.583 130.569 92.635
v 842.793 334.789 89.889
v 842.823 344.269 92.504
v 842.843 334.389 89.884
v 842.923 140.139 92.526
v 842.923 334.099 89.879
v 842.933 334.309 89.889
v 842.963 343.789 92.504
v 842.983 333.909 89.884
v 843.043 333.779 89.959
v 843.063 333.619 89.879
v 843.103 413.449 90.131
v 843.173 344.379 89.971
v 843.183 333.479 89.963
v 843.193 333.299 89.959
v 843.313 343.899 89.971
v 843.323 332.999 89.963
v 843.413 333.049 89.968
v 843.553 332.569 89.968
v 843.583 460.599 93.826
v 843.603 323.899 92.159
v 843.603 379.639 89.611
v 843.633 359.349 89.662
v 843.673 332.709 89.981
v 843.733 460.119 93.826
v 843.743 379.159 89.611
v 843.773 358.869 89.662
v 843.813 332.229 89.981
v 844.033 332.369 89.989
v 844.123 336.929 90.161
v 844.173 331.889 89.989
v 844.183 145.769 91.776
v 844.243 374.469 90.119
v 844.253 151.779 91.473
v 844.263 336.449 90.161
v 844.363 332.139 89.995
v 844.403 368.489 90.144
v 844.413 379.749 90.309
v 844.503 331.659 89.995
v 844.583 345.209 90.199
v 844.603 390.499 90.174
v 844.733 344.729 90.199
v 844.733 360.959 90.063
v 844.743 390.019 90.174
v 844.833 147.819 91.784
v 844.983 331.849 90.036
v 845.003 353.969 90.273
v 845.133 331.369 90.036
v 845.153 427.839 90.306
v 845.333 155.599 91.570
v 845.363 437.359 90.381
v 845.373 347.259 90.230
v 845.403 470.409 95.850
v 845.503 327.649 90.202
v 845.543 469.929 95.850
v 845.573 394.389 90.503
v 845.643 327.169 90.202
v 845.713 393.909 90.503
v 845.873 331.629 90.219
v 846.003 452.059 93.709
v 846.013 331.149 90.219
v 846.123 331.039 90.188
v 846.293 419.429 89.740
v 846.543 128.589 93.308
v 846.703 414.519 90.131
v 846.783 383.489 90.204
v 846.843 414.039 90.131
v 846.903 133.419 93.241
v 847.213 342.979 90.247
v 847.323 409.439 90.193
v 847.433 146.539 93.164
v 847.703 401.759 90.189
v 847.843 375.529 90.119
v 847.883 149.809 92.887
v 847.953 369.539 90.144
v 847.953 393.289 90.499
v 847.983 375.059 90.119
v 848.093 369.059 90.144
v 848.283 362.009 90.063
v 848.403 137.479 93.045
v 848.423 361.529 90.063
v 848.503 355.009 90.273
v 848.653 354.529 90.273
v 848.683 348.239 90.230
v 848.743 428.899 90.306
v 848.823 347.759 90.230
v 848.863 438.399 90.381
v 848.883 325.149 90.613
v 848.893 428.419 90.306
v 848.903 417.239 91.108
v 849.003 437.919 90.381
v 849.043 395.909 90.204
v 849.183 316.659 88.912
v 849.333 142.989 93.129
v 849.453 453.079 93.709
v 849.573 332.069 90.188
v 849.593 452.599 93.709
v 849.713 424.349 90.296
v 849.723 331.589 90.188
v 849.753 390.869 90.246
v 849.843 420.479 89.740
v 849.913 414.969 90.135
v 849.983 419.999 89.740
v 850.383 384.549 90.204
v 850.523 384.069 90.204
v 850.613 343.979 90.247
v 850.753 343.499 90.247
v 850.823 410.479 90.193
v 850.963 409.999 90.193
v 850.993 422.759 91.176
v 851.143 422.279 91.176
v 851.153 402.779 90.189
v 851.223 111.829 94.869
v 851.253 131.039 93.680
v 851.293 402.299 90.189
v 851.493 394.339 90.499
v 851.643 393.859 90.499
v 851.803 126.089 94.207
v 851.863 386.179 90.220
v 852.013 378.199 90.190
v 852.233 326.139 90.613
v 852.303 418.239 91.108
v 852.383 325.659 90.613
v 852.393 317.619 88.912
v 852.393 363.409 90.153
v 852.453 417.759 91.108
v 852.543 317.139 88.912
v 852.633 396.979 90.204
v 852.693 107.979 94.953
v 852.713 371.799 90.140
v 852.773 396.499 90.204
v 853.113 425.359 90.296
v 853.253 391.909 90.246
v 853.263 424.879 90.296
v 853.393 391.429 90.246
v 853.413 416.009 90.135
v 853.533 344.369 90.260
v 853.553 415.529 90.135
v 853.643 349.059 90.316
v 854.023 354.599 90.309
v 854.333 134.269 93.684
v 854.643 358.329 90.327
v 855.053 332.489 90.363
v 855.183 342.519 90.277
v 855.213 114.219 95.003
v 855.453 387.239 90.220
v 855.513 379.229 90.190
v 855.603 386.759 90.220
v 855.653 378.749 90.190
v 855.713 142.779 93.811
v 855.743 138.409 94.146
v 855.793 364.419 90.153
v 855.853 110.429 94.960
v 855.933 363.939 90.153
v 856.003 110.109 94.938
v 856.073 308.729 90.351
v 856.213 372.829 90.140
v 856.263 125.259 94.891
v 856.273 125.259 94.862
v 856.353 372.349 90.140
v 856.983 345.399 90.260
v 857.003 350.049 90.316
v 857.123 344.919 90.260
v 857.143 349.569 90.316
v 857.423 119.489 95.039
v 857.523 355.639 90.309
v 857.573 322.209 91.368
v 857.663 355.159 90.309
v 857.883 360.149 90.320
v 858.023 359.669 90.320
v 858.093 359.349 90.327
v 858.233 358.869 90.327
v 858.323 339.889 91.292
v 858.403 333.489 90.363
v 858.553 333.009 90.363
v 858.583 141.279 93.935
v 858.583 343.519 90.277
v 858.723 343.049 90.277
v 858.973 329.109 91.124
v 859.333 309.689 90.351
v 859.473 309.209 90.351
v 859.743 332.619 91.379
v 860.433 328.789 91.228
v 860.503 329.219 91.225
v 860.573 328.309 91.228
v 860.653 328.739 91.225
v 860.793 323.169 91.368
v 860.933 322.689 91.368
v 860.983 127.539 95.070
v 861.863 340.939 91.292
v 861.883 328.529 91.568
v 862.013 340.469 91.292
v 862.023 328.049 91.568
v 862.233 135.659 94.965
v 863.043 333.599 91.379
v 863.193 333.119 91.379
v 864.213 322.939 92.027
v 864.953 141.469 94.966
v 865.313 319.469 91.908
v 866.283 317.569 92.420
v 866.683 333.559 92.223
v 867.283 135.629 95.125
v 867.623 323.949 92.027
v 867.713 338.669 92.417
v 867.763 323.469 92.027
v 869.733 318.589 92.420
v 869.873 318.109 92.420
v 870.043 334.549 92.223
v 870.183 334.069 92.223
v 871.263 339.719 92.417
v 871.403 339.239 92.417
v 874.053 317.539 93.419
v 875.403 321.899 93.513
v 876.153 322.239 93.621
v 876.353 321.159 93.640
v 876.383 340.489 93.028
v 876.523 340.009 93.028
v 876.673 315.739 93.778
v 877.153 342.479 93.273
v 877.293 341.999 93.273
v 877.503 318.559 93.419
v 877.643 318.079 93.419
v 878.853 322.929 93.513
v 879.003 322.449 93.513
v 879.593 323.279 93.814
v 879.603 323.259 93.621
v 879.663 322.139 93.640
v 879.753 322.779 93.621
v 879.803 321.659 93.640
v 879.933 316.709 93.778
v 880.083 316.229 93.778
v 882.113 309.569 94.618
v 882.413 320.729 94.634
v 882.553 318.729 95.369
v 882.693 318.249 95.369
v 882.793 316.289 94.739
v 882.913 318.699 95.387
v 884.813 320.099 94.967
v 885.373 310.539 94.618
v 885.523 310.059 94.618
v 885.773 321.729 94.634
v 885.913 321.249 94.634
v 886.193 317.299 94.739
v 886.333 316.819 94.739
v 886.723 313.729 95.035
v 887.773 318.659 96.335
v 887.913 318.179 96.335
v 888.173 321.089 94.967
v 888.173 321.149 95.059
v 888.213 318.649 96.360
v 888.313 320.609 94.967
v 888.363 318.169 96.360
v 888.783 357.599 95.059
v 888.843 299.579 94.890
v 889.173 368.989 95.543
v 890.173 314.749 95.035
v 890.313 314.269 95.035
v 890.373 334.109 95.094
v 890.563 314.579 94.955
v 890.813 307.839 94.954
v 890.923 319.959 94.999
v 890.923 329.639 95.071
v 891.063 306.609 96.204
v 891.213 306.129 96.204
v 891.363 325.289 95.056
v 893.523 301.849 94.802
v 893.723 335.099 95.094
v 893.863 334.629 95.094
v 893.963 315.589 94.955
v 894.103 315.109 94.955
v 894.263 308.859 94.954
v 894.273 320.959 94.999
v 894.373 330.659 95.071
v 894.413 308.379 94.954
v 894.413 320.479 94.999
v 894.513 330.179 95.071
v 894.723 326.289 95.056
v 894.863 325.809 95.056
v 896.433 330.789 95.025
v 896.923 342.279 95.163
v 897.093 313.699 94.936
v 899.383 342.639 95.104
v 899.393 356.779 95.296
v 899.413 348.999 95.196
v 899.443 343.249 95.877
v 899.543 356.869 95.266
v 899.593 342.769 95.877
v 899.713 368.289 95.469
v 899.843 337.659 94.993
v 900.353 319.679 95.253
v 900.563 319.089 95.389
v 900.813 299.209 94.840
v 900.993 300.419 94.843
v 903.003 337.499 94.391
v 904.003 341.979 94.410
f 213 225 231
f 225 213 199
f 5560 5547 5533
f 177 182 141
f 172 177 141
f 1557 1483 1586
f 1102 1237 1195
f 1237 1337 1195
f 4293 4253 4178
f 4784 4754 4755
f 2294 1968 2099
f 7031 7092 7029
f 5547 5562 5623
f 5560 5562 5547
f 11 8 16
f 38 46 47
f 19 22 30
f 177 206 182
f 182 206 199
f 206 225 199
f 1643 1562 1557
f 1483 1437 1586
f 1446 1483 1557
f 1446 1337 1483
f 2892 3112 2741
f 2298 2450 2409
f 2365 2280 2299
f 2280 2365 2326
f 1237 1655 1395
f 1446 1333 1337
f 1337 1286 1195
f 1333 1286 1337
f 1368 1237 1395
f 1368 1337 1237
f 1437 1368 1395
f 1337 1368 1483
f 1368 1437 1483
f 5321 5318 5408
f 4253 4201 4178
f 5338 5293 5356
f 7334 7382 7387
f 7391 7369 7387
f 7369 7391 7343
f 6053 6025 6083
f 5970 5981 5995
f 3694 3586 3644
f 4247 4314 4235
f 4602 4593 4595
f 2108 2282 2150
f 2158 2410 2471
f 4013 4052 4136
f 4260 4247 4136
f 7433 7425 7447
f 7051 7055 7092
f 7031 7051 7092
f 6152 6071 6144
f 6241 6380 6281
f 6380 6241 6144
f 6032 6380 6144
f 6203 6168 6204
f 6168 6159 6204
f 5236 5216 5341
f 5491 5341 5394
f 5522 5491 5394
f 4736 4797 4703
f 4822 4889 4957
f 4813 4840 4839
f 5021 5019 4989
f 2201 2392 2069
f 2392 2201 2417
f 2368 2670 2417
f 3131 2977 3132
f 2977 2989 3132
f 4515 4477 4303
f 4345 4515 4303
f 4477 4687 4622
f 4687 4477 4515
f 4895 4920 4909
f 4452 4351 4451
f 5520 5547 5623
f 5498 5520 5623
f 5547 5520 5533
f 5498 5555 5463
f 5330 5225 5226
f 12 29 13
f 12 11 26
f 29 12 26
f 25 24 16
f 19 25 16
f 25 19 30
f 23 11 16
f 24 23 16
f 11 23 26
f 37 38 30
f 22 37 30
f 38 37 46
f 17 22 19
f 17 10 7
f 10 17 19
f 97 90 93
f 90 97 95
f 183 172 160
f 1437 1531 1586
f 1531 1437 1395
f 1655 1531 1395
f 1531 1655 1620
f 1456 1446 1557
f 1531 1653 1586
f 1926 1949 1982
f 2319 2260 2230
f 2260 2319 2357
f 2708 2686 2662
f 2822 2892 2741
f 2722 2822 2741
f 3099 3050 3059
f 2365 2411 2326
f 2317 2298 2409
f 2423 2520 2429
f 2119 2239 2230
f 2239 2319 2230
f 2319 2239 2326
f 1655 1853 1620
f 1546 1399 1398
f 1391 1399 1546
f 5198 5177 5249
f 5125 5198 5243
f 5258 5198 5249
f 5318 5258 5249
f 5258 5318 5321
f 5198 5258 5243
f 5258 5256 5243
f 5291 5254 5299
f 5611 5676 5612
f 5386 5338 5356
f 5338 5342 5293
f 5665 5654 5650
f 5562 5571 5623
f 7344 7369 7343
f 7344 7334 7387
f 7369 7344 7387
f 6017 5992 5991
f 5921 5907 5926
f 7418 7402 7416
f 7392 7373 7393
f 5730 5696 5708
f 5912 5899 5917
f 6025 5989 5995
f 5989 5970 5995
f 6053 5989 6025
f 5976 5989 5991
f 4754 4731 4755
f 4731 4713 4755
f 4713 4700 4755
f 4700 4713 4670
f 4908 4784 4755
f 4908 4955 5042
f 4918 4865 4820
f 4955 5004 5042
f 4855 4935 4787
f 4935 4855 4890
f 4935 5004 4955
f 5195 4935 4890
f 5004 4935 5195
f 4812 4777 4711
f 4812 4855 4777
f 4855 4812 4890
f 4607 4545 4711
f 4545 4607 4511
f 4777 4691 4711
f 4691 4607 4711
f 4607 4567 4511
f 3815 3877 3854
f 4048 4052 4014
f 3920 3938 4014
f 3537 3586 3579
f 3565 3535 3643
f 4087 3957 3958
f 4157 4247 4235
f 4247 4157 4136
f 4088 4087 3958
f 4088 4013 4136
f 4157 4088 4136
f 4735 4775 4727
f 4690 4735 4727
f 4784 4735 4754
f 4735 4690 4754
f 223 201 203
f 201 223 209
f 181 170 161
f 2282 2369 2150
f 2369 2827 2776
f 2827 2369 2282
f 2827 2858 3045
f 3198 2858 3069
f 2858 3198 3045
f 2607 2827 2282
f 2607 2858 2827
f 2020 1764 1712
f 2158 1902 2410
f 1902 2351 2410
f 1902 1644 1828
f 1644 1902 2158
f 1759 1822 1968
f 1822 1650 2099
f 1968 1822 2099
f 3477 3358 3423
f 3363 3492 3423
f 3904 3964 4021
f 3428 3501 3416
f 3969 4052 4013
f 3969 3920 4014
f 4052 3969 4014
f 4048 4174 4052
f 4052 4174 4136
f 4174 4260 4136
f 4174 4184 4223
f 4174 4048 4184
f 4247 4289 4314
f 4260 4289 4247
f 4289 4330 4314
f 4289 4260 4324
f 4330 4289 4324
f 3513 3477 3423
f 3492 3513 3423
f 3477 3513 3535
f 3535 3649 3643
f 7434 7458 7455
f 7418 7434 7455
f 7088 7127 7246
f 7088 7246 7092
f 7127 7088 7027
f 7049 7127 7027
f 6387 6385 6440
f 6385 6445 6440
f 6445 6385 6380
f 6380 6385 6281
f 6385 6387 6281
f 6479 6473 6440
f 4864 4818 4839
f 4818 4813 4839
f 3918 3965 4040
f 3608 3661 3526
f 3661 3608 3702
f 4039 4215 3902
f 3990 4305 4191
f 2548 2497 2516
f 2497 2548 2520
f 2423 2497 2520
f 2548 2593 2673
f 2593 2548 2516
f 1696 1740 1676
f 1740 1696 1697
f 2596 2548 2673
f 2548 2596 2520
f 6089 6071 6152
f 6070 6089 6086
f 6089 6070 6071
f 6278 6241 6281
f 6267 6278 6356
f 6278 6387 6356
f 6387 6278 6281
f 6071 6057 6144
f 6057 6032 6144
f 6265 6267 6356
f 6899 6854 6932
f 7005 6899 6932
f 6899 7005 6958
f 6752 6740 6854
f 7052 7015 7027
f 7015 6943 7027
f 5298 5236 5341
f 4925 4982 5018
f 6168 6121 6159
f 4959 5010 5008
f 5019 5007 4989
f 5032 5007 5019
f 4803 4840 4813
f 4797 4803 4703
f 4803 4704 4703
f 2547 2392 2417
f 1921 2141 2201
f 2238 2368 2417
f 2238 2269 2368
f 2201 2238 2417
f 2141 2238 2201
f 2238 2141 2269
f 3343 3399 3276
f 3488 3399 3343
f 3399 3488 3527
f 3256 3343 3276
f 3347 3210 3276
f 3670 3624 3687
f 3165 3076 3119
f 3303 3305 3400
f 3447 3302 3400
f 3305 3406 3400
f 4564 4477 4622
f 4345 4416 4515
f 4627 4563 4480
f 4563 4416 4480
f 4416 4563 4515
f 4563 4687 4515
f 4684 4925 4889
f 4684 4889 4822
f 4627 4684 4822
f 4910 4942 4860
f 4942 4962 4860
f 5225 5182 5226
f 4398 4441 4446
f 4330 4398 4314
f 4526 4583 4446
f 4299 4174 4223
f 4174 4299 4260
f 4351 4290 4451
f 4299 4290 4351
f 4290 4299 4223
f 4184 4290 4223
f 4290 4183 4296
f 4183 4290 4184
f 4408 4330 4324
f 4408 4501 4441
f 4501 4408 4452
f 4398 4408 4441
f 4408 4398 4330
f 4386 4290 4296
f 4290 4386 4451
f 4690 4655 4660
f 4832 5047 5095
f 4795 4832 4768
f 4753 4795 4768
f 4832 4795 4831
f 4656 4697 4617
f 4697 4656 4768
f 4656 4753 4768
f 5426 5481 5403
f 5481 5426 5462
f 2059 2379 2391
f 2379 2547 2391
f 2547 2379 2392
f 2392 2379 2069
f 1836 1919 1963
f 225 263 231
f 250 263 225
f 29 28 13
f 23 36 26
f 36 23 24
f 8 15 16
f 10 15 8
f 15 19 16
f 15 10 19
f 3 17 7
f 147 170 149
f 170 147 161
f 161 147 153
f 147 133 153
f 98 102 97
f 213 233 199
f 233 249 199
f 233 213 231
f 206 186 208
f 183 186 172
f 186 177 172
f 186 206 177
f 1641 1615 1643
f 1689 1641 1643
f 1562 1497 1557
f 1497 1456 1557
f 1405 1333 1446
f 1456 1405 1446
f 1621 1531 1620
f 1621 1653 1531
f 1653 1621 1842
f 1853 1621 1620
f 1621 1853 1842
f 2708 2737 2686
f 2737 2722 2686
f 2737 2822 2722
f 2843 2808 2907
f 2822 2861 2892
f 2861 2948 2892
f 2892 3028 3112
f 2948 3028 2892
f 3059 3041 3015
f 2645 2637 2585
f 2808 2918 2907
f 3003 3028 2948
f 2479 2411 2522
f 2564 2479 2522
f 2479 2564 2510
f 2738 2772 2831
f 2785 2900 2804
f 2918 2900 2979
f 2900 2797 2804
f 2060 2006 2076
f 2317 2346 2286
f 2320 2427 2412
f 2427 2320 2398
f 2358 2320 2412
f 2450 2609 2409
f 2684 2609 2450
f 2416 2427 2516
f 2427 2416 2412
f 2497 2416 2516
f 2416 2497 2423
f 2515 2427 2398
f 2427 2515 2516
f 2576 2515 2521
f 2317 2135 2298
f 2640 2606 2694
f 2828 2640 2694
f 3131 3067 2977
f 2688 2493 2764
f 2102 2119 2230
f 2102 2061 2119
f 2061 2102 2062
f 2260 2102 2230
f 2102 2260 2062
f 1706 1861 1767
f 1861 1942 1767
f 1915 1926 1842
f 1853 1915 1842
f 1926 1915 1949
f 1915 1853 1949
f 456 419 477
f 1612 1546 1398
f 5125 5121 5198
f 5177 5121 5085
f 5121 5177 5198
f 5351 5360 5294
f 5314 5351 5294
f 5435 5360 5351
f 3927 3832 3895
f 3832 3927 3891
f 5224 5075 5214
f 5253 5224 5214
f 5224 5253 5254
f 5075 5224 5291
f 5224 5254 5291
f 5079 5040 5125
f 5075 5106 5214
f 5028 5106 5075
f 5106 5079 5169
f 5079 5106 5022
f 5106 5028 5022
f 5333 5339 5291
f 5610 5615 5648
f 5604 5615 5597
f 5615 5604 5648
f 5615 5586 5597
f 5586 5615 5610
f 5588 5610 5611
f 5676 5626 5612
f 5443 5469 5397
f 5839 5810 5825
f 5887 5844 5886
f 5804 5807 5829
f 5807 5839 5829
f 5839 5807 5810
f 5810 5807 5781
f 5844 5822 5829
f 5822 5804 5829
f 5810 5801 5825
f 5860 5813 5854
f 5854 5813 5794
f 5789 5774 5794
f 5813 5789 5794
f 5789 5813 5802
f 5386 5372 5338
f 5372 5342 5338
f 5372 5425 5398
f 5425 5372 5445
f 5372 5386 5445
f 5523 5465 5445
f 5425 5465 5444
f 5465 5425 5445
f 5851 5859 5873
f 5945 5964 5958
f 5895 5920 5873
f 5859 5895 5873
f 5895 5859 5876
f 5151 5077 5195
f 5077 5004 5195
f 5004 5077 5042
f 5640 5654 5623
f 5552 5562 5560
f 5552 5571 5562
f 5552 5560 5533
f 5293 5274 5195
f 5325 5349 5313
f 5207 5213 5245
f 5173 5213 5207
f 5270 5313 5245
f 5231 5151 5195
f 6006 6011 5958
f 5985 5988 5997
f 6992 6951 6909
f 7243 6992 7007
f 6992 7243 6951
f 7344 7273 7334
f 7273 7307 7334
f 5919 5894 5922
f 5992 5972 5991
f 5972 5976 5991
f 6047 6079 6027
f 5922 5910 5935
f 5894 5910 5922
f 5910 5894 5880
f 5915 5921 5926
f 5996 6008 5982
f 6015 6075 6039
f 6445 6530 6560
f 6530 6445 6380
f 6952 7060 7073
f 6110 6115 6157
f 6115 6110 6093
f 7410 7402 7418
f 7399 7392 7393
f 5696 5698 5708
f 5801 5784 5803
f 5532 5565 5506
f 5860 5870 5852
f 5885 5870 5860
f 5936 5943 5923
f 5912 5936 5923
f 5936 5912 5917
f 5972 5953 5976
f 5936 5953 5943
f 5953 5936 5937
f 6012 5989 6053
f 6012 6053 6083
f 6012 6017 5991
f 5989 6012 5991
f 4733 4731 4754
f 4690 4733 4754
f 4733 4690 4660
f 4632 4733 4660
f 4731 4733 4713
f 4733 4632 4713
f 4486 4450 4511
f 5140 5168 5193
f 5140 5088 5112
f 5168 5140 5112
f 5005 4918 4972
f 5016 5052 4993
f 5065 5052 5016
f 4868 4908 4755
f 4908 4868 4955
f 4918 4873 4972
f 4775 4873 4820
f 4873 4918 4820
f 4471 4545 4511
f 4545 4471 4478
f 4766 4691 4777
f 4855 4766 4777
f 4766 4855 4787
f 4486 4536 4514
f 4536 4486 4511
f 4567 4536 4511
f 3943 3969 4013
f 3943 3877 3920
f 3969 3943 3920
f 3772 3851 3815
f 3877 3851 3920
f 3851 3877 3815
f 4018 4048 4014
f 3938 4018 4014
f 3547 3537 3476
f 3537 3547 3586
f 3586 3592 3644
f 3547 3592 3586
f 3911 3831 3854
f 3831 3911 3958
f 3957 3831 3958
f 3783 3815 3854
f 4583 4433 4446
f 4433 4583 4576
f 4146 4157 4235
f 4088 4146 4087
f 4146 4088 4157
f 4631 4632 4660
f 4602 4631 4593
f 4713 4621 4670
f 4632 4621 4713
f 4568 4621 4595
f 158 131 149
f 170 158 149
f 248 223 203
f 223 226 209
f 181 189 170
f 201 189 203
f 170 189 201
f 189 194 203
f 194 189 181
f 2369 2539 2368
f 2539 2369 2776
f 2646 2707 2647
f 2707 2771 2647
f 2858 2771 3069
f 2160 2020 2236
f 2282 2160 2236
f 2108 2160 2282
f 2020 2227 2236
f 1820 1902 1828
f 1820 1759 1968
f 1820 1968 2294
f 2351 1820 2294
f 1902 1820 2351
f 311 265 320
f 1708 1759 1605
f 1708 1822 1759
f 1535 1708 1605
f 1708 1535 1650
f 1822 1708 1650
f 4425 4569 4488
f 4569 4425 4642
f 3398 3378 3416
f 3378 3398 3421
f 3501 3398 3416
f 3398 3501 3421
f 3370 3355 3328
f 3378 3370 3328
f 3370 3378 3421
f 3338 3378 3328
f 3378 3338 3416
f 3277 3338 3328
f 3338 3277 3296
f 3460 3358 3477
f 3460 3477 3535
f 3565 3460 3535
f 3340 3284 3254
f 3284 3340 3358
f 3358 3340 3423
f 3340 3363 3423
f 3355 3320 3328
f 3277 3320 3265
f 3320 3277 3328
f 3043 2827 3045
f 2827 3043 2776
f 3043 3051 2776
f 3094 3280 3222
f 3198 3280 3045
f 3280 3094 3045
f 3186 3198 3069
f 3365 3402 3397
f 3963 4057 4020
f 3910 3964 3904
f 3833 3695 3771
f 3572 3695 3690
f 3585 3695 3572
f 3888 3833 3896
f 3863 3833 3771
f 3833 3863 3896
f 3585 3549 3594
f 3771 3761 3798
f 3925 3954 3908
f 3925 3842 3900
f 3842 3925 3908
f 3556 3572 3690
f 3556 3466 3572
f 3879 3882 3900
f 3879 3794 3882
f 3888 3746 3833
f 3695 3746 3690
f 3746 3695 3833
f 3274 3259 3222
f 4183 4254 4296
f 4254 4183 4216
f 4183 4119 4070
f 4119 4183 4184
f 4119 4018 4070
f 4048 4119 4184
f 4018 4119 4048
f 4091 3925 3900
f 4079 4183 4070
f 4183 4079 4216
f 4086 4022 4046
f 4079 4170 4216
f 4170 4079 4064
f 3382 3377 3355
f 3617 3609 3605
f 3670 3617 3624
f 3617 3670 3609
f 3501 3485 3421
f 3708 3772 3815
f 3754 3851 3772
f 3708 3754 3772
f 3649 3754 3643
f 3754 3708 3643
f 3681 3804 3811
f 3754 3681 3811
f 3681 3754 3649
f 3745 3670 3687
f 3670 3745 3736
f 7419 7434 7418
f 7419 7426 7434
f 7419 7418 7416
f 7347 7345 7318
f 7457 7433 7447
f 7127 7130 7246
f 7049 7130 7127
f 7248 7288 7290
f 7248 7147 7213
f 7063 7085 7092
f 7085 7088 7092
f 7052 7085 7063
f 7088 7085 7027
f 7085 7052 7027
f 6764 6963 6932
f 6952 6999 6967
f 6857 6952 6967
f 6541 6616 6582
f 6808 6861 6860
f 6861 6808 6843
f 6866 6963 6764
f 6963 6866 6914
f 4818 4757 4813
f 4803 4757 4704
f 4757 4803 4813
f 4757 4702 4704
f 3413 3671 3386
f 2995 3040 3015
f 3040 2995 2956
f 2595 2564 2522
f 2549 2595 2522
f 3994 4089 3965
f 3661 3641 3526
f 3451 3462 3409
f 3948 4039 3902
f 3878 3948 3902
f 3948 3878 3886
f 3784 3701 3686
f 3767 3784 3686
f 3878 3784 3886
f 3784 3767 3886
f 4335 4412 4355
f 4412 4335 4379
f 4573 4519 4603
f 4519 4573 4518
f 4335 4298 4379
f 4298 4363 4379
f 4305 4298 4191
f 4298 4305 4363
f 4305 4396 4363
f 4477 4410 4303
f 4410 4215 4303
f 4564 4410 4477
f 5568 5537 5535
f 5537 5568 5538
f 5407 5493 5370
f 5553 5617 5561
f 5617 5568 5561
f 5450 5553 5561
f 2577 2576 2678
f 2593 2577 2678
f 2577 2593 2516
f 2515 2577 2516
f 2577 2515 2576
f 1572 1391 1546
f 2617 2683 2626
f 3301 3386 3306
f 2596 2486 2520
f 2520 2486 2429
f 2486 2425 2429
f 6233 6278 6267
f 6278 6233 6241
f 6265 6233 6267
f 6233 6265 6208
f 6179 6152 6144
f 6179 6189 6152
f 6179 6233 6189
f 6055 6057 6071
f 6057 6055 6032
f 6387 6416 6356
f 6416 6387 6444
f 6255 6293 6252
f 6255 6265 6293
f 6193 6148 6152
f 6195 6193 6152
f 6189 6186 6152
f 6186 6195 6152
f 6195 6186 6208
f 6186 6233 6208
f 6233 6186 6189
f 6228 6288 6204
f 7005 6990 6958
f 7028 6990 7030
f 6990 7028 6997
f 6740 6744 6854
f 6744 6740 6695
f 6571 6415 6487
f 6740 6708 6695
f 6708 6740 6752
f 6890 6859 6885
f 6859 6890 6908
f 6956 6990 6997
f 6990 6956 6958
f 6849 6752 6854
f 7325 7327 7290
f 7284 7325 7290
f 7005 6996 7064
f 6634 6764 6932
f 6590 6634 6632
f 6854 6634 6932
f 6744 6634 6854
f 6632 6634 6695
f 6634 6744 6695
f 6228 6274 6288
f 6274 6228 6230
f 6415 6429 6487
f 6220 6203 6204
f 6254 6220 6204
f 6823 6873 6871
f 6859 6823 6799
f 6823 6859 6873
f 7092 6936 7029
f 7050 7052 7063
f 7052 7050 7015
f 7061 6993 7015
f 7061 7050 7063
f 7050 7061 7015
f 7055 7061 7092
f 7061 7063 7092
f 5399 5350 5326
f 5316 5343 5278
f 5343 5326 5278
f 5343 5399 5326
f 5399 5343 5387
f 5236 5209 5216
f 5209 5160 5216
f 5331 5298 5341
f 5491 5331 5341
f 5378 5331 5491
f 5010 5056 5008
f 5056 5032 5120
f 5056 5010 5032
f 4974 5033 4970
f 4974 4970 4892
f 5341 5284 5394
f 5216 5284 5341
f 4661 4564 4622
f 4661 4616 4538
f 4616 4736 4703
f 4616 4661 4736
f 4889 4984 4986
f 4925 4984 4889
f 6089 6114 6086
f 6148 6114 6152
f 6114 6089 6152
f 5010 4999 5032
f 4999 5007 5032
f 5007 4999 4989
f 4999 4945 4989
f 4945 4999 4959
f 4999 5010 4959
f 2670 2664 2417
f 2664 2547 2417
f 2246 2369 2368
f 2269 2246 2368
f 2141 2246 2269
f 2003 2201 2069
f 2003 1921 2201
f 1921 1844 2141
f 3348 3347 3276
f 3399 3348 3276
f 3348 3357 3347
f 3348 3399 3357
f 3195 3256 3276
f 3210 3195 3276
f 3195 3210 3131
f 3195 3131 3132
f 3256 3195 3132
f 2896 2911 2764
f 2911 2813 2764
f 2242 2059 2391
f 3665 3670 3736
f 3609 3665 3666
f 3670 3665 3609
f 3181 3165 3119
f 3165 3111 3076
f 3253 3249 3288
f 3249 3253 3175
f 3303 3269 3305
f 3175 3161 3125
f 3085 3089 3038
f 2622 2714 2598
f 2651 2714 2854
f 2651 2896 2764
f 2896 2651 2854
f 3330 3342 3300
f 3270 3256 3132
f 2989 3049 3132
f 3287 3269 3303
f 3287 3303 3400
f 3302 3287 3400
f 3339 3354 3330
f 3239 3330 3300
f 3491 3406 3426
f 3460 3491 3426
f 3491 3460 3565
f 3406 3491 3400
f 3491 3447 3400
f 4416 4328 4480
f 4563 4758 4687
f 4758 4822 4957
f 4687 4758 4957
f 4758 4627 4822
f 4758 4563 4627
f 4684 4752 4925
f 4605 4752 4684
f 3494 3608 3526
f 3555 3654 3608
f 3608 3750 3702
f 3654 3750 3608
f 3750 3822 3862
f 4925 4917 4982
f 4917 4962 4982
f 5269 5225 5312
f 5255 5269 5312
f 5269 5255 5225
f 3917 4028 3924
f 4605 4521 4424
f 4521 4605 4684
f 4521 4627 4480
f 4521 4684 4627
f 4272 4306 4264
f 4675 4690 4727
f 4675 4655 4690
f 4404 4398 4446
f 4404 4367 4314
f 4398 4404 4314
f 4526 4599 4583
f 4795 4776 4831
f 4776 4795 4753
f 4599 4649 4583
f 4862 4771 4804
f 4599 4674 4673
f 4674 4599 4659
f 4659 4677 4692
f 4841 4774 4796
f 4674 4712 4771
f 4712 4659 4692
f 4712 4674 4659
f 4501 4490 4441
f 4441 4490 4446
f 4490 4526 4446
f 4493 4452 4451
f 4493 4520 4452
f 4565 4501 4452
f 4520 4565 4452
f 4452 4342 4351
f 4408 4342 4452
f 4342 4408 4324
f 4342 4299 4351
f 4260 4342 4324
f 4299 4342 4260
f 4460 4414 4370
f 4460 4486 4514
f 4414 4354 4370
f 4580 4558 4593
f 4558 4475 4438
f 4655 4612 4660
f 4612 4631 4660
f 4612 4580 4593
f 4631 4612 4593
f 4612 4614 4580
f 4614 4612 4655
f 5084 5034 5071
f 5034 5020 5071
f 4998 5020 5034
f 5020 4998 4978
f 4879 4913 4978
f 4998 4879 4978
f 4879 4831 4857
f 4879 4998 4831
f 4913 4981 4978
f 5204 5207 5245
f 5204 5173 5207
f 5193 5196 5245
f 5168 5196 5193
f 5196 5204 5245
f 5204 5196 5173
f 5099 5052 5142
f 5047 5082 5095
f 5082 5047 5107
f 5038 4998 5034
f 4998 5038 4831
f 5047 5038 5107
f 5038 4832 4831
f 5038 5047 4832
f 5518 5520 5498
f 5500 5518 5498
f 5442 5413 5463
f 5413 5405 5463
f 5405 5413 5388
f 5481 5526 5527
f 5227 5290 5201
f 5172 5227 5201
f 5263 5251 5187
f 5251 5185 5187
f 5185 5156 5187
f 5095 5185 5226
f 5156 5185 5095
f 5129 5084 5137
f 5156 5136 5187
f 5136 5167 5187
f 5129 5136 5107
f 5136 5129 5167
f 5361 5345 5403
f 5481 5361 5403
f 5330 5361 5527
f 5361 5481 5527
f 5462 5402 5417
f 5426 5402 5462
f 5402 5389 5417
f 2379 2055 2069
f 2055 2379 2059
f 1591 1599 1719
f 1026 1148 1065
f 736 670 524
f 1502 1431 1447
f 195 216 208
f 186 195 208
f 195 186 183
f 235 244 208
f 216 235 208
f 263 254 231
f 254 233 231
f 233 254 249
f 239 206 208
f 244 239 208
f 260 239 244
f 206 239 225
f 239 250 225
f 25 31 24
f 31 36 24
f 31 25 30
f 41 38 47
f 96 97 93
f 96 98 97
f 98 105 102
f 108 105 109
f 105 108 102
f 539 493 373
f 1766 1653 1842
f 1926 1859 1842
f 1859 1766 1842
f 1766 1859 1795
f 1795 1859 1982
f 2783 2737 2708
f 2783 2843 2837
f 2737 2811 2822
f 2861 2811 2837
f 2811 2861 2822
f 2811 2783 2837
f 2783 2811 2737
f 3041 3006 3015
f 3006 3041 2979
f 2749 2745 2797
f 2749 2637 2645
f 2745 2749 2645
f 2840 2918 2808
f 2749 2840 2808
f 2840 2749 2797
f 2900 2840 2797
f 2840 2900 2918
f 2927 3003 2948
f 2927 2861 2837
f 2861 2927 2948
f 2927 2985 3003
f 2843 2927 2837
f 3003 3066 3028
f 3066 3099 3112
f 3028 3066 3112
f 3066 3050 3099
f 2592 2657 2585
f 2657 2645 2585
f 2657 2745 2645
f 2619 2537 2580
f 2619 2592 2537
f 2619 2657 2592
f 2395 2479 2510
f 2487 2395 2510
f 2395 2319 2326
f 2319 2395 2357
f 2395 2487 2357
f 2411 2395 2326
f 2479 2395 2411
f 2797 2746 2804
f 2745 2746 2797
f 2882 2738 2831
f 3006 2966 3015
f 2472 2440 2535
f 2697 2682 2602
f 2682 2563 2602
f 2563 2682 2635
f 2563 2601 2602
f 2104 2060 2076
f 2237 2104 2076
f 2609 2413 2409
f 2413 2317 2409
f 2413 2346 2317
f 2293 2320 2250
f 2346 2293 2286
f 2293 2346 2398
f 2320 2293 2398
f 2384 2358 2412
f 2416 2384 2412
f 2384 2416 2423
f 568 656 541
f 656 568 634
f 1657 1639 1571
f 1639 1657 1865
f 528 568 541
f 373 322 348
f 342 322 373
f 299 322 342
f 2182 2317 2286
f 2182 2135 2317
f 2266 2203 2247
f 2174 2135 2053
f 2046 2174 2053
f 2135 2174 2298
f 2685 2684 2450
f 2640 2685 2450
f 2685 2640 2828
f 2723 2828 2694
f 2305 2266 2247
f 2305 2356 2266
f 2255 2305 2247
f 2356 2531 2450
f 2531 2640 2450
f 2640 2531 2606
f 2893 2845 2870
f 2845 2989 2977
f 2845 2893 2989
f 3067 2940 2977
f 2198 2112 2114
f 2248 2239 2119
f 2112 2248 2119
f 2198 2248 2112
f 2248 2198 2280
f 2248 2280 2326
f 2239 2248 2326
f 1976 2062 1924
f 1976 2061 2062
f 1976 1985 2061
f 2061 2017 2119
f 1985 2017 2061
f 1791 1763 1655
f 1839 1763 1791
f 1942 1862 1767
f 1862 1942 1918
f 1672 1861 1706
f 694 780 627
f 780 694 789
f 995 886 949
f 886 995 972
f 977 972 1048
f 489 477 633
f 558 489 633
f 649 558 633
f 1827 1740 1697
f 1827 1697 1546
f 1612 1827 1546
f 987 1037 839
f 1156 1242 1257
f 1156 977 1048
f 977 1156 1079
f 1356 1399 1391
f 1312 1356 1391
f 1399 1356 1398
f 1356 1364 1398
f 5070 5121 5125
f 5070 5040 5011
f 5040 5070 5125
f 5334 5335 5328
f 5381 5443 5397
f 5210 5106 5169
f 5360 5323 5294
f 5323 5334 5294
f 5334 5323 5335
f 5435 5436 5360
f 5489 5396 5408
f 5396 5321 5408
f 5396 5314 5321
f 5314 5396 5351
f 3940 3913 3899
f 3913 3876 3899
f 3876 3913 3895
f 3832 3876 3895
f 3876 3832 3800
f 4102 4117 4178
f 4117 4047 4178
f 4047 4117 4102
f 3891 3893 3835
f 3927 3893 3891
f 4683 4809 4781
f 4683 4668 4809
f 4668 4683 4606
f 4647 4738 4650
f 5079 5157 5169
f 5157 5079 5125
f 5287 5250 5256
f 5250 5287 5314
f 5314 5287 5321
f 5287 5258 5321
f 5287 5256 5258
f 5344 5352 5377
f 5339 5375 5356
f 5565 5536 5506
f 5563 5536 5565
f 5563 5589 5600
f 5589 5563 5565
f 5559 5563 5600
f 5401 5352 5397
f 5469 5401 5397
f 5352 5401 5377
f 5855 5839 5825
f 5868 5919 5886
f 5919 5868 5894
f 5844 5868 5886
f 5813 5835 5802
f 5835 5860 5852
f 5835 5813 5860
f 5835 5797 5802
f 5551 5548 5505
f 5548 5415 5505
f 5415 5548 5523
f 5582 5548 5551
f 5404 5523 5445
f 5404 5415 5523
f 5386 5404 5445
f 5404 5386 5356
f 5415 5404 5356
f 5822 5792 5804
f 5557 5465 5523
f 5820 5856 5873
f 5856 5851 5873
f 5856 5830 5851
f 5836 5820 5812
f 5830 5836 5812
f 5836 5856 5820
f 5856 5836 5830
f 5963 5961 5978
f 6006 5987 5978
f 5987 5963 5978
f 5963 5987 5964
f 5987 6006 5958
f 5964 5987 5958
f 5897 5895 5876
f 5895 5897 5920
f 5920 5934 5958
f 5934 5945 5958
f 5934 5924 5945
f 5897 5934 5920
f 5934 5897 5924
f 5109 5077 5151
f 5173 5109 5151
f 5077 5109 5042
f 5109 4972 5042
f 5643 5624 5652
f 5665 5643 5652
f 5643 5665 5650
f 5640 5625 5654
f 5625 5583 5594
f 5625 5640 5623
f 5583 5569 5542
f 5625 5569 5583
f 5571 5569 5623
f 5569 5625 5623
f 5552 5545 5571
f 5569 5545 5542
f 5545 5569 5571
f 5281 5325 5313
f 5281 5274 5325
f 5383 5372 5398
f 5372 5383 5342
f 5213 5234 5245
f 5234 5270 5245
f 5270 5234 5246
f 5202 5173 5151
f 5202 5213 5173
f 5231 5202 5151
f 5202 5231 5246
f 5274 5228 5195
f 5228 5231 5195
f 5281 5228 5274
f 5228 5281 5231
f 5998 6011 6006
f 5998 5985 5997
f 5944 5940 5961
f 5963 5944 5961
f 5905 5906 5925
f 5988 5971 5962
f 5985 5971 5988
f 5971 5940 5962
f 5940 5971 5961
f 7334 7352 7382
f 7307 7257 7311
f 7391 7267 7343
f 6992 6960 7007
f 6960 6992 6909
f 7287 7344 7343
f 7287 7273 7344
f 5907 5933 5926
f 5887 5933 5907
f 5933 5887 5886
f 5919 5933 5886
f 5975 5972 5992
f 5966 5986 5994
f 5939 5922 5935
f 6007 6031 5999
f 6007 5992 6017
f 6100 6090 6224
f 6182 6100 6224
f 6100 6052 6090
f 6012 6052 6017
f 6090 6052 6083
f 6052 6012 6083
f 6128 6100 6182
f 6100 6128 6108
f 6173 6224 6248
f 6173 6182 6224
f 6047 6117 6079
f 6117 6178 6156
f 6079 6117 6156
f 5965 5946 5947
f 5965 5996 5982
f 5927 5946 5932
f 5946 5927 5947
f 5921 5898 5907
f 5915 5898 5921
f 6101 6079 6156
f 6075 6101 6039
f 6015 6078 6075
f 6101 6078 6079
f 6078 6101 6075
f 6079 6078 6027
f 6078 6015 6027
f 5980 5966 5994
f 5965 5983 5996
f 5960 5980 5974
f 6258 6211 6156
f 6151 6146 6106
f 6211 6151 6156
f 6151 6101 6156
f 6101 6151 6106
f 6244 6299 6378
f 6299 6431 6378
f 6431 6488 6378
f 6077 6115 6093
f 5969 5979 5990
f 5965 5979 5946
f 5946 5979 5932
f 5979 5969 5932
f 5979 5965 5982
f 5973 5988 5962
f 5969 5973 5962
f 5988 5973 6020
f 6414 6318 6317
f 6421 6414 6472
f 6421 6318 6414
f 6979 6937 6982
f 6979 7060 6952
f 7413 7473 7412
f 7400 7399 7393
f 7399 7400 7405
f 7374 7400 7393
f 7422 7417 7408
f 7414 7408 7405
f 7415 7414 7405
f 7414 7422 7408
f 7422 7414 7423
f 7414 7415 7423
f 7411 7415 7405
f 7424 7411 7425
f 7411 7424 7423
f 7415 7411 7423
f 7411 7374 7425
f 7400 7411 7405
f 7411 7400 7374
f 5698 5670 5676
f 5670 5698 5696
f 5666 5670 5696
f 5670 5626 5676
f 5620 5670 5666
f 5670 5620 5626
f 5589 5620 5600
f 5620 5589 5626
f 5666 5675 5674
f 5784 5799 5803
f 5791 5784 5801
f 5791 5810 5781
f 5791 5801 5810
f 5661 5666 5674
f 5661 5620 5666
f 5631 5603 5573
f 5603 5631 5651
f 5441 5486 5443
f 5441 5381 5412
f 5381 5441 5443
f 5436 5441 5412
f 5486 5441 5512
f 5441 5436 5512
f 5485 5486 5506
f 5486 5485 5443
f 5443 5485 5469
f 5536 5485 5506
f 5485 5536 5469
f 5486 5531 5506
f 5531 5532 5506
f 5531 5486 5512
f 5532 5531 5512
f 5575 5611 5612
f 5435 5501 5570
f 5586 5501 5597
f 5954 5953 5937
f 5953 5954 5976
f 5899 5896 5917
f 5870 5896 5899
f 5896 5870 5885
f 5989 5956 5970
f 5956 5955 5970
f 5956 5989 5976
f 5954 5956 5976
f 5956 5954 5955
f 4411 4460 4370
f 4460 4411 4486
f 5052 5134 5142
f 5134 5052 5065
f 5134 5065 5088
f 5140 5134 5088
f 5017 5065 5016
f 5065 5017 5088
f 4873 4940 4972
f 4972 4940 5042
f 4940 4908 5042
f 4908 4829 4784
f 4829 4873 4775
f 4940 4829 4908
f 4829 4940 4873
f 4829 4735 4784
f 4735 4829 4775
f 4440 4450 4402
f 4450 4440 4511
f 4440 4471 4511
f 4471 4429 4478
f 4827 4767 4787
f 4868 4827 4955
f 4827 4868 4755
f 4767 4827 4755
f 4935 4827 4787
f 4827 4935 4955
f 4700 4715 4755
f 4715 4767 4755
f 4770 4766 4787
f 4767 4770 4787
f 4582 4575 4594
f 4536 4582 4514
f 4582 4536 4567
f 4575 4582 4567
f 3980 3943 4013
f 4088 3980 4013
f 3861 3926 3938
f 3861 3754 3811
f 3754 3861 3851
f 3861 3938 3920
f 3851 3861 3920
f 3926 4005 3938
f 4005 4018 3938
f 4018 4005 4070
f 3339 3443 3354
f 3529 3537 3579
f 3437 3488 3343
f 4129 4146 4235
f 4146 4129 4087
f 3592 3647 3644
f 3544 3592 3547
f 3544 3443 3496
f 3443 3544 3547
f 3534 3544 3496
f 3495 3534 3496
f 3883 3957 3937
f 3883 3831 3957
f 3818 3883 3840
f 3783 3789 3721
f 3831 3789 3854
f 3789 3783 3854
f 3677 3721 3657
f 3708 3677 3643
f 4624 4631 4602
f 4631 4624 4632
f 4624 4602 4595
f 4621 4624 4595
f 4624 4621 4632
f 4621 4636 4670
f 108 106 102
f 97 106 95
f 102 106 97
f 115 108 109
f 108 115 131
f 117 116 133
f 116 132 133
f 114 116 109
f 116 115 109
f 115 116 117
f 131 136 149
f 115 136 131
f 136 115 117
f 226 240 246
f 2539 2540 2368
f 2540 2539 2776
f 2607 2692 2858
f 2634 2692 2607
f 2692 2771 2858
f 2771 2692 2647
f 2692 2634 2647
f 2223 2020 1712
f 2223 2227 2020
f 2010 2108 2150
f 2010 1936 2108
f 1148 1069 1065
f 1069 1148 1116
f 1359 1407 1255
f 1407 1359 1460
f 1661 1820 1828
f 1061 1099 985
f 1099 1061 1357
f 311 344 405
f 344 448 405
f 344 311 320
f 4137 4138 4323
f 3964 4072 4021
f 4426 4444 4488
f 4444 4426 4323
f 4545 4571 4711
f 4571 4545 4478
f 4638 4569 4642
f 3255 3212 3265
f 3169 3128 3234
f 3128 3259 3234
f 3384 3370 3421
f 3384 3382 3355
f 3370 3384 3355
f 3076 3044 3119
f 3353 3460 3426
f 3460 3353 3358
f 3358 3353 3288
f 3353 3253 3288
f 3253 3353 3305
f 3353 3406 3305
f 3406 3353 3426
f 3313 3377 3363
f 3054 3043 3045
f 3054 3077 3051
f 3043 3054 3051
f 3394 3379 3222
f 3280 3394 3222
f 3289 3247 3261
f 3186 3247 3198
f 3247 3186 3261
f 3335 3345 3397
f 3345 3365 3397
f 4115 4057 3995
f 3955 3963 4020
f 4057 3982 3995
f 3963 3982 4057
f 3982 3919 3995
f 4033 3930 4035
f 4559 4668 4606
f 4073 4110 4082
f 4255 4201 4253
f 4255 4181 4201
f 4181 4255 4234
f 4293 4297 4253
f 4297 4255 4253
f 4255 4297 4317
f 4240 4326 4341
f 4326 4240 4234
f 3760 3814 3744
f 3919 3942 3995
f 4008 3942 3946
f 3942 4008 3995
f 3200 3101 3001
f 3101 3095 3001
f 3294 3280 3198
f 3247 3294 3198
f 3402 3435 3397
f 3461 3414 3397
f 3435 3461 3397
f 3487 3585 3572
f 3466 3487 3572
f 3761 3741 3798
f 3894 3910 3904
f 3700 3585 3594
f 3700 3695 3585
f 3695 3700 3771
f 3700 3761 3771
f 3761 3700 3712
f 3867 3771 3798
f 3867 3863 3771
f 3867 3894 3904
f 3906 3904 4021
f 3896 3906 4021
f 3863 3906 3896
f 3906 3867 3904
f 3867 3906 3863
f 3954 3949 3908
f 3986 3949 3954
f 3466 3446 3444
f 3556 3446 3466
f 3842 3826 3900
f 3794 3826 3757
f 3676 3729 3757
f 3676 3653 3655
f 3729 3676 3655
f 3725 3656 3664
f 3797 3888 3882
f 3797 3746 3888
f 3794 3797 3882
f 4256 4197 4309
f 4360 4256 4309
f 4256 4360 4203
f 4287 4137 4323
f 4426 4287 4323
f 3307 3296 3234
f 3259 3307 3234
f 3331 3319 3274
f 3319 3259 3274
f 3319 3307 3259
f 3286 3274 3222
f 3286 3331 3274
f 3331 3286 3379
f 3361 3331 3379
f 3319 3361 3364
f 3361 3319 3331
f 3441 3428 3364
f 3676 3599 3653
f 4128 4170 4064
f 3668 3642 3591
f 3874 3875 3968
f 3465 3377 3382
f 3363 3465 3492
f 3377 3465 3363
f 3562 3513 3492
f 3561 3617 3605
f 3465 3515 3492
f 3515 3562 3492
f 3562 3515 3554
f 3681 3726 3804
f 3738 3747 3687
f 3747 3745 3687
f 3875 3825 3849
f 3747 3825 3745
f 3874 3825 3875
f 7458 7442 7454
f 7434 7442 7458
f 7435 7442 7434
f 7424 7429 7423
f 7429 7428 7423
f 7429 7424 7425
f 7353 7347 7362
f 7347 7353 7345
f 7457 7456 7433
f 7218 7248 7213
f 7218 7288 7248
f 7288 7253 7290
f 7218 7253 7288
f 7253 7187 7290
f 7253 7139 7187
f 7147 7137 7213
f 7144 7248 7246
f 7144 7147 7248
f 7130 7144 7246
f 7144 7130 7049
f 7042 7117 7030
f 6990 7042 7030
f 7042 6990 7005
f 7011 6963 7001
f 6963 6954 7001
f 6954 6963 6914
f 6861 6912 6860
f 6927 6912 6861
f 7002 6952 7073
f 7002 6999 6952
f 6999 7016 6967
f 6771 6829 6952
f 6856 6857 6967
f 6774 6771 6952
f 6857 6774 6952
f 6771 6774 6731
f 6974 6856 6967
f 6856 6974 6928
f 6974 6971 6928
f 6971 6974 7021
f 6847 6795 6789
f 6947 6910 7006
f 6910 6947 6945
f 6812 6910 6850
f 6812 6768 6772
f 6541 6580 6481
f 6580 6541 6582
f 6434 6541 6481
f 6416 6434 6413
f 6526 6616 6541
f 6387 6448 6444
f 6766 6802 6764
f 6802 6866 6764
f 6721 6766 6764
f 6870 6818 6846
f 4530 4474 4518
f 4637 4573 4603
f 4759 4740 4748
f 4750 4740 4759
f 4710 4740 4750
f 4682 4710 4646
f 4682 4740 4710
f 4740 4682 4748
f 4911 4836 4875
f 4785 4759 4748
f 4726 4702 4757
f 3866 3952 3918
f 4025 4094 4077
f 3952 3959 3918
f 2930 3040 2956
f 2930 2882 2831
f 2882 2930 2956
f 2738 2700 2772
f 2700 2595 2717
f 2661 2700 2738
f 2595 2700 2564
f 2700 2661 2564
f 4392 4291 4373
f 4281 4291 4251
f 3918 3989 3965
f 3989 3994 3965
f 3994 3989 4056
f 4236 4204 4251
f 3451 3486 3462
f 3486 3550 3462
f 3803 3550 3701
f 3506 3550 3803
f 3707 3767 3686
f 3641 3707 3686
f 3707 3641 3661
f 3707 3661 3702
f 3750 3777 3702
f 3777 3750 3862
f 3777 3707 3702
f 3707 3777 3767
f 3973 3934 3976
f 3973 3948 3886
f 3934 3973 3886
f 4143 4144 4051
f 4422 4412 4379
f 4482 4519 4518
f 4502 4539 4555
f 4579 4502 4555
f 4304 4335 4355
f 4348 4304 4355
f 4037 3990 4191
f 4058 4037 4191
f 4396 4394 4465
f 4394 4396 4305
f 4410 4394 4305
f 5508 5490 5535
f 5490 5568 5535
f 5490 5399 5387
f 5490 5508 5439
f 5399 5490 5439
f 5493 5567 5553
f 5617 5567 5636
f 5567 5617 5553
f 5407 5457 5493
f 5430 5450 5561
f 5568 5430 5561
f 5430 5490 5387
f 5490 5430 5568
f 5390 5316 5370
f 5430 5390 5450
f 5431 5493 5553
f 5450 5431 5553
f 5390 5431 5450
f 5493 5431 5370
f 5431 5390 5370
f 5350 5289 5326
f 1735 1806 1850
f 1740 1775 1676
f 1775 1785 1676
f 1588 1629 1676
f 1629 1696 1676
f 1697 1573 1546
f 1573 1572 1546
f 1696 1573 1697
f 1629 1573 1696
f 1573 1629 1572
f 1304 1242 1181
f 1304 1353 1242
f 1304 1312 1391
f 1353 1304 1391
f 1242 1277 1257
f 1353 1277 1242
f 1541 1629 1588
f 1629 1541 1572
f 1572 1541 1391
f 2559 2617 2626
f 2665 2697 2602
f 2683 2629 2626
f 2631 2629 2683
f 3061 3097 3104
f 2665 2724 2697
f 2726 2609 2684
f 2599 2726 2678
f 2726 2599 2609
f 3236 3323 3282
f 3268 3236 3167
f 3192 3123 3048
f 3042 3079 3167
f 3192 3042 3167
f 3042 3192 3048
f 3157 3268 3167
f 3079 3157 3167
f 3150 3171 3096
f 2957 3029 2959
f 2821 2859 2825
f 3301 3267 3386
f 3156 3173 3183
f 2213 2237 2076
f 2323 2327 2380
f 2327 2323 2262
f 2835 2799 2832
f 6241 6181 6144
f 6181 6179 6144
f 6233 6181 6241
f 6179 6181 6233
f 6055 6042 6032
f 6070 6042 6071
f 6042 6055 6071
f 6416 6411 6356
f 6411 6416 6413
f 6424 6434 6481
f 6434 6424 6413
f 6341 6424 6363
f 6265 6221 6208
f 6255 6221 6265
f 6221 6255 6252
f 6051 6113 6118
f 6242 6277 6264
f 6277 6294 6264
f 6294 6277 6340
f 6231 6274 6230
f 6153 6122 6118
f 6122 6153 6164
f 6159 6161 6204
f 6161 6228 6204
f 6708 6643 6695
f 6643 6708 6687
f 6643 6632 6695
f 6643 6571 6487
f 6643 6590 6632
f 6590 6643 6487
f 6905 6859 6908
f 6859 6905 6873
f 6933 6905 6908
f 6917 6899 6958
f 6956 6917 6958
f 6859 6851 6885
f 6851 6859 6799
f 6849 6798 6752
f 6798 6851 6799
f 7091 7167 7178
f 7167 7244 7178
f 7244 7167 7242
f 7011 7167 7091
f 7278 7325 7284
f 7244 7278 7284
f 7278 7244 7242
f 7139 7135 7064
f 7135 7042 7064
f 7042 7135 7117
f 7117 7135 7193
f 7135 7253 7193
f 7253 7135 7139
f 7191 7280 7187
f 7280 7284 7290
f 7187 7280 7290
f 7280 7244 7284
f 7244 7280 7191
f 7171 7091 7178
f 7244 7171 7178
f 7171 7244 7191
f 7113 7191 7187
f 7171 7113 7091
f 7113 7171 7191
f 7113 7139 7064
f 7139 7113 7187
f 6972 7005 6932
f 6972 6996 7005
f 6963 6972 6932
f 6437 6394 6326
f 6489 6590 6487
f 6590 6489 6549
f 6549 6489 6406
f 6429 6489 6487
f 6634 6586 6764
f 6586 6721 6764
f 6419 6486 6418
f 6486 6419 6466
f 6311 6429 6415
f 6429 6311 6328
f 6311 6294 6328
f 6294 6311 6274
f 6400 6340 6406
f 6489 6400 6406
f 6400 6489 6429
f 6201 6168 6203
f 6220 6201 6203
f 6906 6933 6943
f 6904 6941 6936
f 6936 6941 7029
f 6989 6987 6940
f 6987 7031 7029
f 6941 6987 7029
f 6939 6943 7015
f 6939 6906 6943
f 6906 6939 6922
f 6989 6948 6993
f 6993 6948 7015
f 6948 6939 7015
f 6939 6948 6922
f 6948 6989 6940
f 6906 6876 6872
f 6876 6906 6922
f 6943 6977 7027
f 6933 6977 6943
f 5424 5399 5439
f 5348 5378 5347
f 5348 5331 5378
f 5056 5024 5008
f 5024 5056 5033
f 4974 5024 5033
f 5241 5189 5179
f 5189 5241 5300
f 4661 4572 4564
f 4572 4538 4465
f 4572 4661 4538
f 5006 4925 5018
f 5006 4984 4925
f 4984 5006 4986
f 6122 6130 6121
f 6016 6070 6086
f 6114 6045 6086
f 6149 6045 6114
f 6222 6256 6253
f 6256 6222 6252
f 6222 6221 6252
f 2819 2974 2853
f 2974 2819 2844
f 2990 2974 2844
f 2974 2990 3022
f 2664 2788 2547
f 2788 2819 2547
f 2819 2788 2844
f 2788 2664 2670
f 2547 2632 2391
f 2819 2632 2547
f 2369 2240 2150
f 2246 2240 2369
f 2240 2144 2150
f 2144 2240 2141
f 2240 2246 2141
f 1844 1751 1679
f 1742 1751 1844
f 3405 3316 3357
f 3237 3316 3281
f 3102 3052 3019
f 3210 3139 3131
f 3139 3067 3131
f 3237 3139 3210
f 2893 2890 2989
f 2890 2893 2870
f 2813 2890 2870
f 2753 2813 2870
f 2845 2753 2870
f 2753 2688 2764
f 2813 2753 2764
f 2757 2691 2669
f 2806 2757 2786
f 2242 2056 2059
f 1617 1734 1770
f 3166 3111 3165
f 3166 3175 3125
f 3111 3166 3125
f 3283 3248 3284
f 3283 3358 3288
f 3283 3284 3358
f 3249 3283 3288
f 3283 3249 3248
f 3284 3240 3254
f 3248 3240 3284
f 3240 3181 3254
f 3181 3240 3165
f 3240 3166 3165
f 3166 3240 3248
f 3181 3213 3254
f 3213 3255 3254
f 3212 3213 3199
f 3213 3212 3255
f 3083 3084 3030
f 3161 3083 3125
f 3221 3249 3175
f 3249 3221 3248
f 3166 3221 3175
f 3221 3166 3248
f 3260 3253 3305
f 3269 3260 3305
f 3253 3180 3175
f 3180 3161 3175
f 2767 2806 2846
f 2757 2767 2691
f 2767 2757 2806
f 2833 2767 2846
f 3084 3039 3030
f 3039 3084 3091
f 3168 3243 3203
f 3243 3290 3203
f 3290 3243 3302
f 3243 3287 3302
f 3243 3168 3201
f 3287 3243 3201
f 3145 3203 3133
f 3145 3168 3203
f 3168 3145 3089
f 3148 3135 3161
f 3084 3135 3091
f 3135 3083 3161
f 3083 3135 3084
f 3091 3093 3038
f 3093 3085 3038
f 3135 3093 3091
f 3093 3135 3148
f 3168 3146 3201
f 3146 3168 3089
f 3085 3146 3089
f 3146 3093 3148
f 3093 3146 3085
f 2562 2622 2598
f 2562 2448 2465
f 2714 2829 2854
f 3089 2969 3038
f 2714 2584 2598
f 2651 2584 2714
f 2584 2562 2598
f 2562 2584 2448
f 2288 2372 2311
f 2493 2523 2764
f 2523 2651 2764
f 2523 2372 2448
f 2523 2584 2651
f 2584 2523 2448
f 3242 3239 3300
f 3342 3321 3300
f 2937 3049 2989
f 2890 2937 2989
f 2937 2813 2911
f 2937 2890 2813
f 3312 3290 3302
f 3290 3215 3203
f 3203 3215 3133
f 3231 3215 3324
f 3215 3290 3324
f 3239 3308 3330
f 3308 3239 3231
f 3308 3231 3324
f 3339 3308 3324
f 3308 3339 3330
f 3239 3174 3231
f 3215 3174 3133
f 3174 3215 3231
f 4301 4328 4416
f 4306 4319 4264
f 3822 3933 3862
f 3933 3934 3862
f 3916 3883 3937
f 3883 3916 3840
f 3488 3616 3527
f 2921 2879 2828
f 2898 2879 2921
f 2902 2879 2898
f 2879 2902 2901
f 2685 2879 2901
f 2879 2685 2828
f 3056 3032 3007
f 3032 3064 3068
f 3064 3056 3082
f 3056 3064 3032
f 3494 3531 3608
f 3531 3494 3459
f 3531 3555 3608
f 3498 3494 3526
f 3405 3375 3316
f 3822 3791 3823
f 3323 3387 3390
f 3550 3387 3462
f 3387 3506 3390
f 3387 3550 3506
f 4752 4842 4860
f 4842 4910 4860
f 4842 4833 4910
f 4851 4821 4909
f 4851 4833 4821
f 4669 4752 4605
f 4669 4842 4752
f 4842 4669 4833
f 4669 4605 4598
f 4676 4669 4598
f 4752 4876 4925
f 4876 4917 4925
f 4876 4752 4860
f 4962 4876 4860
f 4917 4876 4962
f 4910 4943 4942
f 5029 5054 5067
f 5163 5097 5095
f 5163 5095 5226
f 5182 5163 5226
f 5147 5067 5124
f 5255 5200 5225
f 5057 4962 4942
f 4962 5057 4982
f 4943 5057 4942
f 5057 4943 5029
f 4666 4722 4724
f 4722 4697 4768
f 4666 4516 4617
f 4843 4832 5095
f 4843 4977 4895
f 4349 4277 4378
f 4328 4359 4480
f 4359 4521 4480
f 4306 4390 4382
f 4605 4484 4598
f 4484 4454 4434
f 4454 4605 4424
f 4454 4484 4605
f 5143 5183 5176
f 4640 4614 4655
f 4671 4675 4727
f 4675 4671 4655
f 4671 4640 4655
f 4723 4671 4727
f 4730 4695 4737
f 4695 4730 4698
f 4695 4763 4737
f 4762 4730 4737
f 4762 4782 4730
f 4368 4404 4446
f 4404 4368 4367
f 4433 4368 4446
f 4583 4643 4576
f 4649 4643 4583
f 4643 4649 4705
f 4831 4800 4857
f 4776 4800 4831
f 4729 4776 4753
f 4693 4599 4673
f 4693 4649 4599
f 4764 4825 4815
f 4825 4764 4801
f 4853 4825 4801
f 4900 4936 5000
f 4900 4981 4913
f 4866 4841 4883
f 4771 4847 4801
f 4862 4847 4771
f 4847 4853 4801
f 5052 5012 4993
f 4534 4490 4501
f 4534 4501 4586
f 4534 4599 4526
f 4490 4534 4526
f 4491 4493 4451
f 4501 4581 4586
f 4565 4581 4501
f 4581 4648 4586
f 4508 4568 4595
f 4593 4508 4595
f 4558 4508 4593
f 4354 4274 4370
f 4274 4280 4370
f 4386 4456 4451
f 4432 4456 4386
f 5084 5102 5137
f 5102 5172 5137
f 5102 5084 5071
f 5174 5194 5142
f 5194 5174 5193
f 5134 5174 5142
f 5174 5140 5193
f 5174 5134 5140
f 5194 5154 5142
f 5154 5099 5142
f 5066 5083 5045
f 5083 5111 5045
f 5084 5058 5034
f 5058 5038 5034
f 5038 5058 5107
f 5058 5129 5107
f 5129 5058 5084
f 5466 5500 5498
f 5427 5405 5380
f 5427 5449 5453
f 5427 5453 5463
f 5405 5427 5463
f 5405 5365 5380
f 5400 5413 5442
f 5413 5400 5388
f 5452 5462 5417
f 5186 5172 5201
f 5167 5186 5187
f 5186 5263 5187
f 5279 5186 5201
f 5263 5186 5279
f 5205 5227 5172
f 5126 5104 5096
f 5263 5277 5251
f 5185 5233 5226
f 5233 5185 5251
f 5233 5277 5226
f 5277 5233 5251
f 5149 5129 5137
f 5129 5149 5167
f 5149 5186 5167
f 5172 5149 5137
f 5186 5149 5172
f 5122 5136 5156
f 5122 5082 5107
f 5136 5122 5107
f 5288 5290 5322
f 5307 5288 5322
f 5288 5307 5279
f 5288 5279 5201
f 5290 5288 5201
f 5359 5307 5322
f 5307 5359 5345
f 5345 5359 5403
f 5389 5382 5322
f 5402 5382 5389
f 5382 5359 5322
f 5382 5402 5426
f 5382 5426 5403
f 5359 5382 5403
f 5388 5366 5340
f 5320 5389 5322
f 5320 5346 5389
f 5290 5320 5322
f 925 782 884
f 1893 1977 1770
f 1734 1893 1770
f 1478 1423 1425
f 1788 1771 1719
f 1771 1845 1769
f 1845 1771 1878
f 1651 1659 1569
f 1591 1563 1599
f 1026 1149 1148
f 1148 1149 1255
f 746 736 714
f 670 626 524
f 675 626 670
f 1431 1352 1447
f 1443 1516 1501
f 1516 1443 1397
f 235 261 244
f 274 261 278
f 261 235 247
f 261 260 244
f 261 274 260
f 249 273 270
f 254 273 249
f 273 254 263
f 335 363 348
f 276 239 260
f 293 276 302
f 276 293 250
f 239 276 250
f 497 454 424
f 486 539 373
f 120 119 95
f 453 452 524
f 43 42 29
f 38 39 30
f 39 31 30
f 41 39 38
f 31 39 36
f 39 41 36
f 91 96 93
f 105 99 109
f 99 105 98
f 96 99 98
f 91 99 96
f 1705 1557 1586
f 1653 1705 1586
f 1929 1926 1982
f 1859 1929 1982
f 1929 1859 1926
f 2783 2736 2843
f 2843 2736 2808
f 2736 2708 2662
f 2736 2783 2708
f 2736 2749 2808
f 2637 2736 2662
f 2749 2736 2637
f 2998 2994 3059
f 2994 2998 2918
f 2994 3041 3059
f 3041 2994 2979
f 2994 2918 2979
f 2918 2941 2907
f 2998 2941 2918
f 2926 2843 2907
f 2926 2927 2843
f 2927 2926 2985
f 2941 2926 2907
f 2619 2742 2657
f 2742 2785 2804
f 2746 2742 2804
f 2657 2742 2745
f 2742 2746 2745
f 2936 2966 2785
f 2995 2936 2956
f 2936 2882 2956
f 2936 2995 3015
f 2966 2936 3015
f 2882 2756 2738
f 2564 2554 2510
f 2661 2554 2564
f 2554 2487 2510
f 2933 2900 2785
f 2966 2933 2785
f 2900 2933 2979
f 2440 2517 2535
f 2437 2517 2440
f 2595 2660 2717
f 2660 2595 2549
f 2728 2660 2638
f 2578 2472 2535
f 2517 2578 2535
f 2472 2636 2549
f 2636 2660 2549
f 2660 2636 2638
f 2578 2636 2472
f 2636 2728 2638
f 2518 2472 2549
f 2411 2518 2522
f 2518 2549 2522
f 2565 2563 2635
f 2563 2565 2507
f 2555 2563 2507
f 2555 2601 2563
f 2196 2149 2284
f 2466 2605 2546
f 2605 2466 2559
f 2353 2359 2284
f 2449 2353 2371
f 2393 2272 2352
f 2272 2323 2352
f 2262 2272 2176
f 2323 2272 2262
f 2104 2261 2262
f 2261 2104 2237
f 2261 2327 2262
f 2157 2262 2176
f 2431 2413 2521
f 2431 2515 2398
f 2515 2431 2521
f 2346 2431 2398
f 2413 2431 2346
f 2576 2582 2678
f 2582 2599 2678
f 2582 2576 2521
f 550 539 569
f 539 550 493
f 550 528 493
f 528 550 568
f 1270 1258 1330
f 1652 1657 1477
f 1657 1652 1781
f 1657 1909 1865
f 1922 2046 2053
f 1639 1539 1571
f 1762 1701 1648
f 1701 1762 1761
f 450 496 342
f 528 450 493
f 318 335 348
f 322 318 348
f 318 322 299
f 2270 2293 2250
f 2293 2270 2286
f 2270 2182 2286
f 1989 1923 1900
f 2203 2187 2247
f 2187 2255 2247
f 2187 1993 2044
f 2255 2187 2044
f 2174 2264 2298
f 2264 2174 2203
f 2264 2203 2266
f 2356 2264 2266
f 2298 2264 2450
f 2264 2356 2450
f 1575 1773 1713
f 2709 2723 2694
f 2838 2709 2760
f 2709 2838 2723
f 2723 2838 2828
f 2838 2921 2828
f 2305 2349 2356
f 2488 2482 2575
f 2531 2543 2606
f 2491 2531 2356
f 2491 2543 2531
f 2361 2408 2324
f 2885 2845 2977
f 2940 2885 2977
f 2885 2940 2807
f 2780 2838 2760
f 2838 2780 2873
f 2780 2947 2873
f 2103 2178 2093
f 2178 2103 2241
f 2217 2134 2166
f 2103 2217 2241
f 2134 2217 2103
f 1898 1927 1995
f 2118 2255 2044
f 2255 2118 2216
f 2167 2198 2114
f 1942 1981 1918
f 2063 1981 1942
f 1744 1853 1655
f 1763 1744 1655
f 1853 1744 1949
f 1949 1744 1924
f 1744 1763 1924
f 1847 1862 1918
f 1862 1847 1791
f 1862 1774 1767
f 1774 1862 1791
f 2018 2063 1942
f 1861 2018 1942
f 2105 2018 2022
f 2018 2105 2063
f 1953 2058 2022
f 1861 1685 1782
f 1672 1685 1861
f 1672 1640 1611
f 1916 1932 1962
f 1627 1685 1611
f 647 694 627
f 647 649 708
f 649 647 558
f 694 762 789
f 886 885 789
f 885 886 972
f 885 780 789
f 977 885 972
f 1356 1305 1364
f 1305 1356 1312
f 1305 1362 1364
f 972 1028 1048
f 995 1028 972
f 897 885 977
f 780 897 839
f 885 897 780
f 974 977 1079
f 974 897 977
f 974 987 839
f 897 974 839
f 1804 1792 2006
f 1792 1959 2006
f 1792 1618 1713
f 1618 1792 1804
f 2060 1856 2006
f 1856 1804 2006
f 1037 1107 1169
f 1083 1037 1169
f 1028 1157 1048
f 1242 1137 1181
f 1156 1137 1242
f 1137 1157 1181
f 1137 1156 1048
f 1157 1137 1048
f 5121 5037 5085
f 5070 5037 5121
f 5037 5025 5085
f 5037 5070 5011
f 5254 5296 5299
f 5253 5296 5254
f 5352 5373 5397
f 5373 5296 5328
f 5373 5352 5299
f 5296 5373 5299
f 5335 5371 5328
f 5381 5371 5335
f 5371 5373 5328
f 5371 5381 5397
f 5373 5371 5397
f 5106 5212 5214
f 5210 5212 5106
f 5212 5253 5214
f 5250 5206 5169
f 5206 5210 5169
f 5368 5323 5360
f 5381 5368 5412
f 5368 5381 5335
f 5323 5368 5335
f 5368 5436 5412
f 5436 5368 5360
f 5396 5421 5351
f 3951 3940 3983
f 3940 3951 3913
f 4041 4047 4102
f 4047 3991 3983
f 3991 3951 3983
f 4041 3991 4047
f 3991 4041 3985
f 3800 3769 3731
f 3769 3703 3731
f 3703 3769 3764
f 3832 3769 3800
f 3806 3891 3835
f 3806 3832 3891
f 3806 3769 3832
f 3769 3806 3764
f 4907 4952 4871
f 4688 4683 4781
f 4738 4718 4799
f 4647 4718 4738
f 4718 4791 4799
f 4470 4556 4650
f 4556 4647 4650
f 5040 4990 5011
f 4990 4952 5011
f 4848 4854 4799
f 4854 4738 4799
f 4738 4854 4856
f 4850 4817 4871
f 4817 4850 4791
f 4791 4850 4799
f 4850 4848 4799
f 4053 4156 4135
f 4248 4240 4341
f 4344 4248 4341
f 4156 4080 4192
f 5223 5125 5243
f 5223 5157 5125
f 5235 5250 5169
f 5157 5235 5169
f 5223 5235 5157
f 5235 5223 5243
f 5256 5235 5243
f 5250 5235 5256
f 5028 4980 5022
f 4980 4934 5022
f 5344 5302 5352
f 5302 5291 5299
f 5352 5302 5299
f 5302 5333 5291
f 5302 5344 5333
f 5333 5369 5339
f 5546 5502 5510
f 5415 5464 5505
f 5464 5415 5356
f 5375 5464 5356
f 5579 5580 5588
f 5588 5585 5610
f 5580 5585 5588
f 5585 5586 5610
f 5579 5585 5580
f 5585 5579 5570
f 5501 5585 5570
f 5585 5501 5586
f 5593 5589 5565
f 5589 5593 5626
f 5575 5593 5565
f 5626 5593 5612
f 5593 5575 5612
f 5507 5559 5541
f 5536 5515 5469
f 5515 5507 5469
f 5507 5515 5559
f 5515 5536 5563
f 5559 5515 5563
f 5894 5874 5880
f 5874 5871 5880
f 5847 5844 5829
f 5847 5868 5844
f 5847 5850 5868
f 5839 5847 5829
f 5850 5847 5839
f 5786 5789 5802
f 5797 5786 5802
f 5786 5788 5779
f 5788 5786 5797
f 5903 5912 5923
f 5912 5903 5899
f 5908 5928 5918
f 5893 5908 5918
f 5903 5908 5893
f 5908 5903 5923
f 5943 5908 5923
f 5928 5908 5943
f 5801 5815 5825
f 5815 5801 5803
f 5840 5855 5825
f 5815 5840 5825
f 5840 5815 5832
f 5771 5777 5757
f 5774 5777 5794
f 5777 5771 5794
f 5591 5582 5551
f 5591 5616 5628
f 5603 5572 5573
f 5572 5603 5616
f 5969 5938 5932
f 5938 5969 5962
f 5938 5914 5889
f 5735 5743 5723
f 5753 5735 5748
f 5753 5790 5773
f 5744 5712 5727
f 5587 5548 5582
f 5548 5587 5523
f 5587 5557 5523
f 5826 5859 5851
f 5948 5964 5945
f 5948 5963 5964
f 5948 5944 5963
f 5948 5905 5925
f 5924 5948 5945
f 5905 5948 5924
f 5878 5905 5924
f 5897 5878 5924
f 5094 5109 5173
f 5094 5005 4972
f 5109 5094 4972
f 5637 5643 5650
f 5643 5637 5624
f 5654 5637 5650
f 5625 5637 5654
f 5624 5602 5594
f 5602 5625 5594
f 5637 5602 5624
f 5602 5637 5625
f 5534 5545 5552
f 5545 5534 5542
f 5231 5261 5246
f 5261 5270 5246
f 5383 5315 5342
f 5315 5383 5349
f 5342 5315 5293
f 5315 5349 5325
f 5315 5274 5293
f 5274 5315 5325
f 5409 5383 5398
f 5409 5425 5444
f 5425 5409 5398
f 5383 5409 5349
f 5230 5234 5213
f 5202 5230 5213
f 5234 5230 5246
f 5230 5202 5246
f 5993 6006 5978
f 5993 5998 6006
f 5961 5993 5978
f 5998 5993 5985
f 6011 6036 6065
f 5998 6036 6011
f 7358 7351 7311
f 7351 7307 7311
f 7307 7351 7334
f 7351 7352 7334
f 7273 7261 7307
f 7261 7257 7307
f 7257 7261 7194
f 7261 7156 7194
f 7156 7261 7273
f 7157 7227 7007
f 6875 6960 6909
f 6858 6794 6813
f 6794 6755 6813
f 6755 6712 6677
f 6690 6757 6723
f 6855 6951 6738
f 6951 6855 6909
f 7287 7264 7225
f 7267 7264 7343
f 7264 7287 7343
f 7156 7124 7194
f 7198 7156 7273
f 7198 7287 7225
f 7287 7198 7273
f 5939 5949 5922
f 5949 5919 5922
f 5949 5933 5919
f 5984 5975 5992
f 6007 5984 5992
f 5984 6007 5999
f 5986 5984 5999
f 5984 5986 5967
f 6007 6068 6031
f 6068 6007 6017
f 6063 6068 6095
f 6068 6063 6031
f 6104 6173 6136
f 6010 5986 5999
f 5986 6010 5994
f 5904 5931 5947
f 5927 5904 5947
f 5898 5879 5907
f 5879 5887 5907
f 5887 5879 5844
f 6004 6044 6020
f 6004 5969 5990
f 5973 6004 6020
f 6004 5973 5969
f 6008 6023 5982
f 6023 5979 5982
f 5979 6023 5990
f 6069 6077 6041
f 6015 6002 6027
f 6002 5994 6027
f 6002 5980 5994
f 5980 6002 5974
f 6002 5983 5974
f 5951 5960 5926
f 5933 5951 5926
f 5980 5951 5966
f 5960 5951 5980
f 5951 5949 5966
f 5949 5951 5933
f 5952 5915 5926
f 5960 5952 5926
f 5915 5952 5931
f 5931 5952 5947
f 5983 5952 5974
f 5952 5960 5974
f 5952 5965 5947
f 5952 5983 5965
f 6258 6251 6211
f 6211 6251 6245
f 6251 6318 6245
f 6318 6251 6317
f 6379 6414 6317
f 6414 6379 6472
f 6276 6244 6378
f 6151 6187 6146
f 6187 6126 6146
f 6187 6211 6245
f 6187 6151 6211
f 6290 6187 6245
f 6187 6290 6247
f 6196 6170 6244
f 6276 6196 6244
f 6170 6218 6244
f 6218 6173 6248
f 6173 6218 6136
f 6218 6170 6136
f 6299 6218 6248
f 6218 6299 6244
f 6115 6147 6157
f 6112 6147 6115
f 6147 6217 6157
f 6238 6217 6199
f 6076 6019 6049
f 5988 6019 5997
f 6041 6019 5988
f 6019 6041 6049
f 6110 6081 6093
f 6081 6110 6096
f 6076 6081 6096
f 6035 5988 6020
f 6035 6041 5988
f 6035 6069 6041
f 6054 6077 6093
f 6081 6054 6093
f 6041 6054 6049
f 6077 6054 6041
f 6054 6076 6049
f 6054 6081 6076
f 6097 6112 6115
f 6077 6097 6115
f 6112 6097 6094
f 6097 6069 6094
f 6069 6097 6077
f 6319 6450 6382
f 6450 6319 6384
f 6937 6995 6982
f 7035 6995 7093
f 6995 6937 6845
f 6678 6598 6530
f 6598 6595 6560
f 6530 6598 6560
f 6921 6979 6952
f 6829 6921 6952
f 6937 6921 6923
f 6979 6921 6937
f 7032 6979 6982
f 6995 7032 6982
f 7032 6995 7035
f 6979 7032 7060
f 7360 7373 7392
f 7336 7367 7366
f 7367 7388 7366
f 7421 7422 7426
f 7419 7421 7426
f 7421 7419 7416
f 7417 7421 7416
f 5690 5666 5696
f 5690 5675 5666
f 5690 5720 5674
f 5675 5690 5674
f 5746 5777 5774
f 5777 5746 5757
f 5799 5814 5803
f 5814 5815 5803
f 5815 5814 5832
f 5816 5788 5797
f 5816 5834 5824
f 5816 5797 5835
f 5704 5726 5693
f 5720 5704 5674
f 5704 5661 5674
f 5655 5704 5693
f 5661 5704 5655
f 5747 5740 5726
f 5638 5603 5651
f 5616 5638 5642
f 5603 5638 5616
f 5685 5686 5702
f 5686 5685 5672
f 5592 5661 5655
f 5559 5592 5541
f 5592 5559 5600
f 5620 5592 5600
f 5661 5592 5620
f 5544 5575 5565
f 5501 5530 5597
f 5530 5604 5597
f 5530 5578 5604
f 4437 4450 4486
f 4411 4437 4486
f 5005 4954 4918
f 5017 4954 5005
f 4954 5017 5016
f 4954 5016 4993
f 4918 4954 4865
f 4440 4428 4471
f 4428 4429 4471
f 4428 4440 4402
f 4715 4696 4767
f 4696 4770 4767
f 4766 4696 4691
f 4770 4696 4766
f 4582 4628 4615
f 4628 4582 4594
f 4636 4628 4670
f 4628 4636 4615
f 3980 3912 3943
f 3912 3911 3854
f 3877 3912 3854
f 3943 3912 3877
f 4064 4001 3968
f 4079 4001 4064
f 4001 4005 3926
f 4001 4079 4070
f 4005 4001 4070
f 3442 3547 3476
f 3442 3443 3547
f 3443 3407 3496
f 3407 3443 3339
f 3407 3495 3496
f 3407 3339 3324
f 3312 3407 3324
f 3495 3407 3447
f 3407 3302 3447
f 3407 3312 3302
f 3529 3532 3482
f 3438 3529 3482
f 3537 3438 3476
f 3529 3438 3537
f 3438 3321 3342
f 3437 3326 3482
f 3270 3326 3256
f 3256 3326 3343
f 3326 3437 3343
f 3321 3326 3270
f 3326 3438 3482
f 3438 3326 3321
f 4081 3957 4087
f 4129 4081 4087
f 4227 4129 4235
f 4277 4315 4378
f 4377 4443 4378
f 4443 4377 4433
f 4315 4377 4378
f 4377 4315 4312
f 4377 4368 4433
f 4377 4312 4367
f 4368 4377 4367
f 3721 3667 3657
f 3667 3626 3657
f 3626 3539 3565
f 3539 3491 3565
f 3491 3539 3447
f 3539 3495 3447
f 3495 3539 3534
f 3581 3647 3592
f 3539 3581 3534
f 3581 3539 3626
f 3581 3667 3647
f 3667 3581 3626
f 3544 3581 3592
f 3581 3544 3534
f 3820 3883 3818
f 3820 3818 3694
f 3766 3783 3721
f 3677 3766 3721
f 3783 3766 3815
f 3766 3708 3815
f 3766 3677 3708
f 3626 3663 3657
f 3663 3677 3657
f 3663 3626 3565
f 3663 3565 3643
f 3677 3663 3643
f 4498 4387 4349
f 4498 4349 4378
f 4443 4498 4378
f 4601 4621 4568
f 4601 4636 4621
f 4636 4601 4615
f 4582 4601 4568
f 4601 4582 4615
f 143 147 149
f 136 143 149
f 237 226 223
f 237 240 226
f 248 237 223
f 2671 2670 2368
f 2540 2671 2368
f 2671 2540 2776
f 2671 2788 2670
f 2519 2158 2471
f 2583 2519 2646
f 2223 2468 2227
f 2227 2468 2236
f 2074 2144 2141
f 2144 2074 2150
f 2074 2010 2150
f 1504 1667 1679
f 1936 1988 2108
f 1875 1988 1936
f 1988 2160 2108
f 2160 1988 2020
f 1660 1875 1663
f 1764 1660 1712
f 1476 1667 1504
f 1667 1476 1520
f 1550 1660 1663
f 1423 1370 1425
f 1370 1367 1319
f 1367 1370 1423
f 1233 1252 1325
f 1252 1367 1325
f 1367 1252 1319
f 1252 1209 1319
f 1209 1252 1233
f 1148 1165 1116
f 1209 1165 1148
f 1316 1148 1255
f 1316 1209 1148
f 1407 1316 1255
f 1380 1266 1239
f 1219 1300 1255
f 1300 1359 1255
f 1266 1300 1219
f 1820 1666 1759
f 1661 1666 1820
f 1759 1666 1605
f 1463 1351 1349
f 1351 1211 1349
f 1351 1644 1357
f 1351 1463 1644
f 1044 1351 1357
f 1463 1654 1644
f 1654 1463 1661
f 1644 1654 1828
f 1654 1661 1828
f 289 324 332
f 324 289 291
f 553 499 536
f 1099 932 985
f 932 1099 1067
f 4138 4118 4135
f 4173 4072 4137
f 4287 4173 4137
f 4173 4197 4092
f 4197 4173 4309
f 4173 4287 4309
f 4173 4092 4021
f 4072 4173 4021
f 4241 4156 4192
f 4156 4241 4135
f 4241 4275 4323
f 4241 4138 4135
f 4138 4241 4323
f 4353 4444 4323
f 4275 4353 4323
f 4273 4241 4192
f 4241 4273 4275
f 4657 4571 4591
f 4633 4657 4591
f 4812 4633 4890
f 4569 4529 4488
f 4529 4426 4488
f 3223 3277 3265
f 3212 3223 3265
f 3147 3181 3119
f 3115 3147 3119
f 3081 3051 3222
f 3259 3081 3222
f 3128 3081 3259
f 3016 3044 3076
f 3087 3115 3119
f 3044 3087 3119
f 3313 3314 3377
f 3314 3320 3355
f 3377 3314 3355
f 3320 3314 3265
f 3314 3255 3265
f 3314 3313 3255
f 3340 3310 3363
f 3310 3313 3363
f 3310 3340 3254
f 3255 3310 3254
f 3313 3310 3255
f 3100 3186 3069
f 3155 3142 3095
f 3101 3155 3095
f 3155 3200 3189
f 3155 3101 3200
f 3298 3247 3289
f 3298 3345 3335
f 3345 3298 3289
f 3294 3298 3335
f 3298 3294 3247
f 3315 3345 3289
f 3315 3289 3261
f 4103 4115 4166
f 4115 4103 4057
f 4115 4122 4166
f 3955 3865 3963
f 3808 3865 3812
f 4017 4008 3946
f 3930 4017 3946
f 4033 4017 3930
f 4017 4033 4069
f 4122 4063 4069
f 4063 4122 4115
f 4063 4017 4069
f 4017 4063 4008
f 4063 4115 3995
f 4008 4063 3995
f 4181 4177 4201
f 4177 4110 4201
f 4177 4098 4110
f 4110 4093 4082
f 4098 4093 4110
f 4093 4073 4082
f 4073 4093 4035
f 4093 4033 4035
f 4033 4093 4069
f 4093 4098 4069
f 3942 3844 3946
f 3844 3760 3835
f 3844 3814 3760
f 3844 3942 3919
f 3436 3414 3448
f 3487 3436 3448
f 3396 3466 3444
f 3394 3396 3444
f 3396 3394 3280
f 3367 3335 3397
f 3414 3367 3397
f 3464 3461 3435
f 3517 3549 3585
f 3487 3517 3585
f 3517 3509 3549
f 3502 3523 3530
f 3523 3560 3530
f 3560 3570 3530
f 3570 3598 3610
f 3598 3570 3560
f 3782 3864 3779
f 3931 4022 3968
f 3569 3469 3556
f 3394 3395 3379
f 3395 3394 3444
f 3446 3395 3444
f 3469 3576 3484
f 3656 3611 3664
f 3611 3576 3569
f 3729 3755 3794
f 3725 3755 3729
f 3755 3797 3794
f 3672 3725 3664
f 3746 3672 3690
f 3672 3755 3725
f 3797 3672 3746
f 3755 3672 3797
f 3672 3556 3690
f 3672 3569 3556
f 3611 3672 3664
f 3672 3611 3569
f 4197 4164 4092
f 4164 4152 4092
f 4256 4164 4197
f 4164 4256 4203
f 4152 4164 4203
f 4339 4360 4309
f 4339 4453 4360
f 4453 4339 4426
f 4287 4339 4309
f 4339 4287 4426
f 4453 4487 4544
f 4487 4453 4426
f 4529 4487 4426
f 4360 4210 4203
f 3346 3338 3296
f 3307 3346 3296
f 3346 3428 3416
f 3338 3346 3416
f 3428 3346 3364
f 3346 3319 3364
f 3319 3346 3307
f 3361 3445 3364
f 3445 3441 3364
f 3441 3445 3484
f 3445 3469 3484
f 3469 3445 3361
f 3428 3510 3501
f 3441 3510 3428
f 4336 4411 4370
f 4280 4336 4370
f 4022 4023 3968
f 4023 4024 3968
f 4024 4023 4022
f 4060 4024 4022
f 4086 4060 4022
f 4060 4064 3968
f 4024 4060 3968
f 4060 4128 4064
f 4128 4060 4086
f 4170 4180 4216
f 3668 3645 3642
f 3652 3738 3687
f 3652 3668 3738
f 3652 3645 3668
f 3645 3652 3642
f 3624 3652 3687
f 3642 3652 3624
f 3599 3680 3591
f 3680 3668 3591
f 3668 3680 3738
f 3780 3816 3849
f 3816 3780 3738
f 3780 3747 3738
f 3825 3780 3849
f 3780 3825 3747
f 3802 3826 3842
f 3826 3802 3757
f 3816 3881 3849
f 3874 3872 3810
f 3872 3804 3810
f 3804 3872 3811
f 3872 3861 3811
f 3861 3872 3926
f 3480 3485 3519
f 3515 3480 3519
f 3480 3515 3465
f 3480 3465 3382
f 3485 3480 3421
f 3480 3384 3421
f 3384 3480 3382
f 3609 3638 3605
f 3638 3609 3666
f 3515 3552 3554
f 3554 3552 3605
f 3552 3561 3605
f 3561 3552 3519
f 3552 3515 3519
f 3571 3546 3591
f 3510 3546 3501
f 3642 3574 3591
f 3574 3571 3591
f 3574 3642 3624
f 3617 3574 3624
f 3561 3574 3617
f 3574 3561 3519
f 3571 3574 3519
f 3804 3734 3810
f 3726 3734 3804
f 3745 3807 3736
f 3825 3807 3745
f 3807 3874 3810
f 3807 3825 3874
f 7436 7429 7437
f 7429 7436 7428
f 7444 7435 7439
f 7442 7444 7454
f 7426 7431 7434
f 7431 7435 7434
f 7435 7431 7439
f 7431 7436 7439
f 7449 7445 7437
f 7445 7449 7454
f 7438 7449 7437
f 7429 7438 7437
f 7345 7323 7318
f 7353 7323 7345
f 7117 7138 7030
f 7138 7028 7030
f 7138 7218 7213
f 7137 7138 7213
f 7253 7192 7193
f 7192 7253 7218
f 7138 7192 7218
f 7192 7117 7193
f 7192 7138 7117
f 7133 7137 7147
f 7133 7144 7068
f 7144 7133 7147
f 7025 7144 7049
f 6973 7025 7049
f 7046 7005 7064
f 7042 7046 7064
f 7046 7042 7005
f 7096 7013 7017
f 6946 6916 6959
f 6866 6916 6914
f 6844 6808 6860
f 6862 6866 6840
f 6844 6862 6840
f 6912 6862 6860
f 6862 6844 6860
f 6968 6927 6969
f 6912 6965 6959
f 6965 7013 6959
f 7013 6965 7017
f 6965 6968 7017
f 6927 6965 6912
f 6968 6965 6927
f 7083 6968 6969
f 7329 7331 7327
f 7315 7329 7327
f 7304 7315 7327
f 7315 7296 7283
f 7256 7296 7294
f 7296 7256 7283
f 7296 7304 7294
f 7304 7296 7315
f 7002 7074 6999
f 7074 7016 6999
f 6788 6856 6928
f 6856 6769 6857
f 6769 6774 6857
f 6774 6769 6731
f 6970 6971 7006
f 6971 6970 6928
f 6910 6970 7006
f 6970 6910 6928
f 7094 7086 7161
f 6971 7094 7006
f 7094 6971 7021
f 7361 7355 7357
f 6795 6787 6789
f 6883 6847 6789
f 6797 6810 6850
f 6810 6812 6850
f 6810 6797 6768
f 6812 6810 6768
f 6438 6416 6444
f 6526 6529 6616
f 6595 6529 6560
f 6529 6445 6560
f 6616 6612 6582
f 6612 6580 6582
f 6485 6479 6440
f 6445 6485 6440
f 6467 6463 6473
f 6463 6387 6440
f 6473 6463 6440
f 6477 6526 6541
f 6866 6805 6840
f 6802 6805 6866
f 6805 6844 6840
f 6844 6805 6808
f 6469 6403 6342
f 6455 6403 6469
f 6847 6925 6846
f 6925 6870 6846
f 6883 6925 6847
f 6818 6822 6846
f 6822 6818 6795
f 6822 6847 6846
f 6847 6822 6795
f 6826 6818 6870
f 4573 4548 4518
f 4548 4530 4518
f 4761 4750 4759
f 4637 4634 4573
f 4634 4637 4662
f 4682 4634 4662
f 4634 4682 4646
f 4637 4689 4662
f 4720 4689 4709
f 4689 4682 4662
f 4966 5024 4974
f 4966 4974 4892
f 4966 4959 5008
f 5024 4966 5008
f 4915 4882 4959
f 4874 4882 4915
f 4882 4874 4846
f 4882 4945 4959
f 4882 4911 4945
f 4836 4882 4846
f 4911 4882 4836
f 4834 4864 4875
f 4836 4834 4875
f 4834 4818 4864
f 4819 4836 4846
f 4874 4837 4846
f 4837 4819 4846
f 3809 3866 3768
f 3671 3809 3768
f 3977 3959 3952
f 3959 3977 4025
f 2772 2883 2831
f 2883 2930 2831
f 2826 2883 2772
f 2772 2730 2717
f 2730 2700 2717
f 2700 2730 2772
f 3989 3962 4056
f 3959 3962 3918
f 3962 3989 3918
f 4031 4025 4077
f 4031 3959 4025
f 3962 4031 4056
f 4031 3962 3959
f 4031 4132 4056
f 4132 4031 4077
f 3784 3790 3701
f 3790 3803 3701
f 3790 3836 3803
f 3614 3550 3486
f 3641 3614 3526
f 3614 3486 3526
f 3550 3614 3701
f 3701 3614 3686
f 3614 3641 3686
f 3841 3777 3862
f 3841 3934 3886
f 3934 3841 3862
f 3767 3841 3886
f 3777 3841 3767
f 3948 4007 4039
f 3973 4007 3948
f 4076 4111 3976
f 4075 4143 4051
f 3172 3202 3162
f 4616 4551 4538
f 4578 4551 4703
f 4551 4616 4703
f 4539 4551 4578
f 4538 4435 4465
f 4435 4396 4465
f 4551 4435 4538
f 4435 4551 4422
f 4396 4435 4363
f 4363 4435 4379
f 4435 4422 4379
f 4436 4474 4392
f 4502 4431 4461
f 4468 4502 4461
f 4502 4468 4539
f 4468 4348 4355
f 4348 4468 4461
f 4704 4608 4703
f 4608 4578 4703
f 4608 4579 4555
f 4320 4304 4348
f 4262 4320 4292
f 4320 4262 4304
f 4269 4281 4251
f 4151 4094 4133
f 4094 4148 4077
f 4151 4148 4094
f 4304 4268 4335
f 4268 4298 4335
f 4298 4268 4191
f 4268 4186 4191
f 4496 4410 4564
f 4496 4394 4410
f 4572 4496 4564
f 4394 4496 4465
f 4496 4572 4465
f 5657 5703 5636
f 5703 5657 5687
f 5567 5596 5636
f 5596 5657 5636
f 5378 5379 5347
f 5379 5358 5347
f 5410 5430 5387
f 5410 5343 5316
f 5343 5410 5387
f 5390 5410 5316
f 5410 5390 5430
f 5326 5273 5278
f 5289 5273 5326
f 5273 5220 5278
f 1879 1928 1944
f 1928 1879 1888
f 1806 1879 1850
f 1879 1871 1850
f 1871 1879 1944
f 1727 1735 1850
f 1754 1732 1837
f 1589 1637 1728
f 1547 1589 1548
f 1637 1589 1588
f 1589 1547 1588
f 2329 2301 2341
f 1827 1864 1740
f 1864 1775 1740
f 1775 1864 1785
f 1864 1939 1785
f 1224 1304 1181
f 1304 1224 1312
f 1157 1224 1181
f 1509 1547 1473
f 1509 1473 1353
f 1547 1509 1588
f 1509 1541 1588
f 1509 1353 1391
f 1541 1509 1391
f 1634 1589 1728
f 1634 1580 1548
f 1589 1634 1548
f 1129 1083 1169
f 1271 1129 1169
f 2501 2484 2500
f 2559 2524 2617
f 2659 2665 2602
f 2631 2659 2546
f 2659 2724 2665
f 2601 2659 2602
f 2659 2601 2546
f 2659 2631 2683
f 2781 2659 2683
f 2612 2559 2626
f 2612 2605 2559
f 2605 2623 2546
f 2623 2631 2546
f 2623 2629 2631
f 2629 2623 2626
f 2623 2612 2626
f 2805 2866 2795
f 2976 2942 2993
f 2942 2976 2832
f 3205 3236 3282
f 3334 3236 3268
f 3236 3334 3323
f 3334 3387 3323
f 3334 3374 3409
f 3374 3334 3268
f 3462 3334 3409
f 3387 3334 3462
f 3123 3036 3048
f 3036 3123 3140
f 3025 3042 3048
f 3042 2991 3079
f 3088 3157 3079
f 2991 3088 3079
f 3088 2991 3011
f 3137 3097 3096
f 3207 3171 3150
f 3171 3207 3228
f 2859 2802 2803
f 2802 2761 2803
f 3033 3065 3096
f 3097 3033 3096
f 3061 3033 3097
f 3120 3065 3071
f 3120 3136 3150
f 3065 3055 3071
f 3055 3029 3071
f 2928 2957 2959
f 2859 2928 2945
f 2928 2983 2945
f 2983 2928 2959
f 2928 2821 2880
f 2928 2859 2821
f 3136 3118 3162
f 3118 3120 3071
f 3120 3118 3136
f 3029 3118 3071
f 3262 3267 3301
f 3262 3301 3306
f 3262 3246 3228
f 3267 3262 3228
f 2265 2213 2170
f 2250 2265 2170
f 2320 2265 2250
f 2358 2265 2320
f 2313 2423 2429
f 2313 2384 2423
f 2265 2313 2213
f 2384 2313 2358
f 2313 2265 2358
f 2821 2727 2835
f 6021 6001 6003
f 6266 6240 6253
f 6256 6327 6253
f 6327 6266 6253
f 6480 6424 6481
f 6341 6331 6293
f 6331 6341 6363
f 6339 6411 6413
f 6424 6339 6413
f 6411 6339 6356
f 6339 6265 6356
f 6265 6339 6293
f 6206 6221 6193
f 6206 6193 6195
f 6294 6338 6328
f 6338 6294 6340
f 6400 6338 6340
f 6338 6429 6328
f 6338 6400 6429
f 6340 6279 6326
f 6277 6279 6340
f 6279 6277 6242
f 6113 6125 6118
f 6125 6163 6118
f 6153 6226 6164
f 6226 6242 6264
f 6226 6194 6164
f 6294 6262 6264
f 6262 6226 6264
f 6234 6294 6274
f 6231 6234 6274
f 6234 6262 6294
f 6262 6234 6226
f 6194 6234 6231
f 6234 6194 6226
f 6226 6155 6242
f 6155 6226 6153
f 6163 6155 6118
f 6155 6153 6118
f 6643 6603 6571
f 6708 6705 6687
f 6686 6643 6687
f 6705 6686 6687
f 6890 6897 6908
f 6897 6973 6908
f 6892 6849 6854
f 6892 6917 6849
f 6899 6892 6854
f 6917 6892 6899
f 6798 6751 6752
f 6751 6708 6752
f 7090 7011 7001
f 7090 7167 7011
f 7090 7013 7096
f 7010 7011 7091
f 7011 7010 6963
f 6482 6549 6406
f 6482 6534 6549
f 6482 6394 6437
f 6584 6634 6590
f 6584 6586 6634
f 6584 6590 6549
f 6586 6584 6549
f 6558 6585 6495
f 6586 6585 6721
f 6585 6624 6721
f 6542 6571 6556
f 6419 6420 6466
f 6322 6311 6415
f 6322 6320 6288
f 6274 6310 6288
f 6311 6310 6274
f 6310 6322 6288
f 6322 6310 6311
f 6191 6121 6168
f 6229 6201 6220
f 6874 6876 6893
f 6876 6874 6804
f 6874 6811 6804
f 6839 6823 6871
f 6839 6906 6872
f 6906 6889 6933
f 6889 6839 6871
f 6839 6889 6906
f 6863 6936 6806
f 6863 6904 6936
f 6863 6868 6904
f 6868 6863 6820
f 6935 6907 6940
f 6907 6935 6904
f 6935 6941 6904
f 6987 6935 6940
f 6935 6987 6941
f 7008 6987 6989
f 7051 7008 7055
f 7008 7051 7031
f 6987 7008 7031
f 7008 6989 6993
f 7008 7061 7055
f 7061 7008 6993
f 6948 6919 6922
f 6876 6919 6893
f 6919 6876 6922
f 6907 6918 6940
f 6918 6948 6940
f 6874 6918 6907
f 6876 6867 6872
f 6867 6876 6804
f 6980 6977 6933
f 6980 6973 7049
f 6980 7049 7027
f 6977 6980 7027
f 6980 6933 6908
f 6973 6980 6908
f 5331 5310 5298
f 5348 5310 5331
f 4845 4885 4931
f 4931 4975 5069
f 4885 4877 4931
f 5081 5093 5216
f 5081 5160 5120
f 5160 5081 5216
f 5059 5118 5060
f 5179 5118 4957
f 5118 5059 4957
f 5189 5128 5179
f 5128 5118 5179
f 4861 4803 4797
f 4858 4861 4797
f 4803 4861 4840
f 4840 4887 4839
f 4887 4864 4839
f 4973 4969 4929
f 4971 5059 5060
f 6130 6127 6121
f 6127 6130 6161
f 6121 6127 6159
f 6127 6161 6159
f 6016 6029 6001
f 6029 6016 6086
f 6045 6029 6086
f 6082 6149 6105
f 6082 6045 6149
f 3046 2974 3022
f 2974 3046 3034
f 2743 2819 2853
f 2743 2632 2819
f 2729 2769 2786
f 2729 2757 2669
f 2757 2729 2786
f 2849 2867 2786
f 2769 2849 2786
f 2849 2899 2867
f 2899 2849 2853
f 3237 3272 3316
f 3357 3272 3347
f 3316 3272 3357
f 3272 3210 3347
f 3272 3237 3210
f 3208 3237 3281
f 3208 3139 3237
f 2914 2946 2992
f 3008 2940 3067
f 3024 3053 2992
f 3053 2947 2992
f 2947 3053 3019
f 3139 3080 3067
f 3080 3008 3067
f 3008 3080 3024
f 2867 2848 2786
f 2848 2806 2786
f 2806 2848 2846
f 2197 2242 2273
f 2056 1996 2059
f 2691 2620 2669
f 2620 2511 2669
f 2620 2545 2511
f 2620 2691 2643
f 2545 2620 2643
f 2511 2579 2669
f 1600 1617 1595
f 1617 1537 1595
f 1502 1576 1616
f 1576 1502 1447
f 1952 1991 1870
f 2288 2251 2221
f 2251 2189 2221
f 2251 2288 2311
f 2189 2251 2311
f 3213 3185 3199
f 3185 3213 3181
f 3147 3185 3181
f 3146 3188 3201
f 3188 3146 3148
f 2561 2545 2643
f 2823 2815 2855
f 2815 2833 2855
f 2715 2650 2643
f 2650 2715 2731
f 2691 2715 2643
f 2767 2715 2691
f 3039 2952 3030
f 2903 2833 2905
f 2952 2903 2905
f 2903 2952 2913
f 2833 2903 2855
f 2903 2913 2855
f 3145 3063 3089
f 3063 2969 3089
f 2896 2981 2911
f 2967 2981 2896
f 2566 2562 2465
f 2562 2566 2622
f 2967 2934 3035
f 2934 2896 2854
f 2934 2967 2896
f 2810 2829 2714
f 2830 2765 2823
f 2830 2886 2857
f 2759 2765 2679
f 2765 2759 2823
f 2759 2815 2823
f 2469 2561 2503
f 2561 2469 2545
f 2374 2523 2493
f 2372 2374 2311
f 2523 2374 2372
f 3217 3270 3132
f 3290 3311 3324
f 3311 3312 3324
f 3312 3311 3290
f 3194 3174 3239
f 4143 4209 4144
f 4346 4306 4382
f 4346 4319 4306
f 3934 3987 3976
f 3933 3987 3934
f 3987 4076 3976
f 3916 3857 3840
f 3796 3857 3917
f 3694 3678 3586
f 3637 3555 3527
f 3616 3637 3527
f 3555 3637 3654
f 3637 3762 3654
f 3683 3637 3616
f 2963 2970 2921
f 2838 2963 2921
f 2963 2838 2873
f 2963 2947 3019
f 2947 2963 2873
f 2970 2963 3007
f 3056 3014 3052
f 3052 3014 3019
f 3014 2963 3019
f 3064 3086 3068
f 3086 3064 3082
f 2929 2898 2921
f 2929 2902 2898
f 2929 2931 2902
f 2970 2984 2921
f 2984 2929 2921
f 2929 2984 2931
f 2931 2984 3032
f 3032 2984 3007
f 2984 2970 3007
f 2991 2986 3011
f 3005 2931 3032
f 2986 3005 3011
f 3555 3472 3527
f 3531 3472 3555
f 3472 3531 3459
f 3405 3472 3459
f 3472 3405 3357
f 3472 3399 3527
f 3399 3472 3357
f 3505 3498 3526
f 3486 3505 3526
f 3505 3486 3451
f 3327 3252 3332
f 3374 3419 3409
f 3505 3419 3498
f 3419 3451 3409
f 3419 3505 3451
f 3271 3374 3268
f 3374 3271 3295
f 3429 3405 3459
f 3356 3327 3332
f 3327 3356 3374
f 3281 3356 3332
f 3316 3356 3281
f 3375 3356 3316
f 3750 3759 3822
f 3759 3791 3822
f 3759 3750 3654
f 3762 3763 3654
f 3763 3759 3654
f 3759 3763 3791
f 3244 3281 3332
f 3252 3244 3332
f 3208 3244 3178
f 3244 3208 3281
f 4833 4899 4910
f 4851 4899 4833
f 4899 4851 4909
f 4943 4899 4909
f 4899 4943 4910
f 4772 4669 4676
f 4833 4772 4821
f 4669 4772 4833
f 4772 4676 4686
f 4779 4772 4686
f 4920 4933 4909
f 4933 4943 4909
f 5098 5036 5097
f 5103 5098 5097
f 5163 5103 5097
f 5067 5103 5124
f 5218 5200 5255
f 4982 5049 5018
f 5057 5049 4982
f 5049 5006 5018
f 4722 4681 4697
f 4681 4722 4666
f 4697 4681 4617
f 4681 4666 4617
f 4756 4798 4724
f 4722 4756 4724
f 4843 4756 4832
f 4756 4843 4798
f 4832 4756 4768
f 4756 4722 4768
f 4798 4778 4724
f 4778 4686 4724
f 4778 4779 4686
f 4843 4778 4798
f 4604 4516 4666
f 4604 4666 4724
f 4686 4604 4724
f 4826 4843 4895
f 4778 4826 4779
f 4826 4778 4843
f 4003 4028 3917
f 4019 4003 3917
f 4003 4019 4028
f 4042 4032 4125
f 3956 4019 3917
f 3857 3956 3917
f 3956 3857 3916
f 3956 4042 4019
f 4042 3956 4032
f 4032 3956 3937
f 3956 3916 3937
f 4387 4286 4349
f 4286 4257 4349
f 4521 4413 4424
f 4359 4413 4521
f 4413 4382 4424
f 4413 4346 4382
f 4310 4359 4328
f 4390 4415 4382
f 4415 4390 4434
f 4454 4415 4434
f 4382 4415 4424
f 4415 4454 4424
f 4028 4071 3924
f 4936 4987 5000
f 4958 4992 5030
f 5027 4958 5030
f 4581 4652 4648
f 4614 4600 4589
f 4640 4600 4614
f 4723 4654 4671
f 4671 4654 4640
f 4654 4695 4663
f 4695 4654 4723
f 4654 4600 4640
f 4695 4742 4763
f 4742 4695 4723
f 4742 4723 4727
f 4775 4742 4727
f 4763 4742 4775
f 4665 4645 4663
f 4695 4665 4663
f 4665 4695 4698
f 4749 4800 4776
f 4729 4749 4776
f 4749 4643 4705
f 4706 4749 4729
f 4869 4863 4815
f 4863 4879 4857
f 4879 4863 4913
f 4863 4869 4913
f 4900 4894 4893
f 4894 4900 4913
f 4693 4719 4649
f 4719 4764 4705
f 4649 4719 4705
f 4764 4719 4801
f 4674 4694 4673
f 4694 4693 4673
f 4694 4674 4771
f 4694 4771 4801
f 4719 4694 4801
f 4694 4719 4693
f 4878 4869 4815
f 4825 4878 4815
f 4894 4878 4893
f 4878 4894 4869
f 4878 4825 4853
f 4878 4900 4893
f 4900 4878 4853
f 4995 4900 5000
f 4900 4995 4981
f 4912 4896 4884
f 4866 4898 4862
f 4898 4866 4883
f 4898 4926 4919
f 4847 4872 4853
f 4872 4900 4853
f 4872 4896 4900
f 4896 4872 4884
f 4872 4847 4884
f 4992 5001 5030
f 5013 5001 4992
f 4902 4954 4993
f 4954 4902 4865
f 4867 4902 4941
f 5026 5066 5045
f 5026 5099 5066
f 5099 5026 5052
f 5026 5012 5052
f 4677 4701 4692
f 4708 4701 4677
f 4699 4677 4648
f 4699 4708 4677
f 4652 4699 4648
f 4610 4534 4586
f 4610 4677 4659
f 4599 4610 4659
f 4534 4610 4599
f 4648 4610 4586
f 4677 4610 4648
f 4588 4581 4565
f 4513 4460 4514
f 4513 4508 4460
f 4508 4513 4568
f 4582 4513 4514
f 4513 4582 4568
f 4460 4458 4414
f 4508 4458 4460
f 4458 4558 4438
f 4458 4508 4558
f 4358 4386 4296
f 4405 4458 4438
f 4458 4405 4414
f 4570 4566 4589
f 4566 4570 4531
f 4600 4570 4589
f 4558 4562 4531
f 4562 4566 4531
f 4562 4558 4580
f 4614 4562 4580
f 4562 4614 4589
f 4566 4562 4589
f 5102 5153 5172
f 5205 5153 5176
f 5153 5205 5172
f 5020 5041 5071
f 5041 5014 5031
f 4995 5014 4981
f 5014 4995 5031
f 5080 5027 5030
f 5141 5110 5178
f 5283 5303 5264
f 5283 5286 5319
f 5286 5283 5266
f 5244 5193 5245
f 5292 5244 5245
f 5504 5583 5542
f 5583 5504 5594
f 5534 5504 5542
f 5504 5624 5594
f 5184 5265 5280
f 5238 5184 5280
f 5286 5238 5280
f 5238 5286 5266
f 5110 5139 5178
f 5437 5466 5433
f 5437 5518 5500
f 5466 5437 5500
f 5376 5428 5380
f 5428 5376 5433
f 5428 5427 5380
f 5427 5428 5449
f 5355 5405 5388
f 5355 5365 5405
f 5355 5388 5340
f 5303 5355 5340
f 5365 5355 5303
f 5482 5481 5462
f 5495 5482 5462
f 5482 5526 5481
f 5482 5495 5526
f 5495 5529 5526
f 5529 5495 5503
f 5555 5494 5463
f 5495 5492 5503
f 5492 5495 5462
f 5477 5492 5462
f 5183 5190 5176
f 5190 5205 5176
f 5104 5073 5096
f 5073 5104 5072
f 5073 5091 5096
f 5301 5277 5263
f 5301 5263 5279
f 5307 5301 5279
f 5301 5307 5345
f 5113 5156 5095
f 5113 5122 5156
f 5082 5113 5095
f 5122 5113 5082
f 5320 5311 5346
f 2003 1930 1921
f 1903 1930 2003
f 2000 2003 2069
f 2000 1903 2003
f 2055 2000 2069
f 1742 1662 1664
f 1881 1844 1921
f 1930 1881 1921
f 1881 1930 1903
f 1352 1377 1447
f 1389 1594 1595
f 1594 1564 1598
f 1564 1544 1598
f 1544 1564 1403
f 1544 1601 1598
f 1724 1601 1606
f 925 804 782
f 804 746 782
f 746 804 736
f 1893 1838 1882
f 1838 1734 1747
f 1838 1893 1734
f 1472 1478 1425
f 1407 1472 1425
f 1472 1536 1478
f 994 925 884
f 925 994 1047
f 994 1126 1047
f 1126 994 1086
f 1769 1799 1758
f 1799 1800 1758
f 1800 1797 1758
f 1624 1591 1719
f 1651 1624 1719
f 1624 1651 1569
f 1707 1651 1719
f 1771 1707 1719
f 1707 1771 1769
f 1651 1707 1659
f 1707 1769 1758
f 1659 1707 1758
f 1852 1762 1843
f 2126 2050 2093
f 2050 2133 2041
f 2050 2126 2133
f 292 349 309
f 349 292 326
f 352 382 452
f 452 382 524
f 382 349 386
f 349 382 309
f 530 463 478
f 463 530 526
f 453 408 452
f 408 453 478
f 463 408 478
f 408 463 428
f 296 327 346
f 463 475 428
f 475 463 526
f 461 523 445
f 523 475 526
f 475 523 461
f 481 523 557
f 523 481 445
f 475 394 428
f 394 475 461
f 473 497 424
f 481 437 445
f 437 473 424
f 473 437 481
f 976 1043 880
f 1095 1113 1239
f 1113 1095 1012
f 1050 1113 1012
f 1094 1026 1011
f 1094 1149 1026
f 1197 1266 1219
f 1266 1197 1239
f 1197 1095 1239
f 581 682 714
f 682 746 714
f 782 817 884
f 817 890 884
f 817 792 890
f 582 682 581
f 736 722 670
f 675 722 719
f 722 675 670
f 626 652 644
f 652 626 675
f 652 675 719
f 1200 1183 1160
f 1154 1200 1160
f 1200 1154 1260
f 1435 1340 1321
f 1435 1516 1397
f 1275 1352 1431
f 1275 1154 1273
f 1610 1700 1635
f 1443 1348 1397
f 1436 1348 1443
f 1348 1436 1330
f 1265 1280 1258
f 1340 1265 1321
f 1348 1265 1340
f 667 748 774
f 748 667 668
f 292 283 326
f 300 263 250
f 293 300 250
f 351 363 335
f 274 281 260
f 281 276 260
f 276 281 302
f 281 274 278
f 464 492 438
f 492 486 438
f 413 486 373
f 486 413 438
f 413 373 348
f 363 413 348
f 413 363 438
f 559 624 569
f 539 559 569
f 486 559 539
f 164 162 228
f 232 164 228
f 340 232 228
f 284 340 228
f 340 284 333
f 514 340 333
f 164 130 162
f 226 217 209
f 217 226 246
f 118 108 131
f 530 565 526
f 542 581 714
f 542 736 524
f 736 542 714
f 40 29 26
f 40 43 29
f 36 40 26
f 41 40 36
f 99 100 109
f 100 114 109
f 1729 1766 1795
f 1705 1729 1795
f 1766 1729 1653
f 1729 1705 1653
f 1678 1705 1982
f 1678 1689 1643
f 1678 1643 1557
f 1705 1678 1557
f 2926 3002 2985
f 3002 2941 2998
f 3002 2926 2941
f 2936 2774 2882
f 2774 2756 2882
f 2774 2936 2785
f 2742 2774 2785
f 2774 2742 2619
f 2756 2774 2619
f 2689 2661 2738
f 2756 2689 2738
f 2554 2689 2580
f 2689 2554 2661
f 2689 2619 2580
f 2689 2756 2619
f 2554 2527 2487
f 2975 3006 2979
f 2933 2975 2979
f 2975 2966 3006
f 2975 2933 2966
f 2404 2437 2440
f 2404 2331 2437
f 2404 2440 2299
f 2331 2404 2299
f 2826 2793 2834
f 2793 2772 2717
f 2793 2826 2772
f 2660 2793 2717
f 2373 2411 2365
f 2373 2518 2411
f 2518 2373 2472
f 2472 2373 2440
f 2373 2365 2299
f 2440 2373 2299
f 1980 2023 2015
f 1961 1980 2015
f 1980 1961 2023
f 2716 2752 2795
f 2613 2565 2635
f 2339 2353 2284
f 2353 2339 2371
f 2347 2329 2341
f 2353 2407 2359
f 2449 2407 2353
f 2407 2449 2507
f 2308 2261 2237
f 2137 2157 2176
f 2571 2582 2521
f 2582 2571 2599
f 2413 2571 2521
f 2571 2413 2609
f 2599 2571 2609
f 605 550 569
f 624 605 569
f 605 624 662
f 698 656 634
f 867 959 984
f 959 867 822
f 1284 1243 1213
f 1243 1284 1332
f 1135 1161 1213
f 1301 1243 1332
f 1343 1301 1332
f 1301 1343 1381
f 1507 1657 1571
f 1657 1507 1477
f 1171 1229 1115
f 1835 1768 1831
f 1558 1652 1477
f 1652 1558 1632
f 1674 1652 1632
f 1909 1890 1865
f 1848 1639 1865
f 1701 1628 1648
f 1628 1552 1518
f 1691 1628 1701
f 509 528 541
f 509 450 528
f 450 509 496
f 411 342 373
f 411 450 342
f 493 411 373
f 450 411 493
f 543 507 615
f 318 287 335
f 273 287 270
f 287 299 270
f 287 318 299
f 699 661 656
f 1135 1032 1161
f 1032 1135 1033
f 538 543 598
f 508 519 449
f 519 425 449
f 1175 1276 1191
f 753 649 633
f 2182 2107 2135
f 1970 1909 1993
f 1970 1890 1909
f 1890 1970 1865
f 2012 1959 2170
f 1959 2012 2006
f 2213 2012 2170
f 2006 2012 2076
f 2012 2213 2076
f 1511 1575 1713
f 1773 1787 1713
f 1923 1787 1900
f 1388 1253 1191
f 1276 1311 1191
f 1311 1388 1191
f 1311 1301 1381
f 1301 1311 1276
f 2709 2656 2760
f 2656 2709 2655
f 2458 2455 2396
f 2615 2581 2575
f 2491 2581 2543
f 2581 2488 2575
f 2581 2491 2488
f 2349 2400 2356
f 2455 2400 2396
f 2400 2349 2396
f 2461 2455 2488
f 2491 2461 2488
f 2461 2400 2455
f 2461 2491 2356
f 2400 2461 2356
f 2071 2131 2125
f 2362 2271 2330
f 2552 2493 2688
f 2552 2377 2493
f 2402 2318 2348
f 2885 2747 2845
f 2780 2713 2868
f 2878 2780 2868
f 2780 2878 2947
f 2947 2878 2992
f 2878 2914 2992
f 2914 2878 2868
f 2940 2932 2807
f 2932 2914 2807
f 2932 2946 2914
f 3008 2932 2940
f 2932 3008 2946
f 2408 2340 2324
f 2340 2185 2324
f 2185 2340 2216
f 2432 2436 2473
f 2485 2424 2446
f 2361 2424 2408
f 2345 2424 2361
f 2424 2401 2446
f 2424 2345 2401
f 2816 2914 2868
f 2713 2816 2868
f 2914 2816 2807
f 2816 2787 2807
f 2482 2532 2575
f 2462 2541 2473
f 2436 2462 2473
f 2462 2436 2408
f 2569 2462 2485
f 2462 2569 2541
f 2374 2233 2311
f 2318 2303 2241
f 2217 2274 2241
f 2274 2318 2241
f 1885 1927 1898
f 1885 1835 1831
f 1835 1885 1898
f 1914 1858 1781
f 1858 1657 1781
f 1858 1909 1657
f 1993 2002 2044
f 1945 2050 2041
f 2050 1945 1969
f 2147 2185 2068
f 2147 2071 2125
f 2131 2147 2125
f 2185 2163 2068
f 2163 2185 2216
f 2118 2163 2216
f 2167 2194 2198
f 2198 2194 2280
f 1981 2043 2017
f 2043 2112 2119
f 2017 2043 2119
f 2112 2043 2114
f 2043 2063 2114
f 2043 1981 2063
f 1906 1847 1918
f 1906 1905 1901
f 1905 1906 1985
f 1906 2017 1985
f 1981 1906 1918
f 1906 1981 2017
f 2058 2130 2022
f 2130 2105 2022
f 2105 2130 2159
f 2130 2204 2159
f 2156 2105 2159
f 2194 2156 2159
f 2156 2194 2167
f 1925 1953 2022
f 2018 1925 2022
f 1925 2018 1861
f 1925 1861 1782
f 1953 1925 1916
f 1953 2011 2058
f 2011 1916 1962
f 2011 1953 1916
f 1684 1672 1611
f 1685 1684 1611
f 1684 1685 1672
f 1961 1941 1874
f 1941 1961 2015
f 1854 1925 1782
f 1925 1854 1916
f 1730 1854 1782
f 1685 1730 1782
f 1627 1730 1685
f 1886 1932 1916
f 1854 1886 1916
f 1886 1854 1851
f 1869 1886 1851
f 1886 1941 1932
f 1941 1886 1874
f 1532 1614 1608
f 1506 1532 1608
f 1530 1627 1611
f 864 886 789
f 762 864 789
f 647 725 694
f 725 762 694
f 725 647 708
f 725 864 762
f 1002 974 1079
f 974 1002 987
f 1002 1037 987
f 1107 1002 1079
f 1002 1107 1037
f 1777 1792 1713
f 1792 1777 1959
f 1959 1777 1923
f 1787 1777 1713
f 1777 1787 1923
f 1362 1479 1364
f 1364 1479 1398
f 1479 1612 1398
f 2082 1856 2060
f 2082 2137 1967
f 1856 1725 1804
f 1725 1618 1804
f 1725 1827 1612
f 1479 1725 1612
f 1725 1479 1618
f 1156 1159 1079
f 1159 1107 1079
f 1159 1156 1257
f 1169 1159 1257
f 1107 1159 1169
f 5421 5422 5351
f 5456 5421 5396
f 5456 5396 5489
f 5422 5456 5501
f 5456 5422 5421
f 5456 5530 5501
f 3951 3945 3913
f 3945 3991 3985
f 3991 3945 3951
f 3913 3945 3895
f 3945 3927 3895
f 4100 4041 4102
f 4110 4100 4201
f 4201 4100 4178
f 4100 4102 4178
f 4030 4110 4073
f 4030 4073 4035
f 4030 4100 4110
f 4100 4030 4041
f 4041 4030 3985
f 3806 3748 3764
f 3748 3703 3764
f 3748 3806 3835
f 4880 4891 4956
f 4809 4880 4781
f 4891 4880 4809
f 4964 5037 5011
f 4964 4880 4956
f 4880 4964 4907
f 4964 4956 5025
f 5037 4964 5025
f 4718 4739 4791
f 4739 4817 4791
f 4685 4718 4647
f 4739 4685 4680
f 4685 4739 4718
f 4613 4688 4680
f 4683 4613 4606
f 4688 4613 4683
f 4385 4344 4341
f 4997 4990 5040
f 4997 5079 5022
f 5079 4997 5040
f 4934 4997 5022
f 3910 3921 3964
f 3852 3867 3798
f 3867 3852 3894
f 3741 3788 3798
f 3788 3852 3798
f 3852 3788 3858
f 3846 3788 3779
f 3788 3846 3858
f 3200 3230 3189
f 3845 3793 3870
f 3770 3821 3792
f 3706 3628 3627
f 3856 3834 3884
f 3834 3845 3884
f 3843 3932 3870
f 3947 3955 4006
f 3947 3843 3855
f 3843 3947 3932
f 4080 4163 4192
f 4053 4054 4156
f 4054 4080 4156
f 4738 4741 4650
f 4741 4470 4650
f 5525 5510 5478
f 5496 5525 5478
f 5357 5369 5333
f 5357 5344 5377
f 5344 5357 5333
f 5418 5496 5478
f 5496 5418 5448
f 5519 5502 5546
f 5464 5519 5505
f 5519 5546 5573
f 5572 5519 5573
f 5446 5464 5375
f 5438 5401 5469
f 5475 5496 5448
f 5868 5863 5894
f 5850 5863 5868
f 5863 5874 5894
f 5874 5863 5855
f 5855 5863 5839
f 5863 5850 5839
f 5789 5775 5774
f 5786 5775 5789
f 5775 5786 5779
f 5766 5775 5779
f 5853 5840 5832
f 5853 5867 5871
f 5874 5861 5871
f 5861 5853 5871
f 5853 5861 5840
f 5861 5874 5855
f 5840 5861 5855
f 5867 5883 5871
f 5871 5883 5880
f 5883 5893 5918
f 5883 5916 5880
f 5916 5883 5918
f 5875 5903 5893
f 5883 5875 5893
f 5875 5883 5867
f 5564 5551 5505
f 5519 5564 5505
f 5564 5519 5572
f 5564 5591 5551
f 5591 5564 5616
f 5564 5572 5616
f 5902 5906 5877
f 5906 5902 5940
f 5783 5776 5795
f 5914 5864 5889
f 5750 5768 5748
f 5735 5751 5743
f 5751 5735 5753
f 5751 5753 5773
f 5751 5761 5743
f 5761 5751 5773
f 5790 5809 5823
f 5809 5790 5792
f 5809 5792 5822
f 5809 5844 5823
f 5809 5822 5844
f 5769 5753 5748
f 5769 5790 5753
f 5790 5769 5792
f 5768 5769 5748
f 5769 5768 5792
f 5706 5729 5699
f 5692 5679 5699
f 5694 5689 5668
f 5689 5710 5706
f 5710 5689 5694
f 5601 5409 5444
f 5601 5598 5630
f 5830 5811 5851
f 5811 5826 5851
f 5826 5811 5821
f 5859 5837 5876
f 5826 5837 5859
f 5837 5826 5821
f 5765 5805 5821
f 5763 5765 5744
f 5763 5744 5727
f 5930 5948 5925
f 5948 5930 5944
f 5944 5930 5940
f 5906 5930 5925
f 5930 5906 5940
f 5843 5841 5821
f 5841 5837 5821
f 5890 5843 5877
f 5878 5890 5905
f 5145 5168 5112
f 5145 5196 5168
f 5196 5145 5173
f 5145 5094 5173
f 5094 5074 5005
f 5074 5017 5005
f 5074 5145 5112
f 5145 5074 5094
f 5088 5074 5112
f 5017 5074 5088
f 5281 5275 5231
f 5275 5261 5231
f 5261 5275 5270
f 5270 5275 5313
f 5275 5281 5313
f 5977 5993 5961
f 5993 5977 5985
f 5971 5977 5961
f 5977 5971 5985
f 6036 6014 6065
f 7227 7238 7267
f 7264 7238 7225
f 7238 7264 7267
f 7238 7157 7225
f 7238 7227 7157
f 7058 6975 7018
f 6960 6975 7007
f 7070 7157 7007
f 6975 7070 7007
f 7070 6975 7058
f 6875 6931 6960
f 6931 6975 6960
f 6742 6794 6757
f 6690 6742 6757
f 6794 6742 6755
f 6742 6712 6755
f 6712 6742 6677
f 6742 6690 6677
f 6759 6855 6738
f 7128 7058 7018
f 7128 7198 7225
f 7157 7128 7225
f 7070 7128 7157
f 7128 7070 7058
f 5968 5986 5966
f 5986 5968 5967
f 5957 5928 5943
f 5953 5957 5943
f 5957 5953 5972
f 5975 5957 5972
f 5911 5910 5880
f 5916 5911 5880
f 5910 5911 5935
f 5939 5959 5967
f 5959 5939 5935
f 5942 5959 5935
f 5959 5984 5967
f 5984 5959 5975
f 5959 5957 5975
f 5957 5959 5942
f 6052 6074 6017
f 6074 6068 6017
f 6074 6100 6108
f 6074 6052 6100
f 6128 6074 6108
f 6074 6128 6095
f 6068 6074 6095
f 6104 6116 6173
f 6173 6116 6182
f 6128 6116 6095
f 6116 6128 6182
f 5994 6009 6027
f 6010 6009 5994
f 6009 6047 6027
f 6009 6010 6047
f 6050 6010 5999
f 6010 6050 6047
f 6031 6050 5999
f 6063 6050 6031
f 5872 5898 5915
f 5872 5879 5898
f 5901 5927 5932
f 5901 5904 5927
f 5849 5869 5828
f 5864 5869 5889
f 5869 5864 5828
f 5901 5869 5849
f 6005 6004 5990
f 6023 6005 5990
f 6004 6005 6044
f 6005 6023 6044
f 6037 6008 6039
f 6037 6023 6008
f 6069 6088 6094
f 6088 6069 6044
f 6044 6038 6020
f 6069 6038 6044
f 6038 6035 6020
f 6035 6038 6069
f 6158 6147 6112
f 5983 6000 5996
f 6002 6000 5983
f 6000 6002 6015
f 6000 6008 5996
f 6008 6000 6039
f 6000 6015 6039
f 6303 6251 6258
f 6251 6303 6317
f 6303 6379 6317
f 6313 6276 6378
f 6276 6313 6258
f 6313 6303 6258
f 6303 6313 6379
f 6488 6425 6378
f 6425 6313 6378
f 6313 6425 6379
f 6379 6425 6472
f 6225 6276 6258
f 6178 6225 6156
f 6225 6258 6156
f 6196 6225 6178
f 6225 6196 6276
f 6290 6287 6247
f 6319 6287 6384
f 6290 6314 6374
f 6421 6314 6318
f 6318 6314 6245
f 6314 6290 6245
f 6117 6172 6178
f 6172 6196 6178
f 6545 6592 6472
f 6425 6545 6472
f 6545 6425 6488
f 6217 6190 6199
f 6190 6217 6147
f 6190 6158 6199
f 6158 6190 6147
f 6238 6312 6217
f 6217 6312 6157
f 6312 6238 6275
f 6319 6312 6275
f 6312 6319 6382
f 6314 6427 6374
f 6427 6314 6421
f 6464 6450 6384
f 6464 6427 6531
f 6464 6384 6374
f 6427 6464 6374
f 6640 6598 6678
f 7075 7035 7093
f 7186 7093 7214
f 7136 7195 7151
f 7335 7363 7362
f 7335 7347 7318
f 7347 7335 7362
f 7408 7406 7405
f 7406 7399 7405
f 7396 7406 7402
f 7367 7375 7388
f 7420 7417 7422
f 7421 7420 7422
f 7420 7421 7417
f 5739 5746 5754
f 5799 5778 5788
f 5778 5764 5788
f 5778 5799 5784
f 5770 5778 5784
f 5814 5800 5824
f 5800 5814 5799
f 5800 5816 5824
f 5800 5799 5788
f 5816 5800 5788
f 5838 5816 5835
f 5816 5838 5834
f 5838 5835 5852
f 5733 5704 5720
f 5704 5733 5726
f 5733 5747 5726
f 5678 5694 5668
f 5678 5658 5673
f 5647 5659 5630
f 5659 5647 5668
f 5598 5647 5630
f 5647 5678 5668
f 5678 5647 5658
f 5656 5638 5651
f 5656 5672 5642
f 5638 5656 5642
f 5663 5655 5693
f 5663 5645 5655
f 5680 5663 5693
f 5631 5663 5651
f 5645 5663 5631
f 5584 5592 5655
f 5592 5584 5541
f 5532 5539 5565
f 5539 5544 5565
f 5544 5549 5575
f 5549 5588 5611
f 5575 5549 5611
f 5539 5549 5544
f 5549 5539 5532
f 4653 4696 4715
f 3912 3971 3911
f 3971 3912 3980
f 3911 3971 3958
f 3971 4088 3958
f 3971 3980 4088
f 3922 3874 3968
f 4001 3922 3968
f 3922 4001 3926
f 3872 3922 3926
f 3922 3872 3874
f 3443 3376 3354
f 3442 3376 3443
f 3376 3342 3330
f 3354 3376 3330
f 3376 3442 3476
f 3438 3376 3476
f 3376 3438 3342
f 3504 3437 3482
f 3532 3504 3482
f 3551 3532 3529
f 3957 4027 3937
f 4081 4027 3957
f 4271 4227 4235
f 4227 4271 4312
f 4312 4271 4367
f 4314 4271 4235
f 4367 4271 4314
f 4315 4250 4312
f 4227 4250 4220
f 4250 4227 4312
f 4250 4315 4277
f 3647 3787 3644
f 3787 3694 3644
f 3787 3820 3694
f 3883 3787 3831
f 3820 3787 3883
f 4706 4611 4639
f 4611 4706 4729
f 4656 4611 4753
f 4611 4729 4753
f 106 103 95
f 103 110 95
f 135 143 136
f 135 117 133
f 135 136 117
f 147 135 133
f 143 135 147
f 2583 2459 2519
f 2459 2223 2158
f 2519 2459 2158
f 2468 2542 2236
f 2542 2282 2236
f 2542 2607 2282
f 2542 2634 2607
f 2542 2468 2634
f 2074 1889 2010
f 1667 1889 1679
f 1889 1844 1679
f 1844 1889 2141
f 1889 2074 2141
f 1805 1660 1764
f 1660 1805 1875
f 1805 1764 2020
f 1988 1805 2020
f 1805 1988 1875
f 1361 1422 1393
f 1422 1476 1393
f 1577 1550 1663
f 1667 1577 1663
f 1577 1667 1520
f 1660 1475 1390
f 1550 1475 1660
f 1318 1297 1390
f 1660 1297 1712
f 1297 1660 1390
f 1027 1297 1010
f 1297 1130 1010
f 1476 1432 1393
f 1432 1476 1504
f 1512 1432 1504
f 1432 1512 1427
f 1244 1233 1325
f 1268 1244 1325
f 1209 1322 1319
f 1316 1322 1209
f 1322 1370 1319
f 1380 1408 1266
f 1413 1408 1467
f 1408 1413 1266
f 1463 1430 1661
f 1430 1666 1661
f 1666 1430 1605
f 1430 1463 1349
f 1430 1535 1605
f 1430 1211 1535
f 1211 1430 1349
f 391 344 320
f 344 391 448
f 265 298 320
f 298 391 320
f 628 553 536
f 1052 1044 1357
f 1061 1052 1357
f 907 1061 985
f 907 1052 1061
f 1052 907 928
f 932 907 985
f 324 412 332
f 412 324 417
f 564 412 417
f 1046 983 859
f 328 305 405
f 304 305 328
f 305 311 405
f 311 305 271
f 305 304 271
f 416 328 405
f 416 393 328
f 401 564 417
f 262 264 246
f 240 262 246
f 304 262 271
f 237 262 240
f 262 248 271
f 262 237 248
f 941 1027 1010
f 820 859 701
f 859 820 1010
f 544 416 405
f 1027 922 1067
f 920 922 1027
f 4061 4053 4135
f 4118 4061 4135
f 4273 4333 4275
f 4633 4592 4638
f 4638 4592 4569
f 4592 4529 4569
f 4679 4633 4812
f 4633 4679 4657
f 4679 4812 4711
f 4571 4679 4711
f 4657 4679 4571
f 3218 3169 3234
f 3218 3223 3169
f 3296 3218 3234
f 3277 3218 3296
f 3223 3218 3277
f 3129 3128 3169
f 2990 3000 3022
f 3000 3081 3022
f 3081 3000 3051
f 3016 2960 3044
f 2960 2899 2943
f 3062 3083 3030
f 3062 3111 3125
f 3083 3062 3125
f 2950 2960 3016
f 2899 2950 2867
f 2960 2950 2899
f 2960 2996 3044
f 3078 3100 3069
f 3142 3078 3095
f 3095 3078 3001
f 3371 3315 3369
f 3315 3371 3345
f 3345 3371 3365
f 3365 3371 3402
f 3425 3371 3369
f 3344 3404 3369
f 3315 3344 3369
f 3344 3315 3261
f 4098 4141 4069
f 4141 4122 4069
f 4177 4141 4098
f 3871 3865 3955
f 3871 3947 3855
f 3947 3871 3955
f 3865 3871 3812
f 3871 3855 3785
f 3812 3871 3785
f 3808 3890 3865
f 3865 3890 3963
f 4384 4322 4317
f 4322 4255 4317
f 4255 4322 4234
f 4322 4326 4234
f 4464 4384 4459
f 4385 4388 4462
f 4322 4388 4326
f 4388 4322 4384
f 4388 4464 4462
f 4464 4388 4384
f 4326 4388 4341
f 4388 4385 4341
f 4380 4384 4317
f 4380 4467 4459
f 4384 4380 4459
f 3873 3930 3946
f 3844 3873 3946
f 3873 3844 3835
f 3893 3873 3835
f 3873 3893 3930
f 3723 3684 3662
f 3723 3662 3685
f 3760 3723 3685
f 3723 3760 3744
f 3814 3740 3744
f 3808 3740 3814
f 3740 3723 3744
f 3723 3740 3684
f 3684 3648 3662
f 3417 3487 3466
f 3396 3417 3466
f 3366 3367 3414
f 3436 3366 3414
f 3366 3436 3368
f 3623 3700 3594
f 3630 3623 3610
f 3623 3570 3610
f 3669 3630 3610
f 3669 3623 3630
f 3700 3669 3712
f 3623 3669 3700
f 3543 3509 3530
f 3509 3543 3549
f 3570 3543 3530
f 3509 3500 3530
f 3500 3509 3461
f 3464 3500 3461
f 3500 3502 3530
f 3461 3468 3414
f 3509 3468 3461
f 3414 3468 3448
f 3517 3490 3509
f 3468 3490 3448
f 3490 3468 3509
f 3490 3487 3448
f 3490 3517 3487
f 3782 3781 3792
f 3727 3781 3782
f 3727 3782 3779
f 3717 3727 3779
f 3706 3659 3628
f 3892 3875 3849
f 3875 3892 3968
f 3892 3931 3968
f 3998 3949 3986
f 3998 3931 3949
f 4022 3998 4046
f 3931 3998 4022
f 3422 3446 3556
f 3469 3422 3556
f 3395 3422 3379
f 3422 3395 3446
f 3653 3580 3655
f 4557 4453 4544
f 4557 4522 4453
f 4522 4557 4591
f 4633 4557 4544
f 4557 4633 4591
f 4453 4430 4360
f 4522 4430 4453
f 4092 4045 4021
f 4045 3896 4021
f 4045 3888 3896
f 3888 4055 3882
f 4045 4055 3888
f 4428 4393 4429
f 4393 4428 4402
f 4338 4276 4232
f 4276 4218 4232
f 3525 3441 3484
f 3525 3510 3441
f 4336 4400 4411
f 4437 4400 4450
f 4400 4437 4411
f 4450 4400 4402
f 4318 4276 4338
f 4206 4198 4280
f 4010 3986 3954
f 4090 4016 3925
f 4016 4090 4095
f 4091 4090 3925
f 4128 4196 4170
f 4196 4180 4170
f 3716 3599 3676
f 3716 3680 3599
f 3716 3676 3757
f 3802 3716 3757
f 3680 3716 3738
f 3853 3881 3816
f 3853 3802 3842
f 3802 3853 3816
f 3853 3842 3908
f 3726 3675 3666
f 3675 3638 3666
f 3675 3726 3681
f 3638 3675 3681
f 3562 3589 3513
f 3589 3681 3649
f 3589 3638 3681
f 3513 3589 3535
f 3589 3649 3535
f 3612 3562 3554
f 3612 3554 3605
f 3638 3612 3605
f 3612 3589 3562
f 3589 3612 3638
f 3546 3528 3501
f 3528 3546 3571
f 3528 3485 3501
f 3485 3528 3519
f 3528 3571 3519
f 3734 3732 3810
f 3665 3732 3666
f 3732 3665 3736
f 3732 3726 3666
f 3732 3734 3726
f 7435 7441 7442
f 7441 7444 7442
f 7444 7441 7435
f 7422 7427 7426
f 7427 7422 7423
f 7428 7427 7423
f 7436 7430 7428
f 7431 7430 7436
f 7430 7427 7428
f 7430 7431 7426
f 7427 7430 7426
f 7440 7436 7437
f 7445 7440 7437
f 7436 7440 7439
f 7443 7444 7439
f 7440 7443 7439
f 7443 7440 7445
f 7444 7443 7454
f 7443 7445 7454
f 7456 7453 7433
f 7450 7452 7449
f 7438 7450 7449
f 7450 7438 7433
f 7453 7450 7433
f 7432 7429 7425
f 7432 7438 7429
f 7433 7432 7425
f 7438 7432 7433
f 7342 7350 7353
f 7350 7323 7353
f 7138 7037 7028
f 7028 7037 6997
f 7144 7026 7068
f 7025 7026 7144
f 6942 6954 6914
f 6942 6946 6954
f 6916 6942 6914
f 6942 6916 6946
f 6957 6946 6959
f 6946 6957 6954
f 6911 6912 6959
f 6916 6911 6959
f 6911 6916 6866
f 6862 6911 6866
f 6911 6862 6912
f 7096 7080 7176
f 7080 7083 7176
f 7080 7096 7017
f 6968 7080 7017
f 7083 7080 6968
f 7019 7069 6969
f 7069 7083 6969
f 7319 7315 7283
f 7319 7329 7315
f 7278 7282 7325
f 7282 7278 7242
f 7304 7303 7294
f 7303 7304 7327
f 7079 7002 7073
f 7079 7074 7002
f 7146 7079 7073
f 7149 7240 7163
f 6877 6937 6923
f 6921 6877 6923
f 6842 6877 6837
f 6877 6842 6937
f 6788 6727 6856
f 7016 7012 6967
f 7012 6974 6967
f 7074 7084 7016
f 7084 7012 7016
f 7012 7084 7086
f 7149 7084 7074
f 7022 7094 7021
f 7094 7022 7086
f 7022 7012 7086
f 6974 7022 7021
f 7012 7022 6974
f 7094 7179 7172
f 7216 7220 7236
f 7220 7216 7161
f 7179 7216 7236
f 7216 7094 7161
f 7216 7179 7094
f 7274 7272 7236
f 7220 7274 7236
f 7272 7274 7318
f 7274 7335 7318
f 7165 7220 7161
f 7086 7165 7161
f 7165 7086 7159
f 7165 7159 7163
f 7240 7165 7163
f 7220 7165 7240
f 7277 7240 7245
f 6818 6779 6795
f 6848 6883 6789
f 6883 6848 6850
f 6797 6848 6789
f 6848 6797 6850
f 6929 6930 6949
f 6929 6883 6930
f 6925 6929 6949
f 6929 6925 6883
f 6883 6934 6930
f 6934 6883 6850
f 6934 6910 6945
f 6910 6934 6850
f 6433 6434 6416
f 6438 6433 6416
f 6433 6439 6434
f 6439 6433 6438
f 6439 6438 6444
f 6612 6672 6662
f 6662 6672 6731
f 6675 6672 6616
f 6672 6612 6616
f 6672 6771 6731
f 6672 6737 6771
f 6737 6672 6675
f 6659 6612 6662
f 6659 6662 6731
f 6498 6529 6526
f 6529 6498 6445
f 6498 6485 6445
f 6461 6463 6467
f 6461 6477 6453
f 6477 6461 6467
f 6461 6453 6387
f 6463 6461 6387
f 6477 6497 6526
f 6497 6498 6526
f 6498 6497 6485
f 6477 6452 6453
f 6452 6477 6448
f 6453 6452 6387
f 6452 6448 6387
f 6685 6624 6628
f 6624 6685 6721
f 6403 6397 6342
f 6397 6455 6437
f 6455 6397 6403
f 6765 6826 6803
f 6925 6915 6870
f 6915 6925 6938
f 6878 6861 6843
f 6878 6927 6861
f 4596 4548 4573
f 4548 4596 4641
f 4634 4596 4573
f 4641 4596 4646
f 4596 4634 4646
f 4785 4828 4759
f 4828 4761 4759
f 4828 4837 4874
f 4760 4710 4750
f 4761 4760 4750
f 4916 4915 4959
f 4966 4916 4959
f 4915 4916 4892
f 4916 4966 4892
f 4810 4726 4757
f 4810 4757 4818
f 4834 4810 4818
f 4751 4745 4720
f 4745 4689 4720
f 4682 4745 4748
f 4689 4745 4682
f 3493 3489 3514
f 3401 3489 3493
f 3489 3401 3424
f 4094 4044 4133
f 4011 4037 4058
f 4011 3967 3809
f 2883 2939 2930
f 2939 2826 2834
f 2939 2883 2826
f 3837 3784 3878
f 3837 3790 3784
f 3837 3878 3902
f 3836 3837 3902
f 3790 3837 3836
f 4111 4074 3976
f 4074 3973 3976
f 4074 4007 3973
f 4007 4074 4039
f 4074 4215 4039
f 4074 4111 4215
f 3979 4075 4051
f 3979 3905 3953
f 3905 3979 3933
f 4126 4187 4143
f 4075 4126 4143
f 4126 4154 4187
f 4154 4126 4096
f 4126 4034 4096
f 4034 4126 4075
f 3214 3205 3282
f 3205 3214 3192
f 3264 3214 3291
f 3214 3123 3192
f 3360 3392 3393
f 3392 3360 3390
f 4442 4551 4539
f 4468 4442 4539
f 4551 4442 4422
f 4442 4468 4355
f 4431 4499 4482
f 4499 4431 4502
f 4482 4499 4519
f 4579 4499 4502
f 4519 4499 4603
f 4499 4579 4603
f 4401 4392 4373
f 4401 4436 4392
f 4608 4651 4579
f 4579 4651 4603
f 4702 4651 4704
f 4651 4608 4704
f 4651 4637 4603
f 4539 4541 4555
f 4541 4608 4555
f 4541 4539 4578
f 4608 4541 4578
f 4395 4431 4482
f 4362 4320 4348
f 4362 4348 4461
f 4431 4362 4461
f 4395 4362 4431
f 4320 4362 4292
f 4204 4237 4251
f 4237 4269 4251
f 4269 4237 4228
f 4269 4331 4281
f 4291 4331 4373
f 4331 4291 4281
f 4331 4401 4373
f 4331 4395 4401
f 4207 4262 4292
f 4207 4151 4133
f 4151 4207 4205
f 4101 4068 4186
f 4068 4058 4191
f 4186 4068 4191
f 4068 4011 4058
f 4194 4101 4186
f 4194 4207 4133
f 4207 4194 4262
f 5657 5664 5687
f 5596 5556 5595
f 5457 5556 5493
f 5556 5567 5493
f 5556 5596 5567
f 5609 5596 5595
f 5596 5609 5657
f 5609 5664 5657
f 5310 5324 5297
f 5076 5044 4985
f 5048 5076 4985
f 5033 5048 4970
f 5310 5262 5298
f 5298 5262 5236
f 5262 5209 5236
f 5695 5703 5687
f 5695 5688 5703
f 5681 5646 5669
f 5688 5681 5703
f 5681 5660 5646
f 5660 5681 5688
f 1879 1823 1888
f 1823 1879 1806
f 1823 1786 1888
f 1928 2016 1944
f 2196 2109 2149
f 2087 2109 2196
f 1946 1871 1944
f 2016 1946 1944
f 1946 2035 1871
f 1871 1917 1837
f 1961 1917 2023
f 1613 1745 1682
f 1871 1779 1850
f 1779 1727 1850
f 1779 1871 1837
f 1732 1779 1837
f 1727 1779 1681
f 1722 1732 1754
f 1637 1717 1728
f 1717 1786 1728
f 2149 2214 2284
f 2014 1986 1967
f 2116 2014 2176
f 2014 2137 2176
f 2137 2014 1967
f 2321 2393 2433
f 2321 2272 2393
f 1939 1860 1785
f 1786 1860 1888
f 1986 1960 1827
f 1960 1864 1827
f 1864 1960 1939
f 1042 1224 1157
f 1379 1373 1257
f 1379 1410 1373
f 1410 1379 1473
f 1277 1379 1257
f 1473 1379 1353
f 1379 1277 1353
f 1271 1336 1317
f 1452 1410 1473
f 1547 1452 1473
f 1584 1522 1580
f 1429 1522 1503
f 1522 1429 1580
f 1694 1728 1735
f 1694 1634 1728
f 1727 1694 1735
f 1694 1727 1681
f 1634 1694 1580
f 1584 1694 1681
f 1694 1584 1580
f 1331 1169 1257
f 1331 1271 1169
f 1373 1331 1257
f 1331 1336 1271
f 1129 1232 1222
f 1271 1232 1129
f 1232 1271 1317
f 2568 2501 2500
f 2568 2573 2627
f 2477 2524 2445
f 2524 2414 2445
f 2466 2414 2559
f 2414 2524 2559
f 2414 2347 2341
f 2403 2414 2466
f 2414 2403 2347
f 2791 2775 2818
f 2775 2777 2818
f 2869 2721 2770
f 2770 2721 2734
f 2721 2676 2734
f 2758 2781 2683
f 2758 2683 2617
f 2781 2842 2889
f 2889 2842 2818
f 2842 2791 2818
f 2842 2758 2791
f 2758 2842 2781
f 2612 2610 2605
f 2610 2623 2605
f 2623 2610 2612
f 2866 2856 2795
f 2724 2718 2697
f 2805 2718 2724
f 2718 2682 2697
f 2752 2792 2795
f 2792 2805 2795
f 2980 2978 2925
f 2839 2978 2834
f 2978 2839 2925
f 2978 2980 3018
f 2978 2939 2834
f 2894 2862 2904
f 2920 2894 2904
f 2958 2920 2904
f 2958 2980 2925
f 2980 2958 3018
f 2762 2839 2834
f 2793 2762 2834
f 2839 2762 2779
f 2728 2762 2660
f 2762 2793 2660
f 2863 2821 2835
f 2836 2835 2832
f 2976 2836 2832
f 2836 2863 2835
f 2863 2836 2976
f 2593 2733 2673
f 2877 2850 2876
f 2850 2877 2942
f 3236 3204 3167
f 3205 3204 3236
f 3204 3192 3167
f 3204 3205 3192
f 3020 2942 3048
f 2942 3020 2993
f 3020 3036 2993
f 2962 2976 2993
f 3036 2962 2993
f 2962 3029 2957
f 2962 2928 2880
f 2928 2962 2957
f 2962 3118 3029
f 3171 3152 3096
f 3152 3137 3096
f 3097 3121 3104
f 3137 3121 3097
f 3121 3156 3104
f 3197 3209 3246
f 3173 3197 3183
f 3182 3207 3150
f 3136 3182 3150
f 2327 2447 2380
f 2447 2327 2425
f 2447 2492 2380
f 2492 2447 2567
f 2492 2567 2616
f 2814 2761 2825
f 2761 2814 2803
f 2859 2814 2825
f 2814 2859 2803
f 2556 2630 2590
f 2676 2630 2734
f 2630 2676 2590
f 3033 3047 3065
f 3047 3055 3065
f 3055 3047 3029
f 3047 3033 2983
f 3047 2983 2959
f 3029 3047 2959
f 2923 3033 3061
f 2923 3061 2935
f 2922 2923 2935
f 3033 2923 2983
f 2983 2923 2945
f 3065 3098 3096
f 3120 3098 3065
f 3098 3150 3096
f 3098 3120 3150
f 3207 3245 3228
f 3266 3245 3207
f 3245 3267 3228
f 3245 3266 3267
f 2567 2654 2616
f 6042 6024 6032
f 6021 6024 6042
f 6032 6024 6003
f 6024 6021 6003
f 6018 6016 6001
f 6021 6018 6001
f 6018 6021 6042
f 6018 6042 6070
f 6016 6018 6070
f 6149 6207 6105
f 6207 6165 6105
f 6207 6202 6165
f 6266 6263 6240
f 6341 6330 6424
f 6330 6339 6424
f 6330 6341 6293
f 6339 6330 6293
f 6205 6195 6208
f 6205 6206 6195
f 6125 6167 6163
f 6155 6216 6242
f 6216 6155 6163
f 6291 6279 6242
f 6216 6291 6242
f 6291 6216 6257
f 6279 6291 6326
f 6228 6192 6230
f 6192 6231 6230
f 6192 6194 6231
f 6161 6192 6228
f 6130 6192 6161
f 6823 6796 6799
f 6667 6661 6609
f 6661 6658 6609
f 6658 6718 6629
f 6668 6669 6684
f 6603 6602 6571
f 6602 6667 6609
f 6602 6603 6667
f 6665 6603 6643
f 6603 6665 6667
f 6686 6665 6643
f 6891 6890 6885
f 6897 6891 6885
f 6891 6897 6890
f 6898 6897 6885
f 6897 6898 6973
f 6917 6953 6849
f 6953 6976 6973
f 6983 7025 6973
f 6976 6983 6973
f 6983 7026 7025
f 6853 6852 6849
f 6852 6798 6849
f 6798 6852 6851
f 6851 6852 6885
f 6717 6798 6715
f 6717 6751 6798
f 6717 6705 6708
f 6751 6717 6708
f 7003 7090 7001
f 7090 7003 7013
f 7013 7003 6959
f 7003 6957 6959
f 6954 7003 7001
f 6957 7003 6954
f 7167 7173 7242
f 7173 7177 7242
f 7090 7173 7167
f 7170 7096 7176
f 7177 7181 7242
f 7256 7181 7176
f 7181 7170 7176
f 6972 7000 6996
f 7000 7010 7091
f 7000 6972 6963
f 7010 7000 6963
f 7113 7000 7091
f 6996 7000 7064
f 7000 7113 7064
f 6390 6482 6406
f 6482 6390 6394
f 6340 6390 6406
f 6390 6340 6326
f 6394 6390 6326
f 6482 6539 6534
f 6539 6585 6586
f 6534 6539 6549
f 6539 6586 6549
f 6492 6437 6495
f 6492 6482 6437
f 6492 6539 6482
f 6585 6492 6495
f 6539 6492 6585
f 6484 6486 6466
f 6542 6484 6571
f 6571 6484 6415
f 6484 6475 6415
f 6376 6419 6418
f 6315 6376 6418
f 6376 6420 6419
f 6288 6284 6204
f 6284 6254 6204
f 6320 6284 6288
f 6201 6198 6168
f 6198 6191 6168
f 6229 6198 6201
f 6198 6229 6191
f 6250 6220 6254
f 6250 6229 6220
f 6229 6250 6315
f 6284 6250 6254
f 6250 6284 6315
f 6377 6315 6418
f 6377 6229 6315
f 6869 6874 6907
f 6783 6756 6823
f 6839 6783 6823
f 6903 6905 6933
f 6807 6863 6806
f 6863 6807 6820
f 6815 6868 6820
f 6868 6815 6904
f 6780 6809 6819
f 6918 6920 6948
f 6821 6867 6804
f 6821 6804 6763
f 4877 4963 4931
f 4963 4975 4931
f 4975 4963 4985
f 4806 4885 4845
f 4806 4877 4885
f 4721 4806 4794
f 4806 4845 4794
f 4806 4721 4783
f 4789 4838 4783
f 4838 4806 4783
f 4806 4838 4877
f 5032 5051 5120
f 5051 5081 5120
f 5051 5032 5019
f 5021 5051 5019
f 5061 5128 5009
f 5118 5061 5060
f 5128 5061 5118
f 4969 5061 5009
f 5061 4969 4973
f 4858 4923 4950
f 5050 5128 5189
f 5128 5050 5009
f 5050 4950 5009
f 5050 5023 4950
f 4887 4903 4949
f 4903 4961 4949
f 4861 4903 4840
f 4903 4887 4840
f 4864 4928 4875
f 4887 4928 4864
f 4928 4887 4949
f 5035 5023 5093
f 5035 4991 5023
f 5081 5035 5093
f 5051 5035 5081
f 4991 5035 5021
f 5035 5051 5021
f 4967 4971 5060
f 5061 4967 5060
f 4967 5061 4973
f 4967 4973 4929
f 5059 4953 4957
f 4971 4953 5059
f 6028 6022 6001
f 6029 6028 6001
f 6028 6045 6022
f 6028 6029 6045
f 6058 6064 6034
f 6064 6082 6099
f 6082 6064 6058
f 6022 6033 6034
f 6033 6058 6034
f 6060 6082 6058
f 6033 6060 6058
f 6102 6082 6105
f 6082 6102 6099
f 6165 6102 6105
f 6145 6149 6114
f 6145 6162 6149
f 6145 6114 6148
f 6222 6166 6221
f 6162 6166 6222
f 6221 6166 6193
f 6193 6166 6148
f 6166 6145 6148
f 6145 6166 6162
f 6059 6056 6030
f 6085 6059 6109
f 6098 6085 6109
f 6085 6056 6059
f 2632 2701 2628
f 2743 2701 2632
f 2729 2701 2769
f 1751 1677 1679
f 1669 1677 1751
f 1742 1715 1751
f 1715 1669 1751
f 1715 1742 1664
f 3176 3208 3178
f 3176 3151 3208
f 3004 3024 2992
f 3004 3008 3024
f 2946 3004 2992
f 3008 3004 2946
f 3080 3072 3024
f 1919 1957 1963
f 1957 2056 1963
f 2151 2056 2242
f 2151 2123 2056
f 2197 2151 2242
f 2151 2197 2138
f 2091 2151 2138
f 2579 2642 2669
f 2642 2729 2669
f 2701 2642 2628
f 2642 2701 2729
f 2443 2511 2444
f 2443 2442 2511
f 2245 2197 2273
f 1819 1832 1746
f 1832 1952 1870
f 1832 1819 1952
f 1421 1389 1595
f 1537 1421 1595
f 1421 1537 1447
f 1377 1421 1447
f 1607 1576 1447
f 1537 1607 1447
f 1703 1743 1824
f 1743 1703 1658
f 1599 1703 1719
f 1703 1788 1719
f 1743 1812 1824
f 1812 1832 1870
f 1832 1812 1746
f 1812 1711 1746
f 1711 1812 1743
f 1576 1711 1616
f 1711 1658 1616
f 1711 1743 1658
f 1771 1908 1878
f 1908 1771 1788
f 1895 1849 1824
f 1703 1849 1788
f 1849 1703 1824
f 1849 1908 1788
f 1908 1849 1895
f 2026 2045 1971
f 3260 3229 3253
f 3229 3180 3253
f 2650 2574 2643
f 2574 2561 2643
f 2561 2574 2503
f 2815 2794 2833
f 2715 2794 2731
f 2833 2794 2767
f 2794 2715 2767
f 2897 2924 2905
f 2897 2833 2846
f 2833 2897 2905
f 2961 2952 2905
f 2961 2965 3030
f 2952 2961 3030
f 2971 3063 3035
f 3063 2971 2969
f 2934 2971 3035
f 3063 3057 3035
f 3108 3145 3133
f 3108 3063 3145
f 3108 3057 3063
f 2566 2614 2622
f 2614 2702 2622
f 2622 2702 2714
f 2702 2810 2714
f 2765 2702 2679
f 2702 2614 2679
f 2759 2744 2815
f 2794 2744 2731
f 2744 2794 2815
f 2744 2759 2679
f 2650 2744 2679
f 2744 2650 2731
f 2874 2823 2855
f 2874 2830 2823
f 2952 2949 2913
f 2949 2915 2913
f 2448 2334 2465
f 2334 2372 2288
f 2372 2334 2448
f 2451 2534 2533
f 2469 2505 2545
f 2511 2505 2444
f 2545 2505 2511
f 2183 2245 2232
f 2197 2183 2138
f 2245 2183 2197
f 2374 2300 2279
f 2291 2300 2377
f 2377 2300 2493
f 2300 2374 2493
f 3217 3258 3270
f 3258 3321 3270
f 3258 3242 3300
f 3321 3258 3300
f 3158 3217 3132
f 3049 3158 3132
f 3158 3049 3154
f 3194 3158 3154
f 3158 3194 3217
f 3242 3233 3239
f 3233 3194 3239
f 3194 3233 3217
f 3258 3233 3242
f 3233 3258 3217
f 3987 4084 4076
f 4144 4084 4051
f 4175 4084 4144
f 4084 4175 4076
f 4034 4059 4096
f 4059 4034 3928
f 3850 3822 3823
f 3850 3933 3822
f 3850 3905 3933
f 3905 3923 3953
f 3928 3923 3859
f 3923 3928 3953
f 3805 3857 3796
f 3857 3805 3840
f 3818 3805 3694
f 3805 3818 3840
f 3830 3887 3817
f 3813 3796 3917
f 3009 3056 3007
f 3009 3014 3056
f 2963 3009 3007
f 3014 3009 2963
f 3058 3088 3011
f 3005 3058 3011
f 3058 3032 3068
f 3058 3005 3032
f 2931 2982 2902
f 3005 2982 2931
f 2982 3005 2986
f 2902 2982 2901
f 2982 2986 2901
f 3297 3374 3295
f 3297 3327 3374
f 3219 3271 3268
f 3157 3219 3268
f 3149 3226 3216
f 3226 3219 3216
f 3219 3226 3271
f 3479 3356 3375
f 3494 3479 3459
f 3479 3429 3459
f 3356 3479 3374
f 3479 3419 3374
f 3498 3479 3494
f 3419 3479 3498
f 3799 3775 3762
f 3775 3763 3762
f 3791 3775 3823
f 3763 3775 3791
f 3058 3092 3088
f 3092 3058 3068
f 3143 3092 3068
f 3092 3143 3149
f 4933 4965 4943
f 5046 5054 5029
f 5015 5046 5029
f 5046 5015 5036
f 5046 5036 5098
f 4843 5003 4977
f 5003 5015 4977
f 5015 5003 5036
f 5003 4843 5095
f 5097 5003 5095
f 5036 5003 5097
f 5103 5162 5124
f 5162 5103 5163
f 5162 5147 5124
f 5162 5163 5182
f 5162 5182 5225
f 5200 5162 5225
f 5147 5181 5159
f 5171 5049 5057
f 5049 5171 5218
f 4597 4604 4686
f 4597 4676 4598
f 4676 4597 4686
f 4449 4484 4434
f 4823 4772 4779
f 4826 4823 4779
f 4772 4823 4821
f 4823 4826 4895
f 4823 4895 4909
f 4821 4823 4909
f 4261 4277 4349
f 4257 4261 4349
f 4250 4261 4220
f 4261 4250 4277
f 4019 4104 4028
f 4042 4104 4019
f 4104 4112 4028
f 4112 4104 4125
f 4104 4042 4125
f 4361 4413 4359
f 4310 4361 4359
f 4346 4356 4319
f 4413 4356 4346
f 4361 4356 4413
f 4356 4310 4319
f 4356 4361 4310
f 4301 4283 4328
f 4283 4310 4328
f 4209 4283 4301
f 4266 4307 4272
f 4266 4371 4307
f 5068 5080 5110
f 5080 5068 5027
f 4987 5002 5000
f 4926 4946 4919
f 4946 4958 4919
f 4958 4946 4992
f 5247 5238 5266
f 4645 4625 4663
f 4625 4654 4663
f 4654 4625 4600
f 4625 4570 4600
f 4769 4762 4737
f 4763 4769 4737
f 4788 4769 4763
f 4762 4769 4782
f 4807 4775 4820
f 4807 4763 4775
f 4865 4807 4820
f 4863 4802 4815
f 4635 4706 4639
f 4643 4635 4576
f 4749 4635 4643
f 4706 4635 4749
f 4869 4886 4913
f 4886 4894 4913
f 4894 4886 4869
f 4995 5053 5031
f 5053 4995 5000
f 5068 5053 5000
f 5053 5073 5072
f 5073 5053 5091
f 4904 4912 4936
f 4912 4904 4896
f 4900 4904 4936
f 4896 4904 4900
f 4841 4906 4883
f 4924 4906 4841
f 4947 5013 4992
f 4906 4947 4926
f 4947 4906 4924
f 4946 4947 4992
f 4947 4946 4926
f 4782 4824 4796
f 4824 4841 4796
f 4824 4924 4841
f 4937 4867 4941
f 4937 4947 4924
f 4824 4937 4924
f 4937 4824 4867
f 4947 4937 5013
f 5013 4937 5045
f 4937 5026 5045
f 4769 4816 4782
f 5026 4976 5012
f 5012 4976 4993
f 4976 4937 4941
f 4937 4976 5026
f 4976 4902 4993
f 4902 4976 4941
f 4725 4701 4708
f 4771 4725 4804
f 4712 4725 4771
f 4725 4732 4744
f 4732 4725 4708
f 4732 4782 4796
f 4782 4732 4730
f 4619 4652 4581
f 4619 4625 4645
f 4180 4239 4216
f 4472 4491 4451
f 4456 4472 4451
f 4493 4510 4520
f 4491 4510 4493
f 4558 4495 4475
f 4495 4558 4531
f 5152 5143 5176
f 5153 5152 5176
f 4981 4996 4978
f 5014 4996 4981
f 4996 5020 4978
f 4996 5041 5020
f 4996 5014 5041
f 5111 5043 5045
f 5043 5013 5045
f 5043 5080 5030
f 5001 5043 5030
f 5043 5001 5013
f 5141 5166 5183
f 5329 5376 5319
f 5252 5283 5264
f 5362 5365 5303
f 5283 5362 5303
f 5362 5283 5319
f 5362 5376 5380
f 5376 5362 5319
f 5099 5119 5066
f 5119 5083 5066
f 5154 5119 5099
f 5175 5119 5154
f 5083 5119 5111
f 5119 5175 5199
f 5208 5194 5193
f 5244 5208 5193
f 5208 5154 5194
f 5208 5175 5154
f 5175 5208 5199
f 5208 5244 5199
f 5259 5244 5292
f 5265 5259 5292
f 5043 5117 5080
f 5117 5043 5111
f 5139 5148 5184
f 5119 5148 5111
f 5148 5117 5111
f 5117 5148 5139
f 5184 5148 5199
f 5148 5119 5199
f 5479 5552 5533
f 5518 5460 5520
f 5437 5460 5518
f 5520 5460 5533
f 5460 5479 5533
f 5460 5437 5416
f 5479 5460 5429
f 5428 5471 5449
f 5449 5471 5453
f 5453 5471 5463
f 5376 5392 5433
f 5392 5437 5433
f 5480 5442 5463
f 5494 5480 5463
f 5222 5190 5183
f 5222 5252 5264
f 5252 5222 5215
f 5190 5222 5205
f 5205 5222 5227
f 5222 5268 5227
f 5301 5305 5277
f 5305 5330 5226
f 5277 5305 5226
f 5295 5320 5290
f 5295 5311 5320
f 5311 5295 5268
f 5227 5295 5290
f 5268 5295 5227
f 1954 2000 2055
f 1813 1742 1844
f 1881 1813 1844
f 1813 1662 1742
f 1813 1881 1903
f 1421 1313 1389
f 1313 1377 1310
f 1313 1421 1377
f 1208 1179 1189
f 1179 1096 1189
f 1179 1208 1151
f 1096 1179 1151
f 1144 1030 1139
f 1256 1275 1273
f 1275 1256 1352
f 996 1158 1193
f 1646 1594 1598
f 1478 1453 1423
f 1517 1453 1574
f 1453 1517 1428
f 1367 1374 1325
f 1374 1268 1325
f 1494 1601 1544
f 1494 1544 1403
f 1601 1494 1606
f 1517 1494 1492
f 1494 1517 1606
f 1776 1892 1882
f 1470 1517 1492
f 1517 1470 1428
f 2075 2091 1963
f 2056 2075 1963
f 2123 2075 2056
f 1892 2030 1882
f 2030 1892 1963
f 2091 2030 1963
f 2030 2091 2138
f 2183 2030 2138
f 2030 2183 2089
f 1736 1709 1645
f 1736 1753 1709
f 1693 1736 1645
f 1585 1693 1645
f 1526 1554 1460
f 1526 1460 1467
f 1587 1526 1467
f 1709 1593 1645
f 1593 1536 1472
f 1057 1030 992
f 1030 939 992
f 792 939 890
f 1152 1096 1047
f 1126 1152 1047
f 1096 1152 1189
f 1523 1480 1501
f 1480 1443 1501
f 1480 1436 1443
f 1481 1523 1518
f 1480 1481 1436
f 1481 1480 1523
f 1565 1635 1648
f 1565 1523 1635
f 1523 1565 1518
f 1628 1565 1648
f 1565 1628 1518
f 1700 1698 1635
f 1635 1698 1648
f 1698 1762 1648
f 1502 1465 1431
f 1465 1502 1616
f 1510 1465 1616
f 1529 1703 1599
f 1703 1529 1658
f 1658 1529 1616
f 1529 1510 1616
f 2178 2124 2093
f 2124 2126 2093
f 2126 2124 2178
f 1867 1852 1843
f 1852 1867 1880
f 1867 1945 1880
f 1945 1867 1969
f 1762 1857 1761
f 1852 1857 1762
f 1857 1852 1880
f 1945 1857 1880
f 1938 1857 1945
f 2050 2038 2093
f 2038 2050 1969
f 2038 2103 2093
f 297 313 278
f 297 346 331
f 297 296 346
f 362 361 445
f 346 361 331
f 394 361 346
f 361 461 445
f 361 394 461
f 349 378 386
f 382 388 524
f 388 382 386
f 378 388 386
f 566 523 526
f 565 566 526
f 566 565 622
f 473 520 497
f 520 481 557
f 520 473 481
f 355 339 362
f 339 361 362
f 399 362 445
f 437 399 445
f 399 355 362
f 355 399 424
f 399 437 424
f 1339 1380 1239
f 1043 947 880
f 1050 947 1043
f 970 947 1050
f 1050 1118 1113
f 1111 1197 1219
f 1197 1111 1087
f 1094 1167 1149
f 1167 1219 1255
f 1149 1167 1255
f 1167 1111 1219
f 1111 1167 1094
f 715 682 688
f 715 817 782
f 817 715 688
f 746 715 782
f 682 715 746
f 783 683 676
f 139 142 129
f 142 139 159
f 1538 1624 1569
f 1624 1538 1591
f 1543 1610 1516
f 1659 1543 1569
f 1610 1543 1659
f 1371 1435 1397
f 1435 1371 1340
f 1348 1371 1397
f 1371 1348 1340
f 1516 1555 1501
f 1610 1555 1516
f 1555 1610 1635
f 1555 1523 1501
f 1523 1555 1635
f 1258 1272 1330
f 1272 1280 1330
f 1280 1272 1258
f 1348 1285 1288
f 1280 1285 1330
f 1285 1348 1330
f 1183 1122 1160
f 622 691 668
f 726 667 774
f 726 651 667
f 300 286 263
f 351 395 363
f 395 464 438
f 363 395 438
f 395 351 369
f 464 395 440
f 395 369 440
f 689 697 609
f 697 700 609
f 620 585 666
f 520 585 497
f 545 492 464
f 624 602 609
f 559 602 624
f 492 549 486
f 549 559 486
f 545 549 492
f 549 545 609
f 602 549 609
f 549 602 559
f 162 227 228
f 165 227 162
f 224 227 165
f 227 284 228
f 157 165 162
f 152 119 120
f 166 232 168
f 166 164 232
f 166 130 164
f 284 336 333
f 340 345 232
f 224 171 180
f 171 224 165
f 171 152 180
f 152 171 165
f 227 256 284
f 256 227 224
f 124 130 87
f 130 124 162
f 124 157 162
f 242 222 212
f 118 111 108
f 577 565 530
f 577 626 644
f 577 530 478
f 626 577 524
f 577 453 524
f 453 577 478
f 255 219 200
f 92 99 91
f 92 100 99
f 3002 3010 2985
f 2985 3010 3003
f 3066 3010 3050
f 3010 3066 3003
f 2204 2229 2159
f 2229 2194 2159
f 2229 2331 2299
f 2229 2204 2331
f 2280 2229 2299
f 2194 2229 2280
f 2762 2739 2779
f 2739 2762 2728
f 2636 2680 2728
f 2680 2636 2578
f 2680 2739 2728
f 2739 2680 2687
f 2613 2641 2591
f 2716 2719 2752
f 2719 2716 2711
f 2682 2719 2635
f 2719 2682 2752
f 2719 2698 2635
f 2698 2719 2711
f 2641 2698 2711
f 2514 2481 2591
f 2613 2495 2565
f 2565 2495 2507
f 2333 2290 2359
f 2601 2478 2546
f 2555 2478 2601
f 2476 2449 2371
f 2478 2476 2546
f 2476 2466 2546
f 2476 2403 2466
f 2261 2312 2327
f 2308 2312 2261
f 2295 2308 2237
f 2213 2295 2237
f 2313 2295 2213
f 568 619 634
f 550 619 568
f 605 619 550
f 908 867 984
f 867 908 828
f 698 740 656
f 740 699 656
f 740 828 840
f 740 698 828
f 624 732 662
f 732 700 822
f 732 624 609
f 700 732 609
f 773 867 828
f 698 773 828
f 732 773 662
f 867 773 822
f 773 732 822
f 1016 998 840
f 998 829 840
f 829 805 840
f 1186 1216 1270
f 1174 1186 1270
f 1161 1230 1213
f 1230 1284 1213
f 1284 1230 1299
f 1230 1229 1299
f 1360 1284 1299
f 1301 1142 1243
f 1243 1142 1213
f 1142 1135 1213
f 1135 1142 1033
f 1412 1438 1466
f 1539 1474 1571
f 1474 1507 1571
f 1474 1412 1466
f 1229 1153 1115
f 1153 1230 1161
f 1230 1153 1229
f 1904 1835 1898
f 1904 1914 1781
f 1835 1756 1768
f 1756 1674 1768
f 1756 1904 1781
f 1904 1756 1835
f 1259 1229 1171
f 1229 1259 1299
f 1385 1450 1439
f 1551 1559 1665
f 1450 1559 1551
f 1559 1552 1566
f 1559 1396 1552
f 1559 1450 1396
f 1558 1508 1632
f 1508 1551 1632
f 1450 1508 1439
f 1508 1450 1551
f 1816 1738 1761
f 1857 1816 1761
f 1768 1778 1831
f 1816 1778 1738
f 1738 1702 1665
f 1702 1674 1632
f 1551 1702 1632
f 1702 1551 1665
f 1699 1701 1761
f 1699 1691 1701
f 1590 1559 1566
f 1590 1691 1665
f 1559 1590 1665
f 507 560 615
f 560 507 525
f 531 570 525
f 303 273 263
f 286 303 263
f 998 871 829
f 512 507 543
f 512 469 507
f 508 476 527
f 476 508 449
f 460 476 449
f 425 501 503
f 501 425 519
f 608 508 527
f 508 608 519
f 1168 1175 1191
f 407 389 472
f 482 495 406
f 495 482 503
f 482 425 503
f 372 482 406
f 425 482 372
f 419 534 477
f 400 534 419
f 420 534 400
f 852 725 708
f 725 852 864
f 2135 2037 2053
f 2107 2037 2135
f 2136 2107 2182
f 2270 2136 2182
f 2136 2066 2107
f 2107 2033 1989
f 2066 2033 2107
f 2136 2143 2066
f 2143 2270 2250
f 2143 2136 2270
f 2187 2100 1993
f 2100 2187 2203
f 2100 2174 2046
f 2174 2100 2203
f 1922 1937 2046
f 1937 1848 1865
f 1970 1937 1865
f 1511 1462 1575
f 1462 1511 1464
f 1511 1498 1464
f 1618 1498 1713
f 1498 1511 1713
f 1354 1498 1328
f 1498 1354 1464
f 1344 1253 1388
f 1234 1344 1249
f 1344 1234 1253
f 2455 2464 2488
f 2458 2464 2455
f 2464 2482 2488
f 2621 2581 2615
f 2621 2656 2655
f 2656 2621 2615
f 2606 2621 2694
f 2543 2621 2606
f 2581 2621 2543
f 2621 2709 2694
f 2709 2621 2655
f 2199 2271 2292
f 2147 2199 2292
f 2199 2147 2131
f 2330 2215 2309
f 2271 2215 2330
f 2215 2303 2309
f 2215 2178 2241
f 2303 2215 2241
f 2328 2345 2292
f 2271 2328 2292
f 2328 2271 2362
f 2328 2362 2401
f 2345 2328 2401
f 2304 2361 2324
f 2304 2345 2361
f 2345 2304 2292
f 2185 2304 2324
f 2304 2147 2292
f 2147 2304 2185
f 2401 2452 2446
f 2452 2528 2446
f 2362 2452 2401
f 2553 2485 2446
f 2528 2553 2446
f 2355 2330 2309
f 2594 2552 2688
f 2552 2434 2377
f 2652 2569 2608
f 2732 2780 2760
f 2732 2713 2780
f 2656 2732 2760
f 2732 2656 2615
f 2435 2343 2432
f 2340 2343 2216
f 2343 2435 2396
f 2463 2458 2396
f 2435 2463 2396
f 2463 2435 2482
f 2464 2463 2482
f 2463 2464 2458
f 2532 2557 2575
f 2474 2435 2432
f 2474 2432 2473
f 2435 2474 2482
f 2474 2532 2482
f 2541 2474 2473
f 2557 2474 2541
f 2474 2557 2532
f 2457 2462 2408
f 2462 2457 2485
f 2424 2457 2408
f 2457 2424 2485
f 2190 2233 2142
f 2134 2115 2166
f 2034 2115 2134
f 2212 2217 2166
f 2021 1999 2071
f 2147 2021 2071
f 1907 1858 1914
f 1909 1907 1993
f 1858 1907 1909
f 2072 2118 2044
f 2002 2024 2044
f 2024 2072 2044
f 2072 2024 2054
f 2025 2019 2068
f 2024 2025 2054
f 2019 2025 1995
f 2163 2065 2068
f 2065 2163 2118
f 2065 2025 2068
f 2025 2065 2054
f 2072 2065 2118
f 2065 2072 2054
f 1901 1912 1839
f 1905 1912 1901
f 1912 1976 1924
f 1763 1912 1924
f 1839 1912 1763
f 1847 1876 1839
f 1906 1876 1847
f 1876 1901 1839
f 1876 1906 1901
f 2156 2113 2105
f 2063 2113 2114
f 2105 2113 2063
f 2113 2167 2114
f 2113 2156 2167
f 2011 2128 2058
f 2128 2130 2058
f 2130 2128 2204
f 1951 2015 1962
f 1951 1941 2015
f 1932 1951 1962
f 1941 1951 1932
f 1872 1869 1874
f 1886 1872 1874
f 1872 1886 1869
f 1625 1614 1584
f 1625 1681 1631
f 1625 1584 1681
f 1533 1487 1608
f 1487 1506 1608
f 1307 1411 1418
f 1411 1307 1346
f 1232 1307 1222
f 1307 1317 1346
f 1307 1232 1317
f 1613 1542 1533
f 2104 2094 2060
f 2094 2082 2060
f 2082 2094 2137
f 2137 2094 2157
f 2094 2104 2262
f 2157 2094 2262
f 1725 1877 1827
f 1986 1877 1967
f 1877 1986 1827
f 5260 5206 5250
f 5260 5271 5206
f 5271 5260 5294
f 5260 5314 5294
f 5260 5250 5314
f 5271 5239 5206
f 5334 5272 5294
f 5272 5271 5294
f 5272 5334 5328
f 5296 5272 5328
f 5272 5239 5271
f 5272 5296 5253
f 5239 5272 5253
f 5432 5435 5351
f 5422 5432 5351
f 5432 5501 5435
f 5432 5422 5501
f 5514 5456 5489
f 5456 5514 5530
f 5530 5514 5578
f 4030 3978 3985
f 3945 3978 3927
f 3978 3945 3985
f 3978 4030 4035
f 3930 3978 4035
f 3978 3893 3927
f 3893 3978 3930
f 3673 3735 3685
f 3748 3735 3673
f 3735 3760 3685
f 3760 3735 3835
f 3735 3748 3835
f 4880 4844 4781
f 4844 4880 4907
f 4844 4907 4871
f 4817 4844 4871
f 4907 4944 4952
f 4964 4944 4907
f 4952 4944 5011
f 4944 4964 5011
f 4556 4553 4647
f 4532 4553 4481
f 4685 4623 4680
f 4455 4385 4462
f 4500 4455 4462
f 4613 4552 4606
f 4552 4525 4606
f 4552 4613 4587
f 4547 4559 4606
f 4517 4500 4462
f 4517 4552 4500
f 4552 4517 4525
f 4854 4901 4856
f 3921 3935 3964
f 3935 3915 3981
f 3915 3935 3864
f 3852 3901 3894
f 3901 3852 3858
f 3894 3901 3910
f 3901 3921 3910
f 3935 3901 3858
f 3901 3935 3921
f 3860 3915 3864
f 3821 3860 3792
f 3860 3782 3792
f 3782 3860 3864
f 3481 3464 3435
f 3500 3481 3502
f 3481 3500 3464
f 3371 3418 3402
f 3418 3371 3425
f 3481 3418 3425
f 3191 3078 3142
f 3078 3191 3100
f 3196 3155 3189
f 3155 3196 3142
f 3230 3196 3189
f 3196 3191 3142
f 3191 3196 3263
f 3770 3730 3801
f 3633 3693 3627
f 3693 3706 3627
f 3705 3793 3801
f 3706 3743 3719
f 3781 3743 3792
f 3743 3727 3719
f 3727 3743 3781
f 3941 3997 3936
f 3941 3929 3992
f 3997 3941 3992
f 3898 3845 3870
f 3845 3898 3884
f 3941 3898 3929
f 3898 3936 3884
f 3898 3941 3936
f 3988 4043 3992
f 3932 3909 3870
f 3909 3898 3870
f 3898 3909 3929
f 3834 3829 3845
f 3793 3829 3801
f 3829 3793 3845
f 3793 3786 3870
f 3786 3843 3870
f 4230 4273 4192
f 4163 4230 4192
f 4097 4163 4080
f 4043 4097 3992
f 4097 4043 4150
f 4163 4097 4150
f 4097 3997 3992
f 3997 4097 4080
f 3996 4054 4053
f 3996 3915 3966
f 3915 3996 3981
f 3996 4061 3981
f 4061 3996 4053
f 3915 3961 3966
f 4994 5028 5075
f 4881 4921 4835
f 4881 4901 4934
f 4901 4881 4856
f 4881 4738 4856
f 4881 4741 4738
f 4741 4881 4835
f 5566 5546 5510
f 5525 5566 5510
f 5546 5566 5573
f 5418 5391 5448
f 5391 5357 5377
f 5357 5391 5369
f 5519 5476 5502
f 5476 5519 5464
f 5446 5476 5464
f 5510 5467 5478
f 5502 5467 5510
f 5476 5467 5502
f 5467 5476 5446
f 5384 5446 5375
f 5384 5375 5339
f 5369 5384 5339
f 5391 5384 5369
f 5384 5391 5418
f 5414 5391 5377
f 5391 5414 5448
f 5401 5414 5377
f 5438 5414 5401
f 5475 5454 5507
f 5507 5454 5469
f 5454 5438 5469
f 5475 5513 5496
f 5513 5507 5541
f 5513 5475 5507
f 5767 5746 5774
f 5775 5767 5774
f 5746 5767 5754
f 5767 5766 5754
f 5767 5775 5766
f 5834 5842 5824
f 5848 5842 5834
f 5842 5814 5824
f 5814 5842 5832
f 5842 5853 5832
f 5853 5842 5867
f 5842 5875 5867
f 5875 5842 5848
f 5903 5888 5899
f 5875 5888 5903
f 5888 5875 5848
f 5888 5870 5899
f 5902 5929 5940
f 5929 5902 5914
f 5940 5929 5962
f 5929 5938 5962
f 5929 5914 5938
f 5902 5882 5914
f 5882 5864 5914
f 5882 5902 5877
f 5792 5785 5804
f 5768 5785 5792
f 5807 5785 5781
f 5785 5807 5804
f 5785 5768 5750
f 5715 5735 5723
f 5761 5725 5743
f 5725 5761 5762
f 5729 5725 5762
f 5725 5729 5706
f 5729 5716 5699
f 5716 5692 5699
f 5692 5716 5712
f 5659 5682 5679
f 5679 5682 5699
f 5682 5659 5668
f 5689 5682 5668
f 5682 5706 5699
f 5682 5689 5706
f 5635 5659 5679
f 5659 5635 5630
f 5635 5601 5630
f 5692 5635 5679
f 5601 5635 5409
f 5465 5581 5444
f 5581 5601 5444
f 5557 5581 5465
f 5598 5581 5557
f 5581 5598 5601
f 5796 5830 5812
f 5796 5811 5830
f 5796 5765 5821
f 5811 5796 5821
f 5864 5827 5828
f 5882 5827 5864
f 5798 5763 5783
f 5827 5798 5828
f 5798 5783 5795
f 5828 5798 5795
f 5862 5841 5843
f 5890 5862 5843
f 5862 5890 5878
f 5841 5858 5837
f 5837 5858 5876
f 5858 5862 5878
f 5862 5858 5841
f 5858 5897 5876
f 5858 5878 5897
f 5906 5892 5877
f 5892 5890 5877
f 5892 5906 5905
f 5890 5892 5905
f 6013 6036 5998
f 6013 6014 6036
f 6013 5998 5997
f 6040 6019 6076
f 6014 6040 6065
f 6019 6040 5997
f 6040 6096 6065
f 6040 6076 6096
f 6040 6013 5997
f 6013 6040 6014
f 6688 6750 6761
f 6688 6592 6723
f 6750 6688 6723
f 6757 6791 6723
f 6791 6800 6723
f 6790 6750 6723
f 6800 6790 6723
f 6832 6790 6875
f 6790 6832 6750
f 6975 6950 7018
f 6931 6950 6975
f 6865 6931 6875
f 6790 6865 6875
f 6865 6790 6800
f 6693 6759 6738
f 6759 6719 6761
f 6719 6688 6761
f 6719 6693 6670
f 6693 6719 6759
f 6855 6834 6909
f 6834 6875 6909
f 6834 6832 6875
f 6750 6762 6761
f 6832 6762 6750
f 6834 6762 6832
f 6762 6834 6855
f 6762 6759 6761
f 6759 6762 6855
f 7078 7128 7018
f 7009 7078 7018
f 7198 7078 7156
f 7128 7078 7198
f 7124 7078 7009
f 7078 7124 7156
f 5949 5950 5966
f 5950 5968 5966
f 5968 5950 5967
f 5950 5939 5967
f 5950 5949 5939
f 5957 5941 5928
f 5941 5957 5942
f 5928 5941 5918
f 5941 5916 5918
f 5941 5911 5916
f 5941 5942 5935
f 5911 5941 5935
f 6080 6050 6063
f 6050 6080 6104
f 6080 6116 6104
f 6080 6063 6095
f 6116 6080 6095
f 6087 6104 6136
f 6087 6050 6104
f 6050 6087 6047
f 6087 6117 6047
f 5808 5790 5823
f 5790 5808 5773
f 5891 5872 5915
f 5891 5915 5931
f 5904 5891 5931
f 5872 5846 5879
f 5844 5846 5823
f 5879 5846 5844
f 5909 5901 5932
f 5869 5909 5889
f 5909 5869 5901
f 6066 6037 6039
f 6101 6066 6039
f 6066 6101 6106
f 6210 6247 6275
f 6238 6210 6275
f 6210 6187 6247
f 6210 6238 6199
f 6158 6210 6199
f 6187 6210 6126
f 6287 6307 6247
f 6307 6287 6319
f 6247 6307 6275
f 6307 6319 6275
f 6384 6306 6374
f 6287 6306 6384
f 6306 6290 6374
f 6306 6287 6290
f 6196 6134 6170
f 6172 6134 6196
f 6134 6172 6117
f 6087 6134 6117
f 6170 6134 6136
f 6134 6087 6136
f 6427 6490 6531
f 6490 6427 6421
f 6490 6421 6472
f 6592 6490 6472
f 6572 6464 6531
f 6639 6675 6616
f 6598 6623 6595
f 6640 6623 6598
f 7077 7032 7035
f 7075 7077 7035
f 7032 7077 7060
f 7152 7075 7093
f 7186 7152 7093
f 7060 7134 7073
f 7136 7134 7060
f 7134 7136 7151
f 7134 7146 7073
f 7146 7134 7151
f 7365 7359 7361
f 7335 7359 7365
f 7363 7364 7365
f 7364 7335 7365
f 7335 7364 7363
f 7333 7355 7361
f 7359 7333 7361
f 7333 7359 7335
f 7394 7397 7388
f 7394 7396 7402
f 7388 7385 7366
f 7397 7385 7388
f 7354 7370 7357
f 7355 7332 7357
f 7332 7354 7357
f 7354 7332 7330
f 7333 7332 7355
f 7330 7332 7299
f 7337 7371 7370
f 7371 7337 7366
f 7337 7336 7366
f 7233 7235 7245
f 7235 7262 7245
f 7262 7223 7228
f 7146 7223 7201
f 7223 7146 7151
f 7223 7195 7228
f 7195 7223 7151
f 7212 7154 7221
f 7292 7314 7336
f 7292 7281 7314
f 7281 7316 7314
f 7406 7398 7399
f 7398 7406 7396
f 7399 7398 7392
f 7398 7390 7392
f 7398 7396 7390
f 7407 7406 7408
f 7407 7417 7416
f 7417 7407 7408
f 7402 7407 7416
f 7406 7407 7402
f 7375 7389 7388
f 7389 7394 7388
f 7368 7367 7336
f 7368 7375 7367
f 7252 7254 7255
f 5690 5721 5720
f 5721 5739 5720
f 5758 5747 5764
f 5758 5740 5747
f 5778 5758 5764
f 5758 5778 5770
f 5857 5848 5834
f 5838 5857 5834
f 5888 5857 5870
f 5857 5888 5848
f 5870 5857 5852
f 5857 5838 5852
f 5733 5742 5747
f 5740 5717 5726
f 5726 5717 5693
f 5717 5713 5693
f 5697 5680 5693
f 5713 5697 5693
f 5697 5686 5680
f 5709 5719 5702
f 5709 5697 5713
f 5686 5709 5702
f 5697 5709 5686
f 5613 5647 5598
f 5587 5613 5557
f 5613 5598 5557
f 5719 5700 5702
f 5714 5700 5719
f 5700 5685 5702
f 5700 5714 5707
f 5737 5714 5719
f 5731 5750 5748
f 5714 5731 5707
f 5731 5737 5750
f 5737 5731 5714
f 5731 5715 5707
f 5735 5731 5748
f 5715 5731 5735
f 5672 5644 5642
f 5662 5644 5672
f 5616 5644 5628
f 5644 5616 5642
f 5649 5662 5673
f 5658 5649 5673
f 5644 5649 5628
f 5649 5644 5662
f 5667 5686 5672
f 5656 5667 5672
f 5667 5656 5651
f 5686 5667 5680
f 5663 5667 5651
f 5667 5663 5680
f 5540 5532 5512
f 5540 5549 5532
f 5540 5435 5570
f 5579 5540 5570
f 5436 5540 5512
f 5540 5436 5435
f 5540 5579 5588
f 5549 5540 5588
f 4664 4653 4715
f 4653 4658 4696
f 4691 4658 4607
f 4696 4658 4691
f 3437 3540 3488
f 3504 3540 3437
f 4050 4032 3937
f 4027 4050 3937
f 4050 4027 4081
f 3667 3742 3647
f 3742 3787 3647
f 3789 3742 3721
f 3742 3667 3721
f 3742 3789 3831
f 3787 3742 3831
f 4506 4498 4443
f 113 120 95
f 110 113 95
f 103 112 110
f 2536 2459 2583
f 2536 2468 2223
f 2459 2536 2223
f 2536 2646 2647
f 2536 2583 2646
f 2634 2536 2647
f 2468 2536 2634
f 2010 1873 1936
f 1889 1873 2010
f 1875 1873 1663
f 1873 1875 1936
f 1873 1667 1663
f 1873 1889 1667
f 1366 1318 1390
f 1440 1422 1361
f 1323 1316 1407
f 1323 1322 1316
f 1323 1407 1425
f 1370 1323 1425
f 1322 1323 1370
f 896 936 842
f 896 983 1072
f 818 896 842
f 896 818 983
f 872 936 961
f 976 872 961
f 983 1143 1072
f 1359 1392 1460
f 1460 1392 1467
f 1392 1413 1467
f 1384 1300 1266
f 1413 1384 1266
f 1392 1384 1413
f 1300 1384 1359
f 1384 1392 1359
f 479 552 536
f 552 607 536
f 607 628 536
f 480 499 448
f 391 480 448
f 499 480 536
f 480 479 536
f 479 480 391
f 834 727 802
f 727 834 734
f 834 807 734
f 575 646 514
f 663 646 788
f 663 777 695
f 1026 943 1011
f 943 1026 1065
f 655 820 701
f 820 655 759
f 572 412 564
f 572 655 596
f 1130 1070 1010
f 1070 859 1010
f 1070 1046 859
f 325 401 417
f 324 325 417
f 325 324 291
f 393 325 328
f 401 325 393
f 849 941 1010
f 820 849 1010
f 849 820 759
f 793 849 759
f 849 793 941
f 504 499 553
f 504 544 405
f 448 504 405
f 499 504 448
f 416 521 393
f 544 521 416
f 927 932 1067
f 922 927 1067
f 4038 4118 4138
f 4038 4061 4118
f 4061 4038 3981
f 3935 4038 3964
f 4038 3935 3981
f 4423 4333 4366
f 4403 4423 4366
f 4425 4423 4470
f 4423 4403 4470
f 4347 4353 4275
f 4333 4347 4275
f 4549 4633 4544
f 4549 4592 4633
f 4487 4549 4544
f 4549 4487 4529
f 4592 4549 4529
f 3223 3164 3169
f 3164 3129 3169
f 3164 3223 3212
f 3163 3164 3212
f 3129 3164 3116
f 3107 3081 3128
f 3129 3107 3128
f 3081 3107 3022
f 3107 3129 3116
f 3107 3046 3022
f 3046 3107 3116
f 3163 3177 3147
f 3185 3177 3199
f 3177 3185 3147
f 3177 3212 3199
f 3177 3163 3212
f 3090 3147 3115
f 3090 3163 3147
f 3087 3090 3115
f 3046 3090 3034
f 2987 2990 2844
f 2987 3000 2990
f 2788 2987 2844
f 2671 2987 2788
f 3051 2987 2776
f 2987 2671 2776
f 2965 3023 3030
f 3023 3062 3030
f 3023 3016 3076
f 3111 3023 3076
f 3062 3023 3111
f 2954 2950 3016
f 3023 2954 3016
f 3027 2996 3034
f 3090 3027 3034
f 3027 3090 3087
f 3027 3087 3044
f 2996 3027 3044
f 2964 2960 2943
f 2964 2996 2960
f 2944 2974 3034
f 2996 2944 3034
f 2964 2944 2996
f 2974 2944 2853
f 2944 2899 2853
f 2899 2944 2943
f 2944 2964 2943
f 3241 3344 3261
f 3241 3191 3263
f 3186 3241 3261
f 3100 3241 3186
f 3191 3241 3100
f 4141 4189 4122
f 4122 4189 4166
f 4240 4189 4234
f 4189 4248 4166
f 4248 4189 4240
f 3839 3890 3808
f 3839 3808 3814
f 3839 3844 3919
f 3844 3839 3814
f 4297 4343 4317
f 4343 4380 4317
f 4343 4297 4293
f 4380 4343 4467
f 3773 3740 3808
f 3773 3808 3812
f 3408 3417 3396
f 3436 3408 3368
f 3408 3436 3487
f 3417 3408 3487
f 3367 3336 3335
f 3366 3336 3367
f 3336 3294 3335
f 3590 3623 3594
f 3549 3590 3594
f 3543 3590 3549
f 3623 3590 3570
f 3590 3543 3570
f 3598 3622 3610
f 3622 3689 3610
f 3689 3622 3650
f 3669 3715 3712
f 3715 3669 3610
f 3689 3715 3610
f 3715 3761 3712
f 3715 3741 3761
f 3718 3788 3741
f 3715 3718 3741
f 3718 3715 3689
f 3788 3718 3779
f 3692 3717 3650
f 3659 3692 3650
f 3692 3727 3717
f 3727 3692 3719
f 3692 3706 3719
f 3692 3659 3706
f 3587 3598 3560
f 3659 3587 3628
f 3507 3564 3503
f 3892 3897 3931
f 3931 3897 3949
f 3881 3897 3849
f 3897 3892 3849
f 3949 3897 3908
f 3897 3853 3908
f 3853 3897 3881
f 3998 4004 4046
f 4004 3998 3986
f 4010 4004 3986
f 4507 4430 4522
f 4571 4507 4591
f 4507 4522 4591
f 4507 4571 4478
f 4430 4507 4478
f 4430 4417 4360
f 4417 4210 4360
f 4210 4417 4232
f 4417 4338 4232
f 4417 4393 4338
f 4393 4417 4429
f 4429 4417 4478
f 4417 4430 4478
f 4210 4188 4203
f 4107 4099 4091
f 4107 4091 3900
f 3882 4107 3900
f 4055 4107 3882
f 4195 4099 4218
f 4099 4106 4091
f 4106 4090 4091
f 3576 3548 3484
f 3548 3525 3484
f 3580 3548 3576
f 3525 3553 3510
f 3553 3546 3510
f 3553 3599 3591
f 3546 3553 3591
f 4350 4318 4338
f 4350 4393 4402
f 4393 4350 4338
f 4400 4350 4402
f 4350 4311 4318
f 4311 4400 4336
f 4311 4350 4400
f 4274 4222 4280
f 4222 4206 4280
f 4198 4229 4280
f 4190 4229 4198
f 4263 4229 4249
f 4208 4229 4190
f 4113 4106 4159
f 3774 3802 3816
f 3774 3716 3802
f 3774 3816 3738
f 3716 3774 3738
f 3732 3739 3810
f 3739 3732 3736
f 3739 3807 3810
f 3807 3739 3736
f 7340 7342 7341
f 7298 7340 7341
f 7339 7312 7341
f 7312 7298 7341
f 7313 7340 7298
f 7340 7313 7342
f 7313 7350 7342
f 7350 7313 7323
f 6930 6994 6949
f 6994 6991 6949
f 7014 6994 6930
f 6983 7034 7026
f 7034 6983 6976
f 7034 6976 6997
f 7037 7034 6997
f 7062 7138 7137
f 7062 7037 7138
f 7062 7034 7037
f 7062 7133 7068
f 7133 7062 7137
f 7026 7062 7068
f 7034 7062 7026
f 7069 7205 7083
f 7083 7205 7176
f 7205 7256 7176
f 6984 6926 6938
f 6984 6966 6926
f 6984 7020 7019
f 6966 6984 7019
f 6962 6925 6949
f 6991 6962 6949
f 7291 7282 7242
f 7282 7291 7325
f 7181 7291 7242
f 7291 7181 7256
f 7291 7256 7294
f 7303 7291 7294
f 7325 7291 7327
f 7291 7303 7327
f 7079 7153 7074
f 6836 6921 6829
f 6836 6877 6921
f 6775 6829 6771
f 6775 6754 6829
f 6737 6775 6771
f 6754 6775 6737
f 6713 6754 6737
f 6713 6640 6678
f 6713 6737 6640
f 6734 6769 6856
f 6727 6734 6856
f 6769 6734 6731
f 7323 7271 7318
f 7268 7271 7323
f 7271 7272 7318
f 7086 7095 7159
f 7084 7095 7086
f 7087 7094 7172
f 7169 7087 7172
f 7262 7279 7245
f 7279 7277 7245
f 7279 7262 7299
f 7332 7279 7299
f 7279 7332 7277
f 6787 6753 6789
f 6753 6797 6789
f 6753 6787 6795
f 6459 6511 6505
f 6123 6098 6109
f 6517 6514 6462
f 6517 6480 6481
f 6332 6259 6260
f 6699 6697 6651
f 6944 6934 6945
f 6978 7014 6930
f 6934 6978 6930
f 6944 6978 6934
f 7033 7103 7014
f 6474 6477 6541
f 6434 6474 6541
f 6439 6474 6434
f 6474 6439 6444
f 6448 6474 6444
f 6477 6474 6448
f 6483 6497 6477
f 6485 6483 6479
f 6497 6483 6485
f 6641 6600 6664
f 6721 6729 6766
f 6685 6729 6721
f 6735 6729 6685
f 6700 6735 6685
f 6180 6257 6177
f 6510 6458 6449
f 6814 6816 6843
f 6816 6814 6781
f 6816 6801 6870
f 6825 6801 6803
f 6801 6825 6870
f 6801 6816 6781
f 6801 6765 6803
f 6765 6801 6781
f 6765 6778 6826
f 6826 6778 6818
f 6778 6779 6818
f 6926 6913 6938
f 6913 6915 6938
f 6915 6913 6870
f 6913 6816 6870
f 6926 6964 6927
f 6966 6964 6926
f 6927 6964 6969
f 6964 7019 6969
f 6964 6966 7019
f 6879 6926 6927
f 6878 6879 6927
f 6879 6878 6843
f 6816 6879 6843
f 6879 6913 6926
f 6913 6879 6816
f 6826 6824 6803
f 6824 6825 6803
f 6827 6826 6870
f 6825 6827 6870
f 6827 6824 6826
f 6824 6827 6825
f 4792 4828 4785
f 4828 4792 4837
f 4837 4792 4819
f 4828 4859 4814
f 4773 4760 4761
f 4773 4828 4814
f 4828 4773 4761
f 4819 4811 4836
f 4811 4834 4836
f 4811 4810 4834
f 3383 3427 3424
f 3474 3489 3424
f 3381 3440 3430
f 3440 3381 3401
f 3401 3359 3424
f 3383 3359 3372
f 3359 3383 3424
f 4025 3999 4094
f 3977 3999 4025
f 3999 3977 3952
f 4011 4049 3967
f 4049 4068 4101
f 4068 4049 4011
f 4037 3972 3990
f 4011 3972 4037
f 3972 4011 3809
f 2939 3037 2930
f 2978 3037 2939
f 3040 3037 3018
f 3037 2978 3018
f 4076 4153 4111
f 4175 4153 4076
f 4153 4345 4303
f 4215 4153 4303
f 4111 4153 4215
f 4259 4416 4345
f 4259 4301 4416
f 4259 4209 4301
f 4209 4259 4144
f 4259 4175 4144
f 3993 3987 3933
f 3993 4084 3987
f 3979 4000 4075
f 4000 4034 4075
f 4000 3979 3953
f 3928 4000 3953
f 4034 4000 3928
f 4154 4172 4187
f 4172 4272 4264
f 4187 4172 4264
f 3264 3293 3278
f 3293 3264 3291
f 3251 3264 3278
f 3251 3227 3264
f 3227 3141 3264
f 3141 3214 3264
f 3123 3141 3140
f 3214 3141 3123
f 3251 3220 3227
f 3172 3220 3202
f 3227 3220 3172
f 3304 3214 3282
f 3214 3304 3291
f 3323 3304 3282
f 3304 3323 3390
f 3360 3304 3390
f 3362 3360 3393
f 3415 3362 3393
f 3362 3415 3352
f 3351 3309 3352
f 3293 3309 3278
f 3309 3351 3299
f 3309 3251 3278
f 3251 3309 3299
f 4412 4418 4355
f 4418 4442 4355
f 4422 4418 4412
f 4442 4418 4422
f 4401 4457 4436
f 4457 4482 4518
f 4457 4395 4482
f 4395 4457 4401
f 4474 4457 4518
f 4436 4457 4474
f 4726 4672 4702
f 4672 4651 4702
f 4672 4726 4709
f 4689 4672 4709
f 4672 4689 4637
f 4651 4672 4637
f 4199 4148 4228
f 4237 4199 4228
f 4199 4237 4204
f 4132 4199 4204
f 4199 4132 4077
f 4148 4199 4077
f 4270 4207 4292
f 4207 4270 4205
f 4162 4148 4151
f 4162 4151 4205
f 4148 4162 4228
f 4162 4213 4228
f 4268 4245 4186
f 4245 4194 4186
f 4194 4245 4262
f 4262 4245 4304
f 4245 4268 4304
f 4124 4194 4133
f 4194 4124 4101
f 4044 4124 4133
f 5664 5677 5687
f 5677 5695 5687
f 5695 5677 5688
f 5556 5497 5595
f 5497 5457 5499
f 5497 5556 5457
f 5358 5336 5347
f 5336 5348 5347
f 5336 5310 5348
f 5336 5324 5310
f 5039 4975 4985
f 5044 5039 4985
f 4975 5039 5069
f 5090 5044 5076
f 5090 5039 5044
f 5048 4968 4970
f 4968 5048 4985
f 4963 4968 4985
f 5267 5310 5297
f 5267 5262 5310
f 5132 5056 5120
f 5132 5116 5056
f 5660 5639 5646
f 1786 1807 1728
f 1823 1807 1786
f 1807 1806 1735
f 1728 1807 1735
f 2042 2109 2087
f 2042 1946 2016
f 2042 2035 1946
f 2042 2087 2052
f 2035 2042 2052
f 2109 2117 2149
f 2117 2214 2149
f 1841 1754 1837
f 1917 1841 1837
f 1745 1841 1874
f 1841 1961 1874
f 1841 1917 1961
f 2035 1973 1871
f 1973 1917 1871
f 2097 1973 2035
f 1671 1745 1613
f 1754 1671 1608
f 1841 1671 1754
f 1671 1841 1745
f 1671 1533 1608
f 1671 1613 1533
f 1854 1826 1851
f 1730 1826 1854
f 1826 1869 1851
f 1826 1730 1682
f 1745 1826 1682
f 1869 1826 1874
f 1826 1745 1874
f 1779 1726 1681
f 1726 1779 1732
f 1722 1726 1732
f 1681 1726 1631
f 1626 1625 1631
f 1625 1626 1614
f 1614 1675 1608
f 1675 1754 1608
f 1675 1722 1754
f 1626 1675 1614
f 1675 1726 1722
f 1726 1675 1631
f 1675 1626 1631
f 2214 2285 2284
f 2285 2339 2284
f 2285 2301 2329
f 2285 2329 2371
f 2339 2285 2371
f 2014 2048 1986
f 2048 2014 2116
f 2048 1960 1986
f 1717 1733 1786
f 1733 1860 1786
f 1860 1733 1785
f 1785 1733 1676
f 1733 1717 1637
f 1733 1588 1676
f 1733 1637 1588
f 2070 1978 1939
f 1860 1978 1888
f 1978 1860 1939
f 1978 1928 1888
f 1978 2016 1928
f 2016 1978 2047
f 1978 2070 2047
f 2172 2070 1939
f 1041 1028 995
f 1042 1041 995
f 1041 1157 1028
f 1041 1042 1157
f 1429 1482 1580
f 1452 1482 1429
f 1580 1482 1548
f 1482 1547 1548
f 1482 1452 1547
f 1522 1549 1503
f 1549 1614 1532
f 1614 1549 1584
f 1549 1522 1584
f 1331 1387 1336
f 1387 1331 1373
f 1410 1387 1373
f 1452 1387 1410
f 2484 2483 2500
f 2483 2568 2500
f 2568 2483 2573
f 2627 2658 2666
f 2573 2658 2627
f 2496 2556 2590
f 2496 2381 2433
f 2381 2496 2419
f 2496 2483 2419
f 2676 2558 2590
f 2558 2496 2590
f 2558 2658 2573
f 2658 2558 2676
f 2483 2558 2573
f 2496 2558 2483
f 2633 2568 2627
f 2633 2758 2617
f 2524 2560 2617
f 2560 2633 2617
f 2633 2560 2568
f 2667 2627 2666
f 2667 2690 2627
f 2633 2703 2758
f 2690 2703 2627
f 2703 2633 2627
f 2721 2720 2676
f 2865 2856 2884
f 2862 2865 2904
f 2865 2884 2904
f 2872 2856 2866
f 2856 2872 2884
f 2884 2872 2904
f 2718 2790 2682
f 2682 2790 2752
f 2790 2792 2752
f 2919 2894 2920
f 2919 2958 2925
f 2958 2919 2920
f 2821 2864 2880
f 2863 2864 2821
f 2864 2962 2880
f 2864 2863 2976
f 2962 2864 2976
f 2726 2725 2678
f 2725 2593 2678
f 2800 2841 2876
f 2841 2877 2876
f 2841 2725 2726
f 2725 2841 2800
f 2824 2733 2789
f 2733 2824 2799
f 2850 2824 2876
f 2847 2942 2832
f 2847 2850 2942
f 2799 2847 2832
f 2824 2847 2799
f 2847 2824 2850
f 3036 3031 3048
f 3031 3020 3048
f 3020 3031 3036
f 3127 3036 3140
f 3127 2962 3036
f 2962 3127 3118
f 3141 3127 3140
f 3206 3152 3171
f 3206 3171 3228
f 3246 3206 3228
f 3209 3206 3246
f 3187 3206 3209
f 3187 3121 3137
f 3197 3187 3209
f 3152 3187 3137
f 3206 3187 3152
f 3197 3211 3183
f 3211 3197 3246
f 3211 3262 3306
f 3262 3211 3246
f 3257 3232 3202
f 3232 3257 3275
f 2817 2770 2734
f 2817 2812 2770
f 2812 2817 2820
f 2917 2859 2945
f 2917 2802 2859
f 2923 2917 2945
f 2447 2512 2567
f 2323 2388 2352
f 2388 2323 2380
f 2492 2388 2380
f 2428 2393 2352
f 2388 2428 2352
f 2587 2486 2596
f 2588 2587 2596
f 2512 2587 2588
f 2740 2761 2802
f 2751 2821 2825
f 2751 2727 2821
f 2761 2751 2825
f 2712 2751 2761
f 6240 6184 6253
f 6207 6184 6240
f 6184 6222 6253
f 6162 6184 6149
f 6184 6162 6222
f 6059 6103 6109
f 6120 6103 6099
f 6103 6120 6154
f 6263 6239 6240
f 6239 6263 6202
f 6239 6207 6240
f 6239 6202 6207
f 6301 6263 6266
f 6424 6362 6363
f 6331 6344 6293
f 6344 6334 6293
f 6344 6331 6363
f 6362 6344 6363
f 6436 6441 6462
f 6441 6517 6462
f 6517 6441 6480
f 6480 6441 6424
f 6221 6209 6208
f 6209 6205 6208
f 6206 6209 6221
f 6205 6209 6206
f 6167 6176 6163
f 6176 6216 6163
f 6176 6167 6177
f 6257 6219 6177
f 6216 6219 6257
f 6219 6176 6177
f 6176 6219 6216
f 6292 6257 6342
f 6292 6291 6257
f 6397 6292 6342
f 6292 6397 6437
f 6292 6437 6326
f 6291 6292 6326
f 6194 6160 6164
f 6192 6160 6194
f 6160 6192 6130
f 6160 6122 6164
f 6160 6130 6122
f 6756 6758 6823
f 6758 6796 6823
f 6718 6758 6756
f 6658 6702 6715
f 6661 6702 6658
f 6718 6681 6629
f 6760 6658 6715
f 6760 6718 6658
f 6760 6798 6799
f 6798 6760 6715
f 6760 6758 6718
f 6796 6760 6799
f 6758 6760 6796
f 6953 6884 6849
f 6884 6853 6849
f 6898 6884 6973
f 6884 6953 6973
f 6955 6917 6956
f 6955 6953 6917
f 6955 6956 6997
f 6976 6955 6997
f 6953 6955 6976
f 7175 7173 7090
f 7173 7175 7177
f 7175 7090 7096
f 6513 6523 6469
f 6624 6589 6628
f 6523 6520 6469
f 6520 6455 6469
f 6520 6500 6455
f 6499 6558 6495
f 6499 6500 6558
f 6500 6499 6455
f 6437 6499 6495
f 6455 6499 6437
f 6468 6484 6466
f 6484 6468 6475
f 6587 6658 6629
f 6538 6546 6486
f 6484 6538 6486
f 6538 6484 6542
f 6538 6542 6556
f 6546 6538 6556
f 6546 6544 6486
f 6587 6544 6546
f 6593 6546 6556
f 6593 6587 6546
f 6658 6593 6609
f 6587 6593 6658
f 6376 6417 6420
f 6468 6417 6475
f 6420 6417 6466
f 6417 6468 6466
f 6365 6322 6415
f 6322 6365 6320
f 6316 6376 6315
f 6316 6284 6320
f 6284 6316 6315
f 6365 6316 6320
f 6316 6365 6376
f 6815 6776 6780
f 6773 6776 6820
f 6776 6815 6820
f 6864 6907 6904
f 6864 6869 6907
f 6815 6864 6904
f 6838 6811 6874
f 6869 6838 6874
f 6838 6809 6811
f 6809 6838 6819
f 6838 6831 6819
f 6889 6901 6933
f 6901 6903 6933
f 6905 6895 6873
f 6903 6895 6905
f 6901 6895 6903
f 6770 6773 6820
f 6807 6770 6820
f 6770 6807 6806
f 6817 6780 6819
f 6817 6815 6780
f 6817 6864 6815
f 6733 6725 6684
f 6777 6809 6780
f 6809 6777 6811
f 6733 6777 6725
f 6811 6777 6804
f 6804 6777 6763
f 6777 6733 6763
f 6886 6874 6893
f 6900 6920 6918
f 6782 6783 6839
f 6782 6821 6763
f 6867 6833 6872
f 6821 6833 6867
f 6833 6839 6872
f 6833 6782 6839
f 6782 6833 6821
f 4961 4979 4949
f 4979 4991 4949
f 4991 4979 5023
f 5023 4979 4950
f 4979 4961 4950
f 4852 4923 4858
f 4897 4852 4736
f 4736 4852 4797
f 4852 4858 4797
f 4927 4852 4897
f 4852 4927 4923
f 4927 4969 5009
f 4950 4927 5009
f 4923 4927 4950
f 5105 5050 5189
f 5093 5105 5216
f 5023 5105 5093
f 5050 5105 5023
f 5105 5284 5216
f 5105 5189 5284
f 4914 4903 4861
f 4903 4914 4961
f 4961 4914 4950
f 4914 4858 4950
f 4914 4861 4858
f 4939 4911 4875
f 4928 4939 4875
f 4911 4939 4945
f 4945 4939 4989
f 4939 5021 4989
f 4939 4991 5021
f 4991 4939 4949
f 4939 4928 4949
f 4948 4953 4971
f 4948 4687 4957
f 4953 4948 4957
f 6061 6030 6034
f 6064 6061 6034
f 6061 6059 6030
f 6061 6103 6059
f 6061 6064 6099
f 6103 6061 6099
f 6043 6060 6033
f 6045 6043 6022
f 6043 6033 6022
f 6082 6043 6045
f 6060 6043 6082
f 6046 6051 6026
f 6048 6046 6026
f 6084 6085 6098
f 6048 6084 6098
f 2701 2766 2769
f 2766 2701 2743
f 2766 2743 2853
f 2849 2766 2853
f 2766 2849 2769
f 1442 1545 1513
f 1445 1442 1513
f 1623 1715 1664
f 1715 1623 1669
f 3159 3176 3178
f 3176 3159 3151
f 3074 3056 3052
f 3056 3074 3082
f 3074 3105 3082
f 3074 3113 3105
f 3060 3053 3024
f 3072 3060 3024
f 3122 3072 3080
f 3122 3080 3139
f 3208 3122 3139
f 3122 3151 3114
f 3151 3122 3208
f 1964 1996 2056
f 1957 1964 2056
f 1964 1957 1919
f 2480 2570 2579
f 2642 2570 2628
f 2570 2642 2579
f 2570 2632 2628
f 2632 2570 2391
f 2570 2480 2391
f 2387 2242 2391
f 2480 2387 2391
f 2489 2579 2511
f 2489 2480 2579
f 2443 2370 2442
f 2370 2443 2444
f 1956 2026 1971
f 1952 1891 1971
f 1819 1891 1952
f 1891 1956 1971
f 1956 1891 1866
f 1772 1891 1819
f 1891 1772 1866
f 1794 1772 1720
f 1633 1607 1537
f 1633 1617 1720
f 1633 1537 1617
f 1607 1704 1576
f 1711 1704 1746
f 1704 1711 1576
f 1633 1704 1607
f 1704 1819 1746
f 1704 1772 1819
f 1772 1704 1720
f 1704 1633 1720
f 1812 1899 1824
f 1979 1899 1991
f 1991 1899 1870
f 1899 1812 1870
f 1899 1895 1824
f 1899 1979 1895
f 1943 1990 1878
f 1908 1943 1878
f 1943 2034 1990
f 2032 1979 1991
f 1979 1998 1895
f 2189 2132 2221
f 2057 1991 1952
f 2032 2057 2081
f 2057 2032 1991
f 2045 2049 1971
f 3235 3229 3260
f 3235 3260 3269
f 3188 3235 3201
f 3235 3287 3201
f 3287 3235 3269
f 3235 3184 3229
f 3184 3148 3161
f 2597 2650 2679
f 2597 2574 2650
f 2574 2597 2534
f 2574 2499 2503
f 2499 2574 2534
f 2924 2951 2905
f 2951 2961 2905
f 2951 2924 2965
f 2961 2951 2965
f 2912 2971 2934
f 2829 2912 2854
f 2912 2934 2854
f 2981 2997 2911
f 2937 3012 3049
f 2550 2614 2566
f 2550 2451 2533
f 2550 2566 2465
f 2451 2550 2465
f 2810 2784 2857
f 2702 2784 2810
f 2909 2874 2855
f 2874 2909 2915
f 2913 2909 2855
f 2915 2909 2913
f 2830 2875 2886
f 2874 2875 2830
f 2972 2952 3039
f 2972 2949 2952
f 2875 2968 2886
f 2968 2969 2886
f 2969 2968 3038
f 2334 2364 2465
f 2364 2451 2465
f 2505 2460 2444
f 2460 2505 2469
f 2460 2370 2444
f 2370 2460 2469
f 2275 2218 2232
f 2218 2183 2232
f 2183 2218 2089
f 2253 2300 2291
f 4185 4078 4121
f 4059 4078 4185
f 4078 4123 4121
f 3887 3970 3928
f 3887 3819 3817
f 3838 3928 3859
f 3838 3887 3928
f 3838 3819 3887
f 3799 3838 3859
f 3868 3799 3859
f 3868 3775 3799
f 3868 3850 3823
f 3775 3868 3823
f 3752 3805 3796
f 3752 3678 3694
f 3805 3752 3694
f 3885 3917 3924
f 3830 3713 3827
f 3753 3819 3737
f 3704 3637 3683
f 3737 3704 3683
f 3637 3704 3762
f 3327 3279 3252
f 3297 3279 3327
f 3279 3297 3295
f 3271 3250 3295
f 3226 3250 3271
f 3250 3279 3295
f 3279 3250 3252
f 3385 3479 3375
f 3479 3385 3429
f 3385 3375 3405
f 3429 3385 3405
f 3088 3160 3157
f 3092 3160 3088
f 3160 3092 3149
f 3160 3219 3157
f 3160 3149 3216
f 3219 3160 3216
f 3086 3106 3068
f 3106 3143 3068
f 3106 3086 3082
f 3244 3225 3178
f 3225 3244 3252
f 3238 3226 3149
f 3143 3238 3149
f 3238 3250 3226
f 3250 3238 3252
f 3238 3225 3252
f 3225 3238 3143
f 4977 4960 4895
f 4960 4965 4933
f 4960 4920 4895
f 4960 4933 4920
f 5015 4983 4977
f 4983 4960 4977
f 4960 4983 4965
f 4983 5015 5029
f 4943 4983 5029
f 4965 4983 4943
f 5054 5055 5067
f 5046 5055 5054
f 5055 5103 5067
f 5103 5055 5098
f 5055 5046 5098
f 5181 5197 5159
f 5197 5181 5218
f 5171 5197 5218
f 5218 5188 5200
f 5181 5188 5218
f 5188 5162 5200
f 5162 5188 5147
f 5188 5181 5147
f 5146 5171 5057
f 5197 5146 5159
f 5146 5197 5171
f 5147 5146 5067
f 5146 5147 5159
f 5146 5029 5067
f 5146 5057 5029
f 4390 4406 4434
f 4406 4449 4434
f 4503 4449 4469
f 4597 4503 4604
f 4391 4387 4445
f 4516 4391 4445
f 4286 4391 4300
f 4391 4286 4387
f 4261 4200 4125
f 4200 4261 4257
f 4200 4257 4165
f 4200 4112 4125
f 4200 4165 4112
f 4242 4187 4264
f 4187 4242 4143
f 4242 4209 4143
f 4123 4171 4121
f 4371 4171 4300
f 4266 4171 4371
f 4171 4185 4121
f 4171 4266 4185
f 4193 4286 4300
f 4171 4193 4300
f 4193 4171 4123
f 4257 4193 4165
f 4286 4193 4257
f 5141 5101 5110
f 5101 5068 5110
f 5232 5252 5215
f 4786 4788 4763
f 4807 4786 4763
f 4746 4764 4815
f 4802 4746 4815
f 4764 4746 4705
f 4746 4749 4705
f 4746 4802 4749
f 4808 4863 4857
f 4808 4802 4863
f 4800 4808 4857
f 4749 4808 4800
f 4802 4808 4749
f 4542 4635 4639
f 4635 4542 4576
f 4542 4433 4576
f 4542 4443 4433
f 4542 4506 4443
f 4506 4542 4535
f 5064 5053 5072
f 5053 5064 5031
f 5104 5064 5072
f 4898 4905 4926
f 4905 4906 4926
f 4905 4898 4883
f 4906 4905 4883
f 4805 4769 4788
f 4805 4816 4769
f 4786 4805 4788
f 4805 4786 4807
f 4824 4830 4867
f 4830 4816 4867
f 4830 4824 4782
f 4816 4830 4782
f 4816 4849 4867
f 4902 4849 4865
f 4867 4849 4902
f 4805 4849 4816
f 4849 4807 4865
f 4849 4805 4807
f 4717 4725 4712
f 4725 4717 4701
f 4717 4712 4692
f 4701 4717 4692
f 4699 4716 4708
f 4730 4716 4698
f 4254 4302 4296
f 4302 4358 4296
f 4302 4254 4216
f 4285 4302 4216
f 4472 4504 4491
f 4504 4510 4491
f 4625 4554 4570
f 4570 4554 4531
f 5152 5131 5143
f 5131 5126 5143
f 5126 5131 5104
f 5286 5308 5319
f 5308 5329 5319
f 5308 5286 5280
f 5329 5308 5280
f 5252 5248 5283
f 5283 5248 5266
f 5248 5247 5266
f 5248 5232 5247
f 5232 5248 5252
f 5365 5363 5380
f 5363 5362 5380
f 5362 5363 5365
f 5229 5259 5265
f 5229 5184 5199
f 5229 5265 5184
f 5244 5229 5199
f 5259 5229 5244
f 5080 5108 5110
f 5117 5108 5080
f 5108 5139 5110
f 5108 5117 5139
f 5483 5429 5504
f 5483 5479 5429
f 5483 5504 5534
f 5483 5534 5552
f 5479 5483 5552
f 5447 5460 5416
f 5460 5447 5429
f 5487 5498 5463
f 5471 5487 5463
f 5468 5471 5428
f 5466 5468 5433
f 5468 5428 5433
f 5468 5487 5471
f 5309 5329 5280
f 5265 5309 5280
f 5309 5265 5292
f 5332 5309 5292
f 5332 5393 5385
f 5393 5447 5416
f 5447 5393 5429
f 5411 5392 5385
f 5411 5393 5416
f 5393 5411 5385
f 5437 5411 5416
f 5392 5411 5437
f 5374 5392 5376
f 5392 5374 5385
f 5329 5374 5376
f 5309 5374 5329
f 5374 5332 5385
f 5374 5309 5332
f 5327 5305 5301
f 5361 5327 5345
f 5327 5301 5345
f 5327 5361 5330
f 5305 5327 5330
f 2007 2055 2059
f 2007 1954 2055
f 1996 2007 2059
f 2000 1934 1903
f 1954 1934 2000
f 1338 1292 1403
f 994 1007 1086
f 1007 994 884
f 1262 1241 1158
f 1228 1256 1273
f 1687 1646 1598
f 1601 1687 1598
f 1734 1687 1747
f 1646 1687 1734
f 1687 1724 1747
f 1724 1687 1601
f 1646 1647 1594
f 1647 1600 1595
f 1594 1647 1595
f 1647 1646 1734
f 1617 1647 1734
f 1600 1647 1617
f 1415 1453 1428
f 1374 1415 1428
f 1415 1374 1367
f 1415 1367 1423
f 1453 1415 1423
f 1838 1815 1882
f 1815 1776 1882
f 1776 1815 1724
f 1724 1815 1747
f 1815 1838 1747
f 1776 1821 1892
f 1821 1836 1963
f 1892 1821 1963
f 1592 1517 1574
f 1517 1592 1606
f 2088 2075 2123
f 2075 2088 2091
f 2151 2088 2123
f 2088 2151 2091
f 1958 1893 1882
f 2030 1958 1882
f 1958 2030 2089
f 2029 1958 2089
f 1893 1958 1977
f 1958 2029 1977
f 1526 1581 1554
f 1408 1500 1467
f 1445 1500 1408
f 1813 1718 1662
f 1718 1813 1903
f 1755 1718 1903
f 1519 1453 1478
f 1536 1519 1478
f 1578 1519 1536
f 1453 1519 1574
f 1519 1578 1574
f 1638 1593 1709
f 1578 1638 1574
f 1638 1578 1536
f 1593 1638 1536
f 1521 1593 1472
f 1585 1521 1554
f 1521 1585 1645
f 1593 1521 1645
f 1554 1521 1460
f 1521 1407 1460
f 1521 1472 1407
f 1030 1103 1139
f 1057 1103 1030
f 1172 1103 1124
f 1610 1680 1700
f 1680 1731 1700
f 1296 1326 1260
f 1296 1275 1431
f 1465 1296 1431
f 1296 1465 1326
f 1154 1296 1260
f 1275 1296 1154
f 1247 1200 1260
f 1326 1247 1260
f 1200 1247 1183
f 1894 1863 1843
f 1863 1867 1843
f 1974 2038 1969
f 280 297 278
f 297 280 296
f 280 261 247
f 261 280 278
f 313 314 331
f 314 297 331
f 297 314 313
f 370 349 326
f 370 378 349
f 388 434 524
f 434 388 378
f 434 542 524
f 542 434 390
f 434 370 390
f 370 434 378
f 667 611 668
f 611 622 668
f 611 566 622
f 339 312 361
f 312 313 331
f 361 312 331
f 313 312 278
f 312 281 278
f 281 312 302
f 312 339 302
f 1069 1036 1065
f 1036 1069 1116
f 1220 1261 1180
f 1136 1220 1180
f 936 1114 961
f 1347 1432 1427
f 1432 1347 1261
f 1261 1238 1180
f 1238 1182 1180
f 1347 1238 1261
f 1238 1347 1264
f 1295 1339 1239
f 924 795 824
f 924 934 865
f 795 924 865
f 898 947 970
f 947 898 880
f 1218 1118 1182
f 1238 1218 1182
f 1218 1238 1264
f 1118 1218 1113
f 1113 1218 1239
f 1218 1295 1239
f 1295 1218 1264
f 1089 1050 1043
f 1089 1118 1050
f 1118 1089 1182
f 1182 1089 1180
f 1089 1136 1180
f 1136 1089 1043
f 718 733 792
f 718 716 733
f 817 718 792
f 718 817 688
f 716 718 688
f 642 716 688
f 682 642 688
f 582 642 682
f 255 176 211
f 176 255 200
f 178 167 159
f 134 139 129
f 134 166 168
f 166 134 130
f 167 148 159
f 148 142 159
f 652 674 644
f 674 691 622
f 691 674 730
f 674 652 719
f 565 674 622
f 674 577 644
f 577 674 565
f 674 767 730
f 785 767 719
f 767 674 719
f 1435 1495 1516
f 1495 1543 1516
f 1495 1538 1569
f 1543 1495 1569
f 1206 1282 1205
f 1206 1122 1183
f 1282 1294 1205
f 1406 1335 1334
f 1335 1294 1282
f 1335 1435 1321
f 1294 1335 1321
f 959 1106 984
f 1106 1170 1265
f 1279 1294 1321
f 1287 1348 1288
f 1287 1283 1348
f 1285 1287 1288
f 1278 1265 1348
f 1283 1278 1348
f 1265 1278 1280
f 1278 1285 1280
f 1278 1287 1285
f 1287 1278 1283
f 1122 1108 1160
f 1108 1122 1059
f 1108 1059 963
f 838 856 833
f 726 838 723
f 856 921 833
f 921 917 833
f 917 921 963
f 921 1108 963
f 680 588 620
f 545 588 609
f 588 689 609
f 588 680 689
f 724 620 666
f 724 680 620
f 724 752 680
f 680 765 689
f 752 765 680
f 610 696 666
f 651 696 610
f 696 726 723
f 696 651 726
f 369 410 440
f 410 454 440
f 454 410 424
f 323 300 293
f 323 341 300
f 323 293 302
f 341 323 355
f 339 323 302
f 323 339 355
f 341 329 300
f 329 286 300
f 329 303 286
f 351 329 369
f 303 329 351
f 600 585 520
f 610 600 557
f 600 520 557
f 600 610 666
f 585 600 666
f 585 535 497
f 151 152 120
f 152 151 180
f 157 156 165
f 156 152 165
f 124 156 157
f 245 230 218
f 232 196 168
f 336 403 333
f 403 514 333
f 345 367 321
f 516 340 514
f 516 345 340
f 646 516 514
f 516 663 540
f 663 516 646
f 256 294 284
f 294 336 284
f 336 294 337
f 222 241 214
f 242 241 222
f 187 191 150
f 191 151 150
f 229 224 180
f 229 256 224
f 121 124 87
f 121 156 124
f 152 121 119
f 156 121 152
f 175 204 187
f 187 204 214
f 192 217 212
f 146 187 150
f 277 255 211
f 277 230 319
f 230 277 211
f 277 347 255
f 78 76 83
f 70 76 71
f 83 76 87
f 76 67 87
f 76 70 67
f 48 40 41
f 48 53 40
f 48 41 47
f 64 69 61
f 3010 3021 3050
f 3021 3010 3002
f 3021 3002 2998
f 3050 3021 3059
f 3021 2998 3059
f 2421 2363 2367
f 2502 2526 2517
f 2739 2778 2779
f 2696 2739 2687
f 2696 2778 2739
f 2639 2641 2613
f 2639 2698 2641
f 2639 2613 2635
f 2698 2639 2635
f 2441 2475 2383
f 2495 2475 2441
f 2481 2475 2591
f 2475 2613 2591
f 2475 2495 2613
f 2453 2407 2507
f 2495 2453 2507
f 2407 2453 2359
f 2366 2441 2383
f 2101 2035 2052
f 2101 2097 2035
f 2268 2200 2196
f 2290 2268 2359
f 2359 2268 2284
f 2268 2196 2284
f 2449 2470 2507
f 2470 2555 2507
f 2470 2478 2555
f 2476 2470 2449
f 2470 2476 2478
f 2397 2476 2371
f 2476 2397 2403
f 2329 2397 2371
f 2347 2397 2329
f 2403 2397 2347
f 2295 2342 2308
f 2342 2312 2308
f 2342 2295 2313
f 2327 2342 2425
f 2312 2342 2327
f 2425 2342 2429
f 2342 2313 2429
f 1110 1060 1117
f 1060 1014 1117
f 1014 1060 1016
f 828 900 840
f 900 1016 840
f 900 1014 1016
f 908 900 828
f 900 908 966
f 773 681 662
f 681 773 698
f 681 605 662
f 681 619 605
f 681 698 634
f 619 681 634
f 1053 998 1016
f 1060 1053 1016
f 1053 1060 1110
f 998 1053 1115
f 786 740 840
f 805 786 840
f 740 786 699
f 775 829 758
f 775 805 829
f 699 775 758
f 786 775 699
f 775 786 805
f 1270 1245 1258
f 1216 1245 1270
f 1245 1265 1258
f 1245 1216 1186
f 1245 1106 1265
f 1106 1245 1186
f 1202 1174 1270
f 1025 908 984
f 908 1025 966
f 1417 1385 1439
f 1508 1417 1439
f 1360 1394 1284
f 1369 1448 1438
f 1412 1369 1438
f 1369 1394 1448
f 1369 1343 1332
f 1369 1412 1343
f 1284 1369 1332
f 1394 1369 1284
f 1438 1458 1466
f 1448 1458 1438
f 1458 1507 1466
f 1507 1458 1477
f 1458 1448 1477
f 1175 1227 1276
f 1227 1301 1276
f 1507 1499 1466
f 1499 1474 1466
f 1474 1499 1507
f 1412 1419 1343
f 1474 1419 1412
f 1343 1419 1381
f 1419 1539 1381
f 1419 1474 1539
f 1972 2024 2002
f 1674 1748 1652
f 1756 1748 1674
f 1259 1376 1299
f 1376 1259 1385
f 1376 1360 1299
f 1417 1376 1385
f 1829 1937 1922
f 1937 1829 1848
f 1739 1773 1575
f 1383 1450 1385
f 1450 1383 1396
f 1490 1508 1558
f 1490 1394 1360
f 1376 1490 1360
f 1490 1558 1477
f 1394 1490 1477
f 1490 1417 1508
f 1490 1376 1417
f 1855 1885 1831
f 1885 1855 1927
f 1778 1855 1831
f 1855 1778 1816
f 1778 1716 1738
f 1716 1702 1738
f 1702 1716 1674
f 1674 1716 1768
f 1716 1778 1768
f 1695 1699 1761
f 1699 1695 1691
f 1738 1695 1761
f 1695 1738 1665
f 1691 1695 1665
f 1691 1609 1628
f 1590 1609 1691
f 1609 1590 1566
f 1552 1609 1566
f 1628 1609 1552
f 1484 1481 1518
f 570 563 525
f 563 560 525
f 560 563 615
f 656 586 541
f 317 287 273
f 303 317 273
f 287 317 335
f 317 351 335
f 317 303 351
f 635 563 570
f 635 665 615
f 563 635 615
f 687 699 758
f 671 744 665
f 669 671 650
f 671 743 744
f 743 671 669
f 743 687 758
f 743 669 687
f 860 871 968
f 743 860 744
f 860 743 758
f 829 860 758
f 871 860 829
f 967 998 1115
f 967 871 998
f 871 967 968
f 471 460 466
f 578 471 466
f 538 597 466
f 597 578 466
f 476 548 527
f 548 476 460
f 471 548 460
f 512 484 488
f 484 538 466
f 538 484 543
f 484 512 543
f 892 950 938
f 665 707 615
f 614 538 598
f 614 597 538
f 745 892 938
f 942 745 938
f 745 825 717
f 825 745 942
f 1184 1253 1162
f 1168 1184 1162
f 1253 1184 1191
f 1184 1168 1191
f 935 940 909
f 940 1023 909
f 1049 940 935
f 940 1049 1023
f 1049 1168 1162
f 1023 1049 1162
f 1168 1049 1175
f 477 595 633
f 534 595 477
f 1372 1479 1362
f 1479 1372 1618
f 1372 1498 1618
f 1305 1214 1362
f 2001 2107 1989
f 2001 2037 2107
f 2009 1922 2053
f 2037 2009 2053
f 2001 2009 2037
f 1997 1959 1923
f 1989 1997 1923
f 2033 1997 1989
f 1997 2033 2066
f 2039 2100 2046
f 1937 2039 2046
f 2039 1937 1970
f 1462 1556 1575
f 1556 1462 1444
f 1462 1342 1444
f 1342 1344 1444
f 1344 1342 1249
f 1342 1462 1464
f 1354 1342 1464
f 1289 1105 1254
f 1342 1289 1254
f 1289 1342 1354
f 1344 1409 1444
f 1409 1344 1388
f 1203 1023 1162
f 1253 1203 1162
f 1234 1203 1253
f 1203 1234 1249
f 2181 2215 2271
f 2181 2199 2133
f 2199 2181 2271
f 2126 2181 2133
f 2181 2126 2178
f 2215 2181 2178
f 2426 2452 2362
f 2586 2553 2608
f 2553 2586 2485
f 2569 2586 2608
f 2586 2569 2485
f 2653 2528 2600
f 2653 2553 2528
f 2402 2354 2318
f 2354 2303 2318
f 2303 2354 2309
f 2354 2355 2309
f 2705 2747 2600
f 2705 2594 2688
f 2747 2705 2845
f 2753 2705 2688
f 2705 2753 2845
f 2399 2402 2348
f 2434 2399 2348
f 2399 2434 2402
f 2378 2343 2340
f 2378 2340 2408
f 2436 2378 2408
f 2378 2436 2432
f 2343 2378 2432
f 2315 2343 2396
f 2315 2255 2216
f 2343 2315 2216
f 2644 2652 2713
f 2257 2231 2233
f 2257 2374 2279
f 2257 2233 2374
f 2233 2202 2311
f 2190 2202 2233
f 2202 2189 2311
f 2316 2291 2377
f 2307 2332 2348
f 2318 2307 2348
f 2274 2307 2318
f 2115 2175 2166
f 2175 2212 2166
f 2036 2019 1995
f 2019 2036 2068
f 2036 2147 2068
f 2036 2021 2147
f 2021 1987 1999
f 1992 1999 1955
f 1938 1983 1955
f 1983 1938 1945
f 1983 1992 1955
f 1992 1983 2013
f 1983 1945 2041
f 2013 1983 2041
f 2133 2073 2041
f 2073 2013 2041
f 2013 2073 2071
f 2073 2131 2071
f 2199 2073 2133
f 2073 2199 2131
f 1933 1907 1914
f 1972 1933 1914
f 1933 1972 2002
f 1933 2002 1993
f 1907 1933 1993
f 1931 1905 1985
f 1931 1912 1905
f 1976 1931 1985
f 1912 1931 1976
f 1486 1487 1533
f 1411 1441 1418
f 1441 1486 1418
f 1486 1441 1487
f 1386 1358 1418
f 1358 1307 1418
f 1307 1358 1222
f 1542 1493 1433
f 1730 1604 1682
f 1604 1613 1682
f 1604 1542 1613
f 1493 1604 1530
f 1604 1493 1542
f 1604 1730 1627
f 1530 1604 1627
f 1911 1725 1856
f 1911 1877 1725
f 1877 1911 1967
f 1911 2082 1967
f 2082 1911 1856
f 5206 5237 5210
f 5239 5237 5206
f 5237 5212 5210
f 5212 5237 5253
f 5237 5239 5253
f 4844 4780 4781
f 4780 4844 4817
f 4739 4780 4817
f 4780 4688 4781
f 4688 4780 4680
f 4780 4739 4680
f 4613 4629 4587
f 4629 4623 4587
f 4629 4613 4680
f 4623 4629 4680
f 4532 4577 4553
f 4553 4577 4647
f 4577 4685 4647
f 4577 4623 4685
f 4547 4533 4559
f 4467 4533 4459
f 4464 4492 4462
f 4492 4517 4462
f 4492 4464 4459
f 4533 4492 4459
f 4922 4997 4934
f 4901 4922 4934
f 4990 4922 4952
f 4997 4922 4990
f 4850 4922 4848
f 4922 4854 4848
f 4922 4901 4854
f 4952 4922 4871
f 4922 4850 4871
f 3846 3848 3858
f 3848 3935 3858
f 3935 3848 3864
f 3864 3848 3779
f 3848 3846 3779
f 3860 3889 3915
f 3889 3961 3915
f 3856 3889 3821
f 3889 3860 3821
f 3961 3889 3936
f 3936 3889 3884
f 3889 3856 3884
f 3478 3481 3425
f 3478 3523 3502
f 3481 3478 3502
f 3432 3435 3402
f 3418 3432 3402
f 3432 3481 3435
f 3432 3418 3481
f 3639 3699 3634
f 3714 3730 3770
f 3714 3743 3706
f 3730 3714 3728
f 3714 3770 3792
f 3743 3714 3792
f 3714 3693 3728
f 3693 3714 3706
f 3696 3693 3633
f 3705 3696 3633
f 3693 3696 3728
f 3696 3730 3728
f 3730 3696 3801
f 3696 3705 3801
f 3974 3947 4006
f 3947 3974 3932
f 3944 3909 3932
f 3974 3944 3932
f 3944 3974 3988
f 3909 3944 3929
f 3929 3944 3992
f 3944 3988 3992
f 4066 4029 4006
f 4029 4066 4043
f 4029 3974 4006
f 3988 4029 4043
f 3974 4029 3988
f 4083 4066 4006
f 4083 3955 4020
f 3955 4083 4006
f 4466 4556 4470
f 4466 4476 4556
f 4225 4248 4344
f 3829 3824 3801
f 3824 3829 3834
f 3824 3770 3801
f 3770 3824 3821
f 3824 3856 3821
f 3824 3834 3856
f 3705 3709 3793
f 3709 3705 3633
f 3786 3749 3843
f 4295 4333 4273
f 4230 4295 4273
f 4333 4295 4366
f 4217 4163 4150
f 4217 4230 4163
f 3996 4009 4054
f 4009 3996 3966
f 3961 4009 3966
f 4054 4009 4080
f 4009 3997 4080
f 3997 4009 3936
f 4009 3961 3936
f 4951 4881 4934
f 4881 4951 4921
f 4980 4951 4934
f 4951 4980 5028
f 4994 4951 5028
f 4951 4994 4921
f 5590 5631 5573
f 5566 5590 5573
f 5590 5645 5631
f 5419 5467 5446
f 5384 5419 5446
f 5419 5384 5418
f 5419 5418 5478
f 5467 5419 5478
f 5414 5455 5448
f 5455 5414 5438
f 5454 5455 5438
f 5543 5525 5496
f 5513 5543 5496
f 5584 5543 5541
f 5543 5513 5541
f 5785 5755 5781
f 5755 5785 5750
f 5737 5755 5750
f 5705 5715 5723
f 5710 5705 5723
f 5705 5710 5694
f 5691 5678 5673
f 5678 5691 5694
f 5691 5705 5694
f 5743 5724 5723
f 5725 5724 5743
f 5724 5710 5723
f 5710 5724 5706
f 5724 5725 5706
f 5712 5738 5727
f 5716 5738 5712
f 5738 5763 5727
f 5738 5716 5729
f 5827 5819 5805
f 5819 5843 5821
f 5805 5819 5821
f 5843 5819 5877
f 5819 5882 5877
f 5819 5827 5882
f 5782 5827 5805
f 5782 5798 5827
f 5782 5805 5765
f 5763 5782 5765
f 5798 5782 5763
f 6688 6622 6592
f 6622 6490 6592
f 6622 6719 6670
f 6719 6622 6688
f 6794 6828 6757
f 6828 6791 6757
f 6828 6794 6858
f 6791 6828 6800
f 6924 7009 7018
f 6950 6924 7018
f 6924 6950 6931
f 5780 5776 5762
f 5761 5780 5762
f 5776 5793 5795
f 5780 5793 5776
f 5793 5780 5806
f 5817 5793 5806
f 5793 5817 5795
f 5817 5828 5795
f 5817 5849 5828
f 5891 5845 5872
f 5845 5846 5872
f 5938 5913 5932
f 5913 5909 5932
f 5913 5938 5889
f 5909 5913 5889
f 6023 6072 6044
f 6072 6088 6044
f 6072 6066 6106
f 6088 6072 6126
f 6146 6072 6106
f 6126 6072 6146
f 6037 6062 6023
f 6066 6062 6037
f 6062 6072 6023
f 6072 6062 6066
f 6210 6132 6126
f 6132 6210 6158
f 6088 6132 6094
f 6132 6088 6126
f 6132 6112 6094
f 6132 6158 6112
f 6464 6501 6450
f 6572 6501 6464
f 6639 6642 6675
f 6642 6737 6675
f 6737 6642 6640
f 6620 6639 6616
f 6623 6620 6595
f 6620 6529 6595
f 6529 6620 6616
f 7150 7077 7154
f 7150 7136 7060
f 7077 7150 7060
f 7077 7148 7154
f 7148 7077 7075
f 7152 7148 7075
f 7274 7275 7335
f 7275 7333 7335
f 7275 7220 7240
f 7275 7274 7220
f 7401 7404 7397
f 7401 7394 7402
f 7394 7401 7397
f 7410 7401 7402
f 7404 7401 7410
f 7409 7404 7410
f 7409 7413 7412
f 7413 7409 7410
f 7383 7371 7366
f 7385 7383 7366
f 7371 7383 7370
f 7370 7383 7357
f 7383 7385 7397
f 7356 7354 7330
f 7337 7356 7330
f 7354 7356 7370
f 7356 7337 7370
f 7300 7330 7299
f 7300 7337 7330
f 7262 7300 7299
f 7300 7262 7228
f 7235 7209 7262
f 7223 7209 7201
f 7209 7223 7262
f 7136 7197 7195
f 7150 7197 7136
f 7197 7150 7199
f 7289 7252 7255
f 7292 7289 7255
f 7252 7289 7228
f 7289 7300 7228
f 7289 7292 7336
f 7337 7289 7336
f 7300 7289 7337
f 7250 7186 7214
f 7281 7250 7214
f 7360 7317 7320
f 7316 7317 7360
f 7317 7316 7281
f 7380 7378 7360
f 7377 7389 7375
f 7389 7384 7394
f 7377 7384 7389
f 7372 7316 7360
f 7378 7372 7360
f 7316 7372 7314
f 7314 7372 7336
f 7372 7368 7336
f 7368 7372 7375
f 7372 7377 7375
f 7207 7204 7208
f 7204 7150 7208
f 7217 7212 7221
f 5739 5734 5746
f 5721 5734 5739
f 5757 5734 5730
f 5746 5734 5757
f 5742 5756 5747
f 5756 5766 5779
f 5766 5756 5754
f 5756 5742 5754
f 5747 5756 5764
f 5788 5756 5779
f 5764 5756 5788
f 5741 5733 5720
f 5741 5742 5733
f 5739 5741 5720
f 5741 5739 5754
f 5742 5741 5754
f 5758 5745 5740
f 5732 5745 5736
f 5732 5717 5740
f 5745 5732 5740
f 5728 5737 5719
f 5728 5755 5737
f 5711 5709 5713
f 5709 5711 5719
f 5711 5728 5719
f 5647 5641 5658
f 5613 5641 5647
f 5641 5649 5658
f 5700 5683 5685
f 5685 5683 5672
f 5683 5662 5672
f 4628 4667 4670
f 4664 4667 4628
f 4667 4700 4670
f 4667 4715 4700
f 4667 4664 4715
f 4575 4609 4594
f 4609 4630 4594
f 4609 4575 4567
f 4630 4609 4653
f 4609 4658 4653
f 4609 4567 4607
f 4658 4609 4607
f 4664 4644 4653
f 4644 4630 4653
f 4644 4664 4628
f 4644 4628 4594
f 4630 4644 4594
f 3619 3616 3488
f 3540 3619 3488
f 3619 3683 3616
f 4050 4114 4032
f 4032 4114 4125
f 4114 4261 4125
f 4261 4114 4220
f 4120 4081 4129
f 4120 4050 4081
f 4120 4227 4220
f 4227 4120 4129
f 4114 4120 4220
f 4120 4114 4050
f 4387 4523 4445
f 4498 4523 4387
f 4585 4611 4656
f 4585 4656 4617
f 4506 4560 4498
f 4560 4523 4498
f 4585 4560 4611
f 4560 4585 4584
f 113 122 120
f 122 151 120
f 151 122 150
f 107 103 106
f 107 112 103
f 112 107 111
f 107 106 108
f 111 107 108
f 1505 1475 1550
f 1440 1505 1520
f 1505 1577 1520
f 1577 1505 1550
f 1457 1440 1520
f 1440 1457 1422
f 1476 1457 1520
f 1422 1457 1476
f 1244 1187 1233
f 1172 1187 1244
f 1187 1172 1124
f 1187 1209 1233
f 1187 1165 1209
f 1187 1124 1116
f 1165 1187 1116
f 1225 1244 1268
f 1225 1172 1244
f 777 781 695
f 843 976 880
f 843 872 976
f 936 858 842
f 858 761 842
f 872 858 936
f 575 638 646
f 1145 1143 1210
f 1145 1109 1072
f 1143 1145 1072
f 1132 1070 1130
f 1070 1132 1046
f 1210 1212 1318
f 1143 1212 1210
f 1212 1297 1318
f 1297 1212 1130
f 1212 1132 1130
f 1133 983 1046
f 1133 1143 983
f 1132 1133 1046
f 1133 1212 1143
f 1212 1133 1132
f 421 479 391
f 796 845 802
f 728 709 802
f 727 728 802
f 637 727 734
f 607 679 628
f 679 686 628
f 637 679 607
f 686 679 734
f 679 637 734
f 957 944 956
f 944 957 1044
f 1052 944 1044
f 944 1052 928
f 799 686 734
f 807 799 734
f 847 868 907
f 847 799 807
f 868 847 834
f 847 807 834
f 533 575 514
f 575 533 513
f 403 533 514
f 584 594 513
f 561 590 606
f 561 517 590
f 529 584 513
f 529 561 584
f 808 663 788
f 663 808 777
f 872 808 788
f 843 808 872
f 663 632 540
f 632 663 695
f 643 702 676
f 556 643 676
f 643 556 562
f 562 556 357
f 556 347 357
f 630 812 702
f 821 933 783
f 1095 1071 1012
f 1071 1000 1012
f 1000 1071 1087
f 1071 1197 1087
f 1197 1071 1095
f 962 1094 1011
f 1000 958 1012
f 958 924 1012
f 924 958 934
f 641 590 596
f 655 641 596
f 641 655 701
f 537 572 596
f 537 517 465
f 572 537 412
f 590 537 596
f 517 537 590
f 859 764 701
f 764 713 701
f 983 764 859
f 818 764 983
f 692 638 639
f 638 692 761
f 517 423 465
f 337 423 451
f 375 423 337
f 325 295 328
f 262 295 264
f 295 304 328
f 295 262 304
f 941 914 1027
f 793 914 941
f 580 401 393
f 521 580 393
f 927 875 932
f 4062 4038 4138
f 4062 4138 4137
f 4072 4062 4137
f 4062 4072 3964
f 4038 4062 3964
f 4423 4407 4333
f 4407 4347 4333
f 4407 4423 4425
f 4407 4425 4488
f 4444 4407 4488
f 4353 4407 4444
f 4347 4407 4353
f 3090 3117 3163
f 3164 3117 3116
f 3117 3164 3163
f 3117 3046 3116
f 3117 3090 3046
f 3000 2988 3051
f 2988 2987 3051
f 2987 2988 3000
f 2897 2891 2924
f 2891 2848 2867
f 2848 2891 2846
f 2891 2897 2846
f 2950 2891 2867
f 2954 2891 2950
f 4189 4168 4234
f 4168 4189 4141
f 4168 4181 4234
f 4168 4177 4181
f 4168 4141 4177
f 3903 3839 3919
f 3839 3903 3890
f 3890 3903 3963
f 3903 3982 3963
f 3982 3903 3919
f 3333 3366 3368
f 3333 3336 3366
f 3408 3333 3368
f 3294 3333 3280
f 3336 3333 3294
f 3333 3396 3280
f 3333 3408 3396
f 3711 3717 3779
f 3718 3711 3779
f 3711 3718 3689
f 3717 3711 3650
f 3711 3689 3650
f 3575 3633 3627
f 3564 3575 3627
f 3564 3566 3503
f 3587 3566 3628
f 3628 3566 3627
f 3566 3564 3627
f 3587 3606 3598
f 3622 3606 3650
f 3606 3659 3650
f 3606 3587 3659
f 4109 4055 4045
f 4109 4107 4055
f 4107 4167 4099
f 4218 4167 4232
f 4099 4167 4218
f 4318 4288 4276
f 4288 4252 4276
f 4311 4288 4318
f 4288 4311 4263
f 3548 3563 3525
f 3563 3553 3525
f 3553 3563 3599
f 3563 3548 3580
f 3599 3563 3653
f 3563 3580 3653
f 4278 4336 4280
f 4278 4311 4336
f 4311 4278 4263
f 4229 4278 4280
f 4278 4229 4263
f 4246 4208 4252
f 4288 4246 4252
f 4246 4288 4263
f 4127 4190 4095
f 4127 4208 4190
f 4208 4127 4159
f 4127 4113 4159
f 4090 4127 4095
f 4113 4127 4090
f 4160 4208 4159
f 4208 4160 4195
f 4195 4160 4099
f 4160 4106 4099
f 4106 4160 4159
f 4208 4224 4252
f 4224 4208 4195
f 4224 4195 4218
f 4106 4108 4090
f 4108 4113 4090
f 4113 4108 4106
f 7270 7268 7323
f 7313 7270 7323
f 7190 7265 7185
f 7190 7168 7265
f 7249 7285 7265
f 7168 7249 7265
f 7174 7249 7168
f 7249 7174 7183
f 7305 7308 7331
f 7285 7308 7265
f 7308 7305 7265
f 7205 7072 7185
f 7072 7205 7069
f 7072 7069 7019
f 7305 7263 7265
f 7265 7263 7185
f 7263 7205 7185
f 6984 6985 7020
f 6985 6984 6938
f 7143 7079 7146
f 7143 7153 7079
f 7155 7149 7074
f 7153 7155 7074
f 7240 7155 7245
f 7149 7155 7240
f 7158 7146 7201
f 7158 7143 7146
f 7143 7158 7153
f 7209 7196 7201
f 7196 7158 7201
f 7158 7196 7153
f 7196 7155 7153
f 6877 6830 6837
f 6836 6830 6877
f 6716 6713 6678
f 6713 6716 6754
f 6716 6678 6793
f 6754 6716 6793
f 6732 6734 6727
f 6732 6659 6731
f 6734 6732 6731
f 6724 6655 6659
f 6724 6732 6727
f 6732 6724 6659
f 7271 7230 7272
f 7272 7230 7236
f 7230 7179 7236
f 7179 7230 7172
f 7230 7169 7172
f 7230 7271 7268
f 7230 7166 7169
f 7159 7098 7163
f 7095 7098 7159
f 7098 7095 7084
f 7098 7149 7163
f 7098 7084 7149
f 7087 7110 7104
f 7110 7087 7169
f 7110 7166 7104
f 7166 7110 7169
f 7145 7101 7188
f 6599 6591 6505
f 6591 6510 6449
f 6510 6591 6652
f 6617 6601 6674
f 6617 6599 6601
f 6617 6591 6599
f 6753 6739 6709
f 6709 6739 6674
f 6779 6739 6795
f 6739 6753 6795
f 6778 6739 6779
f 6739 6778 6765
f 6562 6606 6601
f 6599 6562 6601
f 6459 6562 6511
f 6562 6599 6505
f 6511 6562 6505
f 6645 6694 6608
f 6694 6673 6608
f 6673 6606 6608
f 6606 6673 6601
f 6601 6673 6674
f 6673 6709 6674
f 6753 6741 6797
f 6459 6351 6360
f 6562 6405 6503
f 6405 6562 6459
f 6123 6119 6098
f 6580 6607 6481
f 6607 6517 6481
f 6612 6607 6580
f 6659 6607 6612
f 6655 6607 6659
f 6607 6655 6649
f 6517 6607 6514
f 6507 6503 6456
f 6569 6645 6608
f 6502 6557 6494
f 6514 6527 6462
f 6509 6527 6578
f 6988 7033 7014
f 7164 7142 7141
f 7142 7164 7160
f 7102 7103 7111
f 7312 7297 7298
f 7162 7132 7237
f 7234 7162 7237
f 7162 7234 7183
f 6478 6477 6467
f 6478 6483 6477
f 6478 6467 6473
f 6478 6473 6479
f 6483 6478 6479
f 6660 6685 6628
f 6767 6805 6802
f 6805 6767 6808
f 6767 6784 6808
f 6700 6767 6735
f 6767 6802 6766
f 6729 6767 6766
f 6767 6729 6735
f 6257 6280 6342
f 6280 6282 6342
f 6282 6280 6243
f 6180 6280 6257
f 6280 6180 6243
f 6046 6073 6051
f 6767 6748 6784
f 6748 6692 6781
f 4790 4792 4785
f 4870 4828 4874
f 4870 4859 4828
f 4859 4870 4892
f 4870 4915 4892
f 4870 4874 4915
f 4793 4773 4814
f 4793 4838 4789
f 4760 4707 4710
f 4773 4707 4760
f 4710 4707 4646
f 4765 4811 4819
f 4792 4765 4819
f 4790 4765 4792
f 4765 4790 4785
f 4765 4785 4748
f 4745 4765 4748
f 4765 4745 4751
f 3383 3388 3427
f 3415 3388 3352
f 3388 3415 3427
f 3388 3351 3352
f 3351 3388 3372
f 3388 3383 3372
f 3427 3454 3424
f 3454 3474 3424
f 3430 3449 3493
f 3440 3449 3430
f 3449 3401 3493
f 3449 3440 3401
f 3391 3430 3413
f 3391 3381 3430
f 4026 4044 4094
f 3999 4026 4094
f 4036 4015 3967
f 4049 4036 3967
f 4036 4049 4101
f 4124 4036 4101
f 4015 4036 4044
f 4036 4124 4044
f 4153 4176 4345
f 4176 4153 4175
f 4176 4259 4345
f 4259 4176 4175
f 4084 4002 4051
f 3993 4002 4084
f 4002 3979 4051
f 3979 4002 3933
f 4002 3993 3933
f 4134 4059 4185
f 4172 4134 4185
f 4059 4134 4096
f 4134 4154 4096
f 4134 4172 4154
f 4172 4231 4272
f 4231 4172 4185
f 4231 4266 4272
f 4266 4231 4185
f 3309 3337 3352
f 3337 3309 3293
f 3337 3362 3352
f 3337 3293 3291
f 3362 3337 3360
f 3304 3337 3291
f 3337 3304 3360
f 4331 4327 4395
f 4327 4362 4395
f 4327 4331 4269
f 4362 4327 4292
f 4327 4270 4292
f 4327 4269 4228
f 4270 4327 4228
f 4270 4214 4205
f 4214 4162 4205
f 4162 4214 4213
f 4213 4214 4228
f 4214 4270 4228
f 5671 5660 5688
f 5677 5671 5688
f 5621 5609 5595
f 5609 5621 5664
f 5671 5633 5632
f 5633 5671 5677
f 5633 5677 5664
f 5621 5633 5664
f 5633 5621 5622
f 5406 5379 5378
f 5634 5528 5522
f 5528 5491 5522
f 4888 4963 4877
f 4888 4968 4963
f 4838 4888 4877
f 4968 4888 4970
f 4970 4888 4892
f 4888 4859 4892
f 4859 4888 4814
f 4888 4793 4814
f 4793 4888 4838
f 5089 5135 5123
f 5048 5089 5076
f 5089 5123 5076
f 5267 5242 5262
f 5160 5150 5120
f 5150 5132 5120
f 5116 5144 5138
f 5132 5144 5116
f 5639 5653 5632
f 5653 5639 5660
f 5653 5671 5632
f 5671 5653 5660
f 5606 5639 5632
f 5524 5606 5516
f 1808 1823 1806
f 1807 1808 1806
f 1808 1807 1823
f 2051 2016 2047
f 2051 2042 2016
f 2042 2051 2109
f 2051 2117 2109
f 2117 2168 2214
f 2172 2168 2070
f 2027 1973 2097
f 1917 2027 2023
f 1973 2027 1917
f 2272 2225 2176
f 2180 2116 2176
f 2477 2386 2484
f 2289 2381 2419
f 1400 1345 1336
f 1317 1345 1346
f 1336 1345 1317
f 1401 1429 1503
f 1401 1400 1429
f 1401 1471 1411
f 1401 1411 1346
f 1345 1401 1346
f 1401 1345 1400
f 1387 1420 1336
f 1400 1420 1429
f 1420 1400 1336
f 1420 1452 1429
f 1420 1387 1452
f 2568 2504 2501
f 2560 2504 2568
f 2501 2504 2484
f 2504 2477 2484
f 2477 2504 2524
f 2504 2560 2524
f 2706 2703 2690
f 2706 2720 2721
f 2677 2706 2690
f 2706 2677 2720
f 2658 2677 2666
f 2677 2658 2676
f 2720 2677 2676
f 2792 2798 2805
f 2790 2798 2792
f 2798 2718 2805
f 2798 2790 2718
f 2919 2852 2894
f 2748 2800 2789
f 2748 2725 2800
f 2733 2748 2789
f 2748 2733 2593
f 2725 2748 2593
f 2851 2841 2726
f 2851 2726 2684
f 2841 2938 2877
f 2938 3025 3048
f 2938 2888 3025
f 2888 2938 2841
f 2942 2938 3048
f 2877 2938 2942
f 2800 2801 2789
f 2801 2824 2789
f 2801 2800 2876
f 2824 2801 2876
f 3118 3134 3162
f 3127 3134 3118
f 3134 3172 3162
f 3134 3127 3141
f 3134 3227 3172
f 3134 3141 3227
f 3121 3170 3156
f 3187 3170 3121
f 3156 3170 3173
f 3170 3197 3173
f 3170 3187 3197
f 3232 3190 3202
f 3190 3232 3182
f 3190 3182 3136
f 3190 3136 3162
f 3202 3190 3162
f 3182 3224 3207
f 3232 3224 3182
f 3224 3266 3207
f 3266 3224 3275
f 3224 3232 3275
f 2871 2812 2820
f 2917 2871 2820
f 2871 2922 2869
f 2871 2923 2922
f 2871 2917 2923
f 2817 2796 2820
f 2917 2796 2802
f 2796 2917 2820
f 2796 2740 2802
f 2796 2817 2734
f 2740 2796 2734
f 2512 2611 2567
f 2611 2512 2588
f 2648 2611 2588
f 2611 2654 2567
f 2509 2447 2425
f 2509 2512 2447
f 2486 2509 2425
f 2587 2509 2486
f 2509 2587 2512
f 2430 2388 2492
f 2430 2428 2388
f 2618 2492 2616
f 2618 2551 2492
f 2654 2618 2616
f 2529 2496 2433
f 2496 2529 2556
f 2648 2735 2727
f 2735 2733 2799
f 2735 2799 2835
f 2727 2735 2835
f 2704 2751 2712
f 2618 2704 2712
f 2704 2618 2654
f 2751 2704 2727
f 6183 6207 6149
f 6184 6183 6149
f 6183 6184 6207
f 6103 6131 6109
f 6154 6124 6165
f 6120 6124 6154
f 6124 6102 6165
f 6102 6124 6099
f 6124 6120 6099
f 6295 6332 6260
f 6263 6295 6260
f 6323 6327 6256
f 6323 6336 6327
f 6323 6256 6252
f 6293 6323 6252
f 6346 6441 6436
f 6336 6346 6436
f 6441 6346 6424
f 6680 6661 6667
f 6680 6702 6661
f 6680 6701 6702
f 6701 6680 6705
f 6680 6686 6705
f 6665 6680 6667
f 6680 6665 6686
f 6587 6621 6576
f 6733 6696 6763
f 6669 6696 6684
f 6696 6733 6684
f 6884 6881 6853
f 6852 6881 6885
f 6881 6852 6853
f 6881 6898 6885
f 6881 6884 6898
f 7181 7180 7170
f 7170 7180 7096
f 7180 7175 7096
f 7180 7181 7177
f 7175 7180 7177
f 6566 6510 6652
f 6664 6566 6652
f 6600 6566 6664
f 6504 6458 6510
f 6566 6504 6510
f 6504 6566 6513
f 6402 6513 6469
f 6402 6469 6342
f 6282 6402 6342
f 6402 6282 6350
f 6561 6585 6558
f 6535 6476 6486
f 6486 6476 6418
f 6564 6587 6576
f 6668 6614 6669
f 6540 6535 6486
f 6544 6540 6486
f 6540 6544 6587
f 6596 6593 6556
f 6571 6596 6556
f 6602 6596 6571
f 6596 6602 6609
f 6593 6596 6609
f 6475 6410 6415
f 6417 6410 6475
f 6410 6365 6415
f 6410 6417 6376
f 6365 6410 6376
f 6864 6841 6869
f 6841 6838 6869
f 6838 6841 6831
f 6888 6895 6901
f 6895 6888 6873
f 6873 6888 6871
f 6888 6889 6871
f 6831 6835 6819
f 6835 6817 6819
f 6817 6835 6864
f 6835 6841 6864
f 6841 6835 6831
f 6887 6918 6874
f 6887 6900 6918
f 6886 6887 6874
f 6894 6887 6886
f 6887 6894 6900
f 6920 6902 6948
f 6900 6902 6920
f 6919 6902 6893
f 6902 6919 6948
f 6894 6902 6900
f 6902 6886 6893
f 6902 6894 6886
f 4930 4897 4929
f 4930 4927 4897
f 4969 4930 4929
f 4927 4930 4969
f 4687 4932 4622
f 4948 4932 4687
f 4932 4661 4622
f 4661 4932 4736
f 4932 4967 4929
f 4932 4897 4736
f 4897 4932 4929
f 4967 4932 4971
f 4932 4948 4971
f 6085 6067 6056
f 6084 6067 6085
f 6030 6067 6026
f 6056 6067 6030
f 6067 6048 6026
f 6067 6084 6048
f 1442 1434 1545
f 1445 1416 1442
f 1416 1434 1442
f 1416 1408 1380
f 1416 1445 1408
f 1339 1416 1380
f 1434 1416 1339
f 1677 1597 1679
f 1597 1504 1679
f 1597 1512 1504
f 1649 1677 1669
f 1649 1597 1677
f 1596 1623 1545
f 1597 1596 1553
f 1649 1596 1597
f 1623 1596 1669
f 1596 1649 1669
f 1662 1603 1664
f 1603 1623 1664
f 1545 1603 1513
f 1623 1603 1545
f 3153 3159 3178
f 3225 3153 3178
f 3113 3110 3151
f 3110 3102 3114
f 3151 3110 3114
f 3110 3113 3074
f 3102 3110 3052
f 3110 3074 3052
f 3159 3130 3151
f 3130 3113 3151
f 3153 3130 3159
f 3113 3130 3105
f 3073 3060 3072
f 3073 3122 3114
f 3122 3073 3072
f 3102 3073 3114
f 3060 3073 3053
f 3073 3102 3019
f 3053 3073 3019
f 1964 1940 1996
f 1940 2007 1996
f 2007 1940 1954
f 2242 2314 2273
f 2387 2314 2242
f 2394 2469 2503
f 2394 2370 2469
f 2499 2394 2503
f 2296 2245 2273
f 2245 2296 2232
f 1935 2028 2026
f 1956 1935 2026
f 1935 1956 1866
f 1772 1796 1866
f 1794 1796 1772
f 1796 1830 1866
f 1750 1617 1770
f 1830 1750 1770
f 1617 1750 1720
f 1750 1794 1720
f 1796 1750 1830
f 1750 1796 1794
f 2032 2079 1979
f 2079 1998 1979
f 2177 2202 2190
f 2202 2177 2189
f 2132 2177 2081
f 2177 2132 2189
f 2083 2190 2142
f 2079 2083 2142
f 2083 2079 2032
f 2083 2177 2190
f 2083 2032 2081
f 2177 2083 2081
f 2120 2175 2115
f 1975 1908 1895
f 1998 1975 1895
f 2110 2132 2081
f 2057 2110 2081
f 2110 2057 2106
f 2132 2127 2221
f 2127 2106 2095
f 2106 2031 2095
f 2031 2049 2095
f 2031 2057 1952
f 2057 2031 2106
f 2031 1952 1971
f 2049 2031 1971
f 2067 2045 2026
f 3229 3179 3180
f 3184 3179 3229
f 3180 3179 3161
f 3179 3184 3161
f 3193 3188 3148
f 3184 3193 3148
f 3193 3235 3188
f 3193 3184 3235
f 2604 2550 2533
f 2550 2604 2614
f 2534 2604 2533
f 2597 2604 2534
f 2614 2604 2679
f 2604 2597 2679
f 2810 2895 2829
f 2895 2912 2829
f 2895 2810 2857
f 3070 2981 2967
f 3070 2997 2981
f 3108 3070 3057
f 3070 2967 3035
f 3057 3070 3035
f 3070 3108 3133
f 3017 3126 3154
f 3124 3126 3017
f 3126 3194 3154
f 3194 3126 3174
f 3126 3124 3174
f 2999 3124 3017
f 2999 2997 3124
f 2997 2999 2911
f 2999 2937 2911
f 2782 2830 2857
f 2784 2782 2857
f 2830 2782 2765
f 2782 2702 2765
f 2782 2784 2702
f 2972 3026 3038
f 3026 2972 3039
f 3026 3091 3038
f 3026 3039 3091
f 2949 2955 2915
f 2955 2874 2915
f 2972 2955 2949
f 2955 2875 2874
f 2955 2968 2875
f 2955 2972 3038
f 2968 2955 3038
f 2162 2228 2221
f 2127 2162 2221
f 2297 2364 2334
f 2297 2334 2288
f 2297 2228 2283
f 2364 2297 2283
f 2297 2288 2221
f 2228 2297 2221
f 2098 2029 2089
f 2218 2098 2089
f 2254 2253 2291
f 2300 2243 2279
f 2253 2243 2300
f 4012 4059 3928
f 3970 4012 3928
f 4012 4078 4059
f 3960 3970 3887
f 4071 3960 3924
f 4123 3960 4071
f 3960 4012 3970
f 4078 3960 4123
f 4012 3960 4078
f 3819 3778 3737
f 3778 3799 3762
f 3778 3838 3799
f 3838 3778 3819
f 3704 3778 3762
f 3778 3704 3737
f 3850 3869 3905
f 3868 3869 3850
f 3914 3885 3924
f 3885 3914 3830
f 3830 3914 3887
f 3960 3914 3924
f 3914 3960 3887
f 3847 3830 3827
f 3847 3885 3830
f 3813 3847 3827
f 3847 3813 3917
f 3885 3847 3917
f 3710 3813 3827
f 3713 3710 3827
f 3813 3758 3796
f 3758 3752 3796
f 3586 3629 3579
f 3678 3629 3586
f 3720 3619 3660
f 3619 3720 3683
f 3720 3737 3683
f 3720 3753 3737
f 3819 3795 3817
f 3753 3795 3819
f 3795 3830 3817
f 3722 3713 3830
f 3795 3722 3830
f 3722 3795 3753
f 3713 3722 3660
f 3722 3720 3660
f 3720 3722 3753
f 4371 4357 4307
f 4449 4546 4484
f 4503 4546 4449
f 4484 4546 4598
f 4546 4597 4598
f 4546 4503 4597
f 4391 4364 4300
f 4494 4391 4516
f 4494 4503 4469
f 4604 4494 4516
f 4503 4494 4604
f 4282 4283 4209
f 4242 4282 4209
f 4283 4282 4310
f 4310 4282 4319
f 4319 4282 4264
f 4282 4242 4264
f 4193 4155 4165
f 4165 4155 4112
f 4155 4123 4071
f 4155 4193 4123
f 4112 4155 4028
f 4155 4071 4028
f 5053 5078 5091
f 5091 5078 5096
f 5211 5232 5178
f 5232 5211 5247
f 5247 5211 5238
f 5238 5211 5184
f 5139 5211 5178
f 5211 5139 5184
f 5166 5165 5215
f 5165 5232 5215
f 5232 5165 5178
f 5165 5141 5178
f 5165 5166 5141
f 5064 5063 5031
f 5063 5064 5104
f 5092 5102 5071
f 5041 5092 5071
f 5474 5468 5466
f 5468 5474 5487
f 5474 5466 5498
f 5487 5474 5498
f 5393 5353 5429
f 5353 5393 5332
f 5353 5332 5292
f 5504 5353 5292
f 5429 5353 5504
f 1887 1934 1954
f 1887 1755 1903
f 1934 1887 1903
f 1246 1290 1313
f 1246 1208 1189
f 1313 1375 1389
f 1290 1375 1313
f 1375 1290 1338
f 1375 1338 1403
f 1564 1375 1403
f 1375 1594 1389
f 1594 1375 1564
f 1140 1262 1158
f 1140 1090 1151
f 1090 1140 1158
f 1004 939 1030
f 1007 1004 1030
f 939 1004 890
f 890 1004 884
f 1004 1007 884
f 1178 1144 1269
f 1152 1190 1189
f 1158 1221 1193
f 1241 1221 1158
f 1221 1228 1193
f 1228 1221 1256
f 1291 1241 1310
f 1256 1291 1352
f 1377 1291 1310
f 1291 1377 1352
f 1241 1274 1310
f 1274 1241 1262
f 1274 1313 1310
f 1274 1262 1313
f 1121 996 1193
f 1228 1121 1193
f 1154 1121 1273
f 1121 1228 1273
f 794 739 735
f 739 730 735
f 739 691 730
f 739 748 668
f 691 739 668
f 748 790 774
f 739 790 748
f 790 739 794
f 1374 1303 1268
f 1303 1225 1268
f 1303 1327 1269
f 1225 1303 1269
f 1292 1382 1403
f 1382 1292 1269
f 1382 1494 1403
f 1494 1382 1492
f 1365 1374 1428
f 1470 1365 1428
f 1365 1303 1374
f 1303 1365 1327
f 1710 1776 1724
f 1710 1724 1606
f 1592 1710 1606
f 1710 1592 1574
f 1638 1710 1574
f 770 785 719
f 722 770 719
f 770 882 785
f 882 770 832
f 768 722 736
f 1096 1003 1047
f 945 1001 996
f 996 1001 1158
f 1001 1090 1158
f 975 1001 945
f 1585 1636 1693
f 1690 1718 1755
f 1561 1526 1587
f 1581 1561 1587
f 1561 1581 1526
f 1630 1581 1587
f 1630 1690 1686
f 1500 1534 1467
f 1534 1587 1467
f 1525 1445 1513
f 1525 1500 1445
f 1525 1534 1500
f 1603 1525 1513
f 1534 1525 1602
f 1602 1525 1662
f 1525 1603 1662
f 1809 1818 1800
f 1801 1818 1825
f 1801 1797 1800
f 1818 1801 1800
f 2004 1974 1894
f 2004 1840 1845
f 1990 2004 1878
f 2004 1845 1878
f 2034 2004 1990
f 2004 2034 2134
f 2004 2134 2103
f 2038 2004 2103
f 1974 2004 2038
f 1798 1731 1758
f 1798 1793 1731
f 1797 1798 1758
f 1801 1798 1797
f 1798 1801 1840
f 2004 1798 1840
f 1793 1798 1894
f 1798 2004 1894
f 1670 1610 1659
f 1670 1680 1610
f 1731 1692 1758
f 1680 1692 1731
f 1670 1692 1680
f 1692 1659 1758
f 1692 1670 1659
f 1341 1406 1334
f 1406 1341 1326
f 1247 1341 1334
f 1341 1247 1326
f 1465 1468 1326
f 1468 1406 1326
f 1468 1465 1510
f 1468 1488 1406
f 1293 1247 1334
f 1335 1293 1334
f 1293 1335 1282
f 1247 1293 1183
f 1293 1206 1183
f 1206 1293 1282
f 1913 1863 1894
f 1913 1974 1969
f 1974 1913 1894
f 1867 1913 1969
f 1863 1913 1867
f 651 654 667
f 654 611 667
f 654 651 610
f 566 574 523
f 611 574 566
f 523 574 557
f 574 610 557
f 574 654 610
f 654 574 611
f 997 943 1065
f 1036 997 1065
f 821 997 933
f 997 821 943
f 1076 997 1036
f 1076 1057 992
f 831 919 939
f 733 831 792
f 831 939 792
f 1201 1220 1136
f 1220 1281 1261
f 1281 1201 1217
f 1201 1281 1220
f 1432 1281 1393
f 1281 1432 1261
f 1145 1176 1109
f 1176 1145 1210
f 1314 1176 1210
f 1176 1314 1263
f 1114 1018 961
f 1018 976 961
f 976 1018 1043
f 1018 1136 1043
f 1073 1114 936
f 1073 896 1072
f 896 1073 936
f 1109 1073 1072
f 1347 1350 1264
f 1350 1295 1264
f 1350 1347 1427
f 1295 1350 1339
f 1434 1350 1427
f 1350 1434 1339
f 973 898 970
f 898 973 924
f 924 973 1012
f 973 1050 1012
f 973 970 1050
f 716 601 733
f 642 601 716
f 163 167 211
f 176 163 211
f 163 148 167
f 163 176 140
f 148 163 140
f 178 202 167
f 167 202 211
f 202 230 211
f 230 202 218
f 202 205 218
f 139 155 159
f 155 178 159
f 155 134 168
f 134 155 139
f 1514 1335 1406
f 1514 1495 1435
f 1335 1514 1435
f 1514 1563 1591
f 1514 1488 1563
f 1488 1514 1406
f 1034 1106 959
f 1034 1088 1170
f 1106 1034 1170
f 1294 1248 1205
f 1279 1248 1294
f 1248 1170 1205
f 1170 1248 1265
f 1265 1248 1321
f 1248 1279 1321
f 1059 1019 963
f 1019 1020 963
f 913 1020 1017
f 913 917 963
f 1020 913 963
f 1122 1066 1059
f 1020 1066 1017
f 1091 1100 1088
f 779 726 774
f 779 838 726
f 904 959 822
f 904 1034 959
f 910 913 1017
f 1062 1055 1017
f 1088 1062 1068
f 1055 1062 1088
f 921 1039 1108
f 1108 1039 1160
f 1039 1154 1160
f 742 696 723
f 742 724 666
f 696 742 666
f 742 838 833
f 838 742 723
f 724 801 752
f 742 801 724
f 862 878 887
f 376 341 355
f 376 410 341
f 376 355 424
f 410 376 424
f 329 353 369
f 353 329 341
f 353 410 369
f 410 353 341
f 474 464 440
f 454 474 440
f 474 454 497
f 535 474 497
f 498 474 535
f 588 551 620
f 551 585 620
f 551 535 585
f 551 498 535
f 551 588 545
f 418 537 465
f 537 418 412
f 365 418 379
f 412 418 332
f 418 365 332
f 402 337 451
f 403 402 451
f 402 336 337
f 402 403 336
f 365 315 332
f 315 365 375
f 315 289 332
f 257 241 242
f 257 272 291
f 289 257 291
f 241 257 289
f 190 229 180
f 151 190 180
f 191 190 151
f 210 187 214
f 210 191 187
f 210 190 191
f 190 210 229
f 288 272 264
f 295 288 264
f 288 295 325
f 288 325 291
f 272 288 291
f 221 222 214
f 204 221 214
f 222 221 212
f 137 118 131
f 158 137 131
f 154 137 158
f 193 204 175
f 192 193 175
f 193 192 212
f 221 193 212
f 193 221 204
f 217 198 209
f 192 198 217
f 198 201 209
f 154 174 175
f 174 192 175
f 145 175 187
f 146 145 187
f 145 146 126
f 435 582 581
f 435 444 582
f 542 435 581
f 435 542 390
f 334 277 319
f 282 347 455
f 347 282 255
f 255 282 219
f 282 243 219
f 63 57 61
f 69 63 61
f 69 72 74
f 74 72 78
f 72 76 78
f 73 69 74
f 58 48 47
f 53 52 40
f 40 52 43
f 2454 2421 2481
f 2421 2438 2363
f 2331 2438 2437
f 2363 2438 2331
f 2454 2438 2421
f 2438 2454 2502
f 2438 2517 2437
f 2438 2502 2517
f 2589 2514 2591
f 2589 2526 2514
f 2641 2589 2591
f 2696 2589 2641
f 2625 2680 2578
f 2625 2578 2517
f 2526 2625 2517
f 2589 2625 2526
f 2680 2625 2687
f 2625 2696 2687
f 2625 2589 2696
f 2695 2641 2711
f 2695 2696 2641
f 2716 2695 2711
f 2475 2439 2383
f 2439 2475 2481
f 2421 2439 2481
f 2439 2421 2367
f 2415 2495 2441
f 2415 2453 2495
f 2366 2415 2441
f 2415 2366 2333
f 2415 2333 2359
f 2453 2415 2359
f 2439 2360 2383
f 2360 2439 2367
f 2360 2366 2383
f 2366 2360 2333
f 2360 2278 2333
f 2064 2128 2011
f 2015 2064 1962
f 2064 2011 1962
f 2204 2267 2331
f 2128 2267 2204
f 2146 2064 2015
f 2258 2290 2333
f 2278 2258 2333
f 2258 2268 2290
f 1127 1110 1171
f 1127 1053 1110
f 1127 1171 1115
f 1053 1127 1115
f 1014 990 1117
f 990 1025 1117
f 1025 1131 1117
f 1202 1131 1174
f 1098 1106 1186
f 1098 1131 1025
f 1106 1098 984
f 1098 1025 984
f 1174 1098 1186
f 1131 1098 1174
f 1448 1449 1477
f 1449 1394 1477
f 1394 1449 1448
f 1064 1227 1175
f 1049 1064 1175
f 1904 1947 1914
f 1947 1972 1914
f 1972 1947 2024
f 1947 1904 1898
f 1947 1898 1995
f 2025 1947 1995
f 1947 2025 2024
f 1749 1756 1781
f 1749 1748 1756
f 1652 1749 1781
f 1748 1749 1652
f 1848 1668 1639
f 1829 1668 1848
f 1668 1539 1639
f 1783 1787 1773
f 1739 1783 1773
f 1787 1783 1900
f 1454 1469 1388
f 1311 1454 1388
f 1552 1485 1518
f 1485 1484 1518
f 1396 1485 1552
f 1404 1485 1396
f 1484 1485 1404
f 1481 1426 1436
f 1484 1426 1481
f 1426 1484 1404
f 547 509 541
f 650 648 570
f 648 635 570
f 671 648 650
f 635 648 665
f 648 671 665
f 673 669 661
f 669 673 687
f 673 661 699
f 687 673 699
f 1022 1032 968
f 967 1022 968
f 1032 1022 1161
f 1022 967 1115
f 1153 1022 1115
f 1022 1153 1161
f 573 471 578
f 573 548 471
f 573 593 548
f 548 593 527
f 1085 942 938
f 1064 1085 1227
f 1085 1064 1029
f 1085 1142 1301
f 1227 1085 1301
f 749 935 909
f 918 942 953
f 918 825 942
f 918 953 1029
f 991 950 892
f 991 892 968
f 991 1032 1033
f 1032 991 968
f 707 640 615
f 640 543 615
f 543 640 598
f 860 737 744
f 744 737 665
f 737 707 665
f 653 745 717
f 597 653 578
f 1009 1049 935
f 1064 1009 1029
f 1009 1064 1049
f 960 951 797
f 915 1031 960
f 1023 915 909
f 599 491 495
f 604 491 599
f 491 389 406
f 495 491 406
f 603 495 503
f 603 599 495
f 501 603 503
f 603 501 519
f 608 603 519
f 604 494 472
f 494 407 472
f 494 392 407
f 398 494 487
f 494 398 392
f 392 380 407
f 518 446 487
f 446 518 430
f 684 595 613
f 703 753 633
f 595 703 633
f 684 703 595
f 753 703 760
f 703 684 760
f 1150 1199 1251
f 1199 1267 1251
f 1267 1372 1251
f 1309 1372 1362
f 1372 1309 1251
f 1214 1309 1362
f 1173 1214 1305
f 1173 1305 1312
f 1224 1173 1312
f 678 613 604
f 684 678 760
f 678 684 613
f 678 869 760
f 869 678 846
f 753 835 649
f 649 835 708
f 835 852 708
f 1959 2092 2170
f 1997 2092 1959
f 2143 2092 2066
f 2092 1997 2066
f 2100 2040 1993
f 2039 2040 2100
f 2040 1970 1993
f 2040 2039 1970
f 1451 1556 1444
f 1409 1451 1444
f 1320 1354 1328
f 1320 1289 1354
f 1289 1320 1105
f 1267 1320 1328
f 1105 1092 1254
f 1074 1092 1006
f 1092 1008 1006
f 1008 1092 1105
f 1008 1005 1006
f 1005 1008 846
f 1005 1074 1006
f 1005 951 1074
f 1051 1097 1084
f 969 1051 1084
f 1051 969 964
f 1008 1051 964
f 1120 1267 1199
f 1051 1120 1097
f 1320 1120 1105
f 1120 1320 1267
f 1120 1008 1105
f 1120 1051 1008
f 1164 1092 1074
f 1031 1045 960
f 1045 951 960
f 951 1045 1074
f 1045 1164 1074
f 1164 1045 1031
f 2375 2362 2330
f 2375 2426 2362
f 2355 2375 2330
f 2452 2494 2528
f 2426 2494 2452
f 2528 2494 2600
f 2494 2513 2600
f 2653 2710 2553
f 2747 2663 2600
f 2663 2653 2600
f 2663 2710 2653
f 2349 2306 2396
f 2306 2315 2396
f 2315 2306 2255
f 2306 2305 2255
f 2306 2349 2305
f 2732 2699 2713
f 2699 2644 2713
f 2644 2699 2732
f 2624 2732 2615
f 2624 2644 2732
f 2624 2615 2575
f 2557 2624 2575
f 2231 2179 2233
f 2344 2316 2377
f 2316 2344 2332
f 2332 2344 2348
f 2344 2434 2348
f 2434 2344 2377
f 1855 1965 1927
f 1965 1987 2021
f 1987 1920 1999
f 1920 1965 1855
f 1965 1920 1987
f 1999 1920 1955
f 1920 1938 1955
f 1920 1855 1816
f 1920 1857 1938
f 1920 1816 1857
f 1992 2005 1999
f 2005 1992 2013
f 1999 2005 2071
f 2005 2013 2071
f 1459 1386 1418
f 1486 1459 1418
f 1459 1486 1533
f 1386 1459 1433
f 1459 1542 1433
f 1542 1459 1533
f 1471 1461 1411
f 1461 1441 1411
f 1461 1471 1506
f 1487 1461 1506
f 1441 1461 1487
f 4552 4540 4500
f 4540 4577 4532
f 4540 4552 4587
f 4500 4540 4505
f 4540 4532 4505
f 4623 4540 4587
f 4577 4540 4623
f 4517 4527 4525
f 4492 4527 4517
f 4525 4527 4606
f 4527 4547 4606
f 4527 4533 4547
f 4527 4492 4533
f 3478 3420 3503
f 3420 3478 3425
f 3404 3420 3369
f 3420 3425 3369
f 3538 3478 3503
f 3566 3538 3503
f 3538 3566 3587
f 3478 3538 3523
f 3523 3538 3560
f 3538 3587 3560
f 3765 3773 3812
f 3765 3699 3773
f 3765 3812 3785
f 3699 3682 3773
f 3682 3699 3639
f 3773 3682 3740
f 3740 3682 3684
f 3682 3648 3684
f 3682 3639 3648
f 4105 4083 4020
f 4057 4105 4020
f 4103 4105 4057
f 4131 4105 4103
f 4476 4483 4556
f 4439 4485 4481
f 4532 4485 4505
f 4485 4532 4481
f 4485 4439 4455
f 4485 4500 4505
f 4485 4455 4500
f 4385 4389 4344
f 4455 4389 4385
f 4439 4389 4455
f 4334 4225 4344
f 4389 4334 4344
f 4334 4389 4381
f 4182 4131 4103
f 4182 4103 4166
f 4248 4182 4166
f 4225 4182 4248
f 3724 3786 3793
f 3709 3724 3793
f 3724 3749 3786
f 3724 3709 3640
f 3733 3765 3785
f 3765 3733 3699
f 4279 4295 4230
f 4217 4279 4230
f 4403 4420 4470
f 4420 4466 4470
f 4466 4420 4476
f 5590 5605 5645
f 5645 5605 5655
f 5605 5584 5655
f 5605 5590 5566
f 5458 5454 5475
f 5458 5455 5454
f 5455 5458 5448
f 5684 5691 5673
f 5662 5684 5673
f 5683 5684 5662
f 5684 5700 5707
f 5684 5683 5700
f 5763 5752 5783
f 5738 5752 5763
f 5752 5776 5783
f 5776 5752 5762
f 5752 5729 5762
f 5752 5738 5729
f 6880 6828 6858
f 6924 6880 7009
f 6882 6865 6800
f 6828 6882 6800
f 6865 6882 6931
f 6882 6924 6931
f 6880 6882 6828
f 6882 6880 6924
f 5780 5787 5806
f 5806 5787 5818
f 5787 5761 5773
f 5787 5780 5761
f 5808 5787 5773
f 5787 5808 5818
f 5845 5831 5846
f 5831 5808 5823
f 5846 5831 5823
f 5808 5831 5818
f 5831 5845 5818
f 5866 5901 5849
f 6637 6620 6623
f 6637 6623 6640
f 6642 6637 6640
f 6637 6642 6639
f 6620 6637 6639
f 7150 7210 7208
f 7217 7210 7212
f 7212 7210 7154
f 7210 7150 7154
f 7224 7148 7152
f 7232 7224 7152
f 7154 7224 7221
f 7148 7224 7154
f 7224 7232 7229
f 7232 7239 7229
f 7239 7252 7228
f 7229 7239 7228
f 7276 7332 7333
f 7275 7276 7333
f 7332 7276 7277
f 7277 7276 7240
f 7276 7275 7240
f 7404 7403 7397
f 7403 7383 7397
f 7383 7403 7357
f 7403 7361 7357
f 7403 7409 7412
f 7409 7403 7404
f 7200 7197 7199
f 7200 7207 7228
f 7195 7200 7228
f 7197 7200 7195
f 7247 7152 7186
f 7250 7247 7186
f 7247 7232 7152
f 7247 7292 7255
f 7247 7281 7292
f 7247 7250 7281
f 7381 7360 7392
f 7381 7380 7360
f 7390 7381 7392
f 7380 7381 7390
f 7380 7386 7378
f 7386 7384 7378
f 7386 7380 7390
f 7396 7386 7390
f 7394 7386 7396
f 7384 7386 7394
f 7384 7379 7378
f 7379 7384 7377
f 7203 7204 7207
f 7200 7203 7207
f 7222 7217 7221
f 7224 7222 7221
f 7222 7224 7229
f 7222 7229 7228
f 7217 7222 7228
f 5718 5696 5730
f 5734 5718 5730
f 5718 5734 5721
f 5718 5690 5696
f 5718 5721 5690
f 5759 5758 5770
f 5759 5745 5758
f 5759 5770 5784
f 5722 5732 5736
f 5722 5711 5713
f 5717 5722 5713
f 5732 5722 5717
f 5728 5722 5736
f 5711 5722 5728
f 5614 5613 5587
f 5614 5641 5613
f 5614 5587 5582
f 5649 5614 5628
f 5641 5614 5649
f 5614 5591 5628
f 5591 5614 5582
f 4561 4585 4617
f 4585 4561 4584
f 4516 4561 4617
f 4561 4516 4445
f 4574 4506 4535
f 4574 4560 4506
f 4574 4542 4639
f 4542 4574 4535
f 4611 4574 4639
f 4560 4574 4611
f 125 113 126
f 125 122 113
f 146 125 126
f 125 146 150
f 122 125 150
f 1308 1210 1318
f 1308 1314 1210
f 1366 1308 1318
f 1314 1308 1366
f 1414 1505 1440
f 1505 1414 1475
f 1225 1177 1172
f 1103 1177 1139
f 1177 1103 1172
f 1177 1144 1139
f 1144 1177 1269
f 1177 1225 1269
f 769 705 695
f 781 769 695
f 705 769 824
f 769 809 824
f 771 872 788
f 771 858 872
f 858 771 761
f 646 771 788
f 638 771 646
f 771 638 761
f 638 592 639
f 592 638 575
f 592 594 639
f 592 575 513
f 594 592 513
f 591 607 552
f 591 637 607
f 629 728 727
f 637 629 727
f 591 629 637
f 957 1035 1044
f 1035 1015 1058
f 1035 1351 1044
f 1351 1035 1211
f 1035 1058 1211
f 879 944 928
f 907 879 928
f 868 879 907
f 483 403 451
f 529 522 561
f 561 522 517
f 483 522 529
f 522 423 517
f 808 841 777
f 841 808 843
f 841 781 777
f 781 841 880
f 841 843 880
f 502 618 587
f 705 618 695
f 618 632 695
f 632 618 540
f 618 502 540
f 347 459 455
f 556 459 347
f 623 643 562
f 643 623 702
f 623 630 702
f 502 462 540
f 462 516 540
f 441 462 502
f 462 367 345
f 516 462 345
f 702 738 676
f 738 783 676
f 738 821 783
f 943 813 812
f 821 813 943
f 812 813 702
f 813 738 702
f 738 813 821
f 630 815 812
f 672 815 630
f 993 958 1000
f 993 1000 1087
f 1111 993 1087
f 993 1111 1094
f 962 993 1094
f 923 943 812
f 815 923 812
f 923 815 962
f 943 923 1011
f 923 962 1011
f 690 705 824
f 795 690 824
f 713 659 701
f 659 641 701
f 590 659 606
f 641 659 590
f 750 764 818
f 764 750 713
f 750 818 842
f 685 659 713
f 750 685 713
f 431 418 465
f 418 431 379
f 397 423 375
f 365 397 375
f 397 365 379
f 431 397 379
f 423 397 465
f 397 431 465
f 916 920 1027
f 914 916 1027
f 916 811 920
f 401 583 564
f 580 583 401
f 706 583 580
f 579 580 521
f 799 800 686
f 875 800 932
f 800 907 932
f 800 847 907
f 847 800 799
f 660 504 553
f 504 660 544
f 628 660 553
f 772 922 920
f 811 772 920
f 2891 2953 2924
f 2953 2891 2954
f 2924 2953 2965
f 2953 3023 2965
f 2953 2954 3023
f 3507 3516 3564
f 3516 3575 3564
f 3620 3622 3598
f 3606 3620 3598
f 3620 3606 3622
f 3196 3285 3263
f 3285 3196 3230
f 4161 4109 4045
f 4109 4161 4188
f 4152 4161 4092
f 4161 4045 4092
f 4161 4152 4203
f 4188 4161 4203
f 4158 4188 4210
f 4158 4167 4107
f 4179 4210 4232
f 4167 4179 4232
f 4179 4158 4210
f 4158 4179 4167
f 4244 4263 4249
f 4244 4246 4263
f 4246 4244 4208
f 4229 4244 4249
f 4208 4244 4229
f 4276 4233 4218
f 4233 4224 4218
f 4252 4233 4276
f 4224 4233 4252
f 4169 4190 4198
f 4190 4130 4095
f 4130 4067 4095
f 7328 7339 7324
f 7326 7328 7324
f 7328 7312 7339
f 7251 7249 7183
f 7234 7251 7183
f 7321 7285 7324
f 7321 7308 7285
f 7321 7324 7331
f 7308 7321 7331
f 7302 7305 7331
f 7302 7263 7305
f 7263 7260 7205
f 6961 6962 7020
f 6985 6961 7020
f 6961 6985 6938
f 6925 6961 6938
f 6962 6961 6925
f 7206 7196 7209
f 7206 7235 7233
f 7206 7209 7235
f 7206 7233 7245
f 7155 7206 7245
f 7196 7206 7155
f 6792 6830 6836
f 6754 6792 6829
f 6792 6836 6829
f 6830 6792 6837
f 6792 6754 6793
f 6792 6842 6837
f 7166 7115 7104
f 7115 7043 7104
f 7115 7166 7188
f 7270 7226 7268
f 7226 7230 7268
f 7166 7226 7188
f 7230 7226 7166
f 7047 7087 7104
f 7043 7047 7104
f 7047 7043 7006
f 7094 7047 7006
f 7087 7047 7094
f 7067 7081 7141
f 7081 7145 7141
f 7145 7081 7101
f 7067 7122 7033
f 7043 7024 7006
f 6682 6692 6652
f 6682 6765 6781
f 6692 6682 6781
f 6577 6562 6503
f 6562 6577 6606
f 6507 6577 6503
f 6606 6577 6608
f 6577 6569 6608
f 6577 6507 6555
f 6569 6577 6555
f 6730 6726 6697
f 6699 6730 6697
f 6768 6730 6772
f 6741 6710 6694
f 6673 6710 6709
f 6710 6673 6694
f 6710 6753 6709
f 6710 6741 6753
f 6412 6351 6459
f 6503 6409 6456
f 6405 6409 6503
f 6140 6123 6109
f 6271 6235 6259
f 6607 6579 6514
f 6579 6527 6514
f 6527 6579 6578
f 6579 6607 6649
f 6430 6447 6396
f 6188 6223 6259
f 6259 6223 6260
f 6223 6263 6260
f 6263 6223 6202
f 6604 6509 6578
f 6604 6502 6509
f 6557 6604 6574
f 6502 6604 6557
f 6443 6507 6456
f 6507 6443 6447
f 6447 6443 6396
f 6569 6573 6645
f 6604 6573 6574
f 6295 6349 6332
f 6327 6302 6266
f 6302 6301 6266
f 6527 6392 6462
f 6978 6986 7014
f 6986 6988 7014
f 6988 6998 7033
f 6947 6998 6945
f 6998 6988 6945
f 6998 6947 7006
f 7024 6998 7006
f 6981 6978 6944
f 6981 6944 6945
f 6988 6981 6945
f 6981 6986 6978
f 6986 6981 6988
f 7162 7131 7132
f 7100 7102 7111
f 7102 7100 7103
f 7293 7297 7312
f 7297 7293 7237
f 7328 7293 7312
f 7293 7328 7326
f 7132 7184 7237
f 7184 7100 7111
f 7100 7184 7132
f 7040 6994 7014
f 7040 7041 6994
f 7041 7107 7109
f 7123 7107 7114
f 6638 6660 6628
f 6641 6638 6600
f 6589 6638 6628
f 6638 6589 6600
f 6663 6641 6664
f 6700 6663 6664
f 6663 6638 6641
f 6638 6663 6660
f 6663 6700 6685
f 6660 6663 6685
f 6091 6046 6048
f 6091 6073 6046
f 6091 6197 6111
f 6150 6174 6180
f 6150 6180 6177
f 6073 6107 6051
f 6748 6689 6692
f 6689 6664 6652
f 6692 6689 6652
f 6703 6767 6700
f 6703 6748 6767
f 6703 6689 6748
f 6703 6700 6664
f 6689 6703 6664
f 6786 6748 6781
f 6748 6786 6784
f 6814 6786 6781
f 6786 6814 6843
f 6808 6786 6843
f 6784 6786 6808
f 4747 4765 4751
f 4765 4747 4811
f 4726 4747 4709
f 4810 4747 4726
f 4811 4747 4810
f 4747 4720 4709
f 4747 4751 4720
f 3415 3467 3427
f 3467 3454 3427
f 3391 3373 3381
f 3373 3266 3275
f 3266 3373 3267
f 3267 3373 3386
f 3373 3413 3386
f 3373 3391 3413
f 3325 3273 3299
f 3273 3251 3299
f 3273 3220 3251
f 3273 3257 3202
f 3220 3273 3202
f 3350 3325 3299
f 3351 3350 3299
f 3350 3351 3372
f 3359 3350 3372
f 3292 3373 3275
f 3257 3292 3275
f 3273 3292 3257
f 3381 3349 3401
f 3349 3359 3401
f 3349 3350 3359
f 3350 3349 3325
f 3984 4015 4044
f 4026 3984 4044
f 4015 3984 3967
f 5608 5497 5499
f 5497 5608 5595
f 5440 5378 5491
f 5440 5406 5378
f 5528 5440 5491
f 5406 5440 5420
f 5423 5406 5420
f 5089 5100 5135
f 5056 5100 5033
f 5116 5100 5056
f 5100 5116 5138
f 5135 5100 5138
f 5262 5221 5209
f 5242 5221 5262
f 5221 5170 5209
f 5209 5170 5160
f 5170 5150 5160
f 5639 5627 5646
f 5606 5627 5639
f 2168 2077 2070
f 2077 2168 2117
f 2070 2077 2047
f 2077 2051 2047
f 2051 2077 2117
f 2205 2226 2321
f 2321 2226 2272
f 2226 2225 2272
f 2180 2219 2205
f 2219 2226 2205
f 2226 2219 2225
f 2225 2219 2176
f 2219 2180 2176
f 2414 2382 2445
f 2376 2477 2445
f 2376 2386 2477
f 2382 2376 2445
f 2336 2376 2276
f 2376 2336 2386
f 2336 2289 2419
f 2289 2350 2381
f 2350 2321 2433
f 2381 2350 2433
f 2220 2336 2276
f 2336 2220 2289
f 2244 2205 2321
f 2244 2180 2205
f 2180 2244 2116
f 2048 2096 1960
f 2111 2096 2048
f 1960 2096 1939
f 2096 2152 1939
f 2096 2111 2140
f 2096 2220 2152
f 2220 2096 2140
f 2224 2168 2172
f 2249 2224 2172
f 2168 2224 2214
f 2224 2285 2214
f 2235 2207 2152
f 2220 2235 2152
f 2235 2220 2276
f 2207 2191 2152
f 2152 2191 1939
f 2191 2172 1939
f 1491 1401 1503
f 1401 1491 1471
f 1549 1491 1503
f 1491 1549 1532
f 1506 1491 1532
f 1471 1491 1506
f 2768 2706 2777
f 2706 2768 2703
f 2775 2768 2777
f 2703 2768 2758
f 2768 2775 2791
f 2758 2768 2791
f 2675 2677 2690
f 2894 2809 2862
f 2852 2809 2894
f 2809 2778 2862
f 2778 2809 2779
f 2809 2852 2779
f 2881 2919 2925
f 2881 2852 2919
f 2839 2881 2925
f 2881 2839 2779
f 2852 2881 2779
f 2860 2685 2901
f 2685 2860 2684
f 2860 2851 2684
f 2888 2973 3025
f 3025 2973 3042
f 2973 2991 3042
f 2973 2986 2991
f 2851 2887 2841
f 2887 2888 2841
f 2611 2668 2654
f 2668 2611 2648
f 2668 2648 2727
f 2704 2668 2727
f 2668 2704 2654
f 2430 2490 2428
f 2551 2490 2492
f 2490 2430 2492
f 2428 2490 2393
f 2393 2490 2433
f 2490 2529 2433
f 2649 2618 2712
f 2618 2649 2551
f 2681 2735 2648
f 2681 2596 2673
f 2733 2681 2673
f 2735 2681 2733
f 2681 2588 2596
f 2681 2648 2588
f 6133 6103 6154
f 6133 6131 6103
f 6334 6324 6293
f 6324 6323 6293
f 6323 6324 6336
f 6324 6346 6336
f 6346 6345 6424
f 6702 6706 6715
f 6701 6706 6702
f 6706 6717 6715
f 6717 6706 6705
f 6706 6701 6705
f 6681 6625 6629
f 6621 6625 6681
f 6625 6587 6629
f 6625 6621 6587
f 6568 6614 6565
f 6614 6568 6621
f 6747 6718 6756
f 6747 6681 6718
f 6783 6747 6756
f 6782 6747 6783
f 6747 6782 6763
f 6513 6563 6523
f 6566 6563 6513
f 6563 6589 6523
f 6589 6563 6600
f 6563 6566 6600
f 6458 6407 6350
f 6407 6402 6350
f 6504 6407 6458
f 6407 6504 6513
f 6402 6407 6513
f 6561 6588 6585
f 6588 6561 6589
f 6585 6588 6624
f 6588 6589 6624
f 6589 6551 6523
f 6561 6551 6589
f 6551 6520 6523
f 6551 6561 6558
f 6500 6551 6558
f 6520 6551 6500
f 6508 6476 6535
f 6679 6621 6681
f 6679 6614 6621
f 6614 6679 6669
f 6679 6696 6669
f 6540 6567 6535
f 6567 6540 6587
f 6564 6567 6587
f 6567 6508 6535
f 6567 6564 6521
f 6508 6567 6521
f 6377 6227 6229
f 6229 6227 6191
f 6227 6246 6191
f 6285 6227 6377
f 6227 6285 6246
f 6896 6901 6889
f 6888 6896 6889
f 6896 6888 6901
f 1524 1434 1427
f 1434 1524 1545
f 1524 1596 1545
f 1596 1524 1553
f 1597 1540 1512
f 1540 1597 1553
f 1512 1540 1427
f 1540 1524 1427
f 1524 1540 1553
f 3138 3225 3143
f 3106 3138 3143
f 3105 3138 3082
f 3138 3106 3082
f 1836 1780 1919
f 1753 1780 1836
f 1736 1780 1753
f 1780 1736 1693
f 2489 2406 2480
f 2394 2310 2275
f 2325 2275 2232
f 2296 2325 2232
f 2325 2296 2370
f 2325 2394 2275
f 2394 2325 2370
f 1830 1896 1866
f 1896 1935 1866
f 1977 1896 1770
f 1896 1830 1770
f 1984 1896 1977
f 1896 1984 1935
f 2148 2079 2142
f 2080 2115 2034
f 2080 2120 2115
f 2120 2080 1998
f 1948 1943 1908
f 1975 1948 1908
f 2122 2110 2106
f 2110 2122 2132
f 2127 2122 2106
f 2122 2127 2132
f 2910 2895 2857
f 2886 2910 2857
f 2969 2910 2886
f 2997 3109 3124
f 3070 3109 2997
f 3124 3109 3174
f 3174 3109 3133
f 3109 3070 3133
f 3013 2999 3017
f 3013 3017 3154
f 3013 3012 2937
f 2999 3013 2937
f 3049 3013 3154
f 3012 3013 3049
f 2090 2162 2127
f 2090 2127 2095
f 2090 2067 2086
f 2067 2090 2045
f 2049 2090 2095
f 2090 2049 2045
f 2067 2085 2086
f 2085 2090 2086
f 2090 2085 2162
f 2028 2085 2026
f 2085 2067 2026
f 2234 2218 2275
f 2234 2098 2218
f 2162 2211 2228
f 2234 2211 2098
f 2228 2211 2283
f 2211 2310 2283
f 2254 2208 2253
f 2175 2208 2212
f 2208 2254 2212
f 2243 2208 2164
f 2208 2243 2253
f 2208 2120 2164
f 2120 2208 2175
f 2212 2277 2217
f 2254 2277 2212
f 2277 2316 2332
f 2316 2277 2291
f 2277 2254 2291
f 2257 2210 2231
f 2210 2243 2164
f 2210 2257 2279
f 2243 2210 2279
f 3880 3923 3905
f 3869 3880 3905
f 3923 3880 3859
f 3880 3868 3859
f 3880 3869 3868
f 3631 3504 3532
f 3631 3540 3504
f 3631 3713 3660
f 3631 3710 3713
f 3756 3758 3813
f 3758 3756 3691
f 3710 3756 3813
f 3756 3710 3691
f 3752 3674 3678
f 3758 3674 3752
f 3674 3758 3691
f 3674 3629 3678
f 3615 3674 3691
f 3674 3615 3629
f 3551 3615 3532
f 3615 3631 3532
f 3710 3615 3691
f 3631 3615 3710
f 4357 4329 4307
f 4329 4357 4406
f 4329 4406 4390
f 4329 4390 4306
f 4329 4306 4272
f 4307 4329 4272
f 4376 4364 4391
f 4494 4376 4391
f 5131 5114 5104
f 5114 5087 5104
f 5114 5092 5087
f 5086 5063 5104
f 5087 5086 5104
f 5063 5086 5031
f 5086 5041 5031
f 5086 5092 5041
f 5092 5086 5087
f 1940 1910 1954
f 1910 1887 1954
f 1262 1226 1313
f 1226 1246 1313
f 1246 1226 1208
f 1208 1226 1151
f 1226 1140 1151
f 1140 1226 1262
f 1215 1178 1269
f 1178 1215 1207
f 1292 1215 1269
f 1163 1126 1086
f 1231 1292 1338
f 1231 1190 1292
f 1290 1231 1338
f 1190 1231 1189
f 1231 1246 1189
f 1246 1231 1290
f 1236 1221 1241
f 1291 1236 1241
f 1221 1236 1256
f 1236 1291 1256
f 1121 1075 996
f 912 921 856
f 1039 912 982
f 912 1039 921
f 1378 1365 1470
f 1378 1470 1492
f 1382 1378 1492
f 1365 1378 1327
f 1327 1378 1269
f 1378 1382 1269
f 1757 1821 1776
f 1710 1757 1776
f 766 770 722
f 768 766 722
f 899 882 832
f 882 899 945
f 899 975 945
f 768 787 888
f 971 804 925
f 971 888 804
f 971 925 1047
f 1003 971 1047
f 946 971 1003
f 971 946 888
f 1001 1054 1090
f 1054 946 1003
f 1054 1003 1096
f 1054 1096 1151
f 1090 1054 1151
f 1619 1585 1554
f 1619 1636 1585
f 1581 1619 1554
f 1630 1619 1581
f 1636 1619 1686
f 1619 1630 1686
f 1690 1642 1718
f 1642 1602 1662
f 1718 1642 1662
f 1534 1642 1587
f 1642 1534 1602
f 1799 1803 1800
f 1803 1809 1800
f 1803 1799 1769
f 1809 1803 1769
f 1817 1809 1769
f 1809 1817 1818
f 1825 1817 1769
f 1818 1817 1825
f 1833 1801 1825
f 1801 1833 1840
f 1840 1833 1845
f 1845 1833 1769
f 1833 1825 1769
f 1731 1741 1700
f 1765 1741 1731
f 1741 1698 1700
f 1698 1741 1762
f 1762 1741 1843
f 1741 1765 1843
f 1793 1802 1731
f 1802 1765 1731
f 1802 1793 1894
f 1802 1894 1843
f 1765 1802 1843
f 1488 1496 1563
f 1563 1496 1599
f 1496 1529 1599
f 1529 1496 1510
f 1496 1468 1510
f 1496 1488 1468
f 366 408 428
f 394 366 428
f 366 394 346
f 327 366 346
f 948 919 933
f 997 948 933
f 1101 1076 1036
f 1124 1101 1116
f 1101 1036 1116
f 1103 1081 1124
f 1081 1101 1124
f 1101 1081 1076
f 1081 1103 1057
f 1076 1081 1057
f 933 791 783
f 919 791 933
f 791 683 783
f 683 791 733
f 1018 1082 1136
f 1082 1018 1114
f 1166 1114 1217
f 1201 1166 1217
f 1166 1082 1114
f 1166 1201 1136
f 1082 1166 1136
f 1306 1361 1393
f 1281 1306 1393
f 1306 1281 1217
f 1240 1306 1217
f 1306 1263 1361
f 1306 1240 1263
f 1114 1198 1217
f 1198 1240 1217
f 1176 1128 1109
f 1128 1073 1109
f 1198 1128 1176
f 1073 1128 1114
f 1128 1198 1114
f 589 683 733
f 601 589 733
f 459 589 455
f 444 532 582
f 532 642 582
f 532 601 642
f 205 188 197
f 188 196 197
f 188 202 178
f 188 205 202
f 234 245 218
f 205 234 218
f 798 756 767
f 730 756 735
f 767 756 730
f 756 794 735
f 756 798 794
f 854 767 785
f 854 798 767
f 882 854 785
f 1495 1527 1538
f 1514 1527 1495
f 1538 1527 1591
f 1527 1514 1591
f 1034 1013 1088
f 1013 1055 1088
f 913 844 917
f 1019 1024 1020
f 1024 1066 1020
f 1024 1019 1059
f 1066 1024 1059
f 1066 1080 1017
f 1062 1080 1068
f 1080 1062 1017
f 1080 1088 1068
f 1080 1091 1088
f 1147 1100 1091
f 1080 1147 1091
f 1147 1080 1066
f 1206 1147 1122
f 1147 1066 1122
f 1147 1206 1205
f 1088 1104 1170
f 1100 1104 1088
f 854 926 873
f 926 945 996
f 926 882 945
f 926 854 882
f 912 863 982
f 863 790 794
f 906 862 887
f 910 906 887
f 901 910 887
f 910 901 913
f 901 844 913
f 836 742 833
f 836 801 742
f 801 836 816
f 917 836 833
f 844 836 917
f 836 844 816
f 693 697 689
f 765 693 689
f 904 823 862
f 823 810 862
f 823 904 822
f 700 823 822
f 510 545 464
f 510 551 545
f 551 510 498
f 474 510 464
f 498 510 474
f 360 441 436
f 360 306 321
f 441 468 436
f 612 468 587
f 468 612 436
f 468 502 587
f 468 441 502
f 229 285 256
f 285 294 256
f 294 285 337
f 285 375 337
f 285 315 375
f 272 251 264
f 257 251 272
f 251 257 242
f 264 251 246
f 251 242 212
f 251 217 246
f 217 251 212
f 184 170 201
f 198 184 201
f 184 158 170
f 184 198 192
f 174 184 192
f 144 154 175
f 145 144 175
f 282 368 243
f 316 334 357
f 334 316 277
f 347 316 357
f 316 347 277
f 68 62 71
f 62 68 64
f 76 68 71
f 72 68 76
f 64 68 69
f 68 72 69
f 46 59 47
f 59 58 47
f 67 59 46
f 58 60 48
f 60 70 71
f 62 60 71
f 70 60 67
f 60 59 67
f 59 60 58
f 57 54 61
f 52 54 57
f 54 64 61
f 54 62 64
f 54 52 53
f 2508 2526 2502
f 2454 2508 2502
f 2526 2508 2514
f 2508 2481 2514
f 2508 2454 2481
f 2696 2773 2778
f 2695 2773 2696
f 2773 2695 2716
f 2773 2716 2795
f 2856 2773 2795
f 2865 2773 2856
f 2773 2865 2862
f 2778 2773 2862
f 2363 2337 2367
f 2337 2363 2331
f 2267 2337 2331
f 2337 2360 2367
f 2360 2337 2278
f 2206 2146 2278
f 2337 2206 2278
f 2206 2337 2267
f 2206 2267 2128
f 2064 2206 2128
f 2146 2206 2064
f 2101 2121 2097
f 2121 2145 2097
f 2078 2027 2097
f 2145 2078 2097
f 2027 2078 2023
f 2078 2145 2146
f 2023 2078 2015
f 2078 2146 2015
f 2146 2222 2278
f 2222 2258 2278
f 2145 2222 2146
f 1302 1259 1171
f 1259 1302 1385
f 1302 1383 1385
f 1302 1315 1383
f 1204 1302 1171
f 1302 1204 1315
f 1204 1110 1117
f 1110 1204 1171
f 1131 1204 1117
f 1204 1131 1202
f 1298 1202 1270
f 1315 1298 1383
f 1298 1204 1202
f 1204 1298 1315
f 1298 1270 1330
f 1404 1298 1330
f 1298 1404 1396
f 1383 1298 1396
f 900 980 1014
f 980 990 1014
f 980 900 966
f 1025 980 966
f 990 980 1025
f 1673 1829 1683
f 1673 1668 1829
f 1454 1515 1528
f 1568 1579 1739
f 1714 1789 1739
f 1579 1714 1739
f 1582 1714 1579
f 1436 1424 1330
f 1426 1424 1436
f 1424 1404 1330
f 1424 1426 1404
f 531 546 570
f 546 650 570
f 625 669 650
f 546 625 650
f 625 546 547
f 669 625 661
f 661 625 656
f 625 586 656
f 942 955 953
f 1085 955 942
f 955 1085 1029
f 950 1040 938
f 1040 1085 938
f 1040 991 1033
f 991 1040 950
f 1142 1040 1033
f 1085 1040 1142
f 749 911 935
f 918 911 825
f 911 1009 935
f 911 918 1029
f 1009 911 1029
f 825 747 717
f 851 860 968
f 851 737 860
f 737 851 707
f 745 851 892
f 653 658 745
f 614 658 597
f 658 653 597
f 658 614 598
f 640 658 598
f 658 640 707
f 851 658 707
f 658 851 745
f 951 830 797
f 678 830 846
f 830 1005 846
f 1005 830 951
f 830 604 797
f 830 678 604
f 763 960 797
f 763 915 960
f 1038 915 1023
f 915 1038 1031
f 1203 1038 1023
f 1038 1164 1031
f 389 485 472
f 491 485 389
f 485 604 472
f 485 491 604
f 613 505 604
f 505 494 604
f 494 505 487
f 422 398 487
f 446 422 487
f 430 515 420
f 518 515 430
f 515 534 420
f 515 595 534
f 595 515 613
f 515 518 613
f 1150 1155 1199
f 1155 1120 1199
f 1120 1155 1097
f 1097 1155 1084
f 1155 1150 1084
f 1355 1267 1328
f 1267 1355 1372
f 1498 1355 1328
f 1372 1355 1498
f 1021 995 949
f 1021 1042 995
f 852 929 864
f 929 1021 949
f 1021 929 1056
f 886 929 949
f 864 929 886
f 893 835 753
f 893 753 760
f 905 893 760
f 1042 1119 1224
f 1119 1173 1224
f 1021 1119 1042
f 1119 1021 1056
f 894 905 760
f 869 894 760
f 969 894 964
f 894 969 905
f 1008 883 846
f 883 869 846
f 883 1008 964
f 894 883 964
f 883 894 869
f 981 969 1084
f 969 981 905
f 981 893 905
f 2092 2154 2170
f 2154 2092 2143
f 2154 2250 2170
f 2154 2143 2250
f 1092 1235 1254
f 1164 1235 1092
f 1235 1342 1254
f 2422 2354 2402
f 2513 2544 2600
f 2467 2494 2426
f 2494 2467 2513
f 2375 2467 2426
f 2553 2750 2608
f 2710 2750 2553
f 2624 2603 2644
f 2652 2603 2569
f 2644 2603 2652
f 2603 2624 2557
f 2569 2603 2541
f 2603 2557 2541
f 2233 2171 2142
f 2179 2171 2233
f 2171 2179 2169
f 1927 1966 1995
f 1965 1966 1927
f 1966 2036 1995
f 2036 1966 2021
f 1966 1965 2021
f 3412 3420 3404
f 3420 3412 3503
f 3646 3636 3634
f 3636 3597 3634
f 4139 4142 4219
f 4142 4139 4083
f 4142 4105 4131
f 4105 4142 4083
f 4389 4419 4381
f 4419 4389 4439
f 4419 4439 4481
f 4421 4419 4481
f 4479 4421 4481
f 4553 4479 4481
f 4479 4553 4556
f 4483 4479 4556
f 4479 4427 4421
f 4420 4427 4476
f 4427 4420 4374
f 4316 4374 4294
f 4219 4316 4294
f 3776 3733 3785
f 3733 3776 3749
f 3855 3776 3785
f 3843 3776 3855
f 3749 3776 3843
f 3679 3724 3640
f 3651 3679 3640
f 3724 3679 3749
f 4365 4420 4403
f 4420 4365 4374
f 4374 4365 4294
f 4365 4284 4294
f 5576 5605 5566
f 5576 5566 5525
f 5543 5576 5525
f 5576 5543 5584
f 5605 5576 5584
f 5701 5684 5707
f 5684 5701 5691
f 5715 5701 5707
f 5705 5701 5715
f 5691 5701 5705
f 5817 5833 5849
f 5833 5866 5849
f 5833 5817 5806
f 5833 5806 5818
f 5845 5833 5818
f 5901 5881 5904
f 5866 5881 5901
f 5881 5891 5904
f 7211 7210 7217
f 7207 7211 7228
f 7211 7217 7228
f 7211 7207 7208
f 7210 7211 7208
f 7241 7239 7232
f 7254 7241 7255
f 7241 7254 7252
f 7239 7241 7252
f 7241 7247 7255
f 7247 7241 7232
f 7372 7376 7377
f 7376 7379 7377
f 7376 7372 7378
f 7379 7376 7378
f 7202 7200 7199
f 7202 7203 7200
f 7203 7202 7204
f 7150 7202 7199
f 7204 7202 7150
f 5791 5772 5784
f 5772 5759 5784
f 5772 5791 5781
f 4561 4524 4584
f 4524 4560 4584
f 4560 4524 4523
f 4523 4524 4445
f 4524 4561 4445
f 1414 1402 1475
f 1475 1402 1390
f 1402 1366 1390
f 1363 1440 1361
f 1363 1414 1440
f 1263 1363 1361
f 1314 1363 1263
f 1363 1402 1414
f 1363 1314 1366
f 1402 1363 1366
f 809 826 824
f 826 924 824
f 826 898 924
f 855 781 880
f 898 855 880
f 855 769 781
f 769 855 809
f 826 855 898
f 855 826 809
f 879 891 944
f 944 891 956
f 891 879 868
f 891 834 802
f 891 868 834
f 1035 986 1015
f 986 1035 957
f 986 957 956
f 903 986 956
f 511 529 513
f 511 483 529
f 483 511 403
f 533 511 513
f 511 533 403
f 458 483 451
f 458 522 483
f 423 458 451
f 522 458 423
f 636 618 705
f 690 636 705
f 636 690 657
f 618 636 587
f 636 612 587
f 612 636 657
f 704 612 657
f 704 690 795
f 690 704 657
f 462 381 367
f 381 462 441
f 367 381 321
f 381 360 321
f 360 381 441
f 776 795 865
f 776 704 795
f 837 776 865
f 837 815 672
f 815 874 962
f 874 993 962
f 837 874 815
f 958 874 934
f 993 874 958
f 934 874 865
f 874 837 865
f 757 750 842
f 761 757 842
f 692 757 761
f 631 685 692
f 594 631 639
f 631 692 639
f 659 621 606
f 685 621 659
f 631 621 685
f 621 561 606
f 561 621 584
f 621 594 584
f 621 631 594
f 916 850 811
f 850 916 914
f 850 914 793
f 706 850 793
f 583 712 564
f 706 712 583
f 712 572 564
f 712 793 759
f 712 706 793
f 655 712 759
f 572 712 655
f 710 706 580
f 579 710 580
f 850 710 811
f 710 850 706
f 721 800 875
f 800 721 686
f 686 721 628
f 721 660 628
f 814 927 922
f 772 814 922
f 814 875 927
f 814 721 875
f 567 521 544
f 567 579 521
f 3621 3596 3640
f 3709 3621 3640
f 3621 3709 3633
f 3575 3621 3633
f 4116 4109 4188
f 4158 4116 4188
f 4109 4116 4107
f 4116 4158 4107
f 4147 4130 4190
f 4169 4147 4190
f 4085 4086 4046
f 7164 7215 7160
f 7219 7215 7164
f 7259 7313 7298
f 7297 7259 7298
f 7259 7297 7237
f 7184 7259 7237
f 7259 7231 7313
f 7231 7215 7219
f 7190 7105 7168
f 7105 7076 7168
f 7105 7190 7185
f 7072 7105 7185
f 7105 7072 7019
f 7076 7089 7168
f 7089 7076 7020
f 7205 7258 7256
f 7260 7258 7205
f 7256 7258 7283
f 7302 7301 7263
f 7301 7260 7263
f 7301 7302 7331
f 7226 7182 7188
f 7182 7226 7219
f 7182 7145 7188
f 7145 7182 7141
f 7182 7164 7141
f 7182 7219 7164
f 7266 7226 7270
f 7226 7266 7219
f 7266 7231 7219
f 7266 7270 7313
f 7231 7266 7313
f 7108 7103 7033
f 7122 7108 7033
f 7103 7108 7111
f 7129 7067 7141
f 7129 7122 7067
f 7142 7129 7141
f 7140 7142 7160
f 7140 7129 7142
f 6591 6633 6652
f 6633 6682 6652
f 6645 6647 6694
f 6647 6646 6694
f 6697 6648 6651
f 6726 6648 6697
f 6648 6604 6651
f 6604 6648 6646
f 6646 6720 6694
f 6720 6722 6694
f 6720 6648 6726
f 6648 6720 6646
f 6746 6730 6768
f 6730 6746 6726
f 6730 6785 6772
f 6785 6812 6772
f 6812 6785 6910
f 6910 6785 6928
f 6785 6788 6928
f 6691 6749 6699
f 6749 6730 6699
f 6749 6785 6730
f 6785 6749 6788
f 6749 6691 6649
f 6655 6749 6649
f 6724 6749 6655
f 6749 6727 6788
f 6749 6724 6727
f 6745 6741 6694
f 6722 6745 6694
f 6741 6745 6797
f 6412 6451 6449
f 6451 6412 6459
f 6451 6459 6505
f 6591 6451 6505
f 6451 6591 6449
f 6458 6408 6449
f 6408 6412 6449
f 6412 6408 6351
f 6396 6367 6332
f 6443 6367 6396
f 6367 6259 6332
f 6367 6443 6456
f 6133 6175 6131
f 6140 6175 6123
f 6197 6141 6111
f 6141 6197 6174
f 6175 6237 6123
f 6579 6650 6578
f 6650 6604 6578
f 6691 6650 6649
f 6650 6579 6649
f 6604 6650 6651
f 6650 6699 6651
f 6650 6691 6699
f 6430 6491 6447
f 6491 6507 6447
f 6507 6491 6555
f 6557 6491 6494
f 6491 6557 6555
f 6223 6200 6202
f 6200 6223 6188
f 6200 6188 6154
f 6202 6200 6165
f 6200 6154 6165
f 6644 6604 6646
f 6644 6647 6645
f 6647 6644 6646
f 6573 6644 6645
f 6644 6573 6604
f 6570 6557 6574
f 6573 6570 6574
f 6557 6570 6555
f 6570 6569 6555
f 6570 6573 6569
f 6401 6396 6332
f 6349 6401 6332
f 6442 6401 6446
f 6401 6430 6396
f 6401 6442 6430
f 6454 6401 6349
f 6401 6454 6446
f 6502 6454 6509
f 6454 6527 6509
f 6460 6502 6494
f 6460 6454 6502
f 6454 6460 6446
f 6395 6436 6462
f 6392 6395 6462
f 6395 6336 6436
f 6336 6395 6327
f 6399 6392 6527
f 6454 6399 6527
f 6399 6454 6393
f 7057 7132 7053
f 7057 7100 7132
f 7057 7053 7014
f 7103 7057 7014
f 7100 7057 7103
f 7310 7293 7326
f 7310 7326 7324
f 7249 7269 7285
f 7251 7269 7249
f 7310 7269 7293
f 7269 7251 7234
f 7269 7234 7237
f 7293 7269 7237
f 7116 7162 7109
f 7116 7123 7162
f 7107 7116 7109
f 7116 7107 7123
f 7125 7131 7162
f 7123 7125 7162
f 7131 7125 7114
f 7125 7123 7114
f 7053 7054 7014
f 7054 7040 7014
f 7054 7131 7114
f 7132 7054 7053
f 7131 7054 7132
f 6092 6091 6111
f 6091 6092 6073
f 6107 6092 6111
f 6092 6107 6073
f 6167 6139 6177
f 6139 6150 6177
f 6139 6167 6125
f 6139 6142 6150
f 6139 6125 6113
f 6142 6139 6113
f 3439 3415 3393
f 3439 3467 3415
f 3392 3439 3393
f 3454 3499 3474
f 3467 3499 3454
f 3499 3506 3803
f 3489 3499 3514
f 3474 3499 3489
f 3373 3322 3381
f 3292 3322 3373
f 3322 3273 3325
f 3322 3292 3273
f 3984 3939 3967
f 3809 3939 3866
f 3967 3939 3809
f 5621 5619 5622
f 5619 5633 5622
f 5619 5608 5633
f 5619 5621 5595
f 5608 5619 5595
f 5633 5607 5632
f 5608 5607 5633
f 5607 5606 5632
f 5606 5607 5516
f 5516 5607 5499
f 5607 5608 5499
f 5574 5528 5634
f 5528 5574 5517
f 5484 5528 5517
f 5484 5440 5528
f 5509 5484 5517
f 5484 5509 5488
f 5062 5089 5048
f 5062 5100 5089
f 5062 5048 5033
f 5100 5062 5033
f 5221 5219 5203
f 5219 5221 5242
f 5170 5161 5150
f 5180 5161 5170
f 5150 5161 5132
f 5161 5144 5132
f 5144 5161 5138
f 2235 2263 2207
f 2376 2287 2276
f 2287 2376 2382
f 2287 2235 2276
f 2287 2263 2235
f 2389 2336 2419
f 2336 2389 2386
f 2483 2389 2419
f 2389 2483 2484
f 2386 2389 2484
f 2350 2259 2321
f 2259 2244 2321
f 2259 2350 2289
f 2244 2259 2289
f 2111 2155 2140
f 2155 2048 2116
f 2155 2111 2048
f 2220 2173 2289
f 2173 2244 2289
f 2173 2220 2140
f 2155 2173 2140
f 2244 2173 2116
f 2173 2155 2116
f 2256 2224 2249
f 2285 2256 2301
f 2224 2256 2285
f 2675 2672 2677
f 2672 2667 2666
f 2677 2672 2666
f 2860 2906 2851
f 2906 2887 2851
f 2887 2906 2888
f 2986 2906 2901
f 2906 2860 2901
f 2538 2490 2551
f 2490 2538 2529
f 2693 2649 2712
f 2693 2712 2761
f 2740 2693 2761
f 2649 2693 2630
f 2630 2693 2734
f 2693 2740 2734
f 2572 2630 2556
f 2572 2649 2630
f 2649 2572 2551
f 2572 2538 2551
f 2529 2572 2556
f 2538 2572 2529
f 6352 6362 6424
f 6345 6352 6424
f 6352 6345 6334
f 6324 6335 6346
f 6335 6345 6346
f 6335 6324 6334
f 6345 6335 6334
f 6621 6575 6576
f 6568 6575 6621
f 6575 6568 6537
f 6575 6522 6576
f 6522 6575 6537
f 6747 6698 6681
f 6698 6679 6681
f 6679 6698 6696
f 6696 6698 6763
f 6698 6747 6763
f 6657 6668 6684
f 6657 6611 6668
f 6725 6657 6684
f 6605 6614 6668
f 6611 6605 6668
f 6525 6564 6576
f 6522 6525 6576
f 6564 6525 6521
f 6518 6522 6537
f 6518 6525 6522
f 6518 6506 6525
f 6246 6283 6270
f 6285 6283 6246
f 6283 6285 6377
f 3144 3153 3225
f 3138 3144 3225
f 3144 3130 3153
f 3130 3144 3105
f 3144 3138 3105
f 2385 2314 2387
f 2385 2406 2314
f 2385 2387 2480
f 2406 2385 2480
f 2418 2489 2511
f 2418 2406 2489
f 2442 2418 2511
f 2420 2394 2499
f 2451 2420 2534
f 2420 2499 2534
f 1935 2008 2028
f 1984 2008 1935
f 2008 1984 1977
f 2029 2008 1977
f 2129 2148 2169
f 2148 2129 2079
f 2129 2210 2164
f 2210 2129 2169
f 2120 2129 2164
f 2079 2129 1998
f 2129 2120 1998
f 1994 1948 1975
f 1994 1975 1998
f 2080 1994 1998
f 1994 2080 2034
f 1943 1994 2034
f 2910 2916 2895
f 2912 2916 2971
f 2895 2916 2912
f 2971 2916 2969
f 2916 2910 2969
f 2084 2085 2028
f 2085 2084 2162
f 2084 2211 2162
f 2211 2084 2098
f 2098 2084 2029
f 2008 2084 2028
f 2084 2008 2029
f 2310 2252 2275
f 2252 2234 2275
f 2211 2252 2310
f 2252 2211 2234
f 2277 2281 2217
f 2281 2274 2217
f 2281 2307 2274
f 2307 2281 2332
f 2281 2277 2332
f 2188 2210 2169
f 2210 2188 2231
f 3619 3635 3660
f 3635 3631 3660
f 3635 3619 3540
f 3631 3635 3540
f 3578 3615 3551
f 3629 3578 3579
f 3615 3578 3629
f 4376 4399 4371
f 4399 4376 4494
f 4399 4494 4469
f 4357 4399 4406
f 4449 4399 4469
f 4406 4399 4449
f 4364 4375 4300
f 4376 4375 4364
f 4375 4371 4300
f 4375 4376 4371
f 5115 5114 5131
f 5115 5152 5153
f 5115 5131 5152
f 5115 5153 5102
f 5092 5115 5102
f 5114 5115 5092
f 1910 1784 1887
f 1215 1194 1207
f 1190 1194 1292
f 1194 1215 1292
f 1194 1178 1207
f 1194 1163 1178
f 1163 1194 1126
f 1194 1152 1126
f 1194 1190 1152
f 1178 1138 1144
f 1163 1138 1178
f 1138 1163 1086
f 1007 1138 1086
f 1144 1138 1030
f 1138 1007 1030
f 1063 1039 982
f 1039 1063 1154
f 1063 1121 1154
f 1063 1075 1121
f 790 866 774
f 866 779 774
f 863 866 790
f 866 863 912
f 866 912 856
f 838 866 856
f 779 866 838
f 1721 1757 1710
f 1721 1710 1638
f 1757 1721 1821
f 770 819 832
f 766 819 770
f 819 768 888
f 819 766 768
f 888 784 804
f 787 784 888
f 804 784 736
f 784 768 736
f 784 787 768
f 989 1001 975
f 989 1054 1001
f 946 989 975
f 1054 989 946
f 1642 1656 1587
f 1656 1642 1690
f 1656 1630 1587
f 1630 1656 1690
f 1076 965 997
f 965 948 997
f 965 1076 992
f 948 965 919
f 939 965 992
f 919 965 939
f 827 831 733
f 791 827 733
f 831 827 919
f 827 791 919
f 1240 1223 1263
f 1198 1223 1240
f 1223 1176 1263
f 1223 1198 1176
f 589 576 683
f 683 576 676
f 576 556 676
f 576 459 556
f 576 589 459
f 443 532 444
f 368 443 444
f 532 470 601
f 589 470 455
f 470 589 601
f 443 470 532
f 188 173 196
f 196 173 168
f 173 155 168
f 155 173 178
f 173 188 178
f 234 258 245
f 258 307 245
f 307 258 306
f 215 205 197
f 215 234 205
f 215 196 232
f 196 215 197
f 854 857 798
f 857 854 873
f 798 857 794
f 857 863 794
f 863 857 873
f 1055 988 1017
f 1013 988 1055
f 988 910 1017
f 988 904 937
f 904 988 1034
f 988 1013 1034
f 844 806 816
f 801 806 752
f 806 801 816
f 806 765 752
f 806 844 765
f 1147 1146 1100
f 1146 1104 1100
f 1146 1147 1205
f 1170 1146 1205
f 1104 1146 1170
f 952 1063 982
f 1063 952 1075
f 926 952 873
f 1075 952 996
f 952 926 996
f 863 952 982
f 952 863 873
f 930 906 910
f 930 988 937
f 988 930 910
f 930 904 862
f 906 930 862
f 778 693 765
f 693 778 697
f 697 778 700
f 778 823 700
f 823 778 810
f 330 307 306
f 360 330 306
f 267 285 229
f 285 267 315
f 169 154 158
f 184 169 158
f 169 174 154
f 169 184 174
f 138 137 154
f 144 138 154
f 435 409 444
f 354 435 390
f 354 370 326
f 370 354 390
f 283 354 326
f 243 354 283
f 368 354 243
f 467 439 612
f 467 672 630
f 500 467 630
f 467 334 319
f 439 467 319
f 334 467 357
f 467 500 357
f 308 439 319
f 230 308 319
f 245 308 230
f 307 308 245
f 330 426 307
f 426 330 360
f 426 308 307
f 308 426 439
f 426 360 436
f 612 426 436
f 439 426 612
f 63 55 57
f 55 49 43
f 52 55 43
f 55 52 57
f 56 60 62
f 56 54 53
f 54 56 62
f 48 56 53
f 60 56 48
f 2139 2101 2052
f 2139 2121 2101
f 2087 2139 2052
f 2139 2087 2196
f 2200 2139 2196
f 2145 2139 2200
f 2121 2139 2145
f 2195 2222 2145
f 2195 2145 2200
f 1673 1570 1668
f 1515 1570 1528
f 1668 1570 1539
f 1489 1515 1454
f 1489 1311 1381
f 1489 1454 1311
f 1539 1489 1381
f 1570 1489 1539
f 1489 1570 1515
f 1560 1739 1575
f 1560 1568 1739
f 1556 1560 1575
f 1451 1560 1556
f 1714 1583 1683
f 1583 1714 1582
f 1846 1829 1922
f 1868 1846 1922
f 1829 1846 1683
f 1846 1714 1683
f 1714 1846 1789
f 1897 2009 2001
f 1897 1989 1900
f 1897 2001 1989
f 625 571 586
f 571 625 547
f 586 571 541
f 571 547 541
f 953 954 1029
f 954 955 1029
f 955 954 953
f 729 747 825
f 911 729 825
f 729 911 749
f 729 749 608
f 747 617 717
f 617 653 717
f 729 617 747
f 617 593 573
f 617 729 608
f 617 573 578
f 653 617 578
f 617 608 527
f 593 617 527
f 892 877 968
f 877 851 968
f 851 877 892
f 751 763 797
f 604 751 797
f 751 604 599
f 1196 1038 1203
f 1038 1196 1164
f 1196 1203 1249
f 1196 1235 1164
f 1342 1196 1249
f 1235 1196 1342
f 518 506 613
f 506 505 613
f 506 518 487
f 505 506 487
f 1150 1134 1084
f 1134 981 1084
f 1192 1309 1214
f 1141 1192 1214
f 1192 1141 1188
f 1141 1134 1188
f 981 978 893
f 1134 978 981
f 893 978 835
f 2390 2375 2355
f 2354 2390 2355
f 2422 2390 2354
f 2390 2467 2375
f 2594 2498 2552
f 2498 2434 2552
f 2434 2498 2402
f 2498 2422 2402
f 2755 2652 2608
f 2750 2755 2608
f 2755 2816 2713
f 2652 2755 2713
f 2816 2755 2787
f 2750 2763 2807
f 2763 2750 2710
f 2763 2885 2807
f 2763 2747 2885
f 2763 2663 2747
f 2663 2763 2710
f 3412 3411 3503
f 3344 3411 3404
f 3411 3412 3404
f 4043 4140 4150
f 4066 4140 4043
f 4211 4142 4131
f 4334 4211 4225
f 4182 4211 4131
f 4211 4182 4225
f 4463 4483 4476
f 4427 4463 4476
f 4463 4479 4483
f 4463 4427 4479
f 4316 4372 4374
f 4372 4427 4374
f 4427 4372 4421
f 4372 4316 4334
f 4372 4334 4381
f 4419 4372 4381
f 4372 4419 4421
f 4332 4279 4284
f 4365 4332 4284
f 4332 4365 4403
f 4332 4403 4366
f 4295 4332 4366
f 4279 4332 4295
f 5865 5881 5866
f 5865 5833 5845
f 5833 5865 5866
f 5865 5845 5891
f 5881 5865 5891
f 5755 5760 5781
f 5760 5772 5781
f 903 889 845
f 845 889 802
f 889 891 802
f 889 903 956
f 891 889 956
f 776 731 704
f 731 837 672
f 837 731 776
f 711 685 750
f 757 711 750
f 685 711 692
f 711 757 692
f 721 754 660
f 814 754 721
f 754 814 772
f 664 710 579
f 567 664 579
f 664 567 544
f 3520 3463 3483
f 3463 3520 3512
f 3520 3545 3512
f 3545 3621 3575
f 3516 3545 3575
f 3512 3545 3516
f 3317 3285 3230
f 3317 3318 3285
f 3317 3230 3329
f 3318 3317 3329
f 3318 3389 3285
f 3389 3463 3285
f 4004 4065 4046
f 7189 7259 7184
f 7189 7231 7259
f 7231 7189 7215
f 7215 7189 7160
f 7189 7140 7160
f 7189 7184 7111
f 7076 7071 7020
f 7105 7071 7076
f 7020 7071 7019
f 7071 7105 7019
f 7089 7112 7168
f 7295 7301 7331
f 7301 7295 7260
f 7329 7295 7331
f 7258 7295 7283
f 7295 7258 7260
f 7295 7319 7283
f 7319 7295 7329
f 7115 7099 7043
f 7099 7082 7043
f 7119 7108 7122
f 7108 7119 7111
f 7129 7126 7122
f 7140 7126 7129
f 7126 7119 7122
f 7119 7126 7111
f 7126 7189 7111
f 7189 7126 7140
f 7036 7067 7033
f 7036 7044 7067
f 7065 7081 7067
f 7044 7065 7067
f 6617 6636 6591
f 6728 6720 6726
f 6720 6728 6722
f 6743 6745 6722
f 6728 6743 6722
f 6745 6743 6797
f 6746 6743 6726
f 6743 6728 6726
f 6797 6743 6768
f 6743 6746 6768
f 6369 6408 6458
f 6300 6271 6259
f 6367 6300 6259
f 6409 6389 6456
f 6389 6367 6456
f 6389 6409 6405
f 6372 6459 6360
f 6372 6405 6459
f 6175 6143 6131
f 6143 6175 6140
f 6131 6143 6109
f 6143 6140 6109
f 6185 6175 6133
f 6188 6185 6154
f 6185 6133 6154
f 6235 6185 6259
f 6185 6188 6259
f 6138 6141 6174
f 6138 6107 6111
f 6141 6138 6111
f 6171 6119 6123
f 6237 6171 6123
f 6271 6268 6235
f 6268 6237 6235
f 6300 6268 6271
f 6237 6213 6235
f 6213 6237 6175
f 6214 6269 6243
f 6197 6232 6174
f 6232 6214 6174
f 6232 6269 6214
f 6180 6212 6243
f 6212 6214 6243
f 6174 6212 6180
f 6214 6212 6174
f 6355 6354 6393
f 6302 6337 6301
f 6337 6354 6301
f 6337 6302 6327
f 6354 6337 6393
f 6337 6399 6393
f 6399 6337 6392
f 6457 6442 6446
f 6460 6457 6446
f 6442 6457 6430
f 6457 6460 6494
f 6491 6457 6494
f 6457 6491 6430
f 6395 6391 6327
f 6391 6395 6392
f 6391 6337 6327
f 6337 6391 6392
f 7285 7309 7324
f 7309 7310 7324
f 7269 7309 7285
f 7309 7269 7310
f 7045 7054 7114
f 7054 7045 7040
f 7107 7045 7114
f 7040 7045 7041
f 7045 7107 7041
f 6150 6135 6174
f 6142 6135 6150
f 6107 6135 6113
f 6135 6142 6113
f 3457 3439 3392
f 3506 3457 3390
f 3457 3392 3390
f 3439 3457 3467
f 3499 3457 3506
f 3457 3499 3467
f 3341 3349 3381
f 3322 3341 3381
f 3349 3341 3325
f 3341 3322 3325
f 3975 4026 3999
f 3975 3984 4026
f 5550 5606 5524
f 5550 5574 5606
f 5574 5550 5517
f 5550 5509 5517
f 5618 5627 5606
f 5574 5618 5606
f 5627 5618 5646
f 5646 5618 5669
f 5618 5634 5669
f 5618 5574 5634
f 5459 5484 5488
f 5484 5459 5440
f 5459 5434 5420
f 5440 5459 5420
f 5192 5180 5170
f 5192 5191 5180
f 5192 5170 5221
f 5192 5221 5203
f 5191 5192 5203
f 2193 2191 2207
f 2263 2193 2207
f 2193 2263 2249
f 2193 2249 2172
f 2322 2287 2382
f 2322 2382 2414
f 2301 2322 2341
f 2322 2414 2341
f 2672 2674 2667
f 2674 2672 2675
f 2667 2674 2690
f 2674 2675 2690
f 2908 2973 2888
f 2906 2908 2888
f 2973 2908 2986
f 2908 2906 2986
f 6353 6344 6362
f 6352 6353 6362
f 6344 6353 6334
f 6353 6352 6334
f 6714 6777 6780
f 6777 6714 6725
f 6614 6552 6565
f 6512 6508 6521
f 6525 6516 6521
f 6506 6516 6525
f 6516 6512 6521
f 6512 6516 6506
f 6536 6518 6537
f 6518 6435 6506
f 6536 6435 6518
f 2406 2335 2314
f 2418 2335 2406
f 2314 2335 2273
f 2335 2296 2273
f 2335 2418 2442
f 2370 2335 2442
f 2296 2335 2370
f 2338 2310 2394
f 2420 2338 2394
f 2338 2420 2451
f 2364 2338 2451
f 2338 2364 2283
f 2310 2338 2283
f 1948 1950 1943
f 1950 1994 1943
f 1994 1950 1948
f 2179 2184 2169
f 2184 2179 2231
f 3577 3551 3529
f 3577 3578 3551
f 3577 3529 3579
f 3578 3577 3579
f 4397 4357 4371
f 4399 4397 4371
f 4397 4399 4357
f 1887 1760 1755
f 1784 1760 1887
f 1760 1690 1755
f 1690 1760 1686
f 1760 1784 1686
f 1737 1780 1693
f 1636 1737 1693
f 1737 1636 1686
f 1723 1638 1709
f 1723 1721 1638
f 895 899 832
f 819 895 832
f 895 819 888
f 946 895 888
f 899 895 975
f 895 946 975
f 470 447 455
f 447 470 443
f 447 282 455
f 447 368 282
f 447 443 368
f 306 279 321
f 258 279 306
f 345 279 232
f 279 345 321
f 904 931 937
f 931 930 937
f 930 931 904
f 876 853 901
f 901 848 844
f 853 848 901
f 844 848 765
f 848 853 765
f 803 778 765
f 778 803 810
f 810 803 862
f 853 803 765
f 210 252 229
f 252 267 229
f 241 252 214
f 252 210 214
f 252 241 289
f 137 127 118
f 138 127 137
f 127 111 118
f 127 112 111
f 127 138 144
f 385 354 368
f 385 368 444
f 409 385 444
f 385 409 435
f 354 385 435
f 555 623 562
f 555 562 357
f 500 555 357
f 645 467 612
f 467 645 672
f 645 731 672
f 704 645 612
f 731 645 704
f 2222 2209 2258
f 2195 2209 2222
f 2209 2195 2200
f 2268 2209 2200
f 2258 2209 2268
f 1570 1622 1528
f 1622 1570 1673
f 1622 1673 1683
f 1583 1622 1683
f 1568 1455 1469
f 1560 1455 1568
f 1455 1560 1451
f 1455 1451 1409
f 1469 1455 1388
f 1455 1409 1388
f 1567 1454 1528
f 1622 1567 1528
f 1567 1622 1583
f 1454 1567 1469
f 1567 1568 1469
f 1568 1567 1579
f 1567 1582 1579
f 1567 1583 1582
f 1884 1868 1922
f 2009 1884 1922
f 1897 1884 2009
f 1897 1814 1868
f 1846 1814 1789
f 1814 1846 1868
f 751 755 763
f 603 755 599
f 755 751 599
f 915 755 909
f 763 755 915
f 446 442 429
f 442 446 430
f 1134 1250 1188
f 1250 1192 1188
f 1250 1150 1251
f 1250 1134 1150
f 1309 1250 1251
f 1192 1250 1309
f 1173 1123 1214
f 1123 1141 1214
f 835 979 852
f 978 979 835
f 979 929 852
f 929 979 1056
f 2506 2390 2422
f 2498 2506 2422
f 2467 2506 2513
f 2390 2506 2467
f 2506 2544 2513
f 2755 2754 2787
f 2754 2755 2750
f 2787 2754 2807
f 2754 2750 2807
f 2148 2153 2169
f 2153 2161 2169
f 2153 2148 2142
f 2161 2153 2142
f 2165 2171 2169
f 2161 2165 2169
f 2171 2165 2142
f 2165 2161 2142
f 3588 3613 3593
f 3613 3651 3640
f 3596 3613 3640
f 3593 3613 3596
f 3518 3521 3483
f 3521 3520 3483
f 4202 4139 4219
f 4142 4221 4219
f 4211 4221 4142
f 4221 4316 4219
f 4316 4221 4334
f 4221 4211 4334
f 3658 3679 3651
f 3679 3698 3749
f 3698 3733 3749
f 3658 3698 3679
f 3698 3658 3697
f 3733 3698 3699
f 5772 5749 5759
f 5760 5749 5772
f 5745 5749 5736
f 5759 5749 5745
f 5749 5728 5736
f 5728 5749 5755
f 5749 5760 5755
f 664 720 710
f 720 772 811
f 710 720 811
f 677 754 772
f 720 677 772
f 677 720 664
f 754 677 660
f 660 677 544
f 677 664 544
f 3450 3512 3516
f 3450 3463 3512
f 3285 3450 3263
f 3463 3450 3285
f 3621 3583 3596
f 3545 3583 3621
f 3473 3518 3483
f 3410 3473 3483
f 3463 3410 3483
f 3389 3410 3463
f 7118 7174 7168
f 7112 7118 7168
f 7059 7041 7109
f 6994 7059 6991
f 7041 7059 6994
f 7099 7106 7101
f 7106 7099 7115
f 7101 7106 7188
f 7106 7115 7188
f 7097 7099 7101
f 7099 7097 7082
f 7081 7097 7101
f 7082 7097 7081
f 7044 7023 7024
f 7036 7023 7044
f 7023 6998 7024
f 6998 7023 7033
f 7023 7036 7033
f 7066 7082 7081
f 7065 7066 7081
f 7082 7066 7043
f 6656 6636 6617
f 6633 6635 6682
f 6635 6633 6591
f 6636 6635 6591
f 6408 6373 6351
f 6369 6373 6408
f 6358 6372 6360
f 6358 6268 6300
f 6358 6343 6366
f 6343 6358 6300
f 6215 6185 6235
f 6185 6215 6175
f 6213 6215 6235
f 6215 6213 6175
f 6091 6129 6197
f 6129 6091 6048
f 6171 6129 6119
f 6129 6048 6098
f 6119 6129 6098
f 6308 6458 6350
f 6308 6369 6458
f 6249 6171 6237
f 6357 6454 6349
f 6454 6357 6393
f 6357 6355 6393
f 6301 6297 6263
f 6297 6295 6263
f 6137 6138 6174
f 6135 6137 6174
f 6138 6137 6107
f 6137 6135 6107
f 3950 3939 3984
f 3975 3950 3984
f 2191 2192 2172
f 2192 2193 2172
f 2193 2192 2191
f 2287 2302 2263
f 2322 2302 2287
f 2263 2302 2249
f 2302 2322 2301
f 2256 2302 2301
f 2302 2256 2249
f 6654 6657 6725
f 6714 6654 6725
f 6657 6654 6611
f 6776 6736 6780
f 6736 6714 6780
f 6736 6776 6773
f 6770 6736 6773
f 6605 6583 6614
f 6583 6552 6614
f 6246 6261 6191
f 6261 6246 6270
f 6471 6512 6506
f 6435 6471 6506
f 6508 6471 6476
f 6512 6471 6508
f 6476 6471 6418
f 6471 6435 6418
f 6552 6496 6565
f 6383 6377 6418
f 6435 6383 6418
f 2186 2188 2169
f 2184 2186 2169
f 2188 2186 2231
f 2186 2184 2231
f 1810 1910 1940
f 1721 1752 1821
f 1723 1752 1721
f 1821 1752 1836
f 1752 1753 1836
f 1753 1752 1709
f 1752 1723 1709
f 238 215 232
f 279 238 232
f 238 279 258
f 238 258 234
f 215 238 234
f 881 901 887
f 881 876 901
f 878 881 887
f 876 881 878
f 876 861 853
f 803 861 862
f 861 803 853
f 269 252 289
f 252 269 267
f 315 269 289
f 267 269 315
f 128 145 126
f 128 144 145
f 128 113 110
f 113 128 126
f 616 500 630
f 616 555 500
f 623 616 630
f 555 616 623
f 1883 1897 1868
f 1884 1883 1868
f 1883 1884 1897
f 1811 1897 1900
f 1811 1814 1897
f 1783 1811 1900
f 1814 1811 1789
f 1811 1783 1739
f 1789 1811 1739
f 741 755 603
f 749 741 608
f 741 603 608
f 741 749 909
f 755 741 909
f 1119 1112 1173
f 1112 1123 1173
f 1112 1119 1056
f 2506 2525 2544
f 2525 2506 2498
f 2525 2498 2594
f 2705 2525 2594
f 2525 2705 2600
f 2544 2525 2600
f 3636 3600 3595
f 3600 3602 3595
f 3613 3632 3651
f 3632 3613 3588
f 3632 3658 3651
f 3632 3602 3636
f 3602 3632 3588
f 3632 3636 3646
f 3658 3632 3646
f 3573 3588 3593
f 3602 3573 3595
f 3573 3602 3588
f 3521 3559 3520
f 3559 3573 3593
f 3573 3559 3521
f 3559 3593 3596
f 3583 3559 3596
f 3559 3545 3520
f 3559 3583 3545
f 4202 4145 4139
f 4145 4202 4140
f 4145 4140 4066
f 4083 4145 4066
f 4139 4145 4083
f 4226 4219 4294
f 4226 4202 4219
f 4284 4226 4294
f 4279 4226 4284
f 4226 4279 4217
f 4202 4226 4140
f 4226 4217 4150
f 4140 4226 4150
f 3688 3658 3646
f 3658 3688 3697
f 3688 3646 3634
f 3699 3688 3634
f 3698 3688 3699
f 3688 3698 3697
f 3431 3516 3507
f 3431 3507 3503
f 3411 3431 3503
f 3241 3431 3344
f 3431 3411 3344
f 3431 3241 3263
f 3473 3456 3458
f 7174 7121 7183
f 7118 7121 7174
f 7121 7162 7183
f 7162 7121 7109
f 7121 7059 7109
f 7056 7112 7089
f 7056 7089 7020
f 6962 7056 7020
f 7056 6962 6991
f 7059 7056 6991
f 7048 7065 7044
f 7048 7066 7065
f 7048 7044 7024
f 7048 7024 7043
f 7066 7048 7043
f 6671 6617 6674
f 6671 6656 6617
f 6739 6671 6674
f 6656 6653 6636
f 6635 6653 6682
f 6653 6635 6636
f 6373 6371 6351
f 6371 6373 6369
f 6389 6359 6367
f 6359 6300 6367
f 6359 6343 6300
f 6343 6361 6366
f 6368 6358 6366
f 6358 6368 6372
f 6129 6169 6197
f 6169 6129 6171
f 6169 6249 6197
f 6249 6169 6171
f 6304 6308 6350
f 6308 6304 6269
f 6282 6304 6350
f 6304 6282 6243
f 6269 6304 6243
f 6308 6364 6369
f 6364 6371 6369
f 6272 6249 6237
f 6351 6272 6360
f 6232 6236 6269
f 6236 6232 6197
f 6249 6236 6197
f 6354 6329 6301
f 6329 6297 6301
f 3939 3907 3866
f 3950 3907 3939
f 3866 3907 3952
f 3907 3950 3975
f 3907 3999 3952
f 3907 3975 3999
f 6581 6583 6605
f 6309 6283 6377
f 6283 6309 6270
f 6496 6533 6565
f 6533 6568 6565
f 6568 6533 6537
f 6496 6432 6435
f 6432 6309 6377
f 6309 6432 6388
f 6423 6383 6435
f 1790 1784 1910
f 1810 1790 1910
f 1784 1790 1686
f 1790 1737 1686
f 1790 1810 1737
f 1834 1940 1964
f 1834 1810 1940
f 1834 1964 1919
f 1780 1834 1919
f 1737 1834 1780
f 1810 1834 1737
f 870 876 878
f 870 861 876
f 870 878 862
f 861 870 862
f 127 123 112
f 112 123 110
f 123 128 110
f 123 127 144
f 128 123 144
f 1123 1078 1141
f 1112 1078 1123
f 1078 1112 1056
f 979 1078 1056
f 1078 979 978
f 1141 1078 1134
f 1078 978 1134
f 3602 3601 3636
f 3601 3600 3636
f 3600 3601 3602
f 3558 3521 3518
f 3558 3573 3521
f 3573 3558 3595
f 3434 3450 3516
f 3431 3434 3516
f 7120 7118 7112
f 7120 7121 7118
f 7121 7120 7059
f 7056 7120 7112
f 7120 7056 7059
f 6671 6683 6656
f 6653 6683 6682
f 6683 6653 6656
f 6683 6671 6739
f 6683 6739 6765
f 6682 6683 6765
f 6361 6375 6366
f 6375 6361 6389
f 6375 6368 6366
f 6368 6375 6372
f 6375 6389 6405
f 6372 6375 6405
f 6370 6359 6389
f 6361 6370 6389
f 6359 6370 6343
f 6370 6361 6343
f 6289 6272 6351
f 6272 6289 6249
f 6268 6273 6237
f 6273 6272 6237
f 6358 6273 6268
f 6273 6358 6360
f 6272 6273 6360
f 6355 6347 6354
f 6347 6329 6354
f 6329 6347 6355
f 6357 6348 6355
f 6348 6329 6355
f 6519 6559 6515
f 6618 6559 6519
f 6559 6398 6515
f 6736 6711 6714
f 6581 6553 6583
f 6398 6381 6333
f 6381 6261 6333
f 6470 6386 6388
f 6298 6386 6333
f 6465 6519 6515
f 6398 6465 6515
f 6465 6386 6470
f 6261 6296 6333
f 6296 6298 6333
f 6298 6296 6261
f 6532 6536 6537
f 6533 6532 6537
f 6532 6435 6536
f 6532 6496 6435
f 6532 6533 6496
f 6432 6493 6388
f 6493 6432 6496
f 6493 6470 6388
f 6432 6422 6435
f 6422 6423 6435
f 6422 6432 6377
f 6383 6422 6377
f 6423 6422 6383
f 3433 3431 3263
f 3433 3434 3431
f 3450 3433 3263
f 3434 3433 3450
f 6286 6236 6249
f 6289 6286 6249
f 6236 6286 6269
f 6286 6308 6269
f 6286 6364 6308
f 6364 6286 6371
f 6371 6286 6351
f 6286 6289 6351
f 6348 6325 6329
f 6329 6325 6297
f 6325 6357 6349
f 6325 6348 6357
f 6325 6349 6295
f 6297 6325 6295
f 6619 6676 6618
f 6711 6676 6714
f 6676 6654 6714
f 6676 6619 6654
f 6610 6581 6605
f 6610 6605 6611
f 6654 6610 6611
f 6613 6618 6519
f 6613 6619 6618
f 6559 6428 6398
f 6428 6559 6426
f 6428 6381 6398
f 6381 6428 6426
f 6583 6554 6552
f 6553 6554 6583
f 6543 6553 6581
f 6493 6543 6470
f 6321 6386 6298
f 6321 6298 6261
f 6321 6309 6388
f 6386 6321 6388
f 6404 6465 6398
f 6465 6404 6386
f 6404 6398 6333
f 6386 6404 6333
f 6619 6615 6654
f 6613 6615 6619
f 6615 6610 6654
f 6615 6613 6610
f 6543 6528 6470
f 6528 6543 6581
f 6610 6528 6581
f 6613 6528 6610
f 6547 6543 6493
f 6547 6554 6553
f 6543 6547 6553
f 6305 6261 6270
f 6305 6321 6261
f 6309 6305 6270
f 6321 6305 6309
f 6597 6559 6618
f 6676 6630 6618
f 6630 6597 6618
f 6597 6630 6626
f 6524 6465 6470
f 6528 6524 6470
f 6465 6524 6519
f 6524 6613 6519
f 6524 6528 6613
f 6548 6547 6493
f 6548 6496 6552
f 6548 6493 6496
f 6554 6550 6552
f 6547 6550 6554
f 6550 6548 6552
f 6548 6550 6547
f 6594 6597 6626
f 6559 6594 6426
f 6597 6594 6559
f 6666 6676 6711
f 6594 6666 6426
f 6631 6630 6676
f 6666 6631 6676
f 6630 6631 6626
f 6707 6711 6736
f 6707 6666 6711
f 6707 6736 6770
f 6631 6627 6626
f 6627 6631 6666
f 6627 6594 6626
f 6627 6666 6594
f 6704 6770 6806
f 6704 6707 6770
f 6426 6704 6806
f 6666 6704 6426
f 6707 6704 6666
